"inst_id","name","club","metric"
"I100116408","University of Port Harcourt","club1","n_publication"
"I100236772","St. Lawrence University","club1","n_publication"
"I100352790","Abia State University","club1","n_publication"
"I101993903","Namibia University of Science and Technology","club1","n_publication"
"I10627620","Kogi State University","club1","n_publication"
"I106980716","Adamawa State University","club1","n_publication"
"I107720978","Ain Shams University","club1","n_publication"
"I108714496","Tunis University","club1","n_publication"
"I108754898","Badji Mokhtar-Annaba University","club1","n_publication"
"I109121592","Zimbabwe Open University","club1","n_publication"
"I111908491","Women's University in Africa","club1","n_publication"
"I112713213","Université Gaston Berger","club1","n_publication"
"I113643904","Beni-Suef University","club1","n_publication"
"I114499477","University of Fort Hare","club1","n_publication"
"I114564095","University of Ouargla","club1","n_publication"
"I114794399","Suez Canal University","club1","n_publication"
"I116082035","Kenya Medical Training College","club1","n_publication"
"I116970179","University of Jijel","club1","n_publication"
"I117467261","Great Zimbabwe University","club1","n_publication"
"I117723502","University of N'Djamena","club1","n_publication"
"I118185606","Aga Khan University","club1","n_publication"
"I11892038","University of Nigeria","club1","n_publication"
"I119444248","Nkumba University","club1","n_publication"
"I119856527","Cadi Ayyad University","club1","n_publication"
"I12003341","National University of Science and Technology","club1","n_publication"
"I121645547","Chinhoyi University of Technology","club1","n_publication"
"I121708413","Chukwuemeka Odumegwu Ojukwu University","club1","n_publication"
"I123698207","Fountain University","club1","n_publication"
"I124391630","Arab Open University","club1","n_publication"
"I125485651","University Frères Mentouri Constantine 1","club1","n_publication"
"I12553626","University of Zululand","club1","n_publication"
"I126477371","Mohammed V University","club1","n_publication"
"I126541806","Lagos State University","club1","n_publication"
"I127206278","Akwa Ibom State University","club1","n_publication"
"I127336678","Ecole Mohammadia d'Ingénieurs","club1","n_publication"
"I12789410","Ahmadu Bello University","club1","n_publication"
"I1282700336","Debre Berhan University","club1","n_publication"
"I1283442259","Madda Walabu University","club1","n_publication"
"I12859529","University of Nairobi","club1","n_publication"
"I1288970718","Mohamed-Cherif Messaadia University","club1","n_publication"
"I129615261","Vaal University of Technology","club1","n_publication"
"I129628643","Université Joseph Ki-Zerbo","club1","n_publication"
"I130359222","Université Abdou Moumouni","club1","n_publication"
"I13144388","Ekiti State University","club1","n_publication"
"I131561025","Enugu State University of Science and Technology","club1","n_publication"
"I131736796","University of Health Sciences","club1","n_publication"
"I1317634868","Institute for Educational Planning and Administration","club1","n_publication"
"I1322597698","Academy of Arts","club1","n_publication"
"I1331070479","Université de Yaoundé I","club1","n_publication"
"I133388076","Gulu University","club1","n_publication"
"I133771110","University of Cape Coast","club1","n_publication"
"I134231150","University of Lubumbashi","club1","n_publication"
"I134542131","University of Ilorin","club1","n_publication"
"I1355163","Sinai University","club1","n_publication"
"I136632592","Bells University of Technology","club1","n_publication"
"I137407579","Université Oran 1 Ahmed Ben Bella","club1","n_publication"
"I137616099","Tshwane University of Technology","club1","n_publication"
"I137724175","University of Antananarivo","club1","n_publication"
"I138690464","University of Ghana","club1","n_publication"
"I139264467","National University","club1","n_publication"
"I140287389","Technical University of Kenya","club1","n_publication"
"I140534913","Ardhi University","club1","n_publication"
"I141930137","Mbarara University of Science and Technology","club1","n_publication"
"I142215875","Midrand Graduate Institute","club1","n_publication"
"I142899784","University of Sfax","club1","n_publication"
"I143936627","University of Bechar","club1","n_publication"
"I1443707","Jimma University","club1","n_publication"
"I144693123","University of Buea","club1","n_publication"
"I145354842","University of Medical Sciences and Technology","club1","n_publication"
"I145487455","Cairo University","club1","n_publication"
"I145876445","University of Education, Winneba","club1","n_publication"
"I146977602","Pharos University in Alexandria","club1","n_publication"
"I147168166","Moi University","club1","n_publication"
"I147765412","Niger Delta University","club1","n_publication"
"I148561064","African Institute for Mathematical Sciences","club1","n_publication"
"I149743910","University of Liberia","club1","n_publication"
"I149840157","Al-Arab Medical University","club1","n_publication"
"I150406212","University of Khartoum","club1","n_publication"
"I151654608","Madonna University","club1","n_publication"
"I152195623","Misurata University","club1","n_publication"
"I153265617","Sebha University","club1","n_publication"
"I153455119","University of Zimbabwe","club1","n_publication"
"I153487414","Haramaya University","club1","n_publication"
"I153975220","Kenyatta University","club1","n_publication"
"I154023281","British University in Egypt","club1","n_publication"
"I154632036","Misr University for Science and Technology","club1","n_publication"
"I154840374","Muhimbili University of Health and Allied Sciences","club1","n_publication"
"I154840374","Muhimbili University of Health and Allied Sciences","club1","n_publication"
"I154840374","University of Health and Allied Sciences","club1","n_publication"
"I154840374","University of Health and Allied Sciences","club1","n_publication"
"I157169809","University of Sciences and Technology Houari Boumediene","club1","n_publication"
"I157273133","University of Botswana","club1","n_publication"
"I157338126","Pedagogical University","club1","n_publication"
"I157591606","University of Malawi","club1","n_publication"
"I157614274","University of Cape Town","club1","n_publication"
"I15846685","Mzumbe University","club1","n_publication"
"I158878888","Nile Valley University","club1","n_publication"
"I158990150","St. Augustine University of Tanzania","club1","n_publication"
"I159247623","Mansoura University","club1","n_publication"
"I159253421","Cape Peninsula University of Technology","club1","n_publication"
"I160419504","Higher Technological Institute","club1","n_publication"
"I160825796","Mangosuthu University of Technology","club1","n_publication"
"I161372803","Strathmore University","club1","n_publication"
"I161374704","University of Jos","club1","n_publication"
"I162254961","National University of Lesotho","club1","n_publication"
"I162489102","University of Batna 1","club1","n_publication"
"I163423212","University of Douala","club1","n_publication"
"I16443873","Federal University of Technology Owerri","club1","n_publication"
"I165390105","Africa University","club1","n_publication"
"I165390105","Africa University","club1","n_publication"
"I165390105","Africa University","club1","n_publication"
"I165390105","Hope Africa University","club1","n_publication"
"I165390105","Hope Africa University","club1","n_publication"
"I165390105","Hope Africa University","club1","n_publication"
"I165390105","University of South Africa","club1","n_publication"
"I165390105","University of South Africa","club1","n_publication"
"I165390105","University of South Africa","club1","n_publication"
"I166928557","University of Monastir","club1","n_publication"
"I166934088","Imo State University","club1","n_publication"
"I16904388","Eduardo Mondlane University","club1","n_publication"
"I16969244","University of Eswatini","club1","n_publication"
"I169744251","Damanhour University","club1","n_publication"
"I169864488","Abubakar Tafawa Balewa University","club1","n_publication"
"I17024267","Université Nangui Abrogoua","club1","n_publication"
"I171217772","Benson Idahosa University","club1","n_publication"
"I172614708","Crescent University","club1","n_publication"
"I173434221","Harare Institute of Technology","club1","n_publication"
"I176150703","University of the Gambia","club1","n_publication"
"I177181097","Durban University of Technology","club1","n_publication"
"I177436651","Mahatma Gandhi University","club1","n_publication"
"I177651648","Bindura University of Science Education","club1","n_publication"
"I177657909","Université de Mostaganem","club1","n_publication"
"I178331978","Université de Dschang","club1","n_publication"
"I179097149","University of Carthage","club1","n_publication"
"I18020613","Mzuzu University","club1","n_publication"
"I18045400","Federal University of Agriculture","club1","n_publication"
"I180664298","Federal University of Technology","club1","n_publication"
"I181631907","University of Ibadan","club1","n_publication"
"I181933706","Alzaiem Alazhari University","club1","n_publication"
"I182078086","University of Dar es Salaam","club1","n_publication"
"I182377803","University of Sierra Leone","club1","n_publication"
"I184834183","Al-Azhar University","club1","n_publication"
"I185474147","Islamic University in Uganda","club1","n_publication"
"I186217134","Future University in Egypt","club1","n_publication"
"I186771145","Covenant University","club1","n_publication"
"I187152970","Benue State University","club1","n_publication"
"I187350138","Yaba College of Technology","club1","n_publication"
"I187560010","University of Béjaïa","club1","n_publication"
"I189575948","South Valley University","club1","n_publication"
"I192268740","University of Algiers Benyoucef Benkhedda","club1","n_publication"
"I192398990","Zagazig University","club1","n_publication"
"I192535658","Catholic University College of Ghana","club1","n_publication"
"I192619145","University of the Witwatersrand","club1","n_publication"
"I192929712","University of Juba","club1","n_publication"
"I193555791","Delta State University","club1","n_publication"
"I193649603","Hawassa University","club1","n_publication"
"I195608997","Dar es Salaam Institute of Technology","club1","n_publication"
"I195610458","Maseno University","club1","n_publication"
"I195729267","Njala University","club1","n_publication"
"I195931504","Egerton University","club1","n_publication"
"I197610006","University of Lagos","club1","n_publication"
"I199936661","Uganda Martyrs University","club1","n_publication"
"I200433483","Bowen University","club1","n_publication"
"I201292520","Bingham University","club1","n_publication"
"I203238179","Rhodes University","club1","n_publication"
"I206509152","Cape Coast Technical University","club1","n_publication"
"I206961696","University of Biskra","club1","n_publication"
"I207227095","Nnamdi Azikiwe University","club1","n_publication"
"I207547235","Benha University","club1","n_publication"
"I208899625","Université du Burundi","club1","n_publication"
"I20893674","Kassala University","club1","n_publication"
"I209195179","Presbyterian University of East Africa","club1","n_publication"
"I213072177","University of Maroua","club1","n_publication"
"I21376657","Tanta University","club1","n_publication"
"I215330179","Lupane State University","club1","n_publication"
"I216286881","Botswana International University of Science and Technology","club1","n_publication"
"I217085601","University of Namibia","club1","n_publication"
"I221899656","Karatina University","club1","n_publication"
"I22223346","Ahmed Draia University","club1","n_publication"
"I22265921","Central University","club1","n_publication"
"I224517680","Al-Neelain University","club1","n_publication"
"I224527630","University of Lusaka","club1","n_publication"
"I22607950","University of Eldoret","club1","n_publication"
"I230269253","Joseph Ayo Babalola University","club1","n_publication"
"I230965063","Uganda Management Institute","club1","n_publication"
"I233754661","Novena University","club1","n_publication"
"I23906160","University of Tripoli","club1","n_publication"
"I240042149","Abdelmalek Essaâdi University","club1","n_publication"
"I24027795","University of Johannesburg","club1","n_publication"
"I246527472","University of Hargeisa","club1","n_publication"
"I24715933","University of Reunion Island","club1","n_publication"
"I24835296","Accra Technical University","club1","n_publication"
"I250207469","Mount Kenya University","club1","n_publication"
"I250481426","University of Cape Verde","club1","n_publication"
"I251854046","Catholic University of Cameroon","club1","n_publication"
"I25613804","St Augustine College of South Africa","club1","n_publication"
"I26092322","Stellenbosch University","club1","n_publication"
"I263341422","Heritage Christian University","club1","n_publication"
"I263567798","South Eastern Kenya University","club1","n_publication"
"I263774594","University of Bamenda","club1","n_publication"
"I263913023","International University of Africa","club1","n_publication"
"I265584191","Redeemer's University","club1","n_publication"
"I267325792","Mizan Tepi University","club1","n_publication"
"I26805570","Jomo Kenyatta University of Agriculture and Technology","club1","n_publication"
"I26999989","University of the Free State","club1","n_publication"
"I27031042","University of Mines and Technology","club1","n_publication"
"I273065767","Catholic University of Health and Allied Sciences","club1","n_publication"
"I27367753","El Shorouk Academy","club1","n_publication"
"I2752562790","Kampala International University","club1","n_publication"
"I2752562790","Kampala International University","club1","n_publication"
"I2752562790","Kampala University","club1","n_publication"
"I2752562790","Kampala University","club1","n_publication"
"I27765905","North-West University","club1","n_publication"
"I279418767","Université des Montagnes","club1","n_publication"
"I279922783","Pwani University","club1","n_publication"
"I2799409690","Nahda University","club1","n_publication"
"I2799418772","Cavendish University Zambia","club1","n_publication"
"I2799500531","Lagos State University of Science and Technology","club1","n_publication"
"I2799534737","Wellspring University","club1","n_publication"
"I2799770396","Paul University Awka","club1","n_publication"
"I2799775433","Federal University Otuoke","club1","n_publication"
"I2799828974","Nurses' Training College, Ho","club1","n_publication"
"I2799835767","Adeleke University","club1","n_publication"
"I2799873615","African Institute of Science and Technology","club1","n_publication"
"I2799887408","Adventist University of Africa","club1","n_publication"
"I2799941459","Federal College of Fisheries and Marine Technology","club1","n_publication"
"I2799983529","Colleges of Medicine of South Africa","club1","n_publication"
"I2800079435","Pentecost University College","club1","n_publication"
"I2800190170","Federal University Lokoja","club1","n_publication"
"I2800437794","Federal University Lafia","club1","n_publication"
"I2800483928","Africa International University","club1","n_publication"
"I2800493640","All Nations University","club1","n_publication"
"I2800581689","Botswana Accountancy College","club1","n_publication"
"I2800664390","Academy of Engineering Sciences","club1","n_publication"
"I2800679637","Inter-University Council for East Africa","club1","n_publication"
"I2800746572","El Asher University","club1","n_publication"
"I2800887215","Tunisia Polytechnic School","club1","n_publication"
"I2801005815","Egyptian e-Learning University","club1","n_publication"
"I2801034501","Nahda College","club1","n_publication"
"I2801170945","University College of Agriculture and Environmental Studies","club1","n_publication"
"I2801272733","Radford University College","club1","n_publication"
"I2801301251","Somali National University","club1","n_publication"
"I2801387305","Baptist Theological College of Southern Africa","club1","n_publication"
"I2801433745","Helderberg College","club1","n_publication"
"I2801516365","Kumasi Technical University","club1","n_publication"
"I2801517398","Islamic University College","club1","n_publication"
"I2801604535","St. Augustine International University","club1","n_publication"
"I2801704801","Rift Valley University","club1","n_publication"
"I2801867916","Ethiopian Police University College","club1","n_publication"
"I2801972722","African Virtual University","club1","n_publication"
"I2802029997","Delta State Polytechnic Ogwashi-Uku","club1","n_publication"
"I2802043524","University of Somalia","club1","n_publication"
"I2802111147","University of Mbuji Mayi","club1","n_publication"
"I2802194555","University of Bahr El-Ghazal","club1","n_publication"
"I2802211179","Mountcrest University College","club1","n_publication"
"I2802394218","University of Applied Management","club1","n_publication"
"I2802427971","Christian Service University College","club1","n_publication"
"I2802457231","New Generation University College","club1","n_publication"
"I2802493600","Polytechnic School of Algiers","club1","n_publication"
"I2802797706","Institute of Development Management","club1","n_publication"
"I2802827535","South African Theological Seminary","club1","n_publication"
"I2802891092","Machakos University","club1","n_publication"
"I2803027104","African University College of Communications","club1","n_publication"
"I2803198","Ho Technical University","club1","n_publication"
"I28046988","Kwame Nkrumah University","club1","n_publication"
"I28046988","Kwame Nkrumah University","club1","n_publication"
"I28046988","Kwame Nkrumah University of Science and Technology","club1","n_publication"
"I28046988","Kwame Nkrumah University of Science and Technology","club1","n_publication"
"I280533721","Caleb University","club1","n_publication"
"I28285804","The University of Dodoma","club1","n_publication"
"I284050080","St. John's University of Tanzania","club1","n_publication"
"I28653996","Adekunle Ajasin University","club1","n_publication"
"I287756978","Busitema University","club1","n_publication"
"I2890612012","University of Garden City","club1","n_publication"
"I2891818910","Evangelical Presbyterian University College","club1","n_publication"
"I291863076","University of Energy and Natural Resources","club1","n_publication"
"I29607241","École Normale Supérieure","club1","n_publication"
"I29787537","Afe Babalola University","club1","n_publication"
"I299595467","University of Kabianga","club1","n_publication"
"I2996127693","Lyceum College","club1","n_publication"
"I299799659","Omar Al-Mukhtar University","club1","n_publication"
"I301615471","Wollega University","club1","n_publication"
"I304664074","Landmark University","club1","n_publication"
"I307268238","Kaduna State University","club1","n_publication"
"I308622825","Omdurman Ahlia University","club1","n_publication"
"I30887324","Babcock University","club1","n_publication"
"I309707301","Botho University","club1","n_publication"
"I3121272148","University of Boumerdes","club1","n_publication"
"I3121676899","Université Ibn-Tofail","club1","n_publication"
"I3124969661","Université des Sciences et de la Technologie d'Oran Mohamed Boudiaf","club1","n_publication"
"I3129199519","University of Bagamoyo","club1","n_publication"
"I3129211915","AlMughtaribeen University","club1","n_publication"
"I3129221262","University of Bakhtalruda","club1","n_publication"
"I3129228679","Tanzania Commission for Universities","club1","n_publication"
"I3129257098","University of Kisubi","club1","n_publication"
"I3129284699","Benadir University","club1","n_publication"
"I3129295481","Tunisia Private University","club1","n_publication"
"I3129351386","Sule Lamido University Kafin Hausa","club1","n_publication"
"I3129370870","Bayan University","club1","n_publication"
"I3129379329","Sokoto State University","club1","n_publication"
"I3129390127","University of Bouira","club1","n_publication"
"I3129425364","Western Delta University","club1","n_publication"
"I3129459759","Accra Institute of Technology","club1","n_publication"
"I3129462672","Regent Business School","club1","n_publication"
"I3129475430","Kiriri Women's University of Science and Technology","club1","n_publication"
"I3129482412","Kabale University","club1","n_publication"
"I3129551310","College of African Wildlife Management","club1","n_publication"
"I3129563930","Eckernforde Tanga University","club1","n_publication"
"I3129570296","Omar Bongo University","club1","n_publication"
"I3129592236","Amoud University","club1","n_publication"
"I3129602810","National School of Business and Management in Settat","club1","n_publication"
"I3129613971","Kwara State Polytechnic","club1","n_publication"
"I3129681422","Al-Ahram Center for Political and Strategic Studies","club1","n_publication"
"I3129738088","Muteesa I Royal University","club1","n_publication"
"I3129744201","University of Kindu","club1","n_publication"
"I3129754710","Alexandria Higher Institute of Engineering and Technology","club1","n_publication"
"I3129793404","Solusi University","club1","n_publication"
"I3129810703","Gollis University","club1","n_publication"
"I3129828962","National Postgraduate Medical College of Nigeria","club1","n_publication"
"I3129864162","Lúrio University","club1","n_publication"
"I3129924371","Management College of Southern Africa","club1","n_publication"
"I3129970296","University of Mkar","club1","n_publication"
"I3130046622","Yobe State University","club1","n_publication"
"I3130103452","Eastern and Southern African Management Institute","club1","n_publication"
"I3130112746","Glorious Vision University","club1","n_publication"
"I3130154354","Damelin","club1","n_publication"
"I3130155654","Achievers University","club1","n_publication"
"I3130228804","Heliopolis University","club1","n_publication"
"I3130258093","American International School in Egypt","club1","n_publication"
"I3130259207","University College of Management Studies","club1","n_publication"
"I3130315128","University of Toamasina","club1","n_publication"
"I3130371724","Rusangu University","club1","n_publication"
"I3130391927","Northrise University","club1","n_publication"
"I3130444996","Zenith University College","club1","n_publication"
"I3130452249","Kofi Annan International Peacekeeping Training Centre","club1","n_publication"
"I3130477979","Zanzibar University","club1","n_publication"
"I3130478569","Julius Nyerere University of Kankan","club1","n_publication"
"I3130487124","Zambia Forestry College","club1","n_publication"
"I3130586695","Scott Christian University","club1","n_publication"
"I3130591674","Milpark Education","club1","n_publication"
"I3130618196","Obong University","club1","n_publication"
"I3130706911","Gretsa University","club1","n_publication"
"I3130709561","Hassan Usman Katsina Polytechnic","club1","n_publication"
"I3130741188","Muslim University of Morogoro","club1","n_publication"
"I3130743347","Zetech University","club1","n_publication"
"I3130760591","National Ribat University","club1","n_publication"
"I3130796309","Cavendish University Uganda","club1","n_publication"
"I3130811397","Inoorero University","club1","n_publication"
"I3130817511","Umma University","club1","n_publication"
"I3130826315","Laikipia University","club1","n_publication"
"I3130857668","University of Zalingei","club1","n_publication"
"I3130915990","Al Zawiya University","club1","n_publication"
"I3130965160","University of Arusha","club1","n_publication"
"I3131031036","Mediterranean School of Business","club1","n_publication"
"I3131062393","Kwararafa University","club1","n_publication"
"I3131076172","Crawford University","club1","n_publication"
"I3131077051","University of Dongola","club1","n_publication"
"I3131082147","Ez-Zitouna University","club1","n_publication"
"I3131121749","Kabarak University","club1","n_publication"
"I3131204436","Meru University of Science and Technology","club1","n_publication"
"I3131228027","Maasai Mara University","club1","n_publication"
"I3131279189","Bishop Stuart University","club1","n_publication"
"I3131280167","McPherson University","club1","n_publication"
"I3131411328","Kirinyaga University","club1","n_publication"
"I3131422684","Godfrey Okoye University","club1","n_publication"
"I3131611021","University of the Holy Quran and Islamic Sciences","club1","n_publication"
"I3131644003","ISBAT University","club1","n_publication"
"I3131829890","Caritas University","club1","n_publication"
"I3131845690","University of Cross River State","club1","n_publication"
"I3131880829","Dire Dawa University","club1","n_publication"
"I3131883934","Agostinho Neto University","club1","n_publication"
"I3131884745","KCA University","club1","n_publication"
"I3131906498","Tansian University","club1","n_publication"
"I3131918342","Nazi Boni University","club1","n_publication"
"I3131949601","Renaissance University","club1","n_publication"
"I3131952115","Kaduna Polytechnic","club1","n_publication"
"I3131965639","Senghor University","club1","n_publication"
"I3131979588","Al-Hikmah University","club1","n_publication"
"I3132105718","Adventist University of Central Africa","club1","n_publication"
"I3132131080","Ndejje University","club1","n_publication"
"I3132158071","University of Science and Technology of Benin","club1","n_publication"
"I3132180716","Larbi Ben M'hidi University of Oum El Bouaghi","club1","n_publication"
"I3132211733","Malawi Adventist University","club1","n_publication"
"I3132245663","Plateau State University","club1","n_publication"
"I3132291312","University of Toliara","club1","n_publication"
"I3132347332","Uganda Technology and Management University","club1","n_publication"
"I3132429795","Adigrat University","club1","n_publication"
"I3132438211","Regional Maritime University","club1","n_publication"
"I3132446703","Mount Meru University","club1","n_publication"
"I3132458453","Bugema University","club1","n_publication"
"I3132465432","University of Makeni","club1","n_publication"
"I3132506069","University of Embu","club1","n_publication"
"I3132519419","Ghana Institute of Languages","club1","n_publication"
"I3132520537","African Rural University","club1","n_publication"
"I3132574604","Sinnar University","club1","n_publication"
"I3132692309","Alasmarya Islamic University","club1","n_publication"
"I3132732495","Gwanda State University","club1","n_publication"
"I3132763504","Cuttington University","club1","n_publication"
"I3132818693","Baze University","club1","n_publication"
"I3132822907","St. Christopher Iba Mar Diop College of Medicine","club1","n_publication"
"I3132836742","Nugaal University","club1","n_publication"
"I3132941426","Mandela Institute for Development Studies","club1","n_publication"
"I3132944300","Chuka University","club1","n_publication"
"I3132975919","International Medical and Technological University","club1","n_publication"
"I3132976927","Mulungushi University","club1","n_publication"
"I3132997995","Ghana Baptist University College","club1","n_publication"
"I3133036570","Lusaka Apex Medical University","club1","n_publication"
"I3133096102","Regenesys Business School","club1","n_publication"
"I3133097027","Higher National Veterinary School","club1","n_publication"
"I3133101575","Taraba State University","club1","n_publication"
"I3133127056","Rhema University","club1","n_publication"
"I3133129679","Pan Africa Christian University","club1","n_publication"
"I3133159679","Murang'a University of Technology","club1","n_publication"
"I3133169337","Valley View University","club1","n_publication"
"I3133274995","Puntland State University","club1","n_publication"
"I3133298332","Oduduwa University","club1","n_publication"
"I3133312331","Teofilo Kisanji University","club1","n_publication"
"I3133329336","Al Fashir University","club1","n_publication"
"I3133343259","UniMAC-GIJ","club1","n_publication"
"I3133343326","Ziguinchor University","club1","n_publication"
"I3141888691","University of al-Qarawiyyin","club1","n_publication"
"I31439502","University of Benghazi","club1","n_publication"
"I315205436","Jaramogi Oginga Odinga University of Science and Technology","club1","n_publication"
"I31571312","École Nationale d'Administration","club1","n_publication"
"I31959934","Nasarawa State University","club1","n_publication"
"I319786031","Catholic University of Mozambique","club1","n_publication"
"I32284924","Copperbelt University","club1","n_publication"
"I32619867","Egypt-Japan University of Science and Technology","club1","n_publication"
"I327098606","Methodist University College Ghana","club1","n_publication"
"I327500432","Umaru Musa Yar'adua University","club1","n_publication"
"I327535454","Multimedia University of Kenya","club1","n_publication"
"I33278361","University of Zambia","club1","n_publication"
"I33777917","Mountains of the Moon University","club1","n_publication"
"I33783412","Nigerian Defence Academy","club1","n_publication"
"I344018163","Dedan Kimathi University of Technology","club1","n_publication"
"I34942010","University of Kinshasa","club1","n_publication"
"I35496013","IIE MSA","club1","n_publication"
"I35601441","Osun State University","club1","n_publication"
"I35845393","University of Gafsa","club1","n_publication"
"I36770943","Kenya Methodist University","club1","n_publication"
"I37322517","Omdurman Islamic University","club1","n_publication"
"I37490319","Ajayi Crowther University","club1","n_publication"
"I37797678","University of Uyo","club1","n_publication"
"I38365063","Tumaini University","club1","n_publication"
"I3970730","University of Calabar","club1","n_publication"
"I40193446","University Ferhat Abbas of Setif","club1","n_publication"
"I41343362","University of Bamako","club1","n_publication"
"I41545563","Presbyterian University, Ghana","club1","n_publication"
"I41910991","National Universities Commission","club1","n_publication"
"I4210085862","Regional Centre for Training in Aerospace Surveys","club1","n_publication"
"I4210085988","Wolkite University","club1","n_publication"
"I4210086032","Institut Supérieur des Études Technologiques de Gafsa","club1","n_publication"
"I4210086394","Zambian Open University","club1","n_publication"
"I4210086517","FCT College of Education","club1","n_publication"
"I4210086733","Christian Bilingual University of Congo","club1","n_publication"
"I4210086877","University of Kara","club1","n_publication"
"I4210086990","Ziane Achour University of Djelfa","club1","n_publication"
"I4210087030","Institut Panafricain pour le Développement Afrique Centrale","club1","n_publication"
"I4210087041","Université Protestante d'Afrique de l'Ouest","club1","n_publication"
"I4210087104","École Supérieure des Multimédia, Informatique & Réseaux","club1","n_publication"
"I4210087116","Institut Supérieur de la Communication, des Affaires et du Management","club1","n_publication"
"I4210087472","Bamenda University of Science and Technology","club1","n_publication"
"I4210087544","École Normale Supérieure Casablanca","club1","n_publication"
"I4210087577","Burao University","club1","n_publication"
"I4210087798","Copperstone University","club1","n_publication"
"I4210087931","Institute for Security Studies","club1","n_publication"
"I4210088351","Ethiopian Civil Service University","club1","n_publication"
"I4210088584","Université de Cepromad","club1","n_publication"
"I4210088616","University of Science and Technology Omdurman","club1","n_publication"
"I4210088655","Instituto Superior de Ciências Económicas e Empresariais","club1","n_publication"
"I4210088687","Université Ibn Zohr","club1","n_publication"
"I4210088819","Kebbi State University of Science and Technology","club1","n_publication"
"I4210089085","Hypatia of Alexandria Institute for Reflexion and Studies","club1","n_publication"
"I4210089181","Gaborone University College Of Law and Professional Studies","club1","n_publication"
"I4210089248","Institut Universitaire d'Abidjan","club1","n_publication"
"I4210089325","Modern University for Information and Technology","club1","n_publication"
"I4210089495","Université Ouaga II","club1","n_publication"
"I4210089506","Institute of Accountancy Arusha","club1","n_publication"
"I4210089933","St. Paul's University","club1","n_publication"
"I4210090078","The Future University","club1","n_publication"
"I4210090507","AlAlamein International University","club1","n_publication"
"I4210090762","Sudan Childhood Diabetes Association","club1","n_publication"
"I4210090812","Institut Polytechnique Rural de Formation et de Recherche Appliquée","club1","n_publication"
"I4210091052","Media Council of Kenya","club1","n_publication"
"I4210091172","National Higher School of Statistics and Applied Economy","club1","n_publication"
"I4210091427","Ankole Western University","club1","n_publication"
"I4210091441","Zanzibar School of Health","club1","n_publication"
"I4210091557","Hautes Études Chrétiennes de Management et de Mathématiques Appliquées","club1","n_publication"
"I4210092144","Mountain Top University","club1","n_publication"
"I4210092288","Higher Institute of Advanced Studies","club1","n_publication"
"I4210092341","Instituto Superior de Comunicação e Imagem de Moçambique","club1","n_publication"
"I4210092501","Gamal Abdel Nasser University of Conakry","club1","n_publication"
"I4210092569","Dominion University College","club1","n_publication"
"I4210092763","Université Tertiaire et Technologique-Lokko","club1","n_publication"
"I4210092972","Sedibeng TVET College","club1","n_publication"
"I4210092979","Poma International Business University","club1","n_publication"
"I4210093537","Université de Mahajanga","club1","n_publication"
"I4210093720","National School of Architecture","club1","n_publication"
"I4210093741","Private University of Angola","club1","n_publication"
"I4210093986","Institut Pasteur de Bangui","club1","n_publication"
"I4210094049","Sudan International University","club1","n_publication"
"I4210094054","University of Lay Adventists of Kigali","club1","n_publication"
"I4210094475","Institut Supérieur de Formation en Technologie Alimentaire","club1","n_publication"
"I4210095136","Escola Superior de Jornalismo","club1","n_publication"
"I4210095206","Université Privée du Sud","club1","n_publication"
"I4210095290","Université Larbi Tébessi","club1","n_publication"
"I4210095319","Mfantsiman Girls Secondary School","club1","n_publication"
"I4210095403","Institut Supérieur des Études Technologiques de Nabeul","club1","n_publication"
"I4210095535","Université Internationale de Casablanca","club1","n_publication"
"I4210095543","Institut Supérieur de Développement Rural","club1","n_publication"
"I4210095568","Federal Polytechnic Oko","club1","n_publication"
"I4210096134","Universidade Politecnica","club1","n_publication"
"I4210096293","Gweru Polytechnic Institute","club1","n_publication"
"I4210096386","Bridge University","club1","n_publication"
"I4210096460","University of Tamanghasset","club1","n_publication"
"I4210096875","Institut Facultaire des Sciences de l'Information et de la Communication","club1","n_publication"
"I4210096933","Université Catholique du Graben","club1","n_publication"
"I4210097056","Horseed International University","club1","n_publication"
"I4210097089","Wad Medani Ahlia University","club1","n_publication"
"I4210097318","Centre Universitaire de Labé","club1","n_publication"
"I4210097372","National School of Computer Science","club1","n_publication"
"I4210097403","Federal College of Education, Kano","club1","n_publication"
"I4210097536","University of Guelma","club1","n_publication"
"I4210097695","Cranefield College","club1","n_publication"
"I4210098288","Institut Supérieur d'Études Maritimes","club1","n_publication"
"I4210098482","Somaliland University of Technology","club1","n_publication"
"I4210098501","Agitel-Formation","club1","n_publication"
"I4210098919","Universidade Jean Piaget de Moçambique","club1","n_publication"
"I4210099197","Institut Supérieur Pédagogique de Bukavu","club1","n_publication"
"I4210099332","Université des Lettres et des Sciences Humaines de Bamako","club1","n_publication"
"I4210099431","Maitama Sule University Kano","club1","n_publication"
"I4210099641","Higher Institute of Food Industries of Tunis","club1","n_publication"
"I4210099667","Instituto Superior Monitor","club1","n_publication"
"I4210099802","Virtual University of Tunis","club1","n_publication"
"I4210099821","International University of Management","club1","n_publication"
"I4210100085","Jean Piaget University of Angola","club1","n_publication"
"I4210100160","University of Kikwit","club1","n_publication"
"I4210100249","Espam Formation University","club1","n_publication"
"I4210100308","Military Technical College","club1","n_publication"
"I4210100330","Institut Supérieur International du Tourisme de Tanger","club1","n_publication"
"I4210100376","Université Protestante au Congo","club1","n_publication"
"I4210100457","Samara University","club1","n_publication"
"I4210100477","University of Kolwezi","club1","n_publication"
"I4210100769","Kenya Highlands University","club1","n_publication"
"I4210101443","Arrupe Jesuit University","club1","n_publication"
"I4210101494","Wolaita Sodo University","club1","n_publication"
"I4210101907","Lilongwe University of Agriculture and Natural Resources","club1","n_publication"
"I4210102036","Technical University of Angola","club1","n_publication"
"I4210102129","University of El Imam El Mahdi","club1","n_publication"
"I4210102205","École Supérieure des Télécommunications","club1","n_publication"
"I4210102508","École Supérieure Multinationale des Télécommunications","club1","n_publication"
"I4210102561","Groupe AFI","club1","n_publication"
"I4210102760","Dhow Countries Music Academy","club1","n_publication"
"I4210102998","Rongo University","club1","n_publication"
"I4210103036","Open Window School of Visual Communication","club1","n_publication"
"I4210103367","Catholic University of Madagascar","club1","n_publication"
"I4210103375","Tissemsilt University","club1","n_publication"
"I4210103479","Higher Institute of Mining, Industry and Geology","club1","n_publication"
"I4210104004","Institut supérieur de la Magistrature","club1","n_publication"
"I4210104141","Université des Grands Lacs","club1","n_publication"
"I4210104267","Da Vinci Institute","club1","n_publication"
"I4210104488","University of Kamina","club1","n_publication"
"I4210104797","Université de Fianarantsoa","club1","n_publication"
"I4210105102","Higher Institute of Social Service","club1","n_publication"
"I4210105111","Groupe Institut des Hautes Études Économiques et Sociales","club1","n_publication"
"I4210105117","Institut Supérieur de Technique Médicale","club1","n_publication"
"I4210105134","Universidade Gregório Semedo","club1","n_publication"
"I4210105489","Higher Institute of Islamic Studies","club1","n_publication"
"I4210105638","École Supérieure de Design et des Arts Visuels","club1","n_publication"
"I4210105732","Royal Centre for Remote Sensing","club1","n_publication"
"I4210105844","Islamic University of Niger","club1","n_publication"
"I4210105945","Universidade Óscar Ribas","club1","n_publication"
"I4210106046","École Supérieure des Études Administratives et Commerciales","club1","n_publication"
"I4210106126","Université des Sciences de la Santé","club1","n_publication"
"I4210106316","Jazeera University","club1","n_publication"
"I4210106600","Kibabii University","club1","n_publication"
"I4210106624","École Nationale d'Ingénieurs de Gabès","club1","n_publication"
"I4210106625","National Institute of Transport","club1","n_publication"
"I4210106663","International University of Rabat","club1","n_publication"
"I4210106700","Université IBN Khaldoun Tiaret","club1","n_publication"
"I4210106700","Université IBN Khaldoun Tiaret","club1","n_publication"
"I4210106700","Université Ibn Khaldoun","club1","n_publication"
"I4210106700","Université Ibn Khaldoun","club1","n_publication"
"I4210106992","Lancaster University Ghana","club1","n_publication"
"I4210107086","University of Algiers 3","club1","n_publication"
"I4210107103","Wesley University","club1","n_publication"
"I4210107488","International Institute for Water and Environmental Engineering","club1","n_publication"
"I4210107656","University of the Sacred Heart Gulu","club1","n_publication"
"I4210107806","École Nationale de Management et de l'Administration de la Santé","club1","n_publication"
"I4210108070","Aga Khan University Nairobi","club1","n_publication"
"I4210108110","Mohamed I University","club1","n_publication"
"I4210108361","Université Général Lansana Conté","club1","n_publication"
"I4210108437","Blue Nile University","club1","n_publication"
"I4210108597","International School of Dakar","club1","n_publication"
"I4210108776","École des Cadres","club1","n_publication"
"I4210109391","Sa'adu Zungur University","club1","n_publication"
"I4210109399","Kotebe University of Education","club1","n_publication"
"I4210109517","Kigali Independent University","club1","n_publication"
"I4210109780","Institut Privé de Gestion Institut Supérieur de Technologie Industrielle","club1","n_publication"
"I4210109889","École Normale Supérieure - Marrakech","club1","n_publication"
"I4210110003","Hormuud University","club1","n_publication"
"I4210110082","École Nationale Polytechnique d'Oran","club1","n_publication"
"I4210110204","Evelyn Hone College","club1","n_publication"
"I4210110229","Plasma University","club1","n_publication"
"I4210110361","Mogadishu University","club1","n_publication"
"I4210110579","Institut Africain d'Informatique","club1","n_publication"
"I4210110684","African Bible University","club1","n_publication"
"I4210110695","Université Tunis Carthage","club1","n_publication"
"I4210110735","Institut des Hautes Études Bancaires et Financières","club1","n_publication"
"I4210110768","Egyptian College of Critical Care Physicians","club1","n_publication"
"I4210110797","DMI St. Eugene University","club1","n_publication"
"I4210110911","Institut Supérieur du Génie Appliqué","club1","n_publication"
"I4210111056","École de Formation aux Carrières de Santé","club1","n_publication"
"I4210111338","Institut Supérieur de Biotechnologie de Sfax","club1","n_publication"
"I4210111441","Botswana Open University","club1","n_publication"
"I4210111803","Machakos School","club1","n_publication"
"I4210112095","Université des Sciences, des Techniques et des Technologies de Bamako","club1","n_publication"
"I4210112258","Institute of Legal Practice and Development","club1","n_publication"
"I4210112335","École Supérieure Privée d'Ingénierie et de Technologies","club1","n_publication"
"I4210112489","William V. S. Tubman University","club1","n_publication"
"I4210112794","Institut des Hautes Études de Tunis","club1","n_publication"
"I4210112864","Infonet College","club1","n_publication"
"I4210112994","University of Bangui","club1","n_publication"
"I4210113095","École Marocaine des Sciences de l'Ingénieur","club1","n_publication"
"I4210113163","Université Euro-Afrique","club1","n_publication"
"I4210113241","African Methodist Episcopal University","club1","n_publication"
"I4210113278","École Supérieure de Communication et de Publicité","club1","n_publication"
"I4210113643","The Federal Polytechnic, Ado-Ekiti","club1","n_publication"
"I4210113655","Université de Parakou","club1","n_publication"
"I4210113743","Dalanj University","club1","n_publication"
"I4210113843","École Supérieure de Psychologie","club1","n_publication"
"I4210114322","Institut National de Statistique et d'Economie Appliquée","club1","n_publication"
"I4210114501","Wollo University","club1","n_publication"
"I4210114581","École des Hautes Études de Biotechnologie et de Santé","club1","n_publication"
"I4210114632","Ambo University","club1","n_publication"
"I4210114882","Instituto Superior Politécnico de Gaza","club1","n_publication"
"I4210114895","Instituto Superior de Transportes e Comunicaçõe","club1","n_publication"
"I4210115035","Sudan Academy for Banking and Financial Sciences","club1","n_publication"
"I4210115782","University of Ghardaia","club1","n_publication"
"I4210115927","Uganda Petroleum Institute","club1","n_publication"
"I4210116050","Instituto Superior de Ciências e Tecnologia Alberto Chipande","club1","n_publication"
"I4210116093","Établissement Dar El Hadith El Hassania","club1","n_publication"
"I4210116281","Université Simon Kimbangu","club1","n_publication"
"I4210116596","University of Kivu","club1","n_publication"
"I4210116614","Kismayo University","club1","n_publication"
"I4210116621","École Nationale Supérieure de Statistique et d'Économie Appliquée","club1","n_publication"
"I4210116811","Ecole Nationale Supérieur des Télécommunications et des Technologies de l’Information et de la Communication, Abdelhafid Boussouf","club1","n_publication"
"I4210116811","Ecole Nationale Supérieur des Télécommunications et des Technologies de l’Information et de la Communication, Abdelhafid Boussouf","club1","n_publication"
"I4210116811","Institut Supérieur des Technologies de l'Information et de la Communication","club1","n_publication"
"I4210116811","Institut Supérieur des Technologies de l'Information et de la Communication","club1","n_publication"
"I4210116852","National School of Built and Ground Works Engineering","club1","n_publication"
"I4210116887","Pharaohs Higher Institute of Computer Information Systems and Management","club1","n_publication"
"I4210116901","Universidade Independente de Angola","club1","n_publication"
"I4210117021","Uzima University College","club1","n_publication"
"I4210117424","Debre Tabor University","club1","n_publication"
"I4210117593","University of Science and Technology of Ivory Coast","club1","n_publication"
"I4210117767","Institut Supérieur de l'Informatique et de Gestion","club1","n_publication"
"I4210117789","Université Africaine de Développement Coopératif","club1","n_publication"
"I4210117796","Ashesi University","club1","n_publication"
"I4210117880","École Supérieure des Industries du Textile et de l'Habillement","club1","n_publication"
"I4210118269","Open University of Sudan","club1","n_publication"
"I4210118457","University of Livingstonia","club1","n_publication"
"I4210118643","Mauritius Institute of Education","club1","n_publication"
"I4210118693","Institut Préparatoire aux Études d'Ingénieurs de Monastir","club1","n_publication"
"I4210118751","Pigier Côte d'Ivoire","club1","n_publication"
"I4210118871","Institut Royal de Formation des Cadres de la Jeunesse et des Sports","club1","n_publication"
"I4210118949","Universidade Zambeze","club1","n_publication"
"I4210119007","Loyola University of Congo","club1","n_publication"
"I4210119357","National Nurses Association of Kenya","club1","n_publication"
"I4210119386","Institut Supérieur des Sciences de l'Éducation de Guinée","club1","n_publication"
"I4210119417","Université d'Abomey-Calavi","club1","n_publication"
"I4210119614","Institut Marocain de Management","club1","n_publication"
"I4210119741","Universiapolis - Université Internationale d'Agadir","club1","n_publication"
"I4210119808","Sebastian Kolowa Memorial University","club1","n_publication"
"I4210119842","Université Protestante de Lubumbashi","club1","n_publication"
"I4210119856","Université Sultan Moulay Slimane","club1","n_publication"
"I4210120092","Virtual University of Uganda","club1","n_publication"
"I4210120110","École Inter-États des Sciences et Médecine Vétérinaires de Dakar","club1","n_publication"
"I4210120173","Clarke International University","club1","n_publication"
"I4210120363","Higher Institute of Engineering","club1","n_publication"
"I4210120595","Universidade Katyavala Bwila","club1","n_publication"
"I4210120680","Institut Supérieur de Gestion des Entreprises","club1","n_publication"
"I4210120684","Université de Sarh","club1","n_publication"
"I4210120882","Ghana Christian University College","club1","n_publication"
"I4210120884","Institut Supérieur des Études Technologiques en Communications de Tunis","club1","n_publication"
"I4210121139","Admas University","club1","n_publication"
"I4210121172","National Institute of Arts","club1","n_publication"
"I4210121192","West African College of Physicians","club1","n_publication"
"I4210121355","École Polytechnique d'Architecture et d'Urbanisme","club1","n_publication"
"I4210121488","École des Hautes Études Commerciales Techniques et Informatiques","club1","n_publication"
"I4210121692","Institut des Hautes Études Bancaires, Financières et Managériale","club1","n_publication"
"I4210121797","African Leadership Institute","club1","n_publication"
"I4210121980","École Normale Supérieure de l'Enseignement Technique de Mohammedia","club1","n_publication"
"I4210122153","Institut International des Sciences et de Technologie","club1","n_publication"
"I4210122385","Light University of Bujumbur","club1","n_publication"
"I4210122444","University of Koudougou","club1","n_publication"
"I4210122462","International University of East Africa","club1","n_publication"
"I4210122636","École Supérieure de Gestion","club1","n_publication"
"I4210122636","École Supérieure de Gestion","club1","n_publication"
"I4210122636","École Supérieure de Gestion et des Sciences de l'Informatique","club1","n_publication"
"I4210122636","École Supérieure de Gestion et des Sciences de l'Informatique","club1","n_publication"
"I4210122687","DMI-St. John the Baptist University","club1","n_publication"
"I4210122757","Asossa University","club1","n_publication"
"I4210122770","Université Officielle de Bukavu","club1","n_publication"
"I4210122785","Canadian International College","club1","n_publication"
"I4210122897","Stella Maris Polytechnic","club1","n_publication"
"I4210122977","National Archives of Senegal","club1","n_publication"
"I4210123084","École Normale Supérieure de Nouakchott","club1","n_publication"
"I4210123141","Akrofi-Christaller Institute of Theology, Mission and Culture","club1","n_publication"
"I4210123176","Pan African Institute for Development","club1","n_publication"
"I4210123672","IGAD Sheikh Technical Veterinary School and Reference Centre","club1","n_publication"
"I4210123676","Uganda Pentecostal University","club1","n_publication"
"I4210123766","Jigjiga University","club1","n_publication"
"I4210123786","Yanet Health College","club1","n_publication"
"I4210123884","Assiut University Hospitals","club1","n_publication"
"I4210124021","Bule Hora University","club1","n_publication"
"I4210124049","Edexcel University","club1","n_publication"
"I4210124126","Université de Moundou","club1","n_publication"
"I4210124128","École Nationale d'Administration de Madagascar","club1","n_publication"
"I4210124129","International University of Grand Bassam","club1","n_publication"
"I4210124230","Université Mustapha Stambouli de Mascara","club1","n_publication"
"I4210124375","Production Management Institute of Southern Africa","club1","n_publication"
"I4210124673","John Garang Memorial University of Science and Technology","club1","n_publication"
"I4210125146","École Nationale d'Administration et de Magistrature","club1","n_publication"
"I4210125163","Instituto Superior Politécnico Metropolitano de Angola","club1","n_publication"
"I4210125453","Methodist University of Angola","club1","n_publication"
"I4210125477","INES-Ruhengeri","club1","n_publication"
"I4210125507","Chouaib Doukkali University","club1","n_publication"
"I4210125514","Université Djilali de Sidi Bel Abbès","club1","n_publication"
"I4210125530","Université Evangélique en Afrique","club1","n_publication"
"I4210125801","Greenside Design Center College of Design","club1","n_publication"
"I4210125922","Egyptian Universities Network","club1","n_publication"
"I4210126051","Université Pelefero Gon Coulibaly","club1","n_publication"
"I4210126124","Federal Polytechnic Nekede","club1","n_publication"
"I4210126159","École Africaine de la Météorologie et de l'Aviation Civile","club1","n_publication"
"I4210126272","Institute for Poverty, Land and Agrarian Studies","club1","n_publication"
"I4210126533","Université Libre de Luozi","club1","n_publication"
"I4210126542","Institut Supérieur de Formation à Distance","club1","n_publication"
"I4210126656","Shendi University","club1","n_publication"
"I4210126988","Institut National de la Jeunesse et des Sports","club1","n_publication"
"I4210127163","Mashreq University","club1","n_publication"
"I4210127236","Institut Supérieur de comptabilité Audit et Finance","club1","n_publication"
"I4210127389","Thebes Academy","club1","n_publication"
"I4210127484","Centre Universitaire Nour Bachir El Bayadh","club1","n_publication"
"I4210127704","Akhbar El Yom Academy","club1","n_publication"
"I4210127722","BlueCrest University College","club1","n_publication"
"I4210127735","SIMAD University","club1","n_publication"
"I4210127797","Université Internationale de Tunis","club1","n_publication"
"I4210128253","Institut Supérieur de Statistique de Lubumbashi","club1","n_publication"
"I4210128415","École d'Architecture de Casablanca","club1","n_publication"
"I4210128639","École Supérieure d'Informatique et de Management des Affaires","club1","n_publication"
"I4210128741","Khartoum International Institute for Arabic Languague","club1","n_publication"
"I4210128877","Federal Polytechnic Ede","club1","n_publication"
"I4210128965","University Yahia Fares of Medea","club1","n_publication"
"I4210129427","Université des Sciences Juridiques et Politiques de Bamako","club1","n_publication"
"I4210129436","Ghana College of Physicians and Surgeons","club1","n_publication"
"I4210129438","Institut PrépaVogt","club1","n_publication"
"I4210129516","Madina Academy","club1","n_publication"
"I4210129615","Arab Studies and Research Institute","club1","n_publication"
"I4210129636","Addis Ababa Science and Technology University","club1","n_publication"
"I4210129720","University of Southern Somalia","club1","n_publication"
"I4210129808","Higher Institute for Tourism, Hotels and Computer","club1","n_publication"
"I4210129886","Institut Sous-Régional de Statistique et d'Economie Appliquée","club1","n_publication"
"I4210130155","École Nationale Supérieure d'Agriculture","club1","n_publication"
"I4210130200","Carnegie Mellon University Africa","club1","n_publication"
"I4210130263","Universidade Técnica de Moçambique","club1","n_publication"
"I4210130305","Institut Universitaire de la Côte","club1","n_publication"
"I4210130454","Regent University College of Science and Technology","club1","n_publication"
"I4210130625","ABM University College","club1","n_publication"
"I4210130700","Institut National Supérieur des Sciences et Techniques d'Abéché","club1","n_publication"
"I4210130929","Abbès Laghrour University of Khenchela","club1","n_publication"
"I4210130933","Institut National Agronomique de Tunisie","club1","n_publication"
"I4210131030","Jean Piaget University of Cape Verde","club1","n_publication"
"I4210131105","Zambia Centre for Accountancy Studies","club1","n_publication"
"I4210131119","Institut Universitaire Siantou","club1","n_publication"
"I4210131124","Académie des Beaux-Arts","club1","n_publication"
"I4210131222","Takoradi Technical University","club1","n_publication"
"I4210131235","Université Centrale de Tunis","club1","n_publication"
"I4210131288","National Engineering School of Tunis","club1","n_publication"
"I4210131477","Université des Sciences et Techniques de Masuku","club1","n_publication"
"I4210131653","École Nationale Supérieure Agronomique","club1","n_publication"
"I4210131662","Université d'Agriculture de Kétou","club1","n_publication"
"I4210131710","École Normale Supérieure de Constantine","club1","n_publication"
"I4210131988","Université Jean Lorougnon Guédé","club1","n_publication"
"I4210132137","École Nationale de Commerce et de Gestion de Tanger","club1","n_publication"
"I4210132304","Obour Institutes","club1","n_publication"
"I4210132408","Katanga Methodist University","club1","n_publication"
"I4210132445","École Supérieure d'Architecture d'Intérieur","club1","n_publication"
"I4210132729","Arab Academy for Management, Banking and Financial Sciences","club1","n_publication"
"I4210132801","Emir Abdelkader University of Islamic Sciences","club1","n_publication"
"I4210133014","École Supérieure de Banque","club1","n_publication"
"I4210133764","Université Pédagogique Nationale","club1","n_publication"
"I4210133935","École Normale Supérieure de Kouba","club1","n_publication"
"I4210134038","Université Libre de Kinshasa","club1","n_publication"
"I4210134055","Academic City College University","club1","n_publication"
"I4210134162","Institute of Rural Development Planning","club1","n_publication"
"I4210134437","University of Nyala","club1","n_publication"
"I4210134560","National University of Sciences, Technologies, Engineering and Mathematics","club1","n_publication"
"I4210134606","Institut Universitaire du Golfe de Guinée","club1","n_publication"
"I4210134620","École Supérieure Algérienne des Affaires","club1","n_publication"
"I4210134659","The Polytechnic Ibadan","club1","n_publication"
"I4210134797","International Institute for Higher Education in Morocco","club1","n_publication"
"I4210134946","École Supérieure des Ingénieurs de l'Équipement Rural","club1","n_publication"
"I4210134981","Université du Sahel","club1","n_publication"
"I4210135081","University of Ngozi","club1","n_publication"
"I4210135199","American International University West Africa","club1","n_publication"
"I4210135870","Sudan Medical Specialization Board","club1","n_publication"
"I4210136036","ESEP-LE BERGER University","club1","n_publication"
"I4210136155","Egyptian Institute of Alexandria Academy for Administration & Accounting","club1","n_publication"
"I4210136168","Pan African Christian University College","club1","n_publication"
"I4210136338","Instituto Superior de Ciências e Tecnologia de Moçambique","club1","n_publication"
"I4210136418","Institut National Polytechnique Félix Houphouët-Boigny","club1","n_publication"
"I4210136442","École Supérieure en Sciences Appliquées de Tlemcen","club1","n_publication"
"I4210136523","October High Institute For Enginnering and Technology","club1","n_publication"
"I4210136852","École Africaine des Métiers de l'Architecture et de l'Urbanisme","club1","n_publication"
"I4210136909","Dilla University","club1","n_publication"
"I4210136946","École Supérieure d'Informatique Appliquée à la Gestion","club1","n_publication"
"I4210137493","Instituto Superior Cristão","club1","n_publication"
"I4210137511","Akademie Reformatoriese Opleiding en Studies","club1","n_publication"
"I4210137645","Institut National de la Poste et des Technologies de l'Information et de la Communication","club1","n_publication"
"I4210137779","Maakhir University","club1","n_publication"
"I4210137785","Université Protestante d'Afrique Centrale","club1","n_publication"
"I4210137934","High-Tech Rabat-Agdal","club1","n_publication"
"I4210138007","IMM Graduate School of Marketing","club1","n_publication"
"I4210138119","Université libre des Pays des Grands Lacs","club1","n_publication"
"I4210138822","Sa'adatu Rimi College of Education","club1","n_publication"
"I4210139036","Instituto Nacional de Estatística","club1","n_publication"
"I4210139384","United Methodist University","club1","n_publication"
"I4210139431","Instituto Superior de Ciencias Sociais e Relações Internacionais","club1","n_publication"
"I4210139502","Institut Supérieur de Commerce de Kinshasa","club1","n_publication"
"I4210139536","Université Shalom de Bunia","club1","n_publication"
"I4210139766","Institut International des Assurances","club1","n_publication"
"I4210139959","High Institute for Management Sciences","club1","n_publication"
"I4210140008","Institut Supérieur Agronomique et Vétérinaire Valéry Giscard d'Estaing","club1","n_publication"
"I4210140037","International Islamic Center for Population Studies and Research","club1","n_publication"
"I4210140420","Université du Lac Tanganyika","club1","n_publication"
"I4210140729","Institut Supérieur de Gestion","club1","n_publication"
"I4210140729","Institut Supérieur de Gestion","club1","n_publication"
"I4210140729","Institut Supérieur de Gestion de Tunis","club1","n_publication"
"I4210140729","Institut Supérieur de Gestion de Tunis","club1","n_publication"
"I4210140764","Nigerian University Games Association","club1","n_publication"
"I4210140988","Cairo Higher Institute","club1","n_publication"
"I4210141093","Catholic University of Central Africa","club1","n_publication"
"I4210141118","École Nationale Supérieure d'Hydraulique","club1","n_publication"
"I4210141251","Université Kofi Annan de Guinée","club1","n_publication"
"I4210141539","Haute École de Commerce et de Management","club1","n_publication"
"I4210141701","Chartered Institute of Marketing Ghana","club1","n_publication"
"I4210141751","The Independent Institute of Education","club1","n_publication"
"I4210142055","Busoga University","club1","n_publication"
"I4210142187","Institute of Finance Management","club1","n_publication"
"I4210142193","Institut Supérieur de Statistiques de Kinshasa","club1","n_publication"
"I4210142313","École Nationale d'Agriculture de Meknès","club1","n_publication"
"I4210142661","Institut National de la Recherche Agronomique de Tunisie","club1","n_publication"
"I4210142783","Ghana Armed Forces Command and Staff College","club1","n_publication"
"I4210142940","Université de l'Uélé","club1","n_publication"
"I4210143075","Institut Supérieur de Commerce et d'Administration des Entreprises","club1","n_publication"
"I4210143099","Ecole Nationale Supérieure des Sciences de la Mer et de l'Aménagement du Littoral","club1","n_publication"
"I4210143128","Wisconsin International University College","club1","n_publication"
"I4210143397","Institute For Leadership And Communication Studies","club1","n_publication"
"I4210143427","University of Tripoli Al-ahlia","club1","n_publication"
"I4210143618","École Supérieure de Management Appliqué","club1","n_publication"
"I4210143625","College of Agriculture Science and Technology","club1","n_publication"
"I4210143728","South African National Energy Development Institute","club1","n_publication"
"I4210144392","University of Goma","club1","n_publication"
"I4210144434","Catholic University of Kabgayi","club1","n_publication"
"I4210144462","South African College of Applied Psychology","club1","n_publication"
"I4210144919","École Supérieure des Sciences de l'Ingénierie Commerciale","club1","n_publication"
"I4210145340","Institut des Hautes Études de Management","club1","n_publication"
"I4210145365","Université Hassan 1er","club1","n_publication"
"I4210145453","International Academy Mohammed VI of Civil Aviation","club1","n_publication"
"I4210145468","Institut Supérieur Pédagogique de Gitwe","club1","n_publication"
"I4210145739","Time Université","club1","n_publication"
"I4210145742","Health International Private University","club1","n_publication"
"I4210145950","École Nationale Supérieure Maritime","club1","n_publication"
"I4210145961","Team University","club1","n_publication"
"I4210146479","Instituto Superior de Ciencias de Saude","club1","n_publication"
"I4210146550","École des Hautes Études Commerciales","club1","n_publication"
"I4210146631","Edna Adan University","club1","n_publication"
"I4210147335","East African University","club1","n_publication"
"I4210147342","Al-Qalam University Katsina","club1","n_publication"
"I4210147360","Sup de Co Marrakech","club1","n_publication"
"I4210147653","École Supérieure Polytechnique d'Antsiranana","club1","n_publication"
"I4210147662","Ethiopian Defence University","club1","n_publication"
"I4210147889","Instituto Superior de Artes e Cultura","club1","n_publication"
"I4210147990","Egyptian Aviation Academy","club1","n_publication"
"I4210148060","Université de Saida Dr.Moulay Tahar","club1","n_publication"
"I4210148074","University Elmergib","club1","n_publication"
"I4210148209","University of Bahri","club1","n_publication"
"I4210148686","École Supérieure de Management","club1","n_publication"
"I4210148832","Federal University Kashere","club1","n_publication"
"I4210149016","École Nationale Supérieure d'Informatique","club1","n_publication"
"I4210149345","Catholic University of Zimbabwe","club1","n_publication"
"I4210149368","École des Sciences de I'information","club1","n_publication"
"I4210149376","Southern Africa Nazarene University","club1","n_publication"
"I4210149531","National Advanced School of Public Works","club1","n_publication"
"I4210149562","École Supérieure Internationale de Gestion","club1","n_publication"
"I4210149660","Université d'Oran 2","club1","n_publication"
"I4210149956","Universidade São Tomás de Moçambique","club1","n_publication"
"I4210150006","Niger State Polytechnic","club1","n_publication"
"I4210150188","Kongo University","club1","n_publication"
"I4210150211","Benghazi Military University Academy","club1","n_publication"
"I4210150453","National Defence College Kenya","club1","n_publication"
"I4210150948","Zewail City of Science and Technology","club1","n_publication"
"I4210151047","Supershine University","club1","n_publication"
"I4210151183","École Nationale Supérieure de Technologie","club1","n_publication"
"I4210151220","École d'Informatique, d'Électronique et d'Expertise Comptable","club1","n_publication"
"I4210151226","Fairland University","club1","n_publication"
"I4210151313","Pioneer International University","club1","n_publication"
"I4210151598","École Polytechnique de Thiès","club1","n_publication"
"I4210151633","Koforidua Technical University","club1","n_publication"
"I4210151796","Kisii University","club1","n_publication"
"I4210151986","Ibrahim Badamasi Babangida University","club1","n_publication"
"I4210152084","Higher Knowledge Institute of Languages ​​and Translation","club1","n_publication"
"I4210152109","University of Timbuktu","club1","n_publication"
"I4210152110","École des Hautes Études en Ingénierie des Systèmes d'Information","club1","n_publication"
"I4210152282","National University of Equatorial Guinea","club1","n_publication"
"I4210152378","Higher Institute for Qualitative Studies","club1","n_publication"
"I4210152384","Joshua Mqabuko Nkomo Polytechnic","club1","n_publication"
"I4210152770","Kano State University of Technology","club1","n_publication"
"I4210152827","Unity University College","club1","n_publication"
"I4210152842","Universidade Colinas de Boé","club1","n_publication"
"I4210152847","University of Gedo","club1","n_publication"
"I4210152980","Catholic University of West Africa","club1","n_publication"
"I4210153012","Institut Universitaire du Congo","club1","n_publication"
"I4210153062","Bel Campus Technological University","club1","n_publication"
"I4210153084","Mulago School of Nursing and Midwifery","club1","n_publication"
"I4210153303","École Normale Supérieure d'Abidjan","club1","n_publication"
"I4210153362","Libyan International Medical University","club1","n_publication"
"I4210153503","East Africa University","club1","n_publication"
"I4210153527","Institut National des Postes et Télécommunications","club1","n_publication"
"I4210153608","Université Moulay Ismail de Meknes","club1","n_publication"
"I4210153708","Groupe École Supérieure de Commerce de Dakar","club1","n_publication"
"I4210153799","Ahmed Zabana University - Relizane","club1","n_publication"
"I4210153818","Institut Supérieur Privé Polytechnique","club1","n_publication"
"I4210154290","Instituto Superior Politécnico de Manica","club1","n_publication"
"I4210154350","University of Djibouti","club1","n_publication"
"I4210154402","Institut Supérieur de l'Information et de la Communication","club1","n_publication"
"I4210154431","Auchi Polytechnic","club1","n_publication"
"I4210154678","Libya Open University","club1","n_publication"
"I4210154748","Sup Management","club1","n_publication"
"I4210154964","Catholic University Institute of Buea","club1","n_publication"
"I4210155111","National School of Mineral Industry","club1","n_publication"
"I4210155196","Adventist University Cosendai","club1","n_publication"
"I4210155520","Mateur Higher School of Agriculture","club1","n_publication"
"I4210155522","Catholic University of Angola","club1","n_publication"
"I4210155582","Centre Universitaire de Mila","club1","n_publication"
"I4210156448","Higher Institute of Applied Arts","club1","n_publication"
"I4210156635","Catholic University of South Sudan","club1","n_publication"
"I4210156809","Future Academy","club1","n_publication"
"I4210156887","Sudan Academy of Sciences","club1","n_publication"
"I4210157007","École Normale Supérieure de Tétouan","club1","n_publication"
"I4210157185","University of Eloued","club1","n_publication"
"I4210157195","Jamhuriya University of Science and Technology","club1","n_publication"
"I4210157202","Université Montplaisir Tunis","club1","n_publication"
"I4210157324","Uganda Institute of Information & Communications Technology","club1","n_publication"
"I4210157386","University of Seychelles","club1","n_publication"
"I4210157503","North Gate University","club1","n_publication"
"I4210157616","Institut Agronomique et Vétérinaire Hassan II","club1","n_publication"
"I4210157758","École des Hautes Études Économiques et Commerciales","club1","n_publication"
"I4210157838","International University & Polytechnic of Benin","club1","n_publication"
"I4210158144","High Institute For Computers and Management Information Systems","club1","n_publication"
"I4210158247","Institut Universitaire du Bénin","club1","n_publication"
"I4210158569","Veritas University","club1","n_publication"
"I4210158610","Institut Universitaire Polytechnique de Mongo","club1","n_publication"
"I4210158612","University of Mbandaka","club1","n_publication"
"I4210158643","École Marocaine de Banque et de Commerce International","club1","n_publication"
"I4210158796","Université de Maradi","club1","n_publication"
"I4210158975","Lafoole University","club1","n_publication"
"I4210159071","Federal Institute of Industrial Research Oshodi","club1","n_publication"
"I4210159165","Instituto Superior Politécnico de Tecnologia e Ciências","club1","n_publication"
"I4210159211","Uganda Episcopal Conference","club1","n_publication"
"I4210159313","International Academy for Engineering and Media Science","club1","n_publication"
"I4210159331","Université Libre du Congo","club1","n_publication"
"I4210159538","Mouloud Mammeri University of Tizi-Ouzou","club1","n_publication"
"I4210159645","Woldia University","club1","n_publication"
"I4210159779","St. Joseph University In Tanzania","club1","n_publication"
"I4210159855","All Saints University Lango","club1","n_publication"
"I4210159989","United States International University Africa","club1","n_publication"
"I4210160143","Gregory University Uturu","club1","n_publication"
"I4210160144","St. Mary's University","club1","n_publication"
"I4210160465","Université Constantine 2","club1","n_publication"
"I4210160534","Instituto Superior Politecnico de Tete","club1","n_publication"
"I4210160578","Université Djilali Bounaama Khemis Miliana","club1","n_publication"
"I4210160645","Institut National du Bâtiment et des Travaux Publics","club1","n_publication"
"I4210160828","National Institute of Public Administration","club1","n_publication"
"I4210160877","École Nationale Supérieure de l'Administration","club1","n_publication"
"I4210161264","College of Business Education","club1","n_publication"
"I4210161311","Soroti University","club1","n_publication"
"I4210161322","ESCA Ecole de Management","club1","n_publication"
"I4210161365","Libyan Academy","club1","n_publication"
"I4210161938","Université William Booth","club1","n_publication"
"I4210161963","Université Dakar-Bourguiba","club1","n_publication"
"I4210162108","Institut National des Sciences de l'Archéologie et du Patrimoine","club1","n_publication"
"I4210162380","École Normale Supérieure de Bouzareah Alger","club1","n_publication"
"I4210162553","University College of Technology","club1","n_publication"
"I4210162686","Social Work Institute in Cairo","club1","n_publication"
"I4210162798","Zambia Catholic University","club1","n_publication"
"I4210162801","École de Gouvernance et d'Économie de Rabat","club1","n_publication"
"I4210162858","The Catholic University of Malawi","club1","n_publication"
"I4210162948","Institute of Petroleum Studies Kampala","club1","n_publication"
"I4210163001","West Kordofan University","club1","n_publication"
"I4210163016","Namibia Institute of Pathology","club1","n_publication"
"I4210163272","Universite des Sciences Appliquée et Management","club1","n_publication"
"I4210163371","Université Méditerranéenne Libre de Tunis","club1","n_publication"
"I4210163438","Université de ain Témouchent","club1","n_publication"
"I4210163474","Universidade Lusófona da Guiné","club1","n_publication"
"I4210163663","LEAP Science and Maths Schools","club1","n_publication"
"I4210163664","South African School of Motion Picture Medium and Live Performance","club1","n_publication"
"I4210163681","United African University of Tanzania","club1","n_publication"
"I4210163744","Sudanese Universities Information Network","club1","n_publication"
"I4210163774","International Crops Research Institute for the Semi-Arid Tropics","club1","n_publication"
"I4210164065","Université Hassan II Mohammedia","club1","n_publication"
"I4210164287","Webster University Ghana","club1","n_publication"
"I4210164448","Universidade Lusíada de Angola","club1","n_publication"
"I4210164586","Université des Sciences, de Technologie et de Médecine","club1","n_publication"
"I4210164620","Skyline University Nigeria","club1","n_publication"
"I4210164694","Hassiba Benbouali University of Chlef","club1","n_publication"
"I4210164771","Sunyani Technical University","club1","n_publication"
"I4210164972","Pigier Bénin","club1","n_publication"
"I4210165095","Institut Supérieur de Technologie Médicale","club1","n_publication"
"I4210165297","Nile University of Nigeria","club1","n_publication"
"I4210165376","October 6 University","club1","n_publication"
"I4210165387","Institut Supérieur d'Etudes Sociales","club1","n_publication"
"I4210165398","University of Bandundu","club1","n_publication"
"I4210165434","National Telecommunications Institute","club1","n_publication"
"I4210165476","Lebanese International University of Mauritania","club1","n_publication"
"I4210165537","Kumi University","club1","n_publication"
"I4210165634","Africa Nazarene University","club1","n_publication"
"I4210165748","École Royale Navale","club1","n_publication"
"I4210165767","University of Gharyan","club1","n_publication"
"I4210165873","École Polyvalente Supérieure d'Informatique et d'Électronique","club1","n_publication"
"I4210166148","One World University","club1","n_publication"
"I4210166287","Higher Institute of Computer Science and Management Technology","club1","n_publication"
"I4210166331","University College of Aviation and Technology","club1","n_publication"
"I4210166436","Open University of West Africa","club1","n_publication"
"I4210166474","Rumbek University","club1","n_publication"
"I4210166476","Université Privée d'Enseignement Supérieur El Amel","club1","n_publication"
"I4210166478","Université Adam Barka d'Abéché","club1","n_publication"
"I4210166538","Hebron Theological College","club1","n_publication"
"I4210166634","École Supérieure d'Informatique Appliquée","club1","n_publication"
"I4210166830","University of Kalemie","club1","n_publication"
"I4210166849","Université Président Joseph Kasa-Vubu","club1","n_publication"
"I4210166886","Université Professionnelle d'Afrique","club1","n_publication"
"I4210167020","Akobo Heritage and Memorial University","club1","n_publication"
"I4210167133","University of Military Science and Technology","club1","n_publication"
"I4210167216","École Royale de l'Air de Marrakech","club1","n_publication"
"I4210167235","Université de Notre-Dame du Kasai","club1","n_publication"
"I4210167265","Institut Supérieur Pédagogique Technique","club1","n_publication"
"I4210167342","Universite Adventiste de Lukanga","club1","n_publication"
"I4210167438","Sanaag University of Science and Technology","club1","n_publication"
"I42869670","Arba Minch University","club1","n_publication"
"I4287427","University of Lomé","club1","n_publication"
"I43424612","Sadat Academy for Management Sciences","club1","n_publication"
"I43427933","Federal University Oye Ekiti","club1","n_publication"
"I43480833","Kyambogo University","club1","n_publication"
"I4387152863","Pan-African University","club1","n_publication"
"I4387152903","Zintan University","club1","n_publication"
"I4387153060","Bomet University College","club1","n_publication"
"I4387153621","Ecole Centrale Casablanca","club1","n_publication"
"I4387153630","Local Government Training Institute","club1","n_publication"
"I4387154306","National School of Artificial Intelligence","club1","n_publication"
"I4387154848","Elsheikh Abdallah Elbadri University","club1","n_publication"
"I4387155736","Ethiopian Institute of Water Resources","club1","n_publication"
"I4387156349","Osun State College of Education, Ila-Orangun","club1","n_publication"
"I4388446411","Université Virtuelle de Côte d'Ivoire","club1","n_publication"
"I4391012564","Ecole supérieure en science et technologies de l'informatique et du numérique","club1","n_publication"
"I4391767903","Ecole Supérieure d'Agronomie Mostaganem","club1","n_publication"
"I4392738204","University Centre of Maghnia","club1","n_publication"
"I4394709192","Modern Academy for Engineering and Technology","club1","n_publication"
"I4399598398","Sphinx University","club1","n_publication"
"I4399598400","Lower Shabelle University","club1","n_publication"
"I4399598453","Botswana University of Agriculture and Natural Resources","club1","n_publication"
"I4399657967","Dr. Hilla Limann Technical University","club1","n_publication"
"I4399657971","University of Media, Arts and Communication","club1","n_publication"
"I4403386471","Injibara University","club1","n_publication"
"I4403928187","Afya na Haki Institute","club1","n_publication"
"I4403928223","Klintaps University College of Health and Allied Sciences","club1","n_publication"
"I44288286","Daystar University","club1","n_publication"
"I44738892","Joseph Sarwuan Tarka University Makurdi","club1","n_publication"
"I44852757","Hope University","club1","n_publication"
"I45230691","Ladoke Akintola University of Technology","club1","n_publication"
"I4537092","Addis Ababa University","club1","n_publication"
"I45711476","Obafemi Awolowo University","club1","n_publication"
"I47844","Al Akhawayn University","club1","n_publication"
"I47853400","Misr International University","club1","n_publication"
"I48615539","Université Félix Houphouët-Boigny","club1","n_publication"
"I49595703","Ethiopian Institute of Agricultural Research","club1","n_publication"
"I50050410","French University of Egypt","club1","n_publication"
"I50219554","University of Laghouat","club1","n_publication"
"I52605992","National Open University of Nigeria","club1","n_publication"
"I53279716","Ahfad University for Women","club1","n_publication"
"I54231130","Ambrose Alli University","club1","n_publication"
"I54316950","University of Jendouba","club1","n_publication"
"I55167344","University of Kairouan","club1","n_publication"
"I55202024","Usmanu Danfodiyo University","club1","n_publication"
"I56592726","University of Technology, Mauritius","club1","n_publication"
"I56822791","Ghana Institute of Management and Public Administration","club1","n_publication"
"I57092466","Bahir Dar University","club1","n_publication"
"I57629906","Nile University","club1","n_publication"
"I59196294","University of Ngaoundéré","club1","n_publication"
"I59272784","Arab Academy for Science, Technology, and Maritime Transport","club1","n_publication"
"I60286554","Gadarif University","club1","n_publication"
"I60470151","Modibbo Adama University of Technology","club1","n_publication"
"I61869032","Ahram Canadian University","club1","n_publication"
"I63445334","Université de Kisangani","club1","n_publication"
"I63596082","Tunis El Manar University","club1","n_publication"
"I63601056","Menoufia University","club1","n_publication"
"I64032852","Pan-Atlantic University","club1","n_publication"
"I6406202","University of Benin","club1","n_publication"
"I64351976","University of Maiduguri","club1","n_publication"
"I64838667","Karary University","club1","n_publication"
"I65734018","American University of Nigeria","club1","n_publication"
"I66513531","Fayoum University","club1","n_publication"
"I67337280","Egyptian Russian University","club1","n_publication"
"I68916915","University of Gabès","club1","n_publication"
"I69072986","University of Mauritius","club1","n_publication"
"I69552723","University of Pretoria","club1","n_publication"
"I70593384","Lead City University","club1","n_publication"
"I71270174","Victoria University","club1","n_publication"
"I72227227","Makerere University","club1","n_publication"
"I72235472","State University of Zanzibar","club1","n_publication"
"I72341686","Midlands State University","club1","n_publication"
"I7435137","Marien Ngouabi University","club1","n_publication"
"I74813324","Mekelle University","club1","n_publication"
"I75880681","Hassania School of Public Works","club1","n_publication"
"I7589121","University of Professional Studies","club1","n_publication"
"I76661892","Federal University of Technology Minna","club1","n_publication"
"I77072003","University of Kordofan","club1","n_publication"
"I78157869","University of Gezira","club1","n_publication"
"I78545622","Aksum University","club1","n_publication"
"I79793008","Université de Thiès","club1","n_publication"
"I80693520","American University in Cairo","club1","n_publication"
"I81433678","Sikkim Manipal University","club1","n_publication"
"I81605866","Sidi Mohamed Ben Abdellah University","club1","n_publication"
"I82889322","Catholic University of Eastern Africa","club1","n_publication"
"I83259278","Manouba University","club1","n_publication"
"I83291730","University for Development Studies","club1","n_publication"
"I83332908","University of Blida","club1","n_publication"
"I83413266","Upper Nile University","club1","n_publication"
"I84058292","Helwan University","club1","n_publication"
"I84524832","Alexandria University","club1","n_publication"
"I84641585","Sokoine University of Agriculture","club1","n_publication"
"I84929415","University of Venda","club1","n_publication"
"I8636806","University of Sousse","club1","n_publication"
"I86539363","University of Asmara","club1","n_publication"
"I865572129","Adama Science and Technology University","club1","n_publication"
"I869660684","University of the Western Cape","club1","n_publication"
"I87477611","Igbinedion University","club1","n_publication"
"I87482320","University of Management and Technology","club1","n_publication"
"I876237426","Gombe State University","club1","n_publication"
"I8764889","University of Gondar","club1","n_publication"
"I88017793","Port Said University","club1","n_publication"
"I88132101","Masinde Muliro University of Science and Technology","club1","n_publication"
"I882248123","Delta University for Science and Technology","club1","n_publication"
"I89008938","University of Eastern Africa, Baraton","club1","n_publication"
"I890898191","Modern Academy","club1","n_publication"
"I891860020","Federal University of Petroleum Resource Effurun","club1","n_publication"
"I894372087","Olabisi Onabanjo University","club1","n_publication"
"I89466785","Minia University","club1","n_publication"
"I895027328","October University of Modern Sciences and Arts","club1","n_publication"
"I898088062","Ghana Communication Technology University","club1","n_publication"
"I90097577","Red Sea University","club1","n_publication"
"I904009604","Olusegun Agagu University of Science and Technology","club1","n_publication"
"I90527594","Université de Nouakchott","club1","n_publication"
"I90546491","University of Limpopo","club1","n_publication"
"I907303451","Great Lakes University of Kisumu","club1","n_publication"
"I90978372","Mahatma Gandhi Institute","club1","n_publication"
"I91041137","Assiut University","club1","n_publication"
"I91080651","International Centre for Genetic Engineering and Biotechnology","club1","n_publication"
"I912052591","Open University of Tanzania","club1","n_publication"
"I91465866","Garden City University College","club1","n_publication"
"I916065895","Debre Markos University","club1","n_publication"
"I91972364","Tai Solarin University of Education","club1","n_publication"
"I919958821","Bayero University Kano","club1","n_publication"
"I92579986","Walter Sisulu University","club1","n_publication"
"I92808645","Uganda Christian University","club1","n_publication"
"I92834545","École Supérieure de Commerce","club1","n_publication"
"I9353105","Sudan University of Science and Technology","club1","n_publication"
"I95023434","University of KwaZulu-Natal","club1","n_publication"
"I95541853","Hubert Kairuki Memorial University","club1","n_publication"
"I96009557","Ebonyi State University","club1","n_publication"
"I96576516","Rivers State University","club1","n_publication"
"I96823368","German University in Cairo","club1","n_publication"
"I96840727","Cheikh Anta Diop University","club1","n_publication"
"I97231232","Nelson Mandela African Institution of Science and Technology","club1","n_publication"
"I9729102","Salem University","club1","n_publication"
"I97455420","Sohag University","club1","n_publication"
"I98220444","Michael Okpara University of Agriculture","club1","n_publication"
"I98243723","Kwara State University","club1","n_publication"
"I98358874","University of Technology","club1","n_publication"
"I98962006","University of Skikda","club1","n_publication"
"I99296679","Sirte University","club1","n_publication"
"I99297268","University of Hassan II Casablanca","club1","n_publication"
"I99542240","Akademia","club1","n_publication"
"I99712911","Nelson Mandela University","club1","n_publication"
"I100352790","Abia State University","club1","n_citations"
"I10627620","Kogi State University","club1","n_citations"
"I106980716","Adamawa State University","club1","n_citations"
"I107720978","Ain Shams University","club1","n_citations"
"I108714496","Tunis University","club1","n_citations"
"I108754898","Badji Mokhtar-Annaba University","club1","n_citations"
"I109121592","Zimbabwe Open University","club1","n_citations"
"I110603874","Central University of Technology","club1","n_citations"
"I113643904","Beni-Suef University","club1","n_citations"
"I114499477","University of Fort Hare","club1","n_citations"
"I116082035","Kenya Medical Training College","club1","n_citations"
"I116970179","University of Jijel","club1","n_citations"
"I117723502","University of N'Djamena","club1","n_citations"
"I118185606","Aga Khan University","club1","n_citations"
"I119856527","Cadi Ayyad University","club1","n_citations"
"I121645547","Chinhoyi University of Technology","club1","n_citations"
"I121708413","Chukwuemeka Odumegwu Ojukwu University","club1","n_citations"
"I124391630","Arab Open University","club1","n_citations"
"I125485651","University Frères Mentouri Constantine 1","club1","n_citations"
"I126541806","Lagos State University","club1","n_citations"
"I127206278","Akwa Ibom State University","club1","n_citations"
"I12789410","Ahmadu Bello University","club1","n_citations"
"I1282700336","Debre Berhan University","club1","n_citations"
"I1283442259","Madda Walabu University","club1","n_citations"
"I12859529","University of Nairobi","club1","n_citations"
"I130309236","Kafrelsheikh University","club1","n_citations"
"I131736796","University of Health Sciences","club1","n_citations"
"I1317634868","Institute for Educational Planning and Administration","club1","n_citations"
"I1322597698","Academy of Arts","club1","n_citations"
"I133771110","University of Cape Coast","club1","n_citations"
"I134231150","University of Lubumbashi","club1","n_citations"
"I134542131","University of Ilorin","club1","n_citations"
"I136632592","Bells University of Technology","club1","n_citations"
"I137616099","Tshwane University of Technology","club1","n_citations"
"I137724175","University of Antananarivo","club1","n_citations"
"I138690464","University of Ghana","club1","n_citations"
"I140534913","Ardhi University","club1","n_citations"
"I143936627","University of Bechar","club1","n_citations"
"I1443707","Jimma University","club1","n_citations"
"I144693123","University of Buea","club1","n_citations"
"I145354842","University of Medical Sciences and Technology","club1","n_citations"
"I145487455","Cairo University","club1","n_citations"
"I145876445","University of Education, Winneba","club1","n_citations"
"I148561064","African Institute for Mathematical Sciences","club1","n_citations"
"I149743910","University of Liberia","club1","n_citations"
"I149840157","Al-Arab Medical University","club1","n_citations"
"I150406212","University of Khartoum","club1","n_citations"
"I151654608","Madonna University","club1","n_citations"
"I153975220","Kenyatta University","club1","n_citations"
"I154023281","British University in Egypt","club1","n_citations"
"I157273133","University of Botswana","club1","n_citations"
"I157591606","University of Malawi","club1","n_citations"
"I157614274","University of Cape Town","club1","n_citations"
"I159247623","Mansoura University","club1","n_citations"
"I159253421","Cape Peninsula University of Technology","club1","n_citations"
"I160825796","Mangosuthu University of Technology","club1","n_citations"
"I161374704","University of Jos","club1","n_citations"
"I162489102","University of Batna 1","club1","n_citations"
"I163423212","University of Douala","club1","n_citations"
"I165390105","Africa University","club1","n_citations"
"I165390105","Africa University","club1","n_citations"
"I165390105","Africa University","club1","n_citations"
"I165390105","Hope Africa University","club1","n_citations"
"I165390105","Hope Africa University","club1","n_citations"
"I165390105","Hope Africa University","club1","n_citations"
"I165390105","University of South Africa","club1","n_citations"
"I165390105","University of South Africa","club1","n_citations"
"I165390105","University of South Africa","club1","n_citations"
"I166928557","University of Monastir","club1","n_citations"
"I16969244","University of Eswatini","club1","n_citations"
"I169744251","Damanhour University","club1","n_citations"
"I169864488","Abubakar Tafawa Balewa University","club1","n_citations"
"I171217772","Benson Idahosa University","club1","n_citations"
"I172614708","Crescent University","club1","n_citations"
"I177436651","Mahatma Gandhi University","club1","n_citations"
"I177651648","Bindura University of Science Education","club1","n_citations"
"I179097149","University of Carthage","club1","n_citations"
"I181631907","University of Ibadan","club1","n_citations"
"I181933706","Alzaiem Alazhari University","club1","n_citations"
"I182078086","University of Dar es Salaam","club1","n_citations"
"I184834183","Al-Azhar University","club1","n_citations"
"I185474147","Islamic University in Uganda","club1","n_citations"
"I186771145","Covenant University","club1","n_citations"
"I187152970","Benue State University","club1","n_citations"
"I187560010","University of Béjaïa","club1","n_citations"
"I192268740","University of Algiers Benyoucef Benkhedda","club1","n_citations"
"I192535658","Catholic University College of Ghana","club1","n_citations"
"I192929712","University of Juba","club1","n_citations"
"I195608997","Dar es Salaam Institute of Technology","club1","n_citations"
"I197610006","University of Lagos","club1","n_citations"
"I199936661","Uganda Martyrs University","club1","n_citations"
"I200433483","Bowen University","club1","n_citations"
"I201292520","Bingham University","club1","n_citations"
"I206509152","Cape Coast Technical University","club1","n_citations"
"I206961696","University of Biskra","club1","n_citations"
"I207547235","Benha University","club1","n_citations"
"I20893674","Kassala University","club1","n_citations"
"I213072177","University of Maroua","club1","n_citations"
"I215330179","Lupane State University","club1","n_citations"
"I216286881","Botswana International University of Science and Technology","club1","n_citations"
"I221899656","Karatina University","club1","n_citations"
"I22223346","Ahmed Draia University","club1","n_citations"
"I22265921","Central University","club1","n_citations"
"I224517680","Al-Neelain University","club1","n_citations"
"I224527630","University of Lusaka","club1","n_citations"
"I22607950","University of Eldoret","club1","n_citations"
"I230269253","Joseph Ayo Babalola University","club1","n_citations"
"I230965063","Uganda Management Institute","club1","n_citations"
"I240042149","Abdelmalek Essaâdi University","club1","n_citations"
"I24027795","University of Johannesburg","club1","n_citations"
"I246527472","University of Hargeisa","club1","n_citations"
"I24835296","Accra Technical University","club1","n_citations"
"I250481426","University of Cape Verde","club1","n_citations"
"I251854046","Catholic University of Cameroon","club1","n_citations"
"I263774594","University of Bamenda","club1","n_citations"
"I263913023","International University of Africa","club1","n_citations"
"I26805570","Jomo Kenyatta University of Agriculture and Technology","club1","n_citations"
"I27031042","University of Mines and Technology","club1","n_citations"
"I273065767","Catholic University of Health and Allied Sciences","club1","n_citations"
"I2752562790","Kampala International University","club1","n_citations"
"I2752562790","Kampala International University","club1","n_citations"
"I2752562790","Kampala University","club1","n_citations"
"I2752562790","Kampala University","club1","n_citations"
"I2799418772","Cavendish University Zambia","club1","n_citations"
"I2799500531","Lagos State University of Science and Technology","club1","n_citations"
"I2799835767","Adeleke University","club1","n_citations"
"I2799873615","African Institute of Science and Technology","club1","n_citations"
"I2799887408","Adventist University of Africa","club1","n_citations"
"I2799983529","Colleges of Medicine of South Africa","club1","n_citations"
"I2800483928","Africa International University","club1","n_citations"
"I2800493640","All Nations University","club1","n_citations"
"I2800581689","Botswana Accountancy College","club1","n_citations"
"I2800664390","Academy of Engineering Sciences","club1","n_citations"
"I2800679637","Inter-University Council for East Africa","club1","n_citations"
"I2800887215","Tunisia Polytechnic School","club1","n_citations"
"I2801170945","University College of Agriculture and Environmental Studies","club1","n_citations"
"I2801387305","Baptist Theological College of Southern Africa","club1","n_citations"
"I2801516365","Kumasi Technical University","club1","n_citations"
"I2801517398","Islamic University College","club1","n_citations"
"I2801972722","African Virtual University","club1","n_citations"
"I2802111147","University of Mbuji Mayi","club1","n_citations"
"I2802194555","University of Bahr El-Ghazal","club1","n_citations"
"I2802394218","University of Applied Management","club1","n_citations"
"I2802427971","Christian Service University College","club1","n_citations"
"I2802797706","Institute of Development Management","club1","n_citations"
"I2802891092","Machakos University","club1","n_citations"
"I2803027104","African University College of Communications","club1","n_citations"
"I28046988","Kwame Nkrumah University","club1","n_citations"
"I28046988","Kwame Nkrumah University","club1","n_citations"
"I28046988","Kwame Nkrumah University of Science and Technology","club1","n_citations"
"I28046988","Kwame Nkrumah University of Science and Technology","club1","n_citations"
"I280533721","Caleb University","club1","n_citations"
"I28653996","Adekunle Ajasin University","club1","n_citations"
"I287756978","Busitema University","club1","n_citations"
"I2890612012","University of Garden City","club1","n_citations"
"I291863076","University of Energy and Natural Resources","club1","n_citations"
"I29607241","École Normale Supérieure","club1","n_citations"
"I29787537","Afe Babalola University","club1","n_citations"
"I299595467","University of Kabianga","club1","n_citations"
"I2996127693","Lyceum College","club1","n_citations"
"I304664074","Landmark University","club1","n_citations"
"I307268238","Kaduna State University","club1","n_citations"
"I30887324","Babcock University","club1","n_citations"
"I309707301","Botho University","club1","n_citations"
"I3121272148","University of Boumerdes","club1","n_citations"
"I3129199519","University of Bagamoyo","club1","n_citations"
"I3129211915","AlMughtaribeen University","club1","n_citations"
"I3129221262","University of Bakhtalruda","club1","n_citations"
"I3129257098","University of Kisubi","club1","n_citations"
"I3129284699","Benadir University","club1","n_citations"
"I3129295481","Tunisia Private University","club1","n_citations"
"I3129370870","Bayan University","club1","n_citations"
"I3129390127","University of Bouira","club1","n_citations"
"I3129459759","Accra Institute of Technology","club1","n_citations"
"I3129475430","Kiriri Women's University of Science and Technology","club1","n_citations"
"I3129482412","Kabale University","club1","n_citations"
"I3129551310","College of African Wildlife Management","club1","n_citations"
"I3129592236","Amoud University","club1","n_citations"
"I3129613971","Kwara State Polytechnic","club1","n_citations"
"I3129681422","Al-Ahram Center for Political and Strategic Studies","club1","n_citations"
"I3129744201","University of Kindu","club1","n_citations"
"I3129754710","Alexandria Higher Institute of Engineering and Technology","club1","n_citations"
"I3129864162","Lúrio University","club1","n_citations"
"I3129924371","Management College of Southern Africa","club1","n_citations"
"I3129970296","University of Mkar","club1","n_citations"
"I3130154354","Damelin","club1","n_citations"
"I3130155654","Achievers University","club1","n_citations"
"I3130258093","American International School in Egypt","club1","n_citations"
"I3130259207","University College of Management Studies","club1","n_citations"
"I3130452249","Kofi Annan International Peacekeeping Training Centre","club1","n_citations"
"I3130478569","Julius Nyerere University of Kankan","club1","n_citations"
"I3130796309","Cavendish University Uganda","club1","n_citations"
"I3130811397","Inoorero University","club1","n_citations"
"I3130817511","Umma University","club1","n_citations"
"I3130826315","Laikipia University","club1","n_citations"
"I3130915990","Al Zawiya University","club1","n_citations"
"I3130965160","University of Arusha","club1","n_citations"
"I3131062393","Kwararafa University","club1","n_citations"
"I3131076172","Crawford University","club1","n_citations"
"I3131077051","University of Dongola","club1","n_citations"
"I3131121749","Kabarak University","club1","n_citations"
"I3131228027","Maasai Mara University","club1","n_citations"
"I3131279189","Bishop Stuart University","club1","n_citations"
"I3131411328","Kirinyaga University","club1","n_citations"
"I3131829890","Caritas University","club1","n_citations"
"I3131845690","University of Cross River State","club1","n_citations"
"I3131883934","Agostinho Neto University","club1","n_citations"
"I3131884745","KCA University","club1","n_citations"
"I3131952115","Kaduna Polytechnic","club1","n_citations"
"I3131979588","Al-Hikmah University","club1","n_citations"
"I3132105718","Adventist University of Central Africa","club1","n_citations"
"I3132180716","Larbi Ben M'hidi University of Oum El Bouaghi","club1","n_citations"
"I3132211733","Malawi Adventist University","club1","n_citations"
"I3132347332","Uganda Technology and Management University","club1","n_citations"
"I3132429795","Adigrat University","club1","n_citations"
"I3132458453","Bugema University","club1","n_citations"
"I3132465432","University of Makeni","club1","n_citations"
"I3132506069","University of Embu","club1","n_citations"
"I3132520537","African Rural University","club1","n_citations"
"I3132692309","Alasmarya Islamic University","club1","n_citations"
"I3132763504","Cuttington University","club1","n_citations"
"I3132818693","Baze University","club1","n_citations"
"I3132941426","Mandela Institute for Development Studies","club1","n_citations"
"I3132944300","Chuka University","club1","n_citations"
"I3132975919","International Medical and Technological University","club1","n_citations"
"I3133036570","Lusaka Apex Medical University","club1","n_citations"
"I3133329336","Al Fashir University","club1","n_citations"
"I3133343259","UniMAC-GIJ","club1","n_citations"
"I31439502","University of Benghazi","club1","n_citations"
"I315205436","Jaramogi Oginga Odinga University of Science and Technology","club1","n_citations"
"I31571312","École Nationale d'Administration","club1","n_citations"
"I319786031","Catholic University of Mozambique","club1","n_citations"
"I32284924","Copperbelt University","club1","n_citations"
"I327500432","Umaru Musa Yar'adua University","club1","n_citations"
"I344018163","Dedan Kimathi University of Technology","club1","n_citations"
"I34942010","University of Kinshasa","club1","n_citations"
"I35845393","University of Gafsa","club1","n_citations"
"I36770943","Kenya Methodist University","club1","n_citations"
"I37490319","Ajayi Crowther University","club1","n_citations"
"I38365063","Tumaini University","club1","n_citations"
"I3970730","University of Calabar","club1","n_citations"
"I40193446","University Ferhat Abbas of Setif","club1","n_citations"
"I41343362","University of Bamako","club1","n_citations"
"I4210086032","Institut Supérieur des Études Technologiques de Gafsa","club1","n_citations"
"I4210086733","Christian Bilingual University of Congo","club1","n_citations"
"I4210086877","University of Kara","club1","n_citations"
"I4210087030","Institut Panafricain pour le Développement Afrique Centrale","club1","n_citations"
"I4210087104","École Supérieure des Multimédia, Informatique & Réseaux","club1","n_citations"
"I4210087116","Institut Supérieur de la Communication, des Affaires et du Management","club1","n_citations"
"I4210087472","Bamenda University of Science and Technology","club1","n_citations"
"I4210087544","École Normale Supérieure Casablanca","club1","n_citations"
"I4210087577","Burao University","club1","n_citations"
"I4210087798","Copperstone University","club1","n_citations"
"I4210087931","Institute for Security Studies","club1","n_citations"
"I4210088655","Instituto Superior de Ciências Económicas e Empresariais","club1","n_citations"
"I4210088819","Kebbi State University of Science and Technology","club1","n_citations"
"I4210089248","Institut Universitaire d'Abidjan","club1","n_citations"
"I4210089506","Institute of Accountancy Arusha","club1","n_citations"
"I4210090507","AlAlamein International University","club1","n_citations"
"I4210090812","Institut Polytechnique Rural de Formation et de Recherche Appliquée","club1","n_citations"
"I4210091427","Ankole Western University","club1","n_citations"
"I4210092341","Instituto Superior de Comunicação e Imagem de Moçambique","club1","n_citations"
"I4210093986","Institut Pasteur de Bangui","club1","n_citations"
"I4210094054","University of Lay Adventists of Kigali","club1","n_citations"
"I4210094475","Institut Supérieur de Formation en Technologie Alimentaire","club1","n_citations"
"I4210095403","Institut Supérieur des Études Technologiques de Nabeul","club1","n_citations"
"I4210095543","Institut Supérieur de Développement Rural","club1","n_citations"
"I4210096134","Universidade Politecnica","club1","n_citations"
"I4210096386","Bridge University","club1","n_citations"
"I4210096875","Institut Facultaire des Sciences de l'Information et de la Communication","club1","n_citations"
"I4210097318","Centre Universitaire de Labé","club1","n_citations"
"I4210097536","University of Guelma","club1","n_citations"
"I4210097695","Cranefield College","club1","n_citations"
"I4210098288","Institut Supérieur d'Études Maritimes","club1","n_citations"
"I4210098501","Agitel-Formation","club1","n_citations"
"I4210099197","Institut Supérieur Pédagogique de Bukavu","club1","n_citations"
"I4210099431","Maitama Sule University Kano","club1","n_citations"
"I4210099667","Instituto Superior Monitor","club1","n_citations"
"I4210099821","International University of Management","club1","n_citations"
"I4210100085","Jean Piaget University of Angola","club1","n_citations"
"I4210100160","University of Kikwit","club1","n_citations"
"I4210100330","Institut Supérieur International du Tourisme de Tanger","club1","n_citations"
"I4210100477","University of Kolwezi","club1","n_citations"
"I4210100769","Kenya Highlands University","club1","n_citations"
"I4210101443","Arrupe Jesuit University","club1","n_citations"
"I4210101907","Lilongwe University of Agriculture and Natural Resources","club1","n_citations"
"I4210102129","University of El Imam El Mahdi","club1","n_citations"
"I4210102205","École Supérieure des Télécommunications","club1","n_citations"
"I4210102508","École Supérieure Multinationale des Télécommunications","club1","n_citations"
"I4210103367","Catholic University of Madagascar","club1","n_citations"
"I4210103375","Tissemsilt University","club1","n_citations"
"I4210104004","Institut supérieur de la Magistrature","club1","n_citations"
"I4210104267","Da Vinci Institute","club1","n_citations"
"I4210104488","University of Kamina","club1","n_citations"
"I4210105117","Institut Supérieur de Technique Médicale","club1","n_citations"
"I4210105134","Universidade Gregório Semedo","club1","n_citations"
"I4210105638","École Supérieure de Design et des Arts Visuels","club1","n_citations"
"I4210105844","Islamic University of Niger","club1","n_citations"
"I4210105945","Universidade Óscar Ribas","club1","n_citations"
"I4210106046","École Supérieure des Études Administratives et Commerciales","club1","n_citations"
"I4210106316","Jazeera University","club1","n_citations"
"I4210106600","Kibabii University","club1","n_citations"
"I4210106624","École Nationale d'Ingénieurs de Gabès","club1","n_citations"
"I4210106663","International University of Rabat","club1","n_citations"
"I4210106992","Lancaster University Ghana","club1","n_citations"
"I4210107086","University of Algiers 3","club1","n_citations"
"I4210107488","International Institute for Water and Environmental Engineering","club1","n_citations"
"I4210107806","École Nationale de Management et de l'Administration de la Santé","club1","n_citations"
"I4210108070","Aga Khan University Nairobi","club1","n_citations"
"I4210108437","Blue Nile University","club1","n_citations"
"I4210108597","International School of Dakar","club1","n_citations"
"I4210108776","École des Cadres","club1","n_citations"
"I4210109399","Kotebe University of Education","club1","n_citations"
"I4210109517","Kigali Independent University","club1","n_citations"
"I4210109780","Institut Privé de Gestion Institut Supérieur de Technologie Industrielle","club1","n_citations"
"I4210109889","École Normale Supérieure - Marrakech","club1","n_citations"
"I4210110082","École Nationale Polytechnique d'Oran","club1","n_citations"
"I4210110579","Institut Africain d'Informatique","club1","n_citations"
"I4210110684","African Bible University","club1","n_citations"
"I4210110735","Institut des Hautes Études Bancaires et Financières","club1","n_citations"
"I4210110797","DMI St. Eugene University","club1","n_citations"
"I4210110911","Institut Supérieur du Génie Appliqué","club1","n_citations"
"I4210111056","École de Formation aux Carrières de Santé","club1","n_citations"
"I4210111338","Institut Supérieur de Biotechnologie de Sfax","club1","n_citations"
"I4210111441","Botswana Open University","club1","n_citations"
"I4210111803","Machakos School","club1","n_citations"
"I4210112258","Institute of Legal Practice and Development","club1","n_citations"
"I4210112335","École Supérieure Privée d'Ingénierie et de Technologies","club1","n_citations"
"I4210112794","Institut des Hautes Études de Tunis","club1","n_citations"
"I4210112994","University of Bangui","club1","n_citations"
"I4210113095","École Marocaine des Sciences de l'Ingénieur","club1","n_citations"
"I4210113241","African Methodist Episcopal University","club1","n_citations"
"I4210113278","École Supérieure de Communication et de Publicité","club1","n_citations"
"I4210113743","Dalanj University","club1","n_citations"
"I4210113843","École Supérieure de Psychologie","club1","n_citations"
"I4210114322","Institut National de Statistique et d'Economie Appliquée","club1","n_citations"
"I4210114581","École des Hautes Études de Biotechnologie et de Santé","club1","n_citations"
"I4210114632","Ambo University","club1","n_citations"
"I4210114882","Instituto Superior Politécnico de Gaza","club1","n_citations"
"I4210114895","Instituto Superior de Transportes e Comunicaçõe","club1","n_citations"
"I4210115782","University of Ghardaia","club1","n_citations"
"I4210115927","Uganda Petroleum Institute","club1","n_citations"
"I4210116050","Instituto Superior de Ciências e Tecnologia Alberto Chipande","club1","n_citations"
"I4210116093","Établissement Dar El Hadith El Hassania","club1","n_citations"
"I4210116596","University of Kivu","club1","n_citations"
"I4210116614","Kismayo University","club1","n_citations"
"I4210116621","École Nationale Supérieure de Statistique et d'Économie Appliquée","club1","n_citations"
"I4210116901","Universidade Independente de Angola","club1","n_citations"
"I4210117767","Institut Supérieur de l'Informatique et de Gestion","club1","n_citations"
"I4210117796","Ashesi University","club1","n_citations"
"I4210117880","École Supérieure des Industries du Textile et de l'Habillement","club1","n_citations"
"I4210118457","University of Livingstonia","club1","n_citations"
"I4210118693","Institut Préparatoire aux Études d'Ingénieurs de Monastir","club1","n_citations"
"I4210118871","Institut Royal de Formation des Cadres de la Jeunesse et des Sports","club1","n_citations"
"I4210118949","Universidade Zambeze","club1","n_citations"
"I4210119007","Loyola University of Congo","club1","n_citations"
"I4210119386","Institut Supérieur des Sciences de l'Éducation de Guinée","club1","n_citations"
"I4210119614","Institut Marocain de Management","club1","n_citations"
"I4210119741","Universiapolis - Université Internationale d'Agadir","club1","n_citations"
"I4210120110","École Inter-États des Sciences et Médecine Vétérinaires de Dakar","club1","n_citations"
"I4210120173","Clarke International University","club1","n_citations"
"I4210120595","Universidade Katyavala Bwila","club1","n_citations"
"I4210120680","Institut Supérieur de Gestion des Entreprises","club1","n_citations"
"I4210120884","Institut Supérieur des Études Technologiques en Communications de Tunis","club1","n_citations"
"I4210121139","Admas University","club1","n_citations"
"I4210121355","École Polytechnique d'Architecture et d'Urbanisme","club1","n_citations"
"I4210121488","École des Hautes Études Commerciales Techniques et Informatiques","club1","n_citations"
"I4210121692","Institut des Hautes Études Bancaires, Financières et Managériale","club1","n_citations"
"I4210121797","African Leadership Institute","club1","n_citations"
"I4210121980","École Normale Supérieure de l'Enseignement Technique de Mohammedia","club1","n_citations"
"I4210122153","Institut International des Sciences et de Technologie","club1","n_citations"
"I4210122385","Light University of Bujumbur","club1","n_citations"
"I4210122444","University of Koudougou","club1","n_citations"
"I4210122462","International University of East Africa","club1","n_citations"
"I4210122636","École Supérieure de Gestion","club1","n_citations"
"I4210122636","École Supérieure de Gestion","club1","n_citations"
"I4210122636","École Supérieure de Gestion et des Sciences de l'Informatique","club1","n_citations"
"I4210122636","École Supérieure de Gestion et des Sciences de l'Informatique","club1","n_citations"
"I4210122687","DMI-St. John the Baptist University","club1","n_citations"
"I4210122757","Asossa University","club1","n_citations"
"I4210122785","Canadian International College","club1","n_citations"
"I4210123084","École Normale Supérieure de Nouakchott","club1","n_citations"
"I4210123141","Akrofi-Christaller Institute of Theology, Mission and Culture","club1","n_citations"
"I4210123676","Uganda Pentecostal University","club1","n_citations"
"I4210123766","Jigjiga University","club1","n_citations"
"I4210123884","Assiut University Hospitals","club1","n_citations"
"I4210124021","Bule Hora University","club1","n_citations"
"I4210124128","École Nationale d'Administration de Madagascar","club1","n_citations"
"I4210124129","International University of Grand Bassam","club1","n_citations"
"I4210124673","John Garang Memorial University of Science and Technology","club1","n_citations"
"I4210125146","École Nationale d'Administration et de Magistrature","club1","n_citations"
"I4210125163","Instituto Superior Politécnico Metropolitano de Angola","club1","n_citations"
"I4210125507","Chouaib Doukkali University","club1","n_citations"
"I4210126159","École Africaine de la Météorologie et de l'Aviation Civile","club1","n_citations"
"I4210126272","Institute for Poverty, Land and Agrarian Studies","club1","n_citations"
"I4210126542","Institut Supérieur de Formation à Distance","club1","n_citations"
"I4210126988","Institut National de la Jeunesse et des Sports","club1","n_citations"
"I4210127236","Institut Supérieur de comptabilité Audit et Finance","club1","n_citations"
"I4210127389","Thebes Academy","club1","n_citations"
"I4210127484","Centre Universitaire Nour Bachir El Bayadh","club1","n_citations"
"I4210127704","Akhbar El Yom Academy","club1","n_citations"
"I4210127722","BlueCrest University College","club1","n_citations"
"I4210128253","Institut Supérieur de Statistique de Lubumbashi","club1","n_citations"
"I4210128415","École d'Architecture de Casablanca","club1","n_citations"
"I4210128639","École Supérieure d'Informatique et de Management des Affaires","club1","n_citations"
"I4210128741","Khartoum International Institute for Arabic Languague","club1","n_citations"
"I4210128965","University Yahia Fares of Medea","club1","n_citations"
"I4210129438","Institut PrépaVogt","club1","n_citations"
"I4210129516","Madina Academy","club1","n_citations"
"I4210129615","Arab Studies and Research Institute","club1","n_citations"
"I4210129636","Addis Ababa Science and Technology University","club1","n_citations"
"I4210129886","Institut Sous-Régional de Statistique et d'Economie Appliquée","club1","n_citations"
"I4210130155","École Nationale Supérieure d'Agriculture","club1","n_citations"
"I4210130200","Carnegie Mellon University Africa","club1","n_citations"
"I4210130263","Universidade Técnica de Moçambique","club1","n_citations"
"I4210130305","Institut Universitaire de la Côte","club1","n_citations"
"I4210130625","ABM University College","club1","n_citations"
"I4210130700","Institut National Supérieur des Sciences et Techniques d'Abéché","club1","n_citations"
"I4210130929","Abbès Laghrour University of Khenchela","club1","n_citations"
"I4210130933","Institut National Agronomique de Tunisie","club1","n_citations"
"I4210131030","Jean Piaget University of Cape Verde","club1","n_citations"
"I4210131119","Institut Universitaire Siantou","club1","n_citations"
"I4210131124","Académie des Beaux-Arts","club1","n_citations"
"I4210131653","École Nationale Supérieure Agronomique","club1","n_citations"
"I4210131710","École Normale Supérieure de Constantine","club1","n_citations"
"I4210132137","École Nationale de Commerce et de Gestion de Tanger","club1","n_citations"
"I4210132408","Katanga Methodist University","club1","n_citations"
"I4210132445","École Supérieure d'Architecture d'Intérieur","club1","n_citations"
"I4210132729","Arab Academy for Management, Banking and Financial Sciences","club1","n_citations"
"I4210133014","École Supérieure de Banque","club1","n_citations"
"I4210133935","École Normale Supérieure de Kouba","club1","n_citations"
"I4210134055","Academic City College University","club1","n_citations"
"I4210134162","Institute of Rural Development Planning","club1","n_citations"
"I4210134606","Institut Universitaire du Golfe de Guinée","club1","n_citations"
"I4210134620","École Supérieure Algérienne des Affaires","club1","n_citations"
"I4210134797","International Institute for Higher Education in Morocco","club1","n_citations"
"I4210134946","École Supérieure des Ingénieurs de l'Équipement Rural","club1","n_citations"
"I4210135081","University of Ngozi","club1","n_citations"
"I4210135199","American International University West Africa","club1","n_citations"
"I4210136338","Instituto Superior de Ciências e Tecnologia de Moçambique","club1","n_citations"
"I4210136418","Institut National Polytechnique Félix Houphouët-Boigny","club1","n_citations"
"I4210136442","École Supérieure en Sciences Appliquées de Tlemcen","club1","n_citations"
"I4210136852","École Africaine des Métiers de l'Architecture et de l'Urbanisme","club1","n_citations"
"I4210136946","École Supérieure d'Informatique Appliquée à la Gestion","club1","n_citations"
"I4210137493","Instituto Superior Cristão","club1","n_citations"
"I4210137511","Akademie Reformatoriese Opleiding en Studies","club1","n_citations"
"I4210137645","Institut National de la Poste et des Technologies de l'Information et de la Communication","club1","n_citations"
"I4210137779","Maakhir University","club1","n_citations"
"I4210139036","Instituto Nacional de Estatística","club1","n_citations"
"I4210139384","United Methodist University","club1","n_citations"
"I4210139431","Instituto Superior de Ciencias Sociais e Relações Internacionais","club1","n_citations"
"I4210139502","Institut Supérieur de Commerce de Kinshasa","club1","n_citations"
"I4210139766","Institut International des Assurances","club1","n_citations"
"I4210140008","Institut Supérieur Agronomique et Vétérinaire Valéry Giscard d'Estaing","club1","n_citations"
"I4210140037","International Islamic Center for Population Studies and Research","club1","n_citations"
"I4210140729","Institut Supérieur de Gestion","club1","n_citations"
"I4210140729","Institut Supérieur de Gestion","club1","n_citations"
"I4210140729","Institut Supérieur de Gestion de Tunis","club1","n_citations"
"I4210140729","Institut Supérieur de Gestion de Tunis","club1","n_citations"
"I4210140978","Centre Africain d'Études Supérieures en Gestion","club1","n_citations"
"I4210140988","Cairo Higher Institute","club1","n_citations"
"I4210141093","Catholic University of Central Africa","club1","n_citations"
"I4210141118","École Nationale Supérieure d'Hydraulique","club1","n_citations"
"I4210141701","Chartered Institute of Marketing Ghana","club1","n_citations"
"I4210142055","Busoga University","club1","n_citations"
"I4210142187","Institute of Finance Management","club1","n_citations"
"I4210142193","Institut Supérieur de Statistiques de Kinshasa","club1","n_citations"
"I4210142313","École Nationale d'Agriculture de Meknès","club1","n_citations"
"I4210142661","Institut National de la Recherche Agronomique de Tunisie","club1","n_citations"
"I4210143075","Institut Supérieur de Commerce et d'Administration des Entreprises","club1","n_citations"
"I4210143397","Institute For Leadership And Communication Studies","club1","n_citations"
"I4210143618","École Supérieure de Management Appliqué","club1","n_citations"
"I4210143625","College of Agriculture Science and Technology","club1","n_citations"
"I4210144392","University of Goma","club1","n_citations"
"I4210144434","Catholic University of Kabgayi","club1","n_citations"
"I4210144919","École Supérieure des Sciences de l'Ingénierie Commerciale","club1","n_citations"
"I4210145340","Institut des Hautes Études de Management","club1","n_citations"
"I4210145453","International Academy Mohammed VI of Civil Aviation","club1","n_citations"
"I4210145468","Institut Supérieur Pédagogique de Gitwe","club1","n_citations"
"I4210145739","Time Université","club1","n_citations"
"I4210145950","École Nationale Supérieure Maritime","club1","n_citations"
"I4210146479","Instituto Superior de Ciencias de Saude","club1","n_citations"
"I4210146550","École des Hautes Études Commerciales","club1","n_citations"
"I4210147342","Al-Qalam University Katsina","club1","n_citations"
"I4210147653","École Supérieure Polytechnique d'Antsiranana","club1","n_citations"
"I4210147889","Instituto Superior de Artes e Cultura","club1","n_citations"
"I4210148074","University Elmergib","club1","n_citations"
"I4210148209","University of Bahri","club1","n_citations"
"I4210148686","École Supérieure de Management","club1","n_citations"
"I4210149016","École Nationale Supérieure d'Informatique","club1","n_citations"
"I4210149345","Catholic University of Zimbabwe","club1","n_citations"
"I4210149368","École des Sciences de I'information","club1","n_citations"
"I4210149562","École Supérieure Internationale de Gestion","club1","n_citations"
"I4210149956","Universidade São Tomás de Moçambique","club1","n_citations"
"I4210150188","Kongo University","club1","n_citations"
"I4210150211","Benghazi Military University Academy","club1","n_citations"
"I4210151183","École Nationale Supérieure de Technologie","club1","n_citations"
"I4210151220","École d'Informatique, d'Électronique et d'Expertise Comptable","club1","n_citations"
"I4210151598","École Polytechnique de Thiès","club1","n_citations"
"I4210151633","Koforidua Technical University","club1","n_citations"
"I4210151796","Kisii University","club1","n_citations"
"I4210152110","École des Hautes Études en Ingénierie des Systèmes d'Information","club1","n_citations"
"I4210152384","Joshua Mqabuko Nkomo Polytechnic","club1","n_citations"
"I4210152770","Kano State University of Technology","club1","n_citations"
"I4210152827","Unity University College","club1","n_citations"
"I4210152842","Universidade Colinas de Boé","club1","n_citations"
"I4210152847","University of Gedo","club1","n_citations"
"I4210152980","Catholic University of West Africa","club1","n_citations"
"I4210153012","Institut Universitaire du Congo","club1","n_citations"
"I4210153062","Bel Campus Technological University","club1","n_citations"
"I4210153303","École Normale Supérieure d'Abidjan","club1","n_citations"
"I4210153362","Libyan International Medical University","club1","n_citations"
"I4210153527","Institut National des Postes et Télécommunications","club1","n_citations"
"I4210153799","Ahmed Zabana University - Relizane","club1","n_citations"
"I4210153818","Institut Supérieur Privé Polytechnique","club1","n_citations"
"I4210154290","Instituto Superior Politécnico de Manica","club1","n_citations"
"I4210154350","University of Djibouti","club1","n_citations"
"I4210154402","Institut Supérieur de l'Information et de la Communication","club1","n_citations"
"I4210154431","Auchi Polytechnic","club1","n_citations"
"I4210154678","Libya Open University","club1","n_citations"
"I4210154964","Catholic University Institute of Buea","club1","n_citations"
"I4210155196","Adventist University Cosendai","club1","n_citations"
"I4210155522","Catholic University of Angola","club1","n_citations"
"I4210155582","Centre Universitaire de Mila","club1","n_citations"
"I4210156635","Catholic University of South Sudan","club1","n_citations"
"I4210157007","École Normale Supérieure de Tétouan","club1","n_citations"
"I4210157185","University of Eloued","club1","n_citations"
"I4210157195","Jamhuriya University of Science and Technology","club1","n_citations"
"I4210157324","Uganda Institute of Information & Communications Technology","club1","n_citations"
"I4210157616","Institut Agronomique et Vétérinaire Hassan II","club1","n_citations"
"I4210157758","École des Hautes Études Économiques et Commerciales","club1","n_citations"
"I4210157838","International University & Polytechnic of Benin","club1","n_citations"
"I4210158247","Institut Universitaire du Bénin","club1","n_citations"
"I4210158610","Institut Universitaire Polytechnique de Mongo","club1","n_citations"
"I4210158612","University of Mbandaka","club1","n_citations"
"I4210158643","École Marocaine de Banque et de Commerce International","club1","n_citations"
"I4210158975","Lafoole University","club1","n_citations"
"I4210159165","Instituto Superior Politécnico de Tecnologia e Ciências","club1","n_citations"
"I4210159211","Uganda Episcopal Conference","club1","n_citations"
"I4210159313","International Academy for Engineering and Media Science","club1","n_citations"
"I4210159855","All Saints University Lango","club1","n_citations"
"I4210159989","United States International University Africa","club1","n_citations"
"I4210160534","Instituto Superior Politecnico de Tete","club1","n_citations"
"I4210160645","Institut National du Bâtiment et des Travaux Publics","club1","n_citations"
"I4210160877","École Nationale Supérieure de l'Administration","club1","n_citations"
"I4210161264","College of Business Education","club1","n_citations"
"I4210161365","Libyan Academy","club1","n_citations"
"I4210162108","Institut National des Sciences de l'Archéologie et du Patrimoine","club1","n_citations"
"I4210162380","École Normale Supérieure de Bouzareah Alger","club1","n_citations"
"I4210162553","University College of Technology","club1","n_citations"
"I4210162801","École de Gouvernance et d'Économie de Rabat","club1","n_citations"
"I4210162948","Institute of Petroleum Studies Kampala","club1","n_citations"
"I4210163272","Universite des Sciences Appliquée et Management","club1","n_citations"
"I4210163474","Universidade Lusófona da Guiné","club1","n_citations"
"I4210163663","LEAP Science and Maths Schools","club1","n_citations"
"I4210163681","United African University of Tanzania","club1","n_citations"
"I4210163774","International Crops Research Institute for the Semi-Arid Tropics","club1","n_citations"
"I4210164448","Universidade Lusíada de Angola","club1","n_citations"
"I4210165095","Institut Supérieur de Technologie Médicale","club1","n_citations"
"I4210165387","Institut Supérieur d'Etudes Sociales","club1","n_citations"
"I4210165398","University of Bandundu","club1","n_citations"
"I4210165476","Lebanese International University of Mauritania","club1","n_citations"
"I4210165537","Kumi University","club1","n_citations"
"I4210165634","Africa Nazarene University","club1","n_citations"
"I4210165748","École Royale Navale","club1","n_citations"
"I4210165767","University of Gharyan","club1","n_citations"
"I4210165873","École Polyvalente Supérieure d'Informatique et d'Électronique","club1","n_citations"
"I4210166331","University College of Aviation and Technology","club1","n_citations"
"I4210166634","École Supérieure d'Informatique Appliquée","club1","n_citations"
"I4210166830","University of Kalemie","club1","n_citations"
"I4210167020","Akobo Heritage and Memorial University","club1","n_citations"
"I4210167133","University of Military Science and Technology","club1","n_citations"
"I4210167216","École Royale de l'Air de Marrakech","club1","n_citations"
"I4210167265","Institut Supérieur Pédagogique Technique","club1","n_citations"
"I4210167342","Universite Adventiste de Lukanga","club1","n_citations"
"I42869670","Arba Minch University","club1","n_citations"
"I4287427","University of Lomé","club1","n_citations"
"I43480833","Kyambogo University","club1","n_citations"
"I4387152903","Zintan University","club1","n_citations"
"I4387153060","Bomet University College","club1","n_citations"
"I4387153630","Local Government Training Institute","club1","n_citations"
"I4392738204","University Centre of Maghnia","club1","n_citations"
"I4399598453","Botswana University of Agriculture and Natural Resources","club1","n_citations"
"I4399657971","University of Media, Arts and Communication","club1","n_citations"
"I4403386471","Injibara University","club1","n_citations"
"I4403928187","Afya na Haki Institute","club1","n_citations"
"I4403928223","Klintaps University College of Health and Allied Sciences","club1","n_citations"
"I44288286","Daystar University","club1","n_citations"
"I44738892","Joseph Sarwuan Tarka University Makurdi","club1","n_citations"
"I45230691","Ladoke Akintola University of Technology","club1","n_citations"
"I4537092","Addis Ababa University","club1","n_citations"
"I47844","Al Akhawayn University","club1","n_citations"
"I50219554","University of Laghouat","club1","n_citations"
"I53279716","Ahfad University for Women","club1","n_citations"
"I54231130","Ambrose Alli University","club1","n_citations"
"I54316950","University of Jendouba","club1","n_citations"
"I55167344","University of Kairouan","club1","n_citations"
"I57092466","Bahir Dar University","club1","n_citations"
"I59196294","University of Ngaoundéré","club1","n_citations"
"I59272784","Arab Academy for Science, Technology, and Maritime Transport","club1","n_citations"
"I61869032","Ahram Canadian University","club1","n_citations"
"I63596082","Tunis El Manar University","club1","n_citations"
"I6406202","University of Benin","club1","n_citations"
"I64351976","University of Maiduguri","club1","n_citations"
"I64838667","Karary University","club1","n_citations"
"I65734018","American University of Nigeria","club1","n_citations"
"I68916915","University of Gabès","club1","n_citations"
"I69072986","University of Mauritius","club1","n_citations"
"I70593384","Lead City University","club1","n_citations"
"I72227227","Makerere University","club1","n_citations"
"I7435137","Marien Ngouabi University","club1","n_citations"
"I77072003","University of Kordofan","club1","n_citations"
"I78157869","University of Gezira","club1","n_citations"
"I78545622","Aksum University","club1","n_citations"
"I80693520","American University in Cairo","club1","n_citations"
"I82889322","Catholic University of Eastern Africa","club1","n_citations"
"I83259278","Manouba University","club1","n_citations"
"I83291730","University for Development Studies","club1","n_citations"
"I83332908","University of Blida","club1","n_citations"
"I84524832","Alexandria University","club1","n_citations"
"I86539363","University of Asmara","club1","n_citations"
"I865572129","Adama Science and Technology University","club1","n_citations"
"I87482320","University of Management and Technology","club1","n_citations"
"I8764889","University of Gondar","club1","n_citations"
"I89008938","University of Eastern Africa, Baraton","club1","n_citations"
"I90546491","University of Limpopo","club1","n_citations"
"I90978372","Mahatma Gandhi Institute","club1","n_citations"
"I91041137","Assiut University","club1","n_citations"
"I91080651","International Centre for Genetic Engineering and Biotechnology","club1","n_citations"
"I919958821","Bayero University Kano","club1","n_citations"
"I92808645","Uganda Christian University","club1","n_citations"
"I92834545","École Supérieure de Commerce","club1","n_citations"
"I95023434","University of KwaZulu-Natal","club1","n_citations"
"I96840727","Cheikh Anta Diop University","club1","n_citations"
"I98243723","Kwara State University","club1","n_citations"
"I99297268","University of Hassan II Casablanca","club1","n_citations"
"I99542240","Akademia","club1","n_citations"
"I100116408","University of Port Harcourt","club1","international_share_any"
"I100236772","St. Lawrence University","club1","international_share_any"
"I100352790","Abia State University","club1","international_share_any"
"I101993903","Namibia University of Science and Technology","club1","international_share_any"
"I10627620","Kogi State University","club1","international_share_any"
"I106980716","Adamawa State University","club1","international_share_any"
"I107720978","Ain Shams University","club1","international_share_any"
"I108714496","Tunis University","club1","international_share_any"
"I108754898","Badji Mokhtar-Annaba University","club1","international_share_any"
"I109121592","Zimbabwe Open University","club1","international_share_any"
"I111908491","Women's University in Africa","club1","international_share_any"
"I112713213","Université Gaston Berger","club1","international_share_any"
"I113643904","Beni-Suef University","club1","international_share_any"
"I114499477","University of Fort Hare","club1","international_share_any"
"I114564095","University of Ouargla","club1","international_share_any"
"I114794399","Suez Canal University","club1","international_share_any"
"I116082035","Kenya Medical Training College","club1","international_share_any"
"I116970179","University of Jijel","club1","international_share_any"
"I117467261","Great Zimbabwe University","club1","international_share_any"
"I117723502","University of N'Djamena","club1","international_share_any"
"I118185606","Aga Khan University","club1","international_share_any"
"I11892038","University of Nigeria","club1","international_share_any"
"I119444248","Nkumba University","club1","international_share_any"
"I12003341","National University of Science and Technology","club1","international_share_any"
"I123698207","Fountain University","club1","international_share_any"
"I124391630","Arab Open University","club1","international_share_any"
"I125485651","University Frères Mentouri Constantine 1","club1","international_share_any"
"I12553626","University of Zululand","club1","international_share_any"
"I126477371","Mohammed V University","club1","international_share_any"
"I126541806","Lagos State University","club1","international_share_any"
"I127206278","Akwa Ibom State University","club1","international_share_any"
"I12789410","Ahmadu Bello University","club1","international_share_any"
"I1283442259","Madda Walabu University","club1","international_share_any"
"I12859529","University of Nairobi","club1","international_share_any"
"I1288970718","Mohamed-Cherif Messaadia University","club1","international_share_any"
"I129615261","Vaal University of Technology","club1","international_share_any"
"I129628643","Université Joseph Ki-Zerbo","club1","international_share_any"
"I130309236","Kafrelsheikh University","club1","international_share_any"
"I130359222","Université Abdou Moumouni","club1","international_share_any"
"I131736796","University of Health Sciences","club1","international_share_any"
"I1317634868","Institute for Educational Planning and Administration","club1","international_share_any"
"I1322597698","Academy of Arts","club1","international_share_any"
"I1331070479","Université de Yaoundé I","club1","international_share_any"
"I133388076","Gulu University","club1","international_share_any"
"I133771110","University of Cape Coast","club1","international_share_any"
"I134231150","University of Lubumbashi","club1","international_share_any"
"I134542131","University of Ilorin","club1","international_share_any"
"I1355163","Sinai University","club1","international_share_any"
"I136632592","Bells University of Technology","club1","international_share_any"
"I137407579","Université Oran 1 Ahmed Ben Bella","club1","international_share_any"
"I137616099","Tshwane University of Technology","club1","international_share_any"
"I137724175","University of Antananarivo","club1","international_share_any"
"I138690464","University of Ghana","club1","international_share_any"
"I139264467","National University","club1","international_share_any"
"I140287389","Technical University of Kenya","club1","international_share_any"
"I140534913","Ardhi University","club1","international_share_any"
"I141930137","Mbarara University of Science and Technology","club1","international_share_any"
"I142215875","Midrand Graduate Institute","club1","international_share_any"
"I142899784","University of Sfax","club1","international_share_any"
"I143936627","University of Bechar","club1","international_share_any"
"I1443707","Jimma University","club1","international_share_any"
"I144693123","University of Buea","club1","international_share_any"
"I145354842","University of Medical Sciences and Technology","club1","international_share_any"
"I145876445","University of Education, Winneba","club1","international_share_any"
"I146977602","Pharos University in Alexandria","club1","international_share_any"
"I147168166","Moi University","club1","international_share_any"
"I147765412","Niger Delta University","club1","international_share_any"
"I148561064","African Institute for Mathematical Sciences","club1","international_share_any"
"I149743910","University of Liberia","club1","international_share_any"
"I149840157","Al-Arab Medical University","club1","international_share_any"
"I150406212","University of Khartoum","club1","international_share_any"
"I151654608","Madonna University","club1","international_share_any"
"I152195623","Misurata University","club1","international_share_any"
"I153265617","Sebha University","club1","international_share_any"
"I153455119","University of Zimbabwe","club1","international_share_any"
"I153487414","Haramaya University","club1","international_share_any"
"I153975220","Kenyatta University","club1","international_share_any"
"I154632036","Misr University for Science and Technology","club1","international_share_any"
"I154840374","Muhimbili University of Health and Allied Sciences","club1","international_share_any"
"I154840374","Muhimbili University of Health and Allied Sciences","club1","international_share_any"
"I154840374","University of Health and Allied Sciences","club1","international_share_any"
"I154840374","University of Health and Allied Sciences","club1","international_share_any"
"I157169809","University of Sciences and Technology Houari Boumediene","club1","international_share_any"
"I157273133","University of Botswana","club1","international_share_any"
"I157338126","Pedagogical University","club1","international_share_any"
"I157591606","University of Malawi","club1","international_share_any"
"I157614274","University of Cape Town","club1","international_share_any"
"I15846685","Mzumbe University","club1","international_share_any"
"I158878888","Nile Valley University","club1","international_share_any"
"I158990150","St. Augustine University of Tanzania","club1","international_share_any"
"I159247623","Mansoura University","club1","international_share_any"
"I160419504","Higher Technological Institute","club1","international_share_any"
"I160825796","Mangosuthu University of Technology","club1","international_share_any"
"I161372803","Strathmore University","club1","international_share_any"
"I161374704","University of Jos","club1","international_share_any"
"I162254961","National University of Lesotho","club1","international_share_any"
"I162489102","University of Batna 1","club1","international_share_any"
"I163423212","University of Douala","club1","international_share_any"
"I16443873","Federal University of Technology Owerri","club1","international_share_any"
"I165390105","Africa University","club1","international_share_any"
"I165390105","Africa University","club1","international_share_any"
"I165390105","Africa University","club1","international_share_any"
"I165390105","Hope Africa University","club1","international_share_any"
"I165390105","Hope Africa University","club1","international_share_any"
"I165390105","Hope Africa University","club1","international_share_any"
"I165390105","University of South Africa","club1","international_share_any"
"I165390105","University of South Africa","club1","international_share_any"
"I165390105","University of South Africa","club1","international_share_any"
"I166928557","University of Monastir","club1","international_share_any"
"I166934088","Imo State University","club1","international_share_any"
"I16969244","University of Eswatini","club1","international_share_any"
"I169864488","Abubakar Tafawa Balewa University","club1","international_share_any"
"I17024267","Université Nangui Abrogoua","club1","international_share_any"
"I171217772","Benson Idahosa University","club1","international_share_any"
"I173434221","Harare Institute of Technology","club1","international_share_any"
"I176150703","University of the Gambia","club1","international_share_any"
"I177436651","Mahatma Gandhi University","club1","international_share_any"
"I177651648","Bindura University of Science Education","club1","international_share_any"
"I177657909","Université de Mostaganem","club1","international_share_any"
"I178331978","Université de Dschang","club1","international_share_any"
"I179097149","University of Carthage","club1","international_share_any"
"I18020613","Mzuzu University","club1","international_share_any"
"I18045400","Federal University of Agriculture","club1","international_share_any"
"I180664298","Federal University of Technology","club1","international_share_any"
"I181631907","University of Ibadan","club1","international_share_any"
"I181933706","Alzaiem Alazhari University","club1","international_share_any"
"I182078086","University of Dar es Salaam","club1","international_share_any"
"I182377803","University of Sierra Leone","club1","international_share_any"
"I184834183","Al-Azhar University","club1","international_share_any"
"I185474147","Islamic University in Uganda","club1","international_share_any"
"I186217134","Future University in Egypt","club1","international_share_any"
"I187152970","Benue State University","club1","international_share_any"
"I187350138","Yaba College of Technology","club1","international_share_any"
"I187560010","University of Béjaïa","club1","international_share_any"
"I189575948","South Valley University","club1","international_share_any"
"I192268740","University of Algiers Benyoucef Benkhedda","club1","international_share_any"
"I192398990","Zagazig University","club1","international_share_any"
"I192619145","University of the Witwatersrand","club1","international_share_any"
"I192929712","University of Juba","club1","international_share_any"
"I193649603","Hawassa University","club1","international_share_any"
"I195610458","Maseno University","club1","international_share_any"
"I195729267","Njala University","club1","international_share_any"
"I197610006","University of Lagos","club1","international_share_any"
"I199936661","Uganda Martyrs University","club1","international_share_any"
"I201292520","Bingham University","club1","international_share_any"
"I203238179","Rhodes University","club1","international_share_any"
"I206961696","University of Biskra","club1","international_share_any"
"I207227095","Nnamdi Azikiwe University","club1","international_share_any"
"I207547235","Benha University","club1","international_share_any"
"I208899625","Université du Burundi","club1","international_share_any"
"I20893674","Kassala University","club1","international_share_any"
"I209195179","Presbyterian University of East Africa","club1","international_share_any"
"I213072177","University of Maroua","club1","international_share_any"
"I21376657","Tanta University","club1","international_share_any"
"I215330179","Lupane State University","club1","international_share_any"
"I217085601","University of Namibia","club1","international_share_any"
"I221899656","Karatina University","club1","international_share_any"
"I22223346","Ahmed Draia University","club1","international_share_any"
"I224517680","Al-Neelain University","club1","international_share_any"
"I224527630","University of Lusaka","club1","international_share_any"
"I22607950","University of Eldoret","club1","international_share_any"
"I230269253","Joseph Ayo Babalola University","club1","international_share_any"
"I230965063","Uganda Management Institute","club1","international_share_any"
"I233754661","Novena University","club1","international_share_any"
"I23906160","University of Tripoli","club1","international_share_any"
"I24027795","University of Johannesburg","club1","international_share_any"
"I246527472","University of Hargeisa","club1","international_share_any"
"I24715933","University of Reunion Island","club1","international_share_any"
"I24835296","Accra Technical University","club1","international_share_any"
"I250207469","Mount Kenya University","club1","international_share_any"
"I250481426","University of Cape Verde","club1","international_share_any"
"I25613804","St Augustine College of South Africa","club1","international_share_any"
"I26092322","Stellenbosch University","club1","international_share_any"
"I263341422","Heritage Christian University","club1","international_share_any"
"I263567798","South Eastern Kenya University","club1","international_share_any"
"I263774594","University of Bamenda","club1","international_share_any"
"I263913023","International University of Africa","club1","international_share_any"
"I265584191","Redeemer's University","club1","international_share_any"
"I267325792","Mizan Tepi University","club1","international_share_any"
"I26805570","Jomo Kenyatta University of Agriculture and Technology","club1","international_share_any"
"I26999989","University of the Free State","club1","international_share_any"
"I27031042","University of Mines and Technology","club1","international_share_any"
"I2752562790","Kampala International University","club1","international_share_any"
"I2752562790","Kampala International University","club1","international_share_any"
"I2752562790","Kampala University","club1","international_share_any"
"I2752562790","Kampala University","club1","international_share_any"
"I27765905","North-West University","club1","international_share_any"
"I277791926","Université Alassane Ouattara","club1","international_share_any"
"I279418767","Université des Montagnes","club1","international_share_any"
"I279922783","Pwani University","club1","international_share_any"
"I2799409690","Nahda University","club1","international_share_any"
"I2799500531","Lagos State University of Science and Technology","club1","international_share_any"
"I2799534737","Wellspring University","club1","international_share_any"
"I2799770396","Paul University Awka","club1","international_share_any"
"I2799775433","Federal University Otuoke","club1","international_share_any"
"I2799828974","Nurses' Training College, Ho","club1","international_share_any"
"I2799835767","Adeleke University","club1","international_share_any"
"I2799873615","African Institute of Science and Technology","club1","international_share_any"
"I2799887408","Adventist University of Africa","club1","international_share_any"
"I2799941459","Federal College of Fisheries and Marine Technology","club1","international_share_any"
"I2800079435","Pentecost University College","club1","international_share_any"
"I2800190170","Federal University Lokoja","club1","international_share_any"
"I2800437794","Federal University Lafia","club1","international_share_any"
"I2800483928","Africa International University","club1","international_share_any"
"I2800493640","All Nations University","club1","international_share_any"
"I2800664390","Academy of Engineering Sciences","club1","international_share_any"
"I2800887215","Tunisia Polytechnic School","club1","international_share_any"
"I2801170945","University College of Agriculture and Environmental Studies","club1","international_share_any"
"I2801272733","Radford University College","club1","international_share_any"
"I2801301251","Somali National University","club1","international_share_any"
"I2801433745","Helderberg College","club1","international_share_any"
"I2801516365","Kumasi Technical University","club1","international_share_any"
"I2801517398","Islamic University College","club1","international_share_any"
"I2801604535","St. Augustine International University","club1","international_share_any"
"I2801704801","Rift Valley University","club1","international_share_any"
"I2802043524","University of Somalia","club1","international_share_any"
"I2802111147","University of Mbuji Mayi","club1","international_share_any"
"I2802194555","University of Bahr El-Ghazal","club1","international_share_any"
"I2802394218","University of Applied Management","club1","international_share_any"
"I2802457231","New Generation University College","club1","international_share_any"
"I2802493600","Polytechnic School of Algiers","club1","international_share_any"
"I2802797706","Institute of Development Management","club1","international_share_any"
"I2802827535","South African Theological Seminary","club1","international_share_any"
"I2802891092","Machakos University","club1","international_share_any"
"I2803027104","African University College of Communications","club1","international_share_any"
"I2803198","Ho Technical University","club1","international_share_any"
"I28046988","Kwame Nkrumah University","club1","international_share_any"
"I28046988","Kwame Nkrumah University","club1","international_share_any"
"I28046988","Kwame Nkrumah University of Science and Technology","club1","international_share_any"
"I28046988","Kwame Nkrumah University of Science and Technology","club1","international_share_any"
"I28285804","The University of Dodoma","club1","international_share_any"
"I284050080","St. John's University of Tanzania","club1","international_share_any"
"I28653996","Adekunle Ajasin University","club1","international_share_any"
"I2890612012","University of Garden City","club1","international_share_any"
"I29607241","École Normale Supérieure","club1","international_share_any"
"I29787537","Afe Babalola University","club1","international_share_any"
"I299595467","University of Kabianga","club1","international_share_any"
"I2996127693","Lyceum College","club1","international_share_any"
"I299799659","Omar Al-Mukhtar University","club1","international_share_any"
"I301615471","Wollega University","club1","international_share_any"
"I304664074","Landmark University","club1","international_share_any"
"I307268238","Kaduna State University","club1","international_share_any"
"I308622825","Omdurman Ahlia University","club1","international_share_any"
"I30887324","Babcock University","club1","international_share_any"
"I3121272148","University of Boumerdes","club1","international_share_any"
"I3121676899","Université Ibn-Tofail","club1","international_share_any"
"I3124969661","Université des Sciences et de la Technologie d'Oran Mohamed Boudiaf","club1","international_share_any"
"I3129199519","University of Bagamoyo","club1","international_share_any"
"I3129221262","University of Bakhtalruda","club1","international_share_any"
"I3129257098","University of Kisubi","club1","international_share_any"
"I3129284699","Benadir University","club1","international_share_any"
"I3129295481","Tunisia Private University","club1","international_share_any"
"I3129351386","Sule Lamido University Kafin Hausa","club1","international_share_any"
"I3129370870","Bayan University","club1","international_share_any"
"I3129379329","Sokoto State University","club1","international_share_any"
"I3129390127","University of Bouira","club1","international_share_any"
"I3129425364","Western Delta University","club1","international_share_any"
"I3129459759","Accra Institute of Technology","club1","international_share_any"
"I3129462672","Regent Business School","club1","international_share_any"
"I3129482412","Kabale University","club1","international_share_any"
"I3129570296","Omar Bongo University","club1","international_share_any"
"I3129592236","Amoud University","club1","international_share_any"
"I3129602810","National School of Business and Management in Settat","club1","international_share_any"
"I3129613971","Kwara State Polytechnic","club1","international_share_any"
"I3129681422","Al-Ahram Center for Political and Strategic Studies","club1","international_share_any"
"I3129744201","University of Kindu","club1","international_share_any"
"I3129754710","Alexandria Higher Institute of Engineering and Technology","club1","international_share_any"
"I3129793404","Solusi University","club1","international_share_any"
"I3129810703","Gollis University","club1","international_share_any"
"I3129828962","National Postgraduate Medical College of Nigeria","club1","international_share_any"
"I3129864162","Lúrio University","club1","international_share_any"
"I3129924371","Management College of Southern Africa","club1","international_share_any"
"I3129970296","University of Mkar","club1","international_share_any"
"I3130046622","Yobe State University","club1","international_share_any"
"I3130155654","Achievers University","club1","international_share_any"
"I3130228804","Heliopolis University","club1","international_share_any"
"I3130258093","American International School in Egypt","club1","international_share_any"
"I3130315128","University of Toamasina","club1","international_share_any"
"I3130371724","Rusangu University","club1","international_share_any"
"I3130391927","Northrise University","club1","international_share_any"
"I3130444996","Zenith University College","club1","international_share_any"
"I3130452249","Kofi Annan International Peacekeeping Training Centre","club1","international_share_any"
"I3130477979","Zanzibar University","club1","international_share_any"
"I3130478569","Julius Nyerere University of Kankan","club1","international_share_any"
"I3130487124","Zambia Forestry College","club1","international_share_any"
"I3130586695","Scott Christian University","club1","international_share_any"
"I3130591674","Milpark Education","club1","international_share_any"
"I3130618196","Obong University","club1","international_share_any"
"I3130709561","Hassan Usman Katsina Polytechnic","club1","international_share_any"
"I3130741188","Muslim University of Morogoro","club1","international_share_any"
"I3130760591","National Ribat University","club1","international_share_any"
"I3130817511","Umma University","club1","international_share_any"
"I3130826315","Laikipia University","club1","international_share_any"
"I3130857668","University of Zalingei","club1","international_share_any"
"I3130915990","Al Zawiya University","club1","international_share_any"
"I3130965160","University of Arusha","club1","international_share_any"
"I3131031036","Mediterranean School of Business","club1","international_share_any"
"I3131077051","University of Dongola","club1","international_share_any"
"I3131121749","Kabarak University","club1","international_share_any"
"I3131204436","Meru University of Science and Technology","club1","international_share_any"
"I3131228027","Maasai Mara University","club1","international_share_any"
"I3131280167","McPherson University","club1","international_share_any"
"I3131411328","Kirinyaga University","club1","international_share_any"
"I3131422684","Godfrey Okoye University","club1","international_share_any"
"I3131611021","University of the Holy Quran and Islamic Sciences","club1","international_share_any"
"I3131845690","University of Cross River State","club1","international_share_any"
"I3131883934","Agostinho Neto University","club1","international_share_any"
"I3131884745","KCA University","club1","international_share_any"
"I3131906498","Tansian University","club1","international_share_any"
"I3131918342","Nazi Boni University","club1","international_share_any"
"I3131949601","Renaissance University","club1","international_share_any"
"I3131952115","Kaduna Polytechnic","club1","international_share_any"
"I3131965639","Senghor University","club1","international_share_any"
"I3131979588","Al-Hikmah University","club1","international_share_any"
"I3132105718","Adventist University of Central Africa","club1","international_share_any"
"I3132131080","Ndejje University","club1","international_share_any"
"I3132158071","University of Science and Technology of Benin","club1","international_share_any"
"I3132180716","Larbi Ben M'hidi University of Oum El Bouaghi","club1","international_share_any"
"I3132245663","Plateau State University","club1","international_share_any"
"I3132291312","University of Toliara","club1","international_share_any"
"I3132347332","Uganda Technology and Management University","club1","international_share_any"
"I3132429795","Adigrat University","club1","international_share_any"
"I3132438211","Regional Maritime University","club1","international_share_any"
"I3132446703","Mount Meru University","club1","international_share_any"
"I3132465432","University of Makeni","club1","international_share_any"
"I3132506069","University of Embu","club1","international_share_any"
"I3132519419","Ghana Institute of Languages","club1","international_share_any"
"I3132574604","Sinnar University","club1","international_share_any"
"I3132692309","Alasmarya Islamic University","club1","international_share_any"
"I3132818693","Baze University","club1","international_share_any"
"I3132941426","Mandela Institute for Development Studies","club1","international_share_any"
"I3132975919","International Medical and Technological University","club1","international_share_any"
"I3132976927","Mulungushi University","club1","international_share_any"
"I3132997995","Ghana Baptist University College","club1","international_share_any"
"I3133036570","Lusaka Apex Medical University","club1","international_share_any"
"I3133096102","Regenesys Business School","club1","international_share_any"
"I3133097027","Higher National Veterinary School","club1","international_share_any"
"I3133101575","Taraba State University","club1","international_share_any"
"I3133127056","Rhema University","club1","international_share_any"
"I3133129679","Pan Africa Christian University","club1","international_share_any"
"I3133169337","Valley View University","club1","international_share_any"
"I3133274995","Puntland State University","club1","international_share_any"
"I3133298332","Oduduwa University","club1","international_share_any"
"I3133312331","Teofilo Kisanji University","club1","international_share_any"
"I3133329336","Al Fashir University","club1","international_share_any"
"I3133343259","UniMAC-GIJ","club1","international_share_any"
"I3133343326","Ziguinchor University","club1","international_share_any"
"I31439502","University of Benghazi","club1","international_share_any"
"I315205436","Jaramogi Oginga Odinga University of Science and Technology","club1","international_share_any"
"I31571312","École Nationale d'Administration","club1","international_share_any"
"I31959934","Nasarawa State University","club1","international_share_any"
"I327098606","Methodist University College Ghana","club1","international_share_any"
"I327500432","Umaru Musa Yar'adua University","club1","international_share_any"
"I327535454","Multimedia University of Kenya","club1","international_share_any"
"I33278361","University of Zambia","club1","international_share_any"
"I33777917","Mountains of the Moon University","club1","international_share_any"
"I33783412","Nigerian Defence Academy","club1","international_share_any"
"I34942010","University of Kinshasa","club1","international_share_any"
"I35496013","IIE MSA","club1","international_share_any"
"I35601441","Osun State University","club1","international_share_any"
"I35845393","University of Gafsa","club1","international_share_any"
"I36770943","Kenya Methodist University","club1","international_share_any"
"I37322517","Omdurman Islamic University","club1","international_share_any"
"I37490319","Ajayi Crowther University","club1","international_share_any"
"I37797678","University of Uyo","club1","international_share_any"
"I38365063","Tumaini University","club1","international_share_any"
"I3970730","University of Calabar","club1","international_share_any"
"I40193446","University Ferhat Abbas of Setif","club1","international_share_any"
"I41343362","University of Bamako","club1","international_share_any"
"I41545563","Presbyterian University, Ghana","club1","international_share_any"
"I41910991","National Universities Commission","club1","international_share_any"
"I4210085862","Regional Centre for Training in Aerospace Surveys","club1","international_share_any"
"I4210086032","Institut Supérieur des Études Technologiques de Gafsa","club1","international_share_any"
"I4210086394","Zambian Open University","club1","international_share_any"
"I4210086517","FCT College of Education","club1","international_share_any"
"I4210086877","University of Kara","club1","international_share_any"
"I4210086990","Ziane Achour University of Djelfa","club1","international_share_any"
"I4210087041","Université Protestante d'Afrique de l'Ouest","club1","international_share_any"
"I4210087064","Université Amadou Hampaté Ba","club1","international_share_any"
"I4210087104","École Supérieure des Multimédia, Informatique & Réseaux","club1","international_share_any"
"I4210087472","Bamenda University of Science and Technology","club1","international_share_any"
"I4210087544","École Normale Supérieure Casablanca","club1","international_share_any"
"I4210087931","Institute for Security Studies","club1","international_share_any"
"I4210088584","Université de Cepromad","club1","international_share_any"
"I4210088616","University of Science and Technology Omdurman","club1","international_share_any"
"I4210088655","Instituto Superior de Ciências Económicas e Empresariais","club1","international_share_any"
"I4210088687","Université Ibn Zohr","club1","international_share_any"
"I4210088819","Kebbi State University of Science and Technology","club1","international_share_any"
"I4210089248","Institut Universitaire d'Abidjan","club1","international_share_any"
"I4210089325","Modern University for Information and Technology","club1","international_share_any"
"I4210089495","Université Ouaga II","club1","international_share_any"
"I4210089506","Institute of Accountancy Arusha","club1","international_share_any"
"I4210089933","St. Paul's University","club1","international_share_any"
"I4210090078","The Future University","club1","international_share_any"
"I4210090762","Sudan Childhood Diabetes Association","club1","international_share_any"
"I4210090812","Institut Polytechnique Rural de Formation et de Recherche Appliquée","club1","international_share_any"
"I4210091172","National Higher School of Statistics and Applied Economy","club1","international_share_any"
"I4210091441","Zanzibar School of Health","club1","international_share_any"
"I4210092341","Instituto Superior de Comunicação e Imagem de Moçambique","club1","international_share_any"
"I4210092501","Gamal Abdel Nasser University of Conakry","club1","international_share_any"
"I4210092979","Poma International Business University","club1","international_share_any"
"I4210093537","Université de Mahajanga","club1","international_share_any"
"I4210093720","National School of Architecture","club1","international_share_any"
"I4210093741","Private University of Angola","club1","international_share_any"
"I4210093986","Institut Pasteur de Bangui","club1","international_share_any"
"I4210094049","Sudan International University","club1","international_share_any"
"I4210094054","University of Lay Adventists of Kigali","club1","international_share_any"
"I4210095290","Université Larbi Tébessi","club1","international_share_any"
"I4210095403","Institut Supérieur des Études Technologiques de Nabeul","club1","international_share_any"
"I4210095543","Institut Supérieur de Développement Rural","club1","international_share_any"
"I4210095568","Federal Polytechnic Oko","club1","international_share_any"
"I4210096134","Universidade Politecnica","club1","international_share_any"
"I4210096460","University of Tamanghasset","club1","international_share_any"
"I4210096875","Institut Facultaire des Sciences de l'Information et de la Communication","club1","international_share_any"
"I4210096933","Université Catholique du Graben","club1","international_share_any"
"I4210097372","National School of Computer Science","club1","international_share_any"
"I4210097403","Federal College of Education, Kano","club1","international_share_any"
"I4210097536","University of Guelma","club1","international_share_any"
"I4210098288","Institut Supérieur d'Études Maritimes","club1","international_share_any"
"I4210098482","Somaliland University of Technology","club1","international_share_any"
"I4210099197","Institut Supérieur Pédagogique de Bukavu","club1","international_share_any"
"I4210099332","Université des Lettres et des Sciences Humaines de Bamako","club1","international_share_any"
"I4210099641","Higher Institute of Food Industries of Tunis","club1","international_share_any"
"I4210099821","International University of Management","club1","international_share_any"
"I4210100085","Jean Piaget University of Angola","club1","international_share_any"
"I4210100308","Military Technical College","club1","international_share_any"
"I4210100376","Université Protestante au Congo","club1","international_share_any"
"I4210100457","Samara University","club1","international_share_any"
"I4210100477","University of Kolwezi","club1","international_share_any"
"I4210101443","Arrupe Jesuit University","club1","international_share_any"
"I4210101494","Wolaita Sodo University","club1","international_share_any"
"I4210101907","Lilongwe University of Agriculture and Natural Resources","club1","international_share_any"
"I4210102036","Technical University of Angola","club1","international_share_any"
"I4210102129","University of El Imam El Mahdi","club1","international_share_any"
"I4210102205","École Supérieure des Télécommunications","club1","international_share_any"
"I4210102508","École Supérieure Multinationale des Télécommunications","club1","international_share_any"
"I4210102561","Groupe AFI","club1","international_share_any"
"I4210102998","Rongo University","club1","international_share_any"
"I4210103375","Tissemsilt University","club1","international_share_any"
"I4210103479","Higher Institute of Mining, Industry and Geology","club1","international_share_any"
"I4210104004","Institut supérieur de la Magistrature","club1","international_share_any"
"I4210104797","Université de Fianarantsoa","club1","international_share_any"
"I4210105117","Institut Supérieur de Technique Médicale","club1","international_share_any"
"I4210105134","Universidade Gregório Semedo","club1","international_share_any"
"I4210105732","Royal Centre for Remote Sensing","club1","international_share_any"
"I4210105844","Islamic University of Niger","club1","international_share_any"
"I4210105945","Universidade Óscar Ribas","club1","international_share_any"
"I4210106046","École Supérieure des Études Administratives et Commerciales","club1","international_share_any"
"I4210106126","Université des Sciences de la Santé","club1","international_share_any"
"I4210106316","Jazeera University","club1","international_share_any"
"I4210106600","Kibabii University","club1","international_share_any"
"I4210106624","École Nationale d'Ingénieurs de Gabès","club1","international_share_any"
"I4210106625","National Institute of Transport","club1","international_share_any"
"I4210106663","International University of Rabat","club1","international_share_any"
"I4210106700","Université IBN Khaldoun Tiaret","club1","international_share_any"
"I4210106700","Université IBN Khaldoun Tiaret","club1","international_share_any"
"I4210106700","Université Ibn Khaldoun","club1","international_share_any"
"I4210106700","Université Ibn Khaldoun","club1","international_share_any"
"I4210106992","Lancaster University Ghana","club1","international_share_any"
"I4210107086","University of Algiers 3","club1","international_share_any"
"I4210107103","Wesley University","club1","international_share_any"
"I4210107488","International Institute for Water and Environmental Engineering","club1","international_share_any"
"I4210107806","École Nationale de Management et de l'Administration de la Santé","club1","international_share_any"
"I4210108070","Aga Khan University Nairobi","club1","international_share_any"
"I4210108110","Mohamed I University","club1","international_share_any"
"I4210108597","International School of Dakar","club1","international_share_any"
"I4210109391","Sa'adu Zungur University","club1","international_share_any"
"I4210109399","Kotebe University of Education","club1","international_share_any"
"I4210109889","École Normale Supérieure - Marrakech","club1","international_share_any"
"I4210110003","Hormuud University","club1","international_share_any"
"I4210110082","École Nationale Polytechnique d'Oran","club1","international_share_any"
"I4210110361","Mogadishu University","club1","international_share_any"
"I4210110579","Institut Africain d'Informatique","club1","international_share_any"
"I4210110695","Université Tunis Carthage","club1","international_share_any"
"I4210110735","Institut des Hautes Études Bancaires et Financières","club1","international_share_any"
"I4210110911","Institut Supérieur du Génie Appliqué","club1","international_share_any"
"I4210111338","Institut Supérieur de Biotechnologie de Sfax","club1","international_share_any"
"I4210112095","Université des Sciences, des Techniques et des Technologies de Bamako","club1","international_share_any"
"I4210112335","École Supérieure Privée d'Ingénierie et de Technologies","club1","international_share_any"
"I4210112489","William V. S. Tubman University","club1","international_share_any"
"I4210112794","Institut des Hautes Études de Tunis","club1","international_share_any"
"I4210112994","University of Bangui","club1","international_share_any"
"I4210113095","École Marocaine des Sciences de l'Ingénieur","club1","international_share_any"
"I4210113643","The Federal Polytechnic, Ado-Ekiti","club1","international_share_any"
"I4210113655","Université de Parakou","club1","international_share_any"
"I4210113843","École Supérieure de Psychologie","club1","international_share_any"
"I4210114322","Institut National de Statistique et d'Economie Appliquée","club1","international_share_any"
"I4210114501","Wollo University","club1","international_share_any"
"I4210114632","Ambo University","club1","international_share_any"
"I4210114882","Instituto Superior Politécnico de Gaza","club1","international_share_any"
"I4210114895","Instituto Superior de Transportes e Comunicaçõe","club1","international_share_any"
"I4210115782","University of Ghardaia","club1","international_share_any"
"I4210116281","Université Simon Kimbangu","club1","international_share_any"
"I4210116596","University of Kivu","club1","international_share_any"
"I4210116621","École Nationale Supérieure de Statistique et d'Économie Appliquée","club1","international_share_any"
"I4210116852","National School of Built and Ground Works Engineering","club1","international_share_any"
"I4210116901","Universidade Independente de Angola","club1","international_share_any"
"I4210117593","University of Science and Technology of Ivory Coast","club1","international_share_any"
"I4210117767","Institut Supérieur de l'Informatique et de Gestion","club1","international_share_any"
"I4210117796","Ashesi University","club1","international_share_any"
"I4210117880","École Supérieure des Industries du Textile et de l'Habillement","club1","international_share_any"
"I4210118269","Open University of Sudan","club1","international_share_any"
"I4210118643","Mauritius Institute of Education","club1","international_share_any"
"I4210118667","Université Catholique du Congo","club1","international_share_any"
"I4210118693","Institut Préparatoire aux Études d'Ingénieurs de Monastir","club1","international_share_any"
"I4210118871","Institut Royal de Formation des Cadres de la Jeunesse et des Sports","club1","international_share_any"
"I4210118949","Universidade Zambeze","club1","international_share_any"
"I4210119417","Université d'Abomey-Calavi","club1","international_share_any"
"I4210119808","Sebastian Kolowa Memorial University","club1","international_share_any"
"I4210119856","Université Sultan Moulay Slimane","club1","international_share_any"
"I4210120110","École Inter-États des Sciences et Médecine Vétérinaires de Dakar","club1","international_share_any"
"I4210120363","Higher Institute of Engineering","club1","international_share_any"
"I4210120595","Universidade Katyavala Bwila","club1","international_share_any"
"I4210120884","Institut Supérieur des Études Technologiques en Communications de Tunis","club1","international_share_any"
"I4210121172","National Institute of Arts","club1","international_share_any"
"I4210121192","West African College of Physicians","club1","international_share_any"
"I4210121355","École Polytechnique d'Architecture et d'Urbanisme","club1","international_share_any"
"I4210121488","École des Hautes Études Commerciales Techniques et Informatiques","club1","international_share_any"
"I4210121797","African Leadership Institute","club1","international_share_any"
"I4210121980","École Normale Supérieure de l'Enseignement Technique de Mohammedia","club1","international_share_any"
"I4210122385","Light University of Bujumbur","club1","international_share_any"
"I4210122444","University of Koudougou","club1","international_share_any"
"I4210122462","International University of East Africa","club1","international_share_any"
"I4210122636","École Supérieure de Gestion","club1","international_share_any"
"I4210122636","École Supérieure de Gestion","club1","international_share_any"
"I4210122636","École Supérieure de Gestion et des Sciences de l'Informatique","club1","international_share_any"
"I4210122636","École Supérieure de Gestion et des Sciences de l'Informatique","club1","international_share_any"
"I4210122757","Asossa University","club1","international_share_any"
"I4210122770","Université Officielle de Bukavu","club1","international_share_any"
"I4210122897","Stella Maris Polytechnic","club1","international_share_any"
"I4210123084","École Normale Supérieure de Nouakchott","club1","international_share_any"
"I4210123766","Jigjiga University","club1","international_share_any"
"I4210123884","Assiut University Hospitals","club1","international_share_any"
"I4210124128","École Nationale d'Administration de Madagascar","club1","international_share_any"
"I4210124129","International University of Grand Bassam","club1","international_share_any"
"I4210124230","Université Mustapha Stambouli de Mascara","club1","international_share_any"
"I4210124375","Production Management Institute of Southern Africa","club1","international_share_any"
"I4210124924","Université Catholique de Bukavu","club1","international_share_any"
"I4210125146","École Nationale d'Administration et de Magistrature","club1","international_share_any"
"I4210125163","Instituto Superior Politécnico Metropolitano de Angola","club1","international_share_any"
"I4210125453","Methodist University of Angola","club1","international_share_any"
"I4210125477","INES-Ruhengeri","club1","international_share_any"
"I4210125514","Université Djilali de Sidi Bel Abbès","club1","international_share_any"
"I4210125530","Université Evangélique en Afrique","club1","international_share_any"
"I4210126051","Université Pelefero Gon Coulibaly","club1","international_share_any"
"I4210126124","Federal Polytechnic Nekede","club1","international_share_any"
"I4210126159","École Africaine de la Météorologie et de l'Aviation Civile","club1","international_share_any"
"I4210126272","Institute for Poverty, Land and Agrarian Studies","club1","international_share_any"
"I4210126542","Institut Supérieur de Formation à Distance","club1","international_share_any"
"I4210126656","Shendi University","club1","international_share_any"
"I4210126988","Institut National de la Jeunesse et des Sports","club1","international_share_any"
"I4210127163","Mashreq University","club1","international_share_any"
"I4210127389","Thebes Academy","club1","international_share_any"
"I4210127704","Akhbar El Yom Academy","club1","international_share_any"
"I4210127735","SIMAD University","club1","international_share_any"
"I4210127797","Université Internationale de Tunis","club1","international_share_any"
"I4210128639","École Supérieure d'Informatique et de Management des Affaires","club1","international_share_any"
"I4210128741","Khartoum International Institute for Arabic Languague","club1","international_share_any"
"I4210128877","Federal Polytechnic Ede","club1","international_share_any"
"I4210128965","University Yahia Fares of Medea","club1","international_share_any"
"I4210129427","Université des Sciences Juridiques et Politiques de Bamako","club1","international_share_any"
"I4210129615","Arab Studies and Research Institute","club1","international_share_any"
"I4210129636","Addis Ababa Science and Technology University","club1","international_share_any"
"I4210129720","University of Southern Somalia","club1","international_share_any"
"I4210129808","Higher Institute for Tourism, Hotels and Computer","club1","international_share_any"
"I4210129886","Institut Sous-Régional de Statistique et d'Economie Appliquée","club1","international_share_any"
"I4210130155","École Nationale Supérieure d'Agriculture","club1","international_share_any"
"I4210130263","Universidade Técnica de Moçambique","club1","international_share_any"
"I4210130305","Institut Universitaire de la Côte","club1","international_share_any"
"I4210130454","Regent University College of Science and Technology","club1","international_share_any"
"I4210130700","Institut National Supérieur des Sciences et Techniques d'Abéché","club1","international_share_any"
"I4210130933","Institut National Agronomique de Tunisie","club1","international_share_any"
"I4210131030","Jean Piaget University of Cape Verde","club1","international_share_any"
"I4210131105","Zambia Centre for Accountancy Studies","club1","international_share_any"
"I4210131124","Académie des Beaux-Arts","club1","international_share_any"
"I4210131222","Takoradi Technical University","club1","international_share_any"
"I4210131288","National Engineering School of Tunis","club1","international_share_any"
"I4210131477","Université des Sciences et Techniques de Masuku","club1","international_share_any"
"I4210131653","École Nationale Supérieure Agronomique","club1","international_share_any"
"I4210131662","Université d'Agriculture de Kétou","club1","international_share_any"
"I4210131710","École Normale Supérieure de Constantine","club1","international_share_any"
"I4210131988","Université Jean Lorougnon Guédé","club1","international_share_any"
"I4210132137","École Nationale de Commerce et de Gestion de Tanger","club1","international_share_any"
"I4210132304","Obour Institutes","club1","international_share_any"
"I4210132729","Arab Academy for Management, Banking and Financial Sciences","club1","international_share_any"
"I4210133764","Université Pédagogique Nationale","club1","international_share_any"
"I4210133935","École Normale Supérieure de Kouba","club1","international_share_any"
"I4210134162","Institute of Rural Development Planning","club1","international_share_any"
"I4210134437","University of Nyala","club1","international_share_any"
"I4210134560","National University of Sciences, Technologies, Engineering and Mathematics","club1","international_share_any"
"I4210134620","École Supérieure Algérienne des Affaires","club1","international_share_any"
"I4210134659","The Polytechnic Ibadan","club1","international_share_any"
"I4210134946","École Supérieure des Ingénieurs de l'Équipement Rural","club1","international_share_any"
"I4210134981","Université du Sahel","club1","international_share_any"
"I4210135081","University of Ngozi","club1","international_share_any"
"I4210135456","Université Aube Nouvelle","club1","international_share_any"
"I4210135870","Sudan Medical Specialization Board","club1","international_share_any"
"I4210136338","Instituto Superior de Ciências e Tecnologia de Moçambique","club1","international_share_any"
"I4210136418","Institut National Polytechnique Félix Houphouët-Boigny","club1","international_share_any"
"I4210136442","École Supérieure en Sciences Appliquées de Tlemcen","club1","international_share_any"
"I4210136523","October High Institute For Enginnering and Technology","club1","international_share_any"
"I4210136852","École Africaine des Métiers de l'Architecture et de l'Urbanisme","club1","international_share_any"
"I4210137511","Akademie Reformatoriese Opleiding en Studies","club1","international_share_any"
"I4210137601","Université Alioune Diop de Bambey","club1","international_share_any"
"I4210137785","Université Protestante d'Afrique Centrale","club1","international_share_any"
"I4210137934","High-Tech Rabat-Agdal","club1","international_share_any"
"I4210138119","Université libre des Pays des Grands Lacs","club1","international_share_any"
"I4210138822","Sa'adatu Rimi College of Education","club1","international_share_any"
"I4210139036","Instituto Nacional de Estatística","club1","international_share_any"
"I4210139384","United Methodist University","club1","international_share_any"
"I4210139431","Instituto Superior de Ciencias Sociais e Relações Internacionais","club1","international_share_any"
"I4210139502","Institut Supérieur de Commerce de Kinshasa","club1","international_share_any"
"I4210139766","Institut International des Assurances","club1","international_share_any"
"I4210139959","High Institute for Management Sciences","club1","international_share_any"
"I4210140008","Institut Supérieur Agronomique et Vétérinaire Valéry Giscard d'Estaing","club1","international_share_any"
"I4210140037","International Islamic Center for Population Studies and Research","club1","international_share_any"
"I4210140729","Institut Supérieur de Gestion","club1","international_share_any"
"I4210140729","Institut Supérieur de Gestion","club1","international_share_any"
"I4210140729","Institut Supérieur de Gestion de Tunis","club1","international_share_any"
"I4210140729","Institut Supérieur de Gestion de Tunis","club1","international_share_any"
"I4210140764","Nigerian University Games Association","club1","international_share_any"
"I4210141118","École Nationale Supérieure d'Hydraulique","club1","international_share_any"
"I4210141251","Université Kofi Annan de Guinée","club1","international_share_any"
"I4210142187","Institute of Finance Management","club1","international_share_any"
"I4210142313","École Nationale d'Agriculture de Meknès","club1","international_share_any"
"I4210142661","Institut National de la Recherche Agronomique de Tunisie","club1","international_share_any"
"I4210142940","Université de l'Uélé","club1","international_share_any"
"I4210143075","Institut Supérieur de Commerce et d'Administration des Entreprises","club1","international_share_any"
"I4210143618","École Supérieure de Management Appliqué","club1","international_share_any"
"I4210144392","University of Goma","club1","international_share_any"
"I4210144462","South African College of Applied Psychology","club1","international_share_any"
"I4210144919","École Supérieure des Sciences de l'Ingénierie Commerciale","club1","international_share_any"
"I4210145340","Institut des Hautes Études de Management","club1","international_share_any"
"I4210145365","Université Hassan 1er","club1","international_share_any"
"I4210145453","International Academy Mohammed VI of Civil Aviation","club1","international_share_any"
"I4210145468","Institut Supérieur Pédagogique de Gitwe","club1","international_share_any"
"I4210145739","Time Université","club1","international_share_any"
"I4210145950","École Nationale Supérieure Maritime","club1","international_share_any"
"I4210145961","Team University","club1","international_share_any"
"I4210146479","Instituto Superior de Ciencias de Saude","club1","international_share_any"
"I4210146550","École des Hautes Études Commerciales","club1","international_share_any"
"I4210147360","Sup de Co Marrakech","club1","international_share_any"
"I4210148060","Université de Saida Dr.Moulay Tahar","club1","international_share_any"
"I4210148074","University Elmergib","club1","international_share_any"
"I4210148209","University of Bahri","club1","international_share_any"
"I4210148686","École Supérieure de Management","club1","international_share_any"
"I4210148832","Federal University Kashere","club1","international_share_any"
"I4210149016","École Nationale Supérieure d'Informatique","club1","international_share_any"
"I4210149368","École des Sciences de I'information","club1","international_share_any"
"I4210149376","Southern Africa Nazarene University","club1","international_share_any"
"I4210149531","National Advanced School of Public Works","club1","international_share_any"
"I4210149660","Université d'Oran 2","club1","international_share_any"
"I4210149956","Universidade São Tomás de Moçambique","club1","international_share_any"
"I4210150006","Niger State Polytechnic","club1","international_share_any"
"I4210150948","Zewail City of Science and Technology","club1","international_share_any"
"I4210151183","École Nationale Supérieure de Technologie","club1","international_share_any"
"I4210151218","Université André Salifou","club1","international_share_any"
"I4210151220","École d'Informatique, d'Électronique et d'Expertise Comptable","club1","international_share_any"
"I4210151598","École Polytechnique de Thiès","club1","international_share_any"
"I4210151633","Koforidua Technical University","club1","international_share_any"
"I4210151796","Kisii University","club1","international_share_any"
"I4210151986","Ibrahim Badamasi Babangida University","club1","international_share_any"
"I4210152282","National University of Equatorial Guinea","club1","international_share_any"
"I4210152378","Higher Institute for Qualitative Studies","club1","international_share_any"
"I4210152770","Kano State University of Technology","club1","international_share_any"
"I4210152827","Unity University College","club1","international_share_any"
"I4210153084","Mulago School of Nursing and Midwifery","club1","international_share_any"
"I4210153303","École Normale Supérieure d'Abidjan","club1","international_share_any"
"I4210153362","Libyan International Medical University","club1","international_share_any"
"I4210153527","Institut National des Postes et Télécommunications","club1","international_share_any"
"I4210153608","Université Moulay Ismail de Meknes","club1","international_share_any"
"I4210153799","Ahmed Zabana University - Relizane","club1","international_share_any"
"I4210154290","Instituto Superior Politécnico de Manica","club1","international_share_any"
"I4210154350","University of Djibouti","club1","international_share_any"
"I4210154402","Institut Supérieur de l'Information et de la Communication","club1","international_share_any"
"I4210154431","Auchi Polytechnic","club1","international_share_any"
"I4210154748","Sup Management","club1","international_share_any"
"I4210155111","National School of Mineral Industry","club1","international_share_any"
"I4210155520","Mateur Higher School of Agriculture","club1","international_share_any"
"I4210156448","Higher Institute of Applied Arts","club1","international_share_any"
"I4210156809","Future Academy","club1","international_share_any"
"I4210156887","Sudan Academy of Sciences","club1","international_share_any"
"I4210157007","École Normale Supérieure de Tétouan","club1","international_share_any"
"I4210157185","University of Eloued","club1","international_share_any"
"I4210157195","Jamhuriya University of Science and Technology","club1","international_share_any"
"I4210157324","Uganda Institute of Information & Communications Technology","club1","international_share_any"
"I4210157386","University of Seychelles","club1","international_share_any"
"I4210157616","Institut Agronomique et Vétérinaire Hassan II","club1","international_share_any"
"I4210158569","Veritas University","club1","international_share_any"
"I4210158610","Institut Universitaire Polytechnique de Mongo","club1","international_share_any"
"I4210158643","École Marocaine de Banque et de Commerce International","club1","international_share_any"
"I4210158796","Université de Maradi","club1","international_share_any"
"I4210159071","Federal Institute of Industrial Research Oshodi","club1","international_share_any"
"I4210159165","Instituto Superior Politécnico de Tecnologia e Ciências","club1","international_share_any"
"I4210159211","Uganda Episcopal Conference","club1","international_share_any"
"I4210159313","International Academy for Engineering and Media Science","club1","international_share_any"
"I4210159331","Université Libre du Congo","club1","international_share_any"
"I4210159538","Mouloud Mammeri University of Tizi-Ouzou","club1","international_share_any"
"I4210159645","Woldia University","club1","international_share_any"
"I4210159779","St. Joseph University In Tanzania","club1","international_share_any"
"I4210159989","United States International University Africa","club1","international_share_any"
"I4210160143","Gregory University Uturu","club1","international_share_any"
"I4210160144","St. Mary's University","club1","international_share_any"
"I4210160465","Université Constantine 2","club1","international_share_any"
"I4210160534","Instituto Superior Politecnico de Tete","club1","international_share_any"
"I4210160578","Université Djilali Bounaama Khemis Miliana","club1","international_share_any"
"I4210160828","National Institute of Public Administration","club1","international_share_any"
"I4210160877","École Nationale Supérieure de l'Administration","club1","international_share_any"
"I4210161365","Libyan Academy","club1","international_share_any"
"I4210162108","Institut National des Sciences de l'Archéologie et du Patrimoine","club1","international_share_any"
"I4210162380","École Normale Supérieure de Bouzareah Alger","club1","international_share_any"
"I4210162553","University College of Technology","club1","international_share_any"
"I4210162801","École de Gouvernance et d'Économie de Rabat","club1","international_share_any"
"I4210162858","The Catholic University of Malawi","club1","international_share_any"
"I4210163016","Namibia Institute of Pathology","club1","international_share_any"
"I4210163438","Université de ain Témouchent","club1","international_share_any"
"I4210163744","Sudanese Universities Information Network","club1","international_share_any"
"I4210163774","International Crops Research Institute for the Semi-Arid Tropics","club1","international_share_any"
"I4210164065","Université Hassan II Mohammedia","club1","international_share_any"
"I4210164448","Universidade Lusíada de Angola","club1","international_share_any"
"I4210164586","Université des Sciences, de Technologie et de Médecine","club1","international_share_any"
"I4210164694","Hassiba Benbouali University of Chlef","club1","international_share_any"
"I4210164771","Sunyani Technical University","club1","international_share_any"
"I4210165095","Institut Supérieur de Technologie Médicale","club1","international_share_any"
"I4210165297","Nile University of Nigeria","club1","international_share_any"
"I4210165376","October 6 University","club1","international_share_any"
"I4210165387","Institut Supérieur d'Etudes Sociales","club1","international_share_any"
"I4210165434","National Telecommunications Institute","club1","international_share_any"
"I4210165537","Kumi University","club1","international_share_any"
"I4210165634","Africa Nazarene University","club1","international_share_any"
"I4210165748","École Royale Navale","club1","international_share_any"
"I4210165767","University of Gharyan","club1","international_share_any"
"I4210165873","École Polyvalente Supérieure d'Informatique et d'Électronique","club1","international_share_any"
"I4210166478","Université Adam Barka d'Abéché","club1","international_share_any"
"I4210166634","École Supérieure d'Informatique Appliquée","club1","international_share_any"
"I4210166830","University of Kalemie","club1","international_share_any"
"I4210166886","Université Professionnelle d'Afrique","club1","international_share_any"
"I4210167133","University of Military Science and Technology","club1","international_share_any"
"I4210167216","École Royale de l'Air de Marrakech","club1","international_share_any"
"I4210167265","Institut Supérieur Pédagogique Technique","club1","international_share_any"
"I42869670","Arba Minch University","club1","international_share_any"
"I4287427","University of Lomé","club1","international_share_any"
"I43424612","Sadat Academy for Management Sciences","club1","international_share_any"
"I43427933","Federal University Oye Ekiti","club1","international_share_any"
"I43480833","Kyambogo University","club1","international_share_any"
"I4394709192","Modern Academy for Engineering and Technology","club1","international_share_any"
"I44738892","Joseph Sarwuan Tarka University Makurdi","club1","international_share_any"
"I44852757","Hope University","club1","international_share_any"
"I45230691","Ladoke Akintola University of Technology","club1","international_share_any"
"I4537092","Addis Ababa University","club1","international_share_any"
"I45711476","Obafemi Awolowo University","club1","international_share_any"
"I47844","Al Akhawayn University","club1","international_share_any"
"I47853400","Misr International University","club1","international_share_any"
"I48615539","Université Félix Houphouët-Boigny","club1","international_share_any"
"I50050410","French University of Egypt","club1","international_share_any"
"I50219554","University of Laghouat","club1","international_share_any"
"I52605992","National Open University of Nigeria","club1","international_share_any"
"I53279716","Ahfad University for Women","club1","international_share_any"
"I54231130","Ambrose Alli University","club1","international_share_any"
"I54316950","University of Jendouba","club1","international_share_any"
"I55167344","University of Kairouan","club1","international_share_any"
"I55202024","Usmanu Danfodiyo University","club1","international_share_any"
"I56592726","University of Technology, Mauritius","club1","international_share_any"
"I56822791","Ghana Institute of Management and Public Administration","club1","international_share_any"
"I57092466","Bahir Dar University","club1","international_share_any"
"I57629906","Nile University","club1","international_share_any"
"I59196294","University of Ngaoundéré","club1","international_share_any"
"I59272784","Arab Academy for Science, Technology, and Maritime Transport","club1","international_share_any"
"I60286554","Gadarif University","club1","international_share_any"
"I60470151","Modibbo Adama University of Technology","club1","international_share_any"
"I61869032","Ahram Canadian University","club1","international_share_any"
"I63445334","Université de Kisangani","club1","international_share_any"
"I63596082","Tunis El Manar University","club1","international_share_any"
"I63601056","Menoufia University","club1","international_share_any"
"I64032852","Pan-Atlantic University","club1","international_share_any"
"I6406202","University of Benin","club1","international_share_any"
"I64351976","University of Maiduguri","club1","international_share_any"
"I64838667","Karary University","club1","international_share_any"
"I65734018","American University of Nigeria","club1","international_share_any"
"I66513531","Fayoum University","club1","international_share_any"
"I68916915","University of Gabès","club1","international_share_any"
"I69072986","University of Mauritius","club1","international_share_any"
"I69552723","University of Pretoria","club1","international_share_any"
"I70593384","Lead City University","club1","international_share_any"
"I71270174","Victoria University","club1","international_share_any"
"I72227227","Makerere University","club1","international_share_any"
"I72235472","State University of Zanzibar","club1","international_share_any"
"I72341686","Midlands State University","club1","international_share_any"
"I7435137","Marien Ngouabi University","club1","international_share_any"
"I74813324","Mekelle University","club1","international_share_any"
"I75880681","Hassania School of Public Works","club1","international_share_any"
"I7589121","University of Professional Studies","club1","international_share_any"
"I76661892","Federal University of Technology Minna","club1","international_share_any"
"I77072003","University of Kordofan","club1","international_share_any"
"I78157869","University of Gezira","club1","international_share_any"
"I78545622","Aksum University","club1","international_share_any"
"I79793008","Université de Thiès","club1","international_share_any"
"I80693520","American University in Cairo","club1","international_share_any"
"I81433678","Sikkim Manipal University","club1","international_share_any"
"I81605866","Sidi Mohamed Ben Abdellah University","club1","international_share_any"
"I83259278","Manouba University","club1","international_share_any"
"I83291730","University for Development Studies","club1","international_share_any"
"I83332908","University of Blida","club1","international_share_any"
"I83413266","Upper Nile University","club1","international_share_any"
"I84058292","Helwan University","club1","international_share_any"
"I84524832","Alexandria University","club1","international_share_any"
"I84641585","Sokoine University of Agriculture","club1","international_share_any"
"I84929415","University of Venda","club1","international_share_any"
"I8636806","University of Sousse","club1","international_share_any"
"I86539363","University of Asmara","club1","international_share_any"
"I865572129","Adama Science and Technology University","club1","international_share_any"
"I869660684","University of the Western Cape","club1","international_share_any"
"I87477611","Igbinedion University","club1","international_share_any"
"I87482320","University of Management and Technology","club1","international_share_any"
"I876237426","Gombe State University","club1","international_share_any"
"I8764889","University of Gondar","club1","international_share_any"
"I88017793","Port Said University","club1","international_share_any"
"I88132101","Masinde Muliro University of Science and Technology","club1","international_share_any"
"I89008938","University of Eastern Africa, Baraton","club1","international_share_any"
"I890898191","Modern Academy","club1","international_share_any"
"I891860020","Federal University of Petroleum Resource Effurun","club1","international_share_any"
"I894372087","Olabisi Onabanjo University","club1","international_share_any"
"I89466785","Minia University","club1","international_share_any"
"I895027328","October University of Modern Sciences and Arts","club1","international_share_any"
"I898088062","Ghana Communication Technology University","club1","international_share_any"
"I90097577","Red Sea University","club1","international_share_any"
"I904009604","Olusegun Agagu University of Science and Technology","club1","international_share_any"
"I90527594","Université de Nouakchott","club1","international_share_any"
"I90546491","University of Limpopo","club1","international_share_any"
"I907303451","Great Lakes University of Kisumu","club1","international_share_any"
"I90978372","Mahatma Gandhi Institute","club1","international_share_any"
"I91041137","Assiut University","club1","international_share_any"
"I91080651","International Centre for Genetic Engineering and Biotechnology","club1","international_share_any"
"I912052591","Open University of Tanzania","club1","international_share_any"
"I91465866","Garden City University College","club1","international_share_any"
"I91972364","Tai Solarin University of Education","club1","international_share_any"
"I919958821","Bayero University Kano","club1","international_share_any"
"I92579986","Walter Sisulu University","club1","international_share_any"
"I92808645","Uganda Christian University","club1","international_share_any"
"I92834545","École Supérieure de Commerce","club1","international_share_any"
"I9353105","Sudan University of Science and Technology","club1","international_share_any"
"I95023434","University of KwaZulu-Natal","club1","international_share_any"
"I95541853","Hubert Kairuki Memorial University","club1","international_share_any"
"I96576516","Rivers State University","club1","international_share_any"
"I96823368","German University in Cairo","club1","international_share_any"
"I97231232","Nelson Mandela African Institution of Science and Technology","club1","international_share_any"
"I9729102","Salem University","club1","international_share_any"
"I97455420","Sohag University","club1","international_share_any"
"I98220444","Michael Okpara University of Agriculture","club1","international_share_any"
"I98243723","Kwara State University","club1","international_share_any"
"I98358874","University of Technology","club1","international_share_any"
"I98962006","University of Skikda","club1","international_share_any"
"I99296679","Sirte University","club1","international_share_any"
"I99297268","University of Hassan II Casablanca","club1","international_share_any"
"I99542240","Akademia","club1","international_share_any"
"I99712911","Nelson Mandela University","club1","international_share_any"
"I100116408","University of Port Harcourt","club1","inter_african_share"
"I100236772","St. Lawrence University","club1","inter_african_share"
"I100352790","Abia State University","club1","inter_african_share"
"I101993903","Namibia University of Science and Technology","club1","inter_african_share"
"I10627620","Kogi State University","club1","inter_african_share"
"I106980716","Adamawa State University","club1","inter_african_share"
"I107720978","Ain Shams University","club1","inter_african_share"
"I108714496","Tunis University","club1","inter_african_share"
"I108754898","Badji Mokhtar-Annaba University","club1","inter_african_share"
"I109121592","Zimbabwe Open University","club1","inter_african_share"
"I111908491","Women's University in Africa","club1","inter_african_share"
"I112713213","Université Gaston Berger","club1","inter_african_share"
"I113643904","Beni-Suef University","club1","inter_african_share"
"I114499477","University of Fort Hare","club1","inter_african_share"
"I114564095","University of Ouargla","club1","inter_african_share"
"I114794399","Suez Canal University","club1","inter_african_share"
"I116082035","Kenya Medical Training College","club1","inter_african_share"
"I116970179","University of Jijel","club1","inter_african_share"
"I117467261","Great Zimbabwe University","club1","inter_african_share"
"I117723502","University of N'Djamena","club1","inter_african_share"
"I118185606","Aga Khan University","club1","inter_african_share"
"I11892038","University of Nigeria","club1","inter_african_share"
"I119444248","Nkumba University","club1","inter_african_share"
"I12003341","National University of Science and Technology","club1","inter_african_share"
"I123698207","Fountain University","club1","inter_african_share"
"I124391630","Arab Open University","club1","inter_african_share"
"I125485651","University Frères Mentouri Constantine 1","club1","inter_african_share"
"I12553626","University of Zululand","club1","inter_african_share"
"I126477371","Mohammed V University","club1","inter_african_share"
"I126541806","Lagos State University","club1","inter_african_share"
"I127206278","Akwa Ibom State University","club1","inter_african_share"
"I12789410","Ahmadu Bello University","club1","inter_african_share"
"I1283442259","Madda Walabu University","club1","inter_african_share"
"I12859529","University of Nairobi","club1","inter_african_share"
"I1288970718","Mohamed-Cherif Messaadia University","club1","inter_african_share"
"I129615261","Vaal University of Technology","club1","inter_african_share"
"I129628643","Université Joseph Ki-Zerbo","club1","inter_african_share"
"I130309236","Kafrelsheikh University","club1","inter_african_share"
"I130359222","Université Abdou Moumouni","club1","inter_african_share"
"I131736796","University of Health Sciences","club1","inter_african_share"
"I1317634868","Institute for Educational Planning and Administration","club1","inter_african_share"
"I1322597698","Academy of Arts","club1","inter_african_share"
"I1331070479","Université de Yaoundé I","club1","inter_african_share"
"I133388076","Gulu University","club1","inter_african_share"
"I133771110","University of Cape Coast","club1","inter_african_share"
"I134231150","University of Lubumbashi","club1","inter_african_share"
"I134542131","University of Ilorin","club1","inter_african_share"
"I1355163","Sinai University","club1","inter_african_share"
"I136632592","Bells University of Technology","club1","inter_african_share"
"I137407579","Université Oran 1 Ahmed Ben Bella","club1","inter_african_share"
"I137616099","Tshwane University of Technology","club1","inter_african_share"
"I137724175","University of Antananarivo","club1","inter_african_share"
"I138690464","University of Ghana","club1","inter_african_share"
"I139264467","National University","club1","inter_african_share"
"I140287389","Technical University of Kenya","club1","inter_african_share"
"I140534913","Ardhi University","club1","inter_african_share"
"I141930137","Mbarara University of Science and Technology","club1","inter_african_share"
"I142215875","Midrand Graduate Institute","club1","inter_african_share"
"I142899784","University of Sfax","club1","inter_african_share"
"I143936627","University of Bechar","club1","inter_african_share"
"I1443707","Jimma University","club1","inter_african_share"
"I144693123","University of Buea","club1","inter_african_share"
"I145354842","University of Medical Sciences and Technology","club1","inter_african_share"
"I145876445","University of Education, Winneba","club1","inter_african_share"
"I146977602","Pharos University in Alexandria","club1","inter_african_share"
"I147168166","Moi University","club1","inter_african_share"
"I147765412","Niger Delta University","club1","inter_african_share"
"I148561064","African Institute for Mathematical Sciences","club1","inter_african_share"
"I149743910","University of Liberia","club1","inter_african_share"
"I149840157","Al-Arab Medical University","club1","inter_african_share"
"I150406212","University of Khartoum","club1","inter_african_share"
"I151654608","Madonna University","club1","inter_african_share"
"I152195623","Misurata University","club1","inter_african_share"
"I153265617","Sebha University","club1","inter_african_share"
"I153455119","University of Zimbabwe","club1","inter_african_share"
"I153487414","Haramaya University","club1","inter_african_share"
"I153975220","Kenyatta University","club1","inter_african_share"
"I154632036","Misr University for Science and Technology","club1","inter_african_share"
"I154840374","Muhimbili University of Health and Allied Sciences","club1","inter_african_share"
"I154840374","Muhimbili University of Health and Allied Sciences","club1","inter_african_share"
"I154840374","University of Health and Allied Sciences","club1","inter_african_share"
"I154840374","University of Health and Allied Sciences","club1","inter_african_share"
"I157169809","University of Sciences and Technology Houari Boumediene","club1","inter_african_share"
"I157273133","University of Botswana","club1","inter_african_share"
"I157338126","Pedagogical University","club1","inter_african_share"
"I157591606","University of Malawi","club1","inter_african_share"
"I157614274","University of Cape Town","club1","inter_african_share"
"I15846685","Mzumbe University","club1","inter_african_share"
"I158878888","Nile Valley University","club1","inter_african_share"
"I158990150","St. Augustine University of Tanzania","club1","inter_african_share"
"I159247623","Mansoura University","club1","inter_african_share"
"I160419504","Higher Technological Institute","club1","inter_african_share"
"I160825796","Mangosuthu University of Technology","club1","inter_african_share"
"I161372803","Strathmore University","club1","inter_african_share"
"I161374704","University of Jos","club1","inter_african_share"
"I162254961","National University of Lesotho","club1","inter_african_share"
"I162489102","University of Batna 1","club1","inter_african_share"
"I163423212","University of Douala","club1","inter_african_share"
"I16443873","Federal University of Technology Owerri","club1","inter_african_share"
"I165390105","Africa University","club1","inter_african_share"
"I165390105","Africa University","club1","inter_african_share"
"I165390105","Africa University","club1","inter_african_share"
"I165390105","Hope Africa University","club1","inter_african_share"
"I165390105","Hope Africa University","club1","inter_african_share"
"I165390105","Hope Africa University","club1","inter_african_share"
"I165390105","University of South Africa","club1","inter_african_share"
"I165390105","University of South Africa","club1","inter_african_share"
"I165390105","University of South Africa","club1","inter_african_share"
"I166928557","University of Monastir","club1","inter_african_share"
"I166934088","Imo State University","club1","inter_african_share"
"I16969244","University of Eswatini","club1","inter_african_share"
"I169864488","Abubakar Tafawa Balewa University","club1","inter_african_share"
"I17024267","Université Nangui Abrogoua","club1","inter_african_share"
"I171217772","Benson Idahosa University","club1","inter_african_share"
"I173434221","Harare Institute of Technology","club1","inter_african_share"
"I176150703","University of the Gambia","club1","inter_african_share"
"I177436651","Mahatma Gandhi University","club1","inter_african_share"
"I177651648","Bindura University of Science Education","club1","inter_african_share"
"I177657909","Université de Mostaganem","club1","inter_african_share"
"I178331978","Université de Dschang","club1","inter_african_share"
"I179097149","University of Carthage","club1","inter_african_share"
"I18020613","Mzuzu University","club1","inter_african_share"
"I18045400","Federal University of Agriculture","club1","inter_african_share"
"I180664298","Federal University of Technology","club1","inter_african_share"
"I181631907","University of Ibadan","club1","inter_african_share"
"I181933706","Alzaiem Alazhari University","club1","inter_african_share"
"I182078086","University of Dar es Salaam","club1","inter_african_share"
"I182377803","University of Sierra Leone","club1","inter_african_share"
"I184834183","Al-Azhar University","club1","inter_african_share"
"I185474147","Islamic University in Uganda","club1","inter_african_share"
"I186217134","Future University in Egypt","club1","inter_african_share"
"I187152970","Benue State University","club1","inter_african_share"
"I187350138","Yaba College of Technology","club1","inter_african_share"
"I187560010","University of Béjaïa","club1","inter_african_share"
"I189575948","South Valley University","club1","inter_african_share"
"I192268740","University of Algiers Benyoucef Benkhedda","club1","inter_african_share"
"I192398990","Zagazig University","club1","inter_african_share"
"I192619145","University of the Witwatersrand","club1","inter_african_share"
"I192929712","University of Juba","club1","inter_african_share"
"I193649603","Hawassa University","club1","inter_african_share"
"I195610458","Maseno University","club1","inter_african_share"
"I195729267","Njala University","club1","inter_african_share"
"I197610006","University of Lagos","club1","inter_african_share"
"I199936661","Uganda Martyrs University","club1","inter_african_share"
"I201292520","Bingham University","club1","inter_african_share"
"I203238179","Rhodes University","club1","inter_african_share"
"I206961696","University of Biskra","club1","inter_african_share"
"I207227095","Nnamdi Azikiwe University","club1","inter_african_share"
"I207547235","Benha University","club1","inter_african_share"
"I208899625","Université du Burundi","club1","inter_african_share"
"I20893674","Kassala University","club1","inter_african_share"
"I209195179","Presbyterian University of East Africa","club1","inter_african_share"
"I213072177","University of Maroua","club1","inter_african_share"
"I21376657","Tanta University","club1","inter_african_share"
"I215330179","Lupane State University","club1","inter_african_share"
"I217085601","University of Namibia","club1","inter_african_share"
"I221899656","Karatina University","club1","inter_african_share"
"I22223346","Ahmed Draia University","club1","inter_african_share"
"I224517680","Al-Neelain University","club1","inter_african_share"
"I224527630","University of Lusaka","club1","inter_african_share"
"I22607950","University of Eldoret","club1","inter_african_share"
"I230269253","Joseph Ayo Babalola University","club1","inter_african_share"
"I230965063","Uganda Management Institute","club1","inter_african_share"
"I233754661","Novena University","club1","inter_african_share"
"I23906160","University of Tripoli","club1","inter_african_share"
"I24027795","University of Johannesburg","club1","inter_african_share"
"I246527472","University of Hargeisa","club1","inter_african_share"
"I24715933","University of Reunion Island","club1","inter_african_share"
"I24835296","Accra Technical University","club1","inter_african_share"
"I250207469","Mount Kenya University","club1","inter_african_share"
"I250481426","University of Cape Verde","club1","inter_african_share"
"I25613804","St Augustine College of South Africa","club1","inter_african_share"
"I26092322","Stellenbosch University","club1","inter_african_share"
"I263341422","Heritage Christian University","club1","inter_african_share"
"I263567798","South Eastern Kenya University","club1","inter_african_share"
"I263774594","University of Bamenda","club1","inter_african_share"
"I263913023","International University of Africa","club1","inter_african_share"
"I265584191","Redeemer's University","club1","inter_african_share"
"I267325792","Mizan Tepi University","club1","inter_african_share"
"I26805570","Jomo Kenyatta University of Agriculture and Technology","club1","inter_african_share"
"I26999989","University of the Free State","club1","inter_african_share"
"I27031042","University of Mines and Technology","club1","inter_african_share"
"I2752562790","Kampala International University","club1","inter_african_share"
"I2752562790","Kampala International University","club1","inter_african_share"
"I2752562790","Kampala University","club1","inter_african_share"
"I2752562790","Kampala University","club1","inter_african_share"
"I27765905","North-West University","club1","inter_african_share"
"I277791926","Université Alassane Ouattara","club1","inter_african_share"
"I279418767","Université des Montagnes","club1","inter_african_share"
"I279922783","Pwani University","club1","inter_african_share"
"I2799409690","Nahda University","club1","inter_african_share"
"I2799500531","Lagos State University of Science and Technology","club1","inter_african_share"
"I2799534737","Wellspring University","club1","inter_african_share"
"I2799770396","Paul University Awka","club1","inter_african_share"
"I2799775433","Federal University Otuoke","club1","inter_african_share"
"I2799828974","Nurses' Training College, Ho","club1","inter_african_share"
"I2799835767","Adeleke University","club1","inter_african_share"
"I2799873615","African Institute of Science and Technology","club1","inter_african_share"
"I2799887408","Adventist University of Africa","club1","inter_african_share"
"I2799941459","Federal College of Fisheries and Marine Technology","club1","inter_african_share"
"I2800079435","Pentecost University College","club1","inter_african_share"
"I2800190170","Federal University Lokoja","club1","inter_african_share"
"I2800437794","Federal University Lafia","club1","inter_african_share"
"I2800483928","Africa International University","club1","inter_african_share"
"I2800493640","All Nations University","club1","inter_african_share"
"I2800664390","Academy of Engineering Sciences","club1","inter_african_share"
"I2800887215","Tunisia Polytechnic School","club1","inter_african_share"
"I2801170945","University College of Agriculture and Environmental Studies","club1","inter_african_share"
"I2801272733","Radford University College","club1","inter_african_share"
"I2801301251","Somali National University","club1","inter_african_share"
"I2801433745","Helderberg College","club1","inter_african_share"
"I2801516365","Kumasi Technical University","club1","inter_african_share"
"I2801517398","Islamic University College","club1","inter_african_share"
"I2801604535","St. Augustine International University","club1","inter_african_share"
"I2801704801","Rift Valley University","club1","inter_african_share"
"I2802043524","University of Somalia","club1","inter_african_share"
"I2802111147","University of Mbuji Mayi","club1","inter_african_share"
"I2802194555","University of Bahr El-Ghazal","club1","inter_african_share"
"I2802457231","New Generation University College","club1","inter_african_share"
"I2802493600","Polytechnic School of Algiers","club1","inter_african_share"
"I2802827535","South African Theological Seminary","club1","inter_african_share"
"I2802891092","Machakos University","club1","inter_african_share"
"I2803027104","African University College of Communications","club1","inter_african_share"
"I2803198","Ho Technical University","club1","inter_african_share"
"I28046988","Kwame Nkrumah University","club1","inter_african_share"
"I28046988","Kwame Nkrumah University","club1","inter_african_share"
"I28046988","Kwame Nkrumah University of Science and Technology","club1","inter_african_share"
"I28046988","Kwame Nkrumah University of Science and Technology","club1","inter_african_share"
"I28285804","The University of Dodoma","club1","inter_african_share"
"I284050080","St. John's University of Tanzania","club1","inter_african_share"
"I28653996","Adekunle Ajasin University","club1","inter_african_share"
"I2890612012","University of Garden City","club1","inter_african_share"
"I29607241","École Normale Supérieure","club1","inter_african_share"
"I29787537","Afe Babalola University","club1","inter_african_share"
"I299595467","University of Kabianga","club1","inter_african_share"
"I2996127693","Lyceum College","club1","inter_african_share"
"I299799659","Omar Al-Mukhtar University","club1","inter_african_share"
"I301615471","Wollega University","club1","inter_african_share"
"I304664074","Landmark University","club1","inter_african_share"
"I307268238","Kaduna State University","club1","inter_african_share"
"I308622825","Omdurman Ahlia University","club1","inter_african_share"
"I30887324","Babcock University","club1","inter_african_share"
"I3121272148","University of Boumerdes","club1","inter_african_share"
"I3121676899","Université Ibn-Tofail","club1","inter_african_share"
"I3124969661","Université des Sciences et de la Technologie d'Oran Mohamed Boudiaf","club1","inter_african_share"
"I3129199519","University of Bagamoyo","club1","inter_african_share"
"I3129221262","University of Bakhtalruda","club1","inter_african_share"
"I3129257098","University of Kisubi","club1","inter_african_share"
"I3129284699","Benadir University","club1","inter_african_share"
"I3129295481","Tunisia Private University","club1","inter_african_share"
"I3129351386","Sule Lamido University Kafin Hausa","club1","inter_african_share"
"I3129370870","Bayan University","club1","inter_african_share"
"I3129379329","Sokoto State University","club1","inter_african_share"
"I3129390127","University of Bouira","club1","inter_african_share"
"I3129425364","Western Delta University","club1","inter_african_share"
"I3129459759","Accra Institute of Technology","club1","inter_african_share"
"I3129462672","Regent Business School","club1","inter_african_share"
"I3129482412","Kabale University","club1","inter_african_share"
"I3129570296","Omar Bongo University","club1","inter_african_share"
"I3129592236","Amoud University","club1","inter_african_share"
"I3129602810","National School of Business and Management in Settat","club1","inter_african_share"
"I3129613971","Kwara State Polytechnic","club1","inter_african_share"
"I3129681422","Al-Ahram Center for Political and Strategic Studies","club1","inter_african_share"
"I3129744201","University of Kindu","club1","inter_african_share"
"I3129754710","Alexandria Higher Institute of Engineering and Technology","club1","inter_african_share"
"I3129793404","Solusi University","club1","inter_african_share"
"I3129810703","Gollis University","club1","inter_african_share"
"I3129828962","National Postgraduate Medical College of Nigeria","club1","inter_african_share"
"I3129864162","Lúrio University","club1","inter_african_share"
"I3129924371","Management College of Southern Africa","club1","inter_african_share"
"I3129970296","University of Mkar","club1","inter_african_share"
"I3130046622","Yobe State University","club1","inter_african_share"
"I3130155654","Achievers University","club1","inter_african_share"
"I3130228804","Heliopolis University","club1","inter_african_share"
"I3130315128","University of Toamasina","club1","inter_african_share"
"I3130371724","Rusangu University","club1","inter_african_share"
"I3130391927","Northrise University","club1","inter_african_share"
"I3130444996","Zenith University College","club1","inter_african_share"
"I3130452249","Kofi Annan International Peacekeeping Training Centre","club1","inter_african_share"
"I3130477979","Zanzibar University","club1","inter_african_share"
"I3130478569","Julius Nyerere University of Kankan","club1","inter_african_share"
"I3130487124","Zambia Forestry College","club1","inter_african_share"
"I3130586695","Scott Christian University","club1","inter_african_share"
"I3130591674","Milpark Education","club1","inter_african_share"
"I3130618196","Obong University","club1","inter_african_share"
"I3130709561","Hassan Usman Katsina Polytechnic","club1","inter_african_share"
"I3130741188","Muslim University of Morogoro","club1","inter_african_share"
"I3130760591","National Ribat University","club1","inter_african_share"
"I3130817511","Umma University","club1","inter_african_share"
"I3130826315","Laikipia University","club1","inter_african_share"
"I3130857668","University of Zalingei","club1","inter_african_share"
"I3130915990","Al Zawiya University","club1","inter_african_share"
"I3130965160","University of Arusha","club1","inter_african_share"
"I3131031036","Mediterranean School of Business","club1","inter_african_share"
"I3131077051","University of Dongola","club1","inter_african_share"
"I3131121749","Kabarak University","club1","inter_african_share"
"I3131204436","Meru University of Science and Technology","club1","inter_african_share"
"I3131228027","Maasai Mara University","club1","inter_african_share"
"I3131280167","McPherson University","club1","inter_african_share"
"I3131411328","Kirinyaga University","club1","inter_african_share"
"I3131422684","Godfrey Okoye University","club1","inter_african_share"
"I3131611021","University of the Holy Quran and Islamic Sciences","club1","inter_african_share"
"I3131845690","University of Cross River State","club1","inter_african_share"
"I3131883934","Agostinho Neto University","club1","inter_african_share"
"I3131884745","KCA University","club1","inter_african_share"
"I3131906498","Tansian University","club1","inter_african_share"
"I3131918342","Nazi Boni University","club1","inter_african_share"
"I3131949601","Renaissance University","club1","inter_african_share"
"I3131952115","Kaduna Polytechnic","club1","inter_african_share"
"I3131965639","Senghor University","club1","inter_african_share"
"I3131979588","Al-Hikmah University","club1","inter_african_share"
"I3132105718","Adventist University of Central Africa","club1","inter_african_share"
"I3132131080","Ndejje University","club1","inter_african_share"
"I3132158071","University of Science and Technology of Benin","club1","inter_african_share"
"I3132180716","Larbi Ben M'hidi University of Oum El Bouaghi","club1","inter_african_share"
"I3132245663","Plateau State University","club1","inter_african_share"
"I3132291312","University of Toliara","club1","inter_african_share"
"I3132347332","Uganda Technology and Management University","club1","inter_african_share"
"I3132429795","Adigrat University","club1","inter_african_share"
"I3132438211","Regional Maritime University","club1","inter_african_share"
"I3132446703","Mount Meru University","club1","inter_african_share"
"I3132465432","University of Makeni","club1","inter_african_share"
"I3132506069","University of Embu","club1","inter_african_share"
"I3132519419","Ghana Institute of Languages","club1","inter_african_share"
"I3132574604","Sinnar University","club1","inter_african_share"
"I3132692309","Alasmarya Islamic University","club1","inter_african_share"
"I3132818693","Baze University","club1","inter_african_share"
"I3132941426","Mandela Institute for Development Studies","club1","inter_african_share"
"I3132975919","International Medical and Technological University","club1","inter_african_share"
"I3132976927","Mulungushi University","club1","inter_african_share"
"I3132997995","Ghana Baptist University College","club1","inter_african_share"
"I3133036570","Lusaka Apex Medical University","club1","inter_african_share"
"I3133096102","Regenesys Business School","club1","inter_african_share"
"I3133097027","Higher National Veterinary School","club1","inter_african_share"
"I3133101575","Taraba State University","club1","inter_african_share"
"I3133127056","Rhema University","club1","inter_african_share"
"I3133129679","Pan Africa Christian University","club1","inter_african_share"
"I3133169337","Valley View University","club1","inter_african_share"
"I3133274995","Puntland State University","club1","inter_african_share"
"I3133298332","Oduduwa University","club1","inter_african_share"
"I3133312331","Teofilo Kisanji University","club1","inter_african_share"
"I3133329336","Al Fashir University","club1","inter_african_share"
"I3133343259","UniMAC-GIJ","club1","inter_african_share"
"I3133343326","Ziguinchor University","club1","inter_african_share"
"I31439502","University of Benghazi","club1","inter_african_share"
"I315205436","Jaramogi Oginga Odinga University of Science and Technology","club1","inter_african_share"
"I31571312","École Nationale d'Administration","club1","inter_african_share"
"I31959934","Nasarawa State University","club1","inter_african_share"
"I327098606","Methodist University College Ghana","club1","inter_african_share"
"I327500432","Umaru Musa Yar'adua University","club1","inter_african_share"
"I327535454","Multimedia University of Kenya","club1","inter_african_share"
"I33278361","University of Zambia","club1","inter_african_share"
"I33777917","Mountains of the Moon University","club1","inter_african_share"
"I33783412","Nigerian Defence Academy","club1","inter_african_share"
"I34942010","University of Kinshasa","club1","inter_african_share"
"I35496013","IIE MSA","club1","inter_african_share"
"I35601441","Osun State University","club1","inter_african_share"
"I35845393","University of Gafsa","club1","inter_african_share"
"I36770943","Kenya Methodist University","club1","inter_african_share"
"I37322517","Omdurman Islamic University","club1","inter_african_share"
"I37490319","Ajayi Crowther University","club1","inter_african_share"
"I37797678","University of Uyo","club1","inter_african_share"
"I38365063","Tumaini University","club1","inter_african_share"
"I3970730","University of Calabar","club1","inter_african_share"
"I40193446","University Ferhat Abbas of Setif","club1","inter_african_share"
"I41343362","University of Bamako","club1","inter_african_share"
"I41545563","Presbyterian University, Ghana","club1","inter_african_share"
"I41910991","National Universities Commission","club1","inter_african_share"
"I4210085862","Regional Centre for Training in Aerospace Surveys","club1","inter_african_share"
"I4210086032","Institut Supérieur des Études Technologiques de Gafsa","club1","inter_african_share"
"I4210086394","Zambian Open University","club1","inter_african_share"
"I4210086517","FCT College of Education","club1","inter_african_share"
"I4210086877","University of Kara","club1","inter_african_share"
"I4210086990","Ziane Achour University of Djelfa","club1","inter_african_share"
"I4210087041","Université Protestante d'Afrique de l'Ouest","club1","inter_african_share"
"I4210087064","Université Amadou Hampaté Ba","club1","inter_african_share"
"I4210087104","École Supérieure des Multimédia, Informatique & Réseaux","club1","inter_african_share"
"I4210087472","Bamenda University of Science and Technology","club1","inter_african_share"
"I4210087544","École Normale Supérieure Casablanca","club1","inter_african_share"
"I4210087931","Institute for Security Studies","club1","inter_african_share"
"I4210088584","Université de Cepromad","club1","inter_african_share"
"I4210088616","University of Science and Technology Omdurman","club1","inter_african_share"
"I4210088655","Instituto Superior de Ciências Económicas e Empresariais","club1","inter_african_share"
"I4210088687","Université Ibn Zohr","club1","inter_african_share"
"I4210088819","Kebbi State University of Science and Technology","club1","inter_african_share"
"I4210089248","Institut Universitaire d'Abidjan","club1","inter_african_share"
"I4210089325","Modern University for Information and Technology","club1","inter_african_share"
"I4210089495","Université Ouaga II","club1","inter_african_share"
"I4210089506","Institute of Accountancy Arusha","club1","inter_african_share"
"I4210089933","St. Paul's University","club1","inter_african_share"
"I4210090078","The Future University","club1","inter_african_share"
"I4210090762","Sudan Childhood Diabetes Association","club1","inter_african_share"
"I4210090812","Institut Polytechnique Rural de Formation et de Recherche Appliquée","club1","inter_african_share"
"I4210091172","National Higher School of Statistics and Applied Economy","club1","inter_african_share"
"I4210091441","Zanzibar School of Health","club1","inter_african_share"
"I4210092341","Instituto Superior de Comunicação e Imagem de Moçambique","club1","inter_african_share"
"I4210092501","Gamal Abdel Nasser University of Conakry","club1","inter_african_share"
"I4210092979","Poma International Business University","club1","inter_african_share"
"I4210093537","Université de Mahajanga","club1","inter_african_share"
"I4210093720","National School of Architecture","club1","inter_african_share"
"I4210093741","Private University of Angola","club1","inter_african_share"
"I4210093986","Institut Pasteur de Bangui","club1","inter_african_share"
"I4210094049","Sudan International University","club1","inter_african_share"
"I4210094054","University of Lay Adventists of Kigali","club1","inter_african_share"
"I4210095290","Université Larbi Tébessi","club1","inter_african_share"
"I4210095403","Institut Supérieur des Études Technologiques de Nabeul","club1","inter_african_share"
"I4210095543","Institut Supérieur de Développement Rural","club1","inter_african_share"
"I4210095568","Federal Polytechnic Oko","club1","inter_african_share"
"I4210096134","Universidade Politecnica","club1","inter_african_share"
"I4210096460","University of Tamanghasset","club1","inter_african_share"
"I4210096875","Institut Facultaire des Sciences de l'Information et de la Communication","club1","inter_african_share"
"I4210096933","Université Catholique du Graben","club1","inter_african_share"
"I4210097372","National School of Computer Science","club1","inter_african_share"
"I4210097403","Federal College of Education, Kano","club1","inter_african_share"
"I4210097536","University of Guelma","club1","inter_african_share"
"I4210098288","Institut Supérieur d'Études Maritimes","club1","inter_african_share"
"I4210098482","Somaliland University of Technology","club1","inter_african_share"
"I4210099197","Institut Supérieur Pédagogique de Bukavu","club1","inter_african_share"
"I4210099332","Université des Lettres et des Sciences Humaines de Bamako","club1","inter_african_share"
"I4210099641","Higher Institute of Food Industries of Tunis","club1","inter_african_share"
"I4210099821","International University of Management","club1","inter_african_share"
"I4210100085","Jean Piaget University of Angola","club1","inter_african_share"
"I4210100308","Military Technical College","club1","inter_african_share"
"I4210100376","Université Protestante au Congo","club1","inter_african_share"
"I4210100457","Samara University","club1","inter_african_share"
"I4210100477","University of Kolwezi","club1","inter_african_share"
"I4210101443","Arrupe Jesuit University","club1","inter_african_share"
"I4210101494","Wolaita Sodo University","club1","inter_african_share"
"I4210101907","Lilongwe University of Agriculture and Natural Resources","club1","inter_african_share"
"I4210102036","Technical University of Angola","club1","inter_african_share"
"I4210102129","University of El Imam El Mahdi","club1","inter_african_share"
"I4210102205","École Supérieure des Télécommunications","club1","inter_african_share"
"I4210102508","École Supérieure Multinationale des Télécommunications","club1","inter_african_share"
"I4210102561","Groupe AFI","club1","inter_african_share"
"I4210102998","Rongo University","club1","inter_african_share"
"I4210103375","Tissemsilt University","club1","inter_african_share"
"I4210103479","Higher Institute of Mining, Industry and Geology","club1","inter_african_share"
"I4210104004","Institut supérieur de la Magistrature","club1","inter_african_share"
"I4210104797","Université de Fianarantsoa","club1","inter_african_share"
"I4210105117","Institut Supérieur de Technique Médicale","club1","inter_african_share"
"I4210105134","Universidade Gregório Semedo","club1","inter_african_share"
"I4210105732","Royal Centre for Remote Sensing","club1","inter_african_share"
"I4210105844","Islamic University of Niger","club1","inter_african_share"
"I4210105945","Universidade Óscar Ribas","club1","inter_african_share"
"I4210106046","École Supérieure des Études Administratives et Commerciales","club1","inter_african_share"
"I4210106126","Université des Sciences de la Santé","club1","inter_african_share"
"I4210106316","Jazeera University","club1","inter_african_share"
"I4210106600","Kibabii University","club1","inter_african_share"
"I4210106624","École Nationale d'Ingénieurs de Gabès","club1","inter_african_share"
"I4210106625","National Institute of Transport","club1","inter_african_share"
"I4210106663","International University of Rabat","club1","inter_african_share"
"I4210106700","Université IBN Khaldoun Tiaret","club1","inter_african_share"
"I4210106700","Université IBN Khaldoun Tiaret","club1","inter_african_share"
"I4210106700","Université Ibn Khaldoun","club1","inter_african_share"
"I4210106700","Université Ibn Khaldoun","club1","inter_african_share"
"I4210106992","Lancaster University Ghana","club1","inter_african_share"
"I4210107086","University of Algiers 3","club1","inter_african_share"
"I4210107103","Wesley University","club1","inter_african_share"
"I4210107488","International Institute for Water and Environmental Engineering","club1","inter_african_share"
"I4210107806","École Nationale de Management et de l'Administration de la Santé","club1","inter_african_share"
"I4210108070","Aga Khan University Nairobi","club1","inter_african_share"
"I4210108110","Mohamed I University","club1","inter_african_share"
"I4210108597","International School of Dakar","club1","inter_african_share"
"I4210109391","Sa'adu Zungur University","club1","inter_african_share"
"I4210109399","Kotebe University of Education","club1","inter_african_share"
"I4210109889","École Normale Supérieure - Marrakech","club1","inter_african_share"
"I4210110003","Hormuud University","club1","inter_african_share"
"I4210110082","École Nationale Polytechnique d'Oran","club1","inter_african_share"
"I4210110361","Mogadishu University","club1","inter_african_share"
"I4210110579","Institut Africain d'Informatique","club1","inter_african_share"
"I4210110695","Université Tunis Carthage","club1","inter_african_share"
"I4210110735","Institut des Hautes Études Bancaires et Financières","club1","inter_african_share"
"I4210110911","Institut Supérieur du Génie Appliqué","club1","inter_african_share"
"I4210111338","Institut Supérieur de Biotechnologie de Sfax","club1","inter_african_share"
"I4210112095","Université des Sciences, des Techniques et des Technologies de Bamako","club1","inter_african_share"
"I4210112335","École Supérieure Privée d'Ingénierie et de Technologies","club1","inter_african_share"
"I4210112489","William V. S. Tubman University","club1","inter_african_share"
"I4210112794","Institut des Hautes Études de Tunis","club1","inter_african_share"
"I4210112994","University of Bangui","club1","inter_african_share"
"I4210113095","École Marocaine des Sciences de l'Ingénieur","club1","inter_african_share"
"I4210113643","The Federal Polytechnic, Ado-Ekiti","club1","inter_african_share"
"I4210113655","Université de Parakou","club1","inter_african_share"
"I4210113843","École Supérieure de Psychologie","club1","inter_african_share"
"I4210114322","Institut National de Statistique et d'Economie Appliquée","club1","inter_african_share"
"I4210114501","Wollo University","club1","inter_african_share"
"I4210114632","Ambo University","club1","inter_african_share"
"I4210114882","Instituto Superior Politécnico de Gaza","club1","inter_african_share"
"I4210114895","Instituto Superior de Transportes e Comunicaçõe","club1","inter_african_share"
"I4210115782","University of Ghardaia","club1","inter_african_share"
"I4210116281","Université Simon Kimbangu","club1","inter_african_share"
"I4210116596","University of Kivu","club1","inter_african_share"
"I4210116621","École Nationale Supérieure de Statistique et d'Économie Appliquée","club1","inter_african_share"
"I4210116852","National School of Built and Ground Works Engineering","club1","inter_african_share"
"I4210116901","Universidade Independente de Angola","club1","inter_african_share"
"I4210117593","University of Science and Technology of Ivory Coast","club1","inter_african_share"
"I4210117767","Institut Supérieur de l'Informatique et de Gestion","club1","inter_african_share"
"I4210117796","Ashesi University","club1","inter_african_share"
"I4210117880","École Supérieure des Industries du Textile et de l'Habillement","club1","inter_african_share"
"I4210118269","Open University of Sudan","club1","inter_african_share"
"I4210118643","Mauritius Institute of Education","club1","inter_african_share"
"I4210118667","Université Catholique du Congo","club1","inter_african_share"
"I4210118693","Institut Préparatoire aux Études d'Ingénieurs de Monastir","club1","inter_african_share"
"I4210118871","Institut Royal de Formation des Cadres de la Jeunesse et des Sports","club1","inter_african_share"
"I4210118949","Universidade Zambeze","club1","inter_african_share"
"I4210119417","Université d'Abomey-Calavi","club1","inter_african_share"
"I4210119808","Sebastian Kolowa Memorial University","club1","inter_african_share"
"I4210119856","Université Sultan Moulay Slimane","club1","inter_african_share"
"I4210120110","École Inter-États des Sciences et Médecine Vétérinaires de Dakar","club1","inter_african_share"
"I4210120363","Higher Institute of Engineering","club1","inter_african_share"
"I4210120595","Universidade Katyavala Bwila","club1","inter_african_share"
"I4210120884","Institut Supérieur des Études Technologiques en Communications de Tunis","club1","inter_african_share"
"I4210121172","National Institute of Arts","club1","inter_african_share"
"I4210121192","West African College of Physicians","club1","inter_african_share"
"I4210121355","École Polytechnique d'Architecture et d'Urbanisme","club1","inter_african_share"
"I4210121488","École des Hautes Études Commerciales Techniques et Informatiques","club1","inter_african_share"
"I4210121797","African Leadership Institute","club1","inter_african_share"
"I4210121980","École Normale Supérieure de l'Enseignement Technique de Mohammedia","club1","inter_african_share"
"I4210122385","Light University of Bujumbur","club1","inter_african_share"
"I4210122444","University of Koudougou","club1","inter_african_share"
"I4210122462","International University of East Africa","club1","inter_african_share"
"I4210122636","École Supérieure de Gestion","club1","inter_african_share"
"I4210122636","École Supérieure de Gestion","club1","inter_african_share"
"I4210122636","École Supérieure de Gestion et des Sciences de l'Informatique","club1","inter_african_share"
"I4210122636","École Supérieure de Gestion et des Sciences de l'Informatique","club1","inter_african_share"
"I4210122757","Asossa University","club1","inter_african_share"
"I4210122770","Université Officielle de Bukavu","club1","inter_african_share"
"I4210122897","Stella Maris Polytechnic","club1","inter_african_share"
"I4210123084","École Normale Supérieure de Nouakchott","club1","inter_african_share"
"I4210123766","Jigjiga University","club1","inter_african_share"
"I4210123884","Assiut University Hospitals","club1","inter_african_share"
"I4210124128","École Nationale d'Administration de Madagascar","club1","inter_african_share"
"I4210124129","International University of Grand Bassam","club1","inter_african_share"
"I4210124230","Université Mustapha Stambouli de Mascara","club1","inter_african_share"
"I4210124375","Production Management Institute of Southern Africa","club1","inter_african_share"
"I4210124924","Université Catholique de Bukavu","club1","inter_african_share"
"I4210125146","École Nationale d'Administration et de Magistrature","club1","inter_african_share"
"I4210125163","Instituto Superior Politécnico Metropolitano de Angola","club1","inter_african_share"
"I4210125453","Methodist University of Angola","club1","inter_african_share"
"I4210125477","INES-Ruhengeri","club1","inter_african_share"
"I4210125514","Université Djilali de Sidi Bel Abbès","club1","inter_african_share"
"I4210125530","Université Evangélique en Afrique","club1","inter_african_share"
"I4210126051","Université Pelefero Gon Coulibaly","club1","inter_african_share"
"I4210126124","Federal Polytechnic Nekede","club1","inter_african_share"
"I4210126159","École Africaine de la Météorologie et de l'Aviation Civile","club1","inter_african_share"
"I4210126272","Institute for Poverty, Land and Agrarian Studies","club1","inter_african_share"
"I4210126542","Institut Supérieur de Formation à Distance","club1","inter_african_share"
"I4210126656","Shendi University","club1","inter_african_share"
"I4210126988","Institut National de la Jeunesse et des Sports","club1","inter_african_share"
"I4210127163","Mashreq University","club1","inter_african_share"
"I4210127389","Thebes Academy","club1","inter_african_share"
"I4210127704","Akhbar El Yom Academy","club1","inter_african_share"
"I4210127735","SIMAD University","club1","inter_african_share"
"I4210127797","Université Internationale de Tunis","club1","inter_african_share"
"I4210128639","École Supérieure d'Informatique et de Management des Affaires","club1","inter_african_share"
"I4210128741","Khartoum International Institute for Arabic Languague","club1","inter_african_share"
"I4210128877","Federal Polytechnic Ede","club1","inter_african_share"
"I4210128965","University Yahia Fares of Medea","club1","inter_african_share"
"I4210129427","Université des Sciences Juridiques et Politiques de Bamako","club1","inter_african_share"
"I4210129615","Arab Studies and Research Institute","club1","inter_african_share"
"I4210129636","Addis Ababa Science and Technology University","club1","inter_african_share"
"I4210129720","University of Southern Somalia","club1","inter_african_share"
"I4210129808","Higher Institute for Tourism, Hotels and Computer","club1","inter_african_share"
"I4210129886","Institut Sous-Régional de Statistique et d'Economie Appliquée","club1","inter_african_share"
"I4210130155","École Nationale Supérieure d'Agriculture","club1","inter_african_share"
"I4210130263","Universidade Técnica de Moçambique","club1","inter_african_share"
"I4210130305","Institut Universitaire de la Côte","club1","inter_african_share"
"I4210130454","Regent University College of Science and Technology","club1","inter_african_share"
"I4210130700","Institut National Supérieur des Sciences et Techniques d'Abéché","club1","inter_african_share"
"I4210130933","Institut National Agronomique de Tunisie","club1","inter_african_share"
"I4210131030","Jean Piaget University of Cape Verde","club1","inter_african_share"
"I4210131105","Zambia Centre for Accountancy Studies","club1","inter_african_share"
"I4210131222","Takoradi Technical University","club1","inter_african_share"
"I4210131288","National Engineering School of Tunis","club1","inter_african_share"
"I4210131477","Université des Sciences et Techniques de Masuku","club1","inter_african_share"
"I4210131653","École Nationale Supérieure Agronomique","club1","inter_african_share"
"I4210131662","Université d'Agriculture de Kétou","club1","inter_african_share"
"I4210131710","École Normale Supérieure de Constantine","club1","inter_african_share"
"I4210131988","Université Jean Lorougnon Guédé","club1","inter_african_share"
"I4210132137","École Nationale de Commerce et de Gestion de Tanger","club1","inter_african_share"
"I4210132304","Obour Institutes","club1","inter_african_share"
"I4210132729","Arab Academy for Management, Banking and Financial Sciences","club1","inter_african_share"
"I4210133764","Université Pédagogique Nationale","club1","inter_african_share"
"I4210133935","École Normale Supérieure de Kouba","club1","inter_african_share"
"I4210134162","Institute of Rural Development Planning","club1","inter_african_share"
"I4210134437","University of Nyala","club1","inter_african_share"
"I4210134560","National University of Sciences, Technologies, Engineering and Mathematics","club1","inter_african_share"
"I4210134620","École Supérieure Algérienne des Affaires","club1","inter_african_share"
"I4210134659","The Polytechnic Ibadan","club1","inter_african_share"
"I4210134946","École Supérieure des Ingénieurs de l'Équipement Rural","club1","inter_african_share"
"I4210134981","Université du Sahel","club1","inter_african_share"
"I4210135081","University of Ngozi","club1","inter_african_share"
"I4210135456","Université Aube Nouvelle","club1","inter_african_share"
"I4210135870","Sudan Medical Specialization Board","club1","inter_african_share"
"I4210136338","Instituto Superior de Ciências e Tecnologia de Moçambique","club1","inter_african_share"
"I4210136418","Institut National Polytechnique Félix Houphouët-Boigny","club1","inter_african_share"
"I4210136442","École Supérieure en Sciences Appliquées de Tlemcen","club1","inter_african_share"
"I4210136523","October High Institute For Enginnering and Technology","club1","inter_african_share"
"I4210136852","École Africaine des Métiers de l'Architecture et de l'Urbanisme","club1","inter_african_share"
"I4210137511","Akademie Reformatoriese Opleiding en Studies","club1","inter_african_share"
"I4210137601","Université Alioune Diop de Bambey","club1","inter_african_share"
"I4210137785","Université Protestante d'Afrique Centrale","club1","inter_african_share"
"I4210137934","High-Tech Rabat-Agdal","club1","inter_african_share"
"I4210138119","Université libre des Pays des Grands Lacs","club1","inter_african_share"
"I4210138822","Sa'adatu Rimi College of Education","club1","inter_african_share"
"I4210139036","Instituto Nacional de Estatística","club1","inter_african_share"
"I4210139384","United Methodist University","club1","inter_african_share"
"I4210139431","Instituto Superior de Ciencias Sociais e Relações Internacionais","club1","inter_african_share"
"I4210139502","Institut Supérieur de Commerce de Kinshasa","club1","inter_african_share"
"I4210139766","Institut International des Assurances","club1","inter_african_share"
"I4210139959","High Institute for Management Sciences","club1","inter_african_share"
"I4210140008","Institut Supérieur Agronomique et Vétérinaire Valéry Giscard d'Estaing","club1","inter_african_share"
"I4210140037","International Islamic Center for Population Studies and Research","club1","inter_african_share"
"I4210140729","Institut Supérieur de Gestion","club1","inter_african_share"
"I4210140729","Institut Supérieur de Gestion","club1","inter_african_share"
"I4210140729","Institut Supérieur de Gestion de Tunis","club1","inter_african_share"
"I4210140729","Institut Supérieur de Gestion de Tunis","club1","inter_african_share"
"I4210140764","Nigerian University Games Association","club1","inter_african_share"
"I4210141118","École Nationale Supérieure d'Hydraulique","club1","inter_african_share"
"I4210141251","Université Kofi Annan de Guinée","club1","inter_african_share"
"I4210142187","Institute of Finance Management","club1","inter_african_share"
"I4210142313","École Nationale d'Agriculture de Meknès","club1","inter_african_share"
"I4210142661","Institut National de la Recherche Agronomique de Tunisie","club1","inter_african_share"
"I4210142940","Université de l'Uélé","club1","inter_african_share"
"I4210143075","Institut Supérieur de Commerce et d'Administration des Entreprises","club1","inter_african_share"
"I4210143618","École Supérieure de Management Appliqué","club1","inter_african_share"
"I4210144392","University of Goma","club1","inter_african_share"
"I4210144462","South African College of Applied Psychology","club1","inter_african_share"
"I4210144919","École Supérieure des Sciences de l'Ingénierie Commerciale","club1","inter_african_share"
"I4210145340","Institut des Hautes Études de Management","club1","inter_african_share"
"I4210145365","Université Hassan 1er","club1","inter_african_share"
"I4210145453","International Academy Mohammed VI of Civil Aviation","club1","inter_african_share"
"I4210145468","Institut Supérieur Pédagogique de Gitwe","club1","inter_african_share"
"I4210145739","Time Université","club1","inter_african_share"
"I4210145961","Team University","club1","inter_african_share"
"I4210146479","Instituto Superior de Ciencias de Saude","club1","inter_african_share"
"I4210146550","École des Hautes Études Commerciales","club1","inter_african_share"
"I4210147360","Sup de Co Marrakech","club1","inter_african_share"
"I4210148060","Université de Saida Dr.Moulay Tahar","club1","inter_african_share"
"I4210148074","University Elmergib","club1","inter_african_share"
"I4210148209","University of Bahri","club1","inter_african_share"
"I4210148686","École Supérieure de Management","club1","inter_african_share"
"I4210148832","Federal University Kashere","club1","inter_african_share"
"I4210149016","École Nationale Supérieure d'Informatique","club1","inter_african_share"
"I4210149368","École des Sciences de I'information","club1","inter_african_share"
"I4210149376","Southern Africa Nazarene University","club1","inter_african_share"
"I4210149531","National Advanced School of Public Works","club1","inter_african_share"
"I4210149660","Université d'Oran 2","club1","inter_african_share"
"I4210149956","Universidade São Tomás de Moçambique","club1","inter_african_share"
"I4210150006","Niger State Polytechnic","club1","inter_african_share"
"I4210150948","Zewail City of Science and Technology","club1","inter_african_share"
"I4210151183","École Nationale Supérieure de Technologie","club1","inter_african_share"
"I4210151218","Université André Salifou","club1","inter_african_share"
"I4210151220","École d'Informatique, d'Électronique et d'Expertise Comptable","club1","inter_african_share"
"I4210151598","École Polytechnique de Thiès","club1","inter_african_share"
"I4210151633","Koforidua Technical University","club1","inter_african_share"
"I4210151796","Kisii University","club1","inter_african_share"
"I4210151986","Ibrahim Badamasi Babangida University","club1","inter_african_share"
"I4210152282","National University of Equatorial Guinea","club1","inter_african_share"
"I4210152378","Higher Institute for Qualitative Studies","club1","inter_african_share"
"I4210152770","Kano State University of Technology","club1","inter_african_share"
"I4210152827","Unity University College","club1","inter_african_share"
"I4210153084","Mulago School of Nursing and Midwifery","club1","inter_african_share"
"I4210153303","École Normale Supérieure d'Abidjan","club1","inter_african_share"
"I4210153362","Libyan International Medical University","club1","inter_african_share"
"I4210153527","Institut National des Postes et Télécommunications","club1","inter_african_share"
"I4210153608","Université Moulay Ismail de Meknes","club1","inter_african_share"
"I4210153799","Ahmed Zabana University - Relizane","club1","inter_african_share"
"I4210154290","Instituto Superior Politécnico de Manica","club1","inter_african_share"
"I4210154350","University of Djibouti","club1","inter_african_share"
"I4210154402","Institut Supérieur de l'Information et de la Communication","club1","inter_african_share"
"I4210154431","Auchi Polytechnic","club1","inter_african_share"
"I4210154748","Sup Management","club1","inter_african_share"
"I4210155111","National School of Mineral Industry","club1","inter_african_share"
"I4210155520","Mateur Higher School of Agriculture","club1","inter_african_share"
"I4210156448","Higher Institute of Applied Arts","club1","inter_african_share"
"I4210156809","Future Academy","club1","inter_african_share"
"I4210156887","Sudan Academy of Sciences","club1","inter_african_share"
"I4210157007","École Normale Supérieure de Tétouan","club1","inter_african_share"
"I4210157185","University of Eloued","club1","inter_african_share"
"I4210157195","Jamhuriya University of Science and Technology","club1","inter_african_share"
"I4210157324","Uganda Institute of Information & Communications Technology","club1","inter_african_share"
"I4210157386","University of Seychelles","club1","inter_african_share"
"I4210157616","Institut Agronomique et Vétérinaire Hassan II","club1","inter_african_share"
"I4210158569","Veritas University","club1","inter_african_share"
"I4210158610","Institut Universitaire Polytechnique de Mongo","club1","inter_african_share"
"I4210158796","Université de Maradi","club1","inter_african_share"
"I4210159071","Federal Institute of Industrial Research Oshodi","club1","inter_african_share"
"I4210159165","Instituto Superior Politécnico de Tecnologia e Ciências","club1","inter_african_share"
"I4210159211","Uganda Episcopal Conference","club1","inter_african_share"
"I4210159313","International Academy for Engineering and Media Science","club1","inter_african_share"
"I4210159331","Université Libre du Congo","club1","inter_african_share"
"I4210159538","Mouloud Mammeri University of Tizi-Ouzou","club1","inter_african_share"
"I4210159645","Woldia University","club1","inter_african_share"
"I4210159779","St. Joseph University In Tanzania","club1","inter_african_share"
"I4210159989","United States International University Africa","club1","inter_african_share"
"I4210160143","Gregory University Uturu","club1","inter_african_share"
"I4210160144","St. Mary's University","club1","inter_african_share"
"I4210160465","Université Constantine 2","club1","inter_african_share"
"I4210160534","Instituto Superior Politecnico de Tete","club1","inter_african_share"
"I4210160578","Université Djilali Bounaama Khemis Miliana","club1","inter_african_share"
"I4210160828","National Institute of Public Administration","club1","inter_african_share"
"I4210160877","École Nationale Supérieure de l'Administration","club1","inter_african_share"
"I4210161365","Libyan Academy","club1","inter_african_share"
"I4210162108","Institut National des Sciences de l'Archéologie et du Patrimoine","club1","inter_african_share"
"I4210162380","École Normale Supérieure de Bouzareah Alger","club1","inter_african_share"
"I4210162553","University College of Technology","club1","inter_african_share"
"I4210162801","École de Gouvernance et d'Économie de Rabat","club1","inter_african_share"
"I4210162858","The Catholic University of Malawi","club1","inter_african_share"
"I4210163016","Namibia Institute of Pathology","club1","inter_african_share"
"I4210163438","Université de ain Témouchent","club1","inter_african_share"
"I4210163744","Sudanese Universities Information Network","club1","inter_african_share"
"I4210163774","International Crops Research Institute for the Semi-Arid Tropics","club1","inter_african_share"
"I4210164065","Université Hassan II Mohammedia","club1","inter_african_share"
"I4210164448","Universidade Lusíada de Angola","club1","inter_african_share"
"I4210164586","Université des Sciences, de Technologie et de Médecine","club1","inter_african_share"
"I4210164694","Hassiba Benbouali University of Chlef","club1","inter_african_share"
"I4210164771","Sunyani Technical University","club1","inter_african_share"
"I4210165095","Institut Supérieur de Technologie Médicale","club1","inter_african_share"
"I4210165297","Nile University of Nigeria","club1","inter_african_share"
"I4210165376","October 6 University","club1","inter_african_share"
"I4210165387","Institut Supérieur d'Etudes Sociales","club1","inter_african_share"
"I4210165434","National Telecommunications Institute","club1","inter_african_share"
"I4210165537","Kumi University","club1","inter_african_share"
"I4210165634","Africa Nazarene University","club1","inter_african_share"
"I4210165748","École Royale Navale","club1","inter_african_share"
"I4210165767","University of Gharyan","club1","inter_african_share"
"I4210165873","École Polyvalente Supérieure d'Informatique et d'Électronique","club1","inter_african_share"
"I4210166478","Université Adam Barka d'Abéché","club1","inter_african_share"
"I4210166634","École Supérieure d'Informatique Appliquée","club1","inter_african_share"
"I4210166830","University of Kalemie","club1","inter_african_share"
"I4210166886","Université Professionnelle d'Afrique","club1","inter_african_share"
"I4210167133","University of Military Science and Technology","club1","inter_african_share"
"I4210167265","Institut Supérieur Pédagogique Technique","club1","inter_african_share"
"I42869670","Arba Minch University","club1","inter_african_share"
"I4287427","University of Lomé","club1","inter_african_share"
"I43424612","Sadat Academy for Management Sciences","club1","inter_african_share"
"I43427933","Federal University Oye Ekiti","club1","inter_african_share"
"I43480833","Kyambogo University","club1","inter_african_share"
"I4394709192","Modern Academy for Engineering and Technology","club1","inter_african_share"
"I44738892","Joseph Sarwuan Tarka University Makurdi","club1","inter_african_share"
"I44852757","Hope University","club1","inter_african_share"
"I45230691","Ladoke Akintola University of Technology","club1","inter_african_share"
"I4537092","Addis Ababa University","club1","inter_african_share"
"I45711476","Obafemi Awolowo University","club1","inter_african_share"
"I47844","Al Akhawayn University","club1","inter_african_share"
"I47853400","Misr International University","club1","inter_african_share"
"I48615539","Université Félix Houphouët-Boigny","club1","inter_african_share"
"I50050410","French University of Egypt","club1","inter_african_share"
"I50219554","University of Laghouat","club1","inter_african_share"
"I52605992","National Open University of Nigeria","club1","inter_african_share"
"I53279716","Ahfad University for Women","club1","inter_african_share"
"I54231130","Ambrose Alli University","club1","inter_african_share"
"I54316950","University of Jendouba","club1","inter_african_share"
"I55167344","University of Kairouan","club1","inter_african_share"
"I55202024","Usmanu Danfodiyo University","club1","inter_african_share"
"I56592726","University of Technology, Mauritius","club1","inter_african_share"
"I56822791","Ghana Institute of Management and Public Administration","club1","inter_african_share"
"I57092466","Bahir Dar University","club1","inter_african_share"
"I57629906","Nile University","club1","inter_african_share"
"I59196294","University of Ngaoundéré","club1","inter_african_share"
"I59272784","Arab Academy for Science, Technology, and Maritime Transport","club1","inter_african_share"
"I60286554","Gadarif University","club1","inter_african_share"
"I60470151","Modibbo Adama University of Technology","club1","inter_african_share"
"I61869032","Ahram Canadian University","club1","inter_african_share"
"I63445334","Université de Kisangani","club1","inter_african_share"
"I63596082","Tunis El Manar University","club1","inter_african_share"
"I63601056","Menoufia University","club1","inter_african_share"
"I64032852","Pan-Atlantic University","club1","inter_african_share"
"I6406202","University of Benin","club1","inter_african_share"
"I64351976","University of Maiduguri","club1","inter_african_share"
"I64838667","Karary University","club1","inter_african_share"
"I65734018","American University of Nigeria","club1","inter_african_share"
"I66513531","Fayoum University","club1","inter_african_share"
"I68916915","University of Gabès","club1","inter_african_share"
"I69072986","University of Mauritius","club1","inter_african_share"
"I69552723","University of Pretoria","club1","inter_african_share"
"I70593384","Lead City University","club1","inter_african_share"
"I71270174","Victoria University","club1","inter_african_share"
"I72227227","Makerere University","club1","inter_african_share"
"I72235472","State University of Zanzibar","club1","inter_african_share"
"I72341686","Midlands State University","club1","inter_african_share"
"I7435137","Marien Ngouabi University","club1","inter_african_share"
"I74813324","Mekelle University","club1","inter_african_share"
"I75880681","Hassania School of Public Works","club1","inter_african_share"
"I7589121","University of Professional Studies","club1","inter_african_share"
"I76661892","Federal University of Technology Minna","club1","inter_african_share"
"I77072003","University of Kordofan","club1","inter_african_share"
"I78157869","University of Gezira","club1","inter_african_share"
"I78545622","Aksum University","club1","inter_african_share"
"I79793008","Université de Thiès","club1","inter_african_share"
"I80693520","American University in Cairo","club1","inter_african_share"
"I81433678","Sikkim Manipal University","club1","inter_african_share"
"I81605866","Sidi Mohamed Ben Abdellah University","club1","inter_african_share"
"I83259278","Manouba University","club1","inter_african_share"
"I83291730","University for Development Studies","club1","inter_african_share"
"I83332908","University of Blida","club1","inter_african_share"
"I83413266","Upper Nile University","club1","inter_african_share"
"I84058292","Helwan University","club1","inter_african_share"
"I84524832","Alexandria University","club1","inter_african_share"
"I84641585","Sokoine University of Agriculture","club1","inter_african_share"
"I84929415","University of Venda","club1","inter_african_share"
"I8636806","University of Sousse","club1","inter_african_share"
"I86539363","University of Asmara","club1","inter_african_share"
"I865572129","Adama Science and Technology University","club1","inter_african_share"
"I869660684","University of the Western Cape","club1","inter_african_share"
"I87477611","Igbinedion University","club1","inter_african_share"
"I87482320","University of Management and Technology","club1","inter_african_share"
"I876237426","Gombe State University","club1","inter_african_share"
"I8764889","University of Gondar","club1","inter_african_share"
"I88017793","Port Said University","club1","inter_african_share"
"I88132101","Masinde Muliro University of Science and Technology","club1","inter_african_share"
"I89008938","University of Eastern Africa, Baraton","club1","inter_african_share"
"I890898191","Modern Academy","club1","inter_african_share"
"I891860020","Federal University of Petroleum Resource Effurun","club1","inter_african_share"
"I894372087","Olabisi Onabanjo University","club1","inter_african_share"
"I89466785","Minia University","club1","inter_african_share"
"I895027328","October University of Modern Sciences and Arts","club1","inter_african_share"
"I898088062","Ghana Communication Technology University","club1","inter_african_share"
"I90097577","Red Sea University","club1","inter_african_share"
"I904009604","Olusegun Agagu University of Science and Technology","club1","inter_african_share"
"I90527594","Université de Nouakchott","club1","inter_african_share"
"I90546491","University of Limpopo","club1","inter_african_share"
"I907303451","Great Lakes University of Kisumu","club1","inter_african_share"
"I90978372","Mahatma Gandhi Institute","club1","inter_african_share"
"I91041137","Assiut University","club1","inter_african_share"
"I91080651","International Centre for Genetic Engineering and Biotechnology","club1","inter_african_share"
"I912052591","Open University of Tanzania","club1","inter_african_share"
"I91465866","Garden City University College","club1","inter_african_share"
"I91972364","Tai Solarin University of Education","club1","inter_african_share"
"I919958821","Bayero University Kano","club1","inter_african_share"
"I92579986","Walter Sisulu University","club1","inter_african_share"
"I92808645","Uganda Christian University","club1","inter_african_share"
"I92834545","École Supérieure de Commerce","club1","inter_african_share"
"I9353105","Sudan University of Science and Technology","club1","inter_african_share"
"I95023434","University of KwaZulu-Natal","club1","inter_african_share"
"I95541853","Hubert Kairuki Memorial University","club1","inter_african_share"
"I96576516","Rivers State University","club1","inter_african_share"
"I96823368","German University in Cairo","club1","inter_african_share"
"I97231232","Nelson Mandela African Institution of Science and Technology","club1","inter_african_share"
"I9729102","Salem University","club1","inter_african_share"
"I97455420","Sohag University","club1","inter_african_share"
"I98220444","Michael Okpara University of Agriculture","club1","inter_african_share"
"I98243723","Kwara State University","club1","inter_african_share"
"I98358874","University of Technology","club1","inter_african_share"
"I98962006","University of Skikda","club1","inter_african_share"
"I99296679","Sirte University","club1","inter_african_share"
"I99297268","University of Hassan II Casablanca","club1","inter_african_share"
"I99542240","Akademia","club1","inter_african_share"
"I99712911","Nelson Mandela University","club1","inter_african_share"
"I100116408","University of Port Harcourt","club1","extra_african_share"
"I100236772","St. Lawrence University","club1","extra_african_share"
"I100352790","Abia State University","club1","extra_african_share"
"I101993903","Namibia University of Science and Technology","club1","extra_african_share"
"I10627620","Kogi State University","club1","extra_african_share"
"I106980716","Adamawa State University","club1","extra_african_share"
"I107720978","Ain Shams University","club1","extra_african_share"
"I108714496","Tunis University","club1","extra_african_share"
"I108754898","Badji Mokhtar-Annaba University","club1","extra_african_share"
"I109121592","Zimbabwe Open University","club1","extra_african_share"
"I111908491","Women's University in Africa","club1","extra_african_share"
"I112713213","Université Gaston Berger","club1","extra_african_share"
"I113643904","Beni-Suef University","club1","extra_african_share"
"I114499477","University of Fort Hare","club1","extra_african_share"
"I114564095","University of Ouargla","club1","extra_african_share"
"I114794399","Suez Canal University","club1","extra_african_share"
"I116082035","Kenya Medical Training College","club1","extra_african_share"
"I116970179","University of Jijel","club1","extra_african_share"
"I117467261","Great Zimbabwe University","club1","extra_african_share"
"I117723502","University of N'Djamena","club1","extra_african_share"
"I118185606","Aga Khan University","club1","extra_african_share"
"I11892038","University of Nigeria","club1","extra_african_share"
"I119444248","Nkumba University","club1","extra_african_share"
"I12003341","National University of Science and Technology","club1","extra_african_share"
"I123698207","Fountain University","club1","extra_african_share"
"I124391630","Arab Open University","club1","extra_african_share"
"I125485651","University Frères Mentouri Constantine 1","club1","extra_african_share"
"I12553626","University of Zululand","club1","extra_african_share"
"I126477371","Mohammed V University","club1","extra_african_share"
"I126541806","Lagos State University","club1","extra_african_share"
"I127206278","Akwa Ibom State University","club1","extra_african_share"
"I12789410","Ahmadu Bello University","club1","extra_african_share"
"I1283442259","Madda Walabu University","club1","extra_african_share"
"I12859529","University of Nairobi","club1","extra_african_share"
"I1288970718","Mohamed-Cherif Messaadia University","club1","extra_african_share"
"I129615261","Vaal University of Technology","club1","extra_african_share"
"I129628643","Université Joseph Ki-Zerbo","club1","extra_african_share"
"I130309236","Kafrelsheikh University","club1","extra_african_share"
"I130359222","Université Abdou Moumouni","club1","extra_african_share"
"I131736796","University of Health Sciences","club1","extra_african_share"
"I1317634868","Institute for Educational Planning and Administration","club1","extra_african_share"
"I1322597698","Academy of Arts","club1","extra_african_share"
"I1331070479","Université de Yaoundé I","club1","extra_african_share"
"I133388076","Gulu University","club1","extra_african_share"
"I133771110","University of Cape Coast","club1","extra_african_share"
"I134231150","University of Lubumbashi","club1","extra_african_share"
"I134542131","University of Ilorin","club1","extra_african_share"
"I1355163","Sinai University","club1","extra_african_share"
"I136632592","Bells University of Technology","club1","extra_african_share"
"I137407579","Université Oran 1 Ahmed Ben Bella","club1","extra_african_share"
"I137616099","Tshwane University of Technology","club1","extra_african_share"
"I137724175","University of Antananarivo","club1","extra_african_share"
"I138690464","University of Ghana","club1","extra_african_share"
"I139264467","National University","club1","extra_african_share"
"I140287389","Technical University of Kenya","club1","extra_african_share"
"I140534913","Ardhi University","club1","extra_african_share"
"I141930137","Mbarara University of Science and Technology","club1","extra_african_share"
"I142215875","Midrand Graduate Institute","club1","extra_african_share"
"I142899784","University of Sfax","club1","extra_african_share"
"I143936627","University of Bechar","club1","extra_african_share"
"I1443707","Jimma University","club1","extra_african_share"
"I144693123","University of Buea","club1","extra_african_share"
"I145354842","University of Medical Sciences and Technology","club1","extra_african_share"
"I145876445","University of Education, Winneba","club1","extra_african_share"
"I146977602","Pharos University in Alexandria","club1","extra_african_share"
"I147168166","Moi University","club1","extra_african_share"
"I147765412","Niger Delta University","club1","extra_african_share"
"I148561064","African Institute for Mathematical Sciences","club1","extra_african_share"
"I149743910","University of Liberia","club1","extra_african_share"
"I149840157","Al-Arab Medical University","club1","extra_african_share"
"I150406212","University of Khartoum","club1","extra_african_share"
"I151654608","Madonna University","club1","extra_african_share"
"I152195623","Misurata University","club1","extra_african_share"
"I153265617","Sebha University","club1","extra_african_share"
"I153455119","University of Zimbabwe","club1","extra_african_share"
"I153487414","Haramaya University","club1","extra_african_share"
"I153975220","Kenyatta University","club1","extra_african_share"
"I154632036","Misr University for Science and Technology","club1","extra_african_share"
"I154840374","Muhimbili University of Health and Allied Sciences","club1","extra_african_share"
"I154840374","Muhimbili University of Health and Allied Sciences","club1","extra_african_share"
"I154840374","University of Health and Allied Sciences","club1","extra_african_share"
"I154840374","University of Health and Allied Sciences","club1","extra_african_share"
"I157169809","University of Sciences and Technology Houari Boumediene","club1","extra_african_share"
"I157273133","University of Botswana","club1","extra_african_share"
"I157338126","Pedagogical University","club1","extra_african_share"
"I157591606","University of Malawi","club1","extra_african_share"
"I157614274","University of Cape Town","club1","extra_african_share"
"I15846685","Mzumbe University","club1","extra_african_share"
"I158878888","Nile Valley University","club1","extra_african_share"
"I158990150","St. Augustine University of Tanzania","club1","extra_african_share"
"I159247623","Mansoura University","club1","extra_african_share"
"I160419504","Higher Technological Institute","club1","extra_african_share"
"I160825796","Mangosuthu University of Technology","club1","extra_african_share"
"I161372803","Strathmore University","club1","extra_african_share"
"I161374704","University of Jos","club1","extra_african_share"
"I162254961","National University of Lesotho","club1","extra_african_share"
"I162489102","University of Batna 1","club1","extra_african_share"
"I163423212","University of Douala","club1","extra_african_share"
"I16443873","Federal University of Technology Owerri","club1","extra_african_share"
"I165390105","Africa University","club1","extra_african_share"
"I165390105","Africa University","club1","extra_african_share"
"I165390105","Africa University","club1","extra_african_share"
"I165390105","Hope Africa University","club1","extra_african_share"
"I165390105","Hope Africa University","club1","extra_african_share"
"I165390105","Hope Africa University","club1","extra_african_share"
"I165390105","University of South Africa","club1","extra_african_share"
"I165390105","University of South Africa","club1","extra_african_share"
"I165390105","University of South Africa","club1","extra_african_share"
"I166928557","University of Monastir","club1","extra_african_share"
"I166934088","Imo State University","club1","extra_african_share"
"I16969244","University of Eswatini","club1","extra_african_share"
"I169864488","Abubakar Tafawa Balewa University","club1","extra_african_share"
"I17024267","Université Nangui Abrogoua","club1","extra_african_share"
"I171217772","Benson Idahosa University","club1","extra_african_share"
"I173434221","Harare Institute of Technology","club1","extra_african_share"
"I176150703","University of the Gambia","club1","extra_african_share"
"I177436651","Mahatma Gandhi University","club1","extra_african_share"
"I177651648","Bindura University of Science Education","club1","extra_african_share"
"I177657909","Université de Mostaganem","club1","extra_african_share"
"I178331978","Université de Dschang","club1","extra_african_share"
"I179097149","University of Carthage","club1","extra_african_share"
"I18020613","Mzuzu University","club1","extra_african_share"
"I18045400","Federal University of Agriculture","club1","extra_african_share"
"I180664298","Federal University of Technology","club1","extra_african_share"
"I181631907","University of Ibadan","club1","extra_african_share"
"I181933706","Alzaiem Alazhari University","club1","extra_african_share"
"I182078086","University of Dar es Salaam","club1","extra_african_share"
"I182377803","University of Sierra Leone","club1","extra_african_share"
"I184834183","Al-Azhar University","club1","extra_african_share"
"I185474147","Islamic University in Uganda","club1","extra_african_share"
"I186217134","Future University in Egypt","club1","extra_african_share"
"I187152970","Benue State University","club1","extra_african_share"
"I187350138","Yaba College of Technology","club1","extra_african_share"
"I187560010","University of Béjaïa","club1","extra_african_share"
"I189575948","South Valley University","club1","extra_african_share"
"I192268740","University of Algiers Benyoucef Benkhedda","club1","extra_african_share"
"I192398990","Zagazig University","club1","extra_african_share"
"I192619145","University of the Witwatersrand","club1","extra_african_share"
"I192929712","University of Juba","club1","extra_african_share"
"I193649603","Hawassa University","club1","extra_african_share"
"I195610458","Maseno University","club1","extra_african_share"
"I195729267","Njala University","club1","extra_african_share"
"I197610006","University of Lagos","club1","extra_african_share"
"I199936661","Uganda Martyrs University","club1","extra_african_share"
"I201292520","Bingham University","club1","extra_african_share"
"I203238179","Rhodes University","club1","extra_african_share"
"I206961696","University of Biskra","club1","extra_african_share"
"I207227095","Nnamdi Azikiwe University","club1","extra_african_share"
"I207547235","Benha University","club1","extra_african_share"
"I208899625","Université du Burundi","club1","extra_african_share"
"I20893674","Kassala University","club1","extra_african_share"
"I209195179","Presbyterian University of East Africa","club1","extra_african_share"
"I213072177","University of Maroua","club1","extra_african_share"
"I21376657","Tanta University","club1","extra_african_share"
"I215330179","Lupane State University","club1","extra_african_share"
"I217085601","University of Namibia","club1","extra_african_share"
"I221899656","Karatina University","club1","extra_african_share"
"I22223346","Ahmed Draia University","club1","extra_african_share"
"I224517680","Al-Neelain University","club1","extra_african_share"
"I224527630","University of Lusaka","club1","extra_african_share"
"I22607950","University of Eldoret","club1","extra_african_share"
"I230269253","Joseph Ayo Babalola University","club1","extra_african_share"
"I230965063","Uganda Management Institute","club1","extra_african_share"
"I233754661","Novena University","club1","extra_african_share"
"I23906160","University of Tripoli","club1","extra_african_share"
"I24027795","University of Johannesburg","club1","extra_african_share"
"I246527472","University of Hargeisa","club1","extra_african_share"
"I24715933","University of Reunion Island","club1","extra_african_share"
"I24835296","Accra Technical University","club1","extra_african_share"
"I250207469","Mount Kenya University","club1","extra_african_share"
"I250481426","University of Cape Verde","club1","extra_african_share"
"I25613804","St Augustine College of South Africa","club1","extra_african_share"
"I26092322","Stellenbosch University","club1","extra_african_share"
"I263341422","Heritage Christian University","club1","extra_african_share"
"I263567798","South Eastern Kenya University","club1","extra_african_share"
"I263774594","University of Bamenda","club1","extra_african_share"
"I263913023","International University of Africa","club1","extra_african_share"
"I265584191","Redeemer's University","club1","extra_african_share"
"I267325792","Mizan Tepi University","club1","extra_african_share"
"I26805570","Jomo Kenyatta University of Agriculture and Technology","club1","extra_african_share"
"I26999989","University of the Free State","club1","extra_african_share"
"I27031042","University of Mines and Technology","club1","extra_african_share"
"I2752562790","Kampala International University","club1","extra_african_share"
"I2752562790","Kampala International University","club1","extra_african_share"
"I2752562790","Kampala University","club1","extra_african_share"
"I2752562790","Kampala University","club1","extra_african_share"
"I27765905","North-West University","club1","extra_african_share"
"I277791926","Université Alassane Ouattara","club1","extra_african_share"
"I279418767","Université des Montagnes","club1","extra_african_share"
"I279922783","Pwani University","club1","extra_african_share"
"I2799409690","Nahda University","club1","extra_african_share"
"I2799500531","Lagos State University of Science and Technology","club1","extra_african_share"
"I2799534737","Wellspring University","club1","extra_african_share"
"I2799770396","Paul University Awka","club1","extra_african_share"
"I2799775433","Federal University Otuoke","club1","extra_african_share"
"I2799828974","Nurses' Training College, Ho","club1","extra_african_share"
"I2799835767","Adeleke University","club1","extra_african_share"
"I2799873615","African Institute of Science and Technology","club1","extra_african_share"
"I2799887408","Adventist University of Africa","club1","extra_african_share"
"I2799941459","Federal College of Fisheries and Marine Technology","club1","extra_african_share"
"I2800079435","Pentecost University College","club1","extra_african_share"
"I2800190170","Federal University Lokoja","club1","extra_african_share"
"I2800437794","Federal University Lafia","club1","extra_african_share"
"I2800483928","Africa International University","club1","extra_african_share"
"I2800493640","All Nations University","club1","extra_african_share"
"I2800664390","Academy of Engineering Sciences","club1","extra_african_share"
"I2800887215","Tunisia Polytechnic School","club1","extra_african_share"
"I2801170945","University College of Agriculture and Environmental Studies","club1","extra_african_share"
"I2801272733","Radford University College","club1","extra_african_share"
"I2801301251","Somali National University","club1","extra_african_share"
"I2801433745","Helderberg College","club1","extra_african_share"
"I2801516365","Kumasi Technical University","club1","extra_african_share"
"I2801517398","Islamic University College","club1","extra_african_share"
"I2801604535","St. Augustine International University","club1","extra_african_share"
"I2801704801","Rift Valley University","club1","extra_african_share"
"I2802043524","University of Somalia","club1","extra_african_share"
"I2802111147","University of Mbuji Mayi","club1","extra_african_share"
"I2802194555","University of Bahr El-Ghazal","club1","extra_african_share"
"I2802394218","University of Applied Management","club1","extra_african_share"
"I2802457231","New Generation University College","club1","extra_african_share"
"I2802493600","Polytechnic School of Algiers","club1","extra_african_share"
"I2802797706","Institute of Development Management","club1","extra_african_share"
"I2802827535","South African Theological Seminary","club1","extra_african_share"
"I2802891092","Machakos University","club1","extra_african_share"
"I2803027104","African University College of Communications","club1","extra_african_share"
"I2803198","Ho Technical University","club1","extra_african_share"
"I28046988","Kwame Nkrumah University","club1","extra_african_share"
"I28046988","Kwame Nkrumah University","club1","extra_african_share"
"I28046988","Kwame Nkrumah University of Science and Technology","club1","extra_african_share"
"I28046988","Kwame Nkrumah University of Science and Technology","club1","extra_african_share"
"I28285804","The University of Dodoma","club1","extra_african_share"
"I284050080","St. John's University of Tanzania","club1","extra_african_share"
"I28653996","Adekunle Ajasin University","club1","extra_african_share"
"I2890612012","University of Garden City","club1","extra_african_share"
"I29607241","École Normale Supérieure","club1","extra_african_share"
"I29787537","Afe Babalola University","club1","extra_african_share"
"I299595467","University of Kabianga","club1","extra_african_share"
"I2996127693","Lyceum College","club1","extra_african_share"
"I299799659","Omar Al-Mukhtar University","club1","extra_african_share"
"I301615471","Wollega University","club1","extra_african_share"
"I304664074","Landmark University","club1","extra_african_share"
"I307268238","Kaduna State University","club1","extra_african_share"
"I308622825","Omdurman Ahlia University","club1","extra_african_share"
"I30887324","Babcock University","club1","extra_african_share"
"I3121272148","University of Boumerdes","club1","extra_african_share"
"I3121676899","Université Ibn-Tofail","club1","extra_african_share"
"I3124969661","Université des Sciences et de la Technologie d'Oran Mohamed Boudiaf","club1","extra_african_share"
"I3129199519","University of Bagamoyo","club1","extra_african_share"
"I3129221262","University of Bakhtalruda","club1","extra_african_share"
"I3129257098","University of Kisubi","club1","extra_african_share"
"I3129284699","Benadir University","club1","extra_african_share"
"I3129295481","Tunisia Private University","club1","extra_african_share"
"I3129351386","Sule Lamido University Kafin Hausa","club1","extra_african_share"
"I3129370870","Bayan University","club1","extra_african_share"
"I3129379329","Sokoto State University","club1","extra_african_share"
"I3129390127","University of Bouira","club1","extra_african_share"
"I3129425364","Western Delta University","club1","extra_african_share"
"I3129459759","Accra Institute of Technology","club1","extra_african_share"
"I3129462672","Regent Business School","club1","extra_african_share"
"I3129482412","Kabale University","club1","extra_african_share"
"I3129570296","Omar Bongo University","club1","extra_african_share"
"I3129592236","Amoud University","club1","extra_african_share"
"I3129602810","National School of Business and Management in Settat","club1","extra_african_share"
"I3129613971","Kwara State Polytechnic","club1","extra_african_share"
"I3129681422","Al-Ahram Center for Political and Strategic Studies","club1","extra_african_share"
"I3129744201","University of Kindu","club1","extra_african_share"
"I3129754710","Alexandria Higher Institute of Engineering and Technology","club1","extra_african_share"
"I3129793404","Solusi University","club1","extra_african_share"
"I3129810703","Gollis University","club1","extra_african_share"
"I3129828962","National Postgraduate Medical College of Nigeria","club1","extra_african_share"
"I3129864162","Lúrio University","club1","extra_african_share"
"I3129924371","Management College of Southern Africa","club1","extra_african_share"
"I3129970296","University of Mkar","club1","extra_african_share"
"I3130046622","Yobe State University","club1","extra_african_share"
"I3130155654","Achievers University","club1","extra_african_share"
"I3130228804","Heliopolis University","club1","extra_african_share"
"I3130258093","American International School in Egypt","club1","extra_african_share"
"I3130315128","University of Toamasina","club1","extra_african_share"
"I3130371724","Rusangu University","club1","extra_african_share"
"I3130391927","Northrise University","club1","extra_african_share"
"I3130444996","Zenith University College","club1","extra_african_share"
"I3130452249","Kofi Annan International Peacekeeping Training Centre","club1","extra_african_share"
"I3130477979","Zanzibar University","club1","extra_african_share"
"I3130478569","Julius Nyerere University of Kankan","club1","extra_african_share"
"I3130487124","Zambia Forestry College","club1","extra_african_share"
"I3130586695","Scott Christian University","club1","extra_african_share"
"I3130591674","Milpark Education","club1","extra_african_share"
"I3130618196","Obong University","club1","extra_african_share"
"I3130709561","Hassan Usman Katsina Polytechnic","club1","extra_african_share"
"I3130741188","Muslim University of Morogoro","club1","extra_african_share"
"I3130760591","National Ribat University","club1","extra_african_share"
"I3130817511","Umma University","club1","extra_african_share"
"I3130826315","Laikipia University","club1","extra_african_share"
"I3130857668","University of Zalingei","club1","extra_african_share"
"I3130915990","Al Zawiya University","club1","extra_african_share"
"I3130965160","University of Arusha","club1","extra_african_share"
"I3131031036","Mediterranean School of Business","club1","extra_african_share"
"I3131077051","University of Dongola","club1","extra_african_share"
"I3131121749","Kabarak University","club1","extra_african_share"
"I3131204436","Meru University of Science and Technology","club1","extra_african_share"
"I3131228027","Maasai Mara University","club1","extra_african_share"
"I3131280167","McPherson University","club1","extra_african_share"
"I3131411328","Kirinyaga University","club1","extra_african_share"
"I3131422684","Godfrey Okoye University","club1","extra_african_share"
"I3131611021","University of the Holy Quran and Islamic Sciences","club1","extra_african_share"
"I3131845690","University of Cross River State","club1","extra_african_share"
"I3131883934","Agostinho Neto University","club1","extra_african_share"
"I3131884745","KCA University","club1","extra_african_share"
"I3131906498","Tansian University","club1","extra_african_share"
"I3131918342","Nazi Boni University","club1","extra_african_share"
"I3131949601","Renaissance University","club1","extra_african_share"
"I3131952115","Kaduna Polytechnic","club1","extra_african_share"
"I3131965639","Senghor University","club1","extra_african_share"
"I3131979588","Al-Hikmah University","club1","extra_african_share"
"I3132105718","Adventist University of Central Africa","club1","extra_african_share"
"I3132131080","Ndejje University","club1","extra_african_share"
"I3132158071","University of Science and Technology of Benin","club1","extra_african_share"
"I3132180716","Larbi Ben M'hidi University of Oum El Bouaghi","club1","extra_african_share"
"I3132245663","Plateau State University","club1","extra_african_share"
"I3132291312","University of Toliara","club1","extra_african_share"
"I3132347332","Uganda Technology and Management University","club1","extra_african_share"
"I3132429795","Adigrat University","club1","extra_african_share"
"I3132438211","Regional Maritime University","club1","extra_african_share"
"I3132446703","Mount Meru University","club1","extra_african_share"
"I3132465432","University of Makeni","club1","extra_african_share"
"I3132506069","University of Embu","club1","extra_african_share"
"I3132519419","Ghana Institute of Languages","club1","extra_african_share"
"I3132574604","Sinnar University","club1","extra_african_share"
"I3132692309","Alasmarya Islamic University","club1","extra_african_share"
"I3132818693","Baze University","club1","extra_african_share"
"I3132941426","Mandela Institute for Development Studies","club1","extra_african_share"
"I3132975919","International Medical and Technological University","club1","extra_african_share"
"I3132976927","Mulungushi University","club1","extra_african_share"
"I3132997995","Ghana Baptist University College","club1","extra_african_share"
"I3133036570","Lusaka Apex Medical University","club1","extra_african_share"
"I3133096102","Regenesys Business School","club1","extra_african_share"
"I3133097027","Higher National Veterinary School","club1","extra_african_share"
"I3133101575","Taraba State University","club1","extra_african_share"
"I3133127056","Rhema University","club1","extra_african_share"
"I3133129679","Pan Africa Christian University","club1","extra_african_share"
"I3133169337","Valley View University","club1","extra_african_share"
"I3133274995","Puntland State University","club1","extra_african_share"
"I3133298332","Oduduwa University","club1","extra_african_share"
"I3133312331","Teofilo Kisanji University","club1","extra_african_share"
"I3133329336","Al Fashir University","club1","extra_african_share"
"I3133343259","UniMAC-GIJ","club1","extra_african_share"
"I3133343326","Ziguinchor University","club1","extra_african_share"
"I31439502","University of Benghazi","club1","extra_african_share"
"I315205436","Jaramogi Oginga Odinga University of Science and Technology","club1","extra_african_share"
"I31571312","École Nationale d'Administration","club1","extra_african_share"
"I31959934","Nasarawa State University","club1","extra_african_share"
"I327098606","Methodist University College Ghana","club1","extra_african_share"
"I327500432","Umaru Musa Yar'adua University","club1","extra_african_share"
"I327535454","Multimedia University of Kenya","club1","extra_african_share"
"I33278361","University of Zambia","club1","extra_african_share"
"I33777917","Mountains of the Moon University","club1","extra_african_share"
"I33783412","Nigerian Defence Academy","club1","extra_african_share"
"I34942010","University of Kinshasa","club1","extra_african_share"
"I35496013","IIE MSA","club1","extra_african_share"
"I35601441","Osun State University","club1","extra_african_share"
"I35845393","University of Gafsa","club1","extra_african_share"
"I36770943","Kenya Methodist University","club1","extra_african_share"
"I37322517","Omdurman Islamic University","club1","extra_african_share"
"I37490319","Ajayi Crowther University","club1","extra_african_share"
"I37797678","University of Uyo","club1","extra_african_share"
"I38365063","Tumaini University","club1","extra_african_share"
"I3970730","University of Calabar","club1","extra_african_share"
"I40193446","University Ferhat Abbas of Setif","club1","extra_african_share"
"I41343362","University of Bamako","club1","extra_african_share"
"I41545563","Presbyterian University, Ghana","club1","extra_african_share"
"I41910991","National Universities Commission","club1","extra_african_share"
"I4210085862","Regional Centre for Training in Aerospace Surveys","club1","extra_african_share"
"I4210086032","Institut Supérieur des Études Technologiques de Gafsa","club1","extra_african_share"
"I4210086394","Zambian Open University","club1","extra_african_share"
"I4210086517","FCT College of Education","club1","extra_african_share"
"I4210086877","University of Kara","club1","extra_african_share"
"I4210086990","Ziane Achour University of Djelfa","club1","extra_african_share"
"I4210087041","Université Protestante d'Afrique de l'Ouest","club1","extra_african_share"
"I4210087064","Université Amadou Hampaté Ba","club1","extra_african_share"
"I4210087104","École Supérieure des Multimédia, Informatique & Réseaux","club1","extra_african_share"
"I4210087472","Bamenda University of Science and Technology","club1","extra_african_share"
"I4210087544","École Normale Supérieure Casablanca","club1","extra_african_share"
"I4210087931","Institute for Security Studies","club1","extra_african_share"
"I4210088584","Université de Cepromad","club1","extra_african_share"
"I4210088616","University of Science and Technology Omdurman","club1","extra_african_share"
"I4210088655","Instituto Superior de Ciências Económicas e Empresariais","club1","extra_african_share"
"I4210088687","Université Ibn Zohr","club1","extra_african_share"
"I4210088819","Kebbi State University of Science and Technology","club1","extra_african_share"
"I4210089248","Institut Universitaire d'Abidjan","club1","extra_african_share"
"I4210089325","Modern University for Information and Technology","club1","extra_african_share"
"I4210089495","Université Ouaga II","club1","extra_african_share"
"I4210089506","Institute of Accountancy Arusha","club1","extra_african_share"
"I4210089933","St. Paul's University","club1","extra_african_share"
"I4210090078","The Future University","club1","extra_african_share"
"I4210090762","Sudan Childhood Diabetes Association","club1","extra_african_share"
"I4210090812","Institut Polytechnique Rural de Formation et de Recherche Appliquée","club1","extra_african_share"
"I4210091172","National Higher School of Statistics and Applied Economy","club1","extra_african_share"
"I4210091441","Zanzibar School of Health","club1","extra_african_share"
"I4210092341","Instituto Superior de Comunicação e Imagem de Moçambique","club1","extra_african_share"
"I4210092501","Gamal Abdel Nasser University of Conakry","club1","extra_african_share"
"I4210092979","Poma International Business University","club1","extra_african_share"
"I4210093537","Université de Mahajanga","club1","extra_african_share"
"I4210093720","National School of Architecture","club1","extra_african_share"
"I4210093741","Private University of Angola","club1","extra_african_share"
"I4210093986","Institut Pasteur de Bangui","club1","extra_african_share"
"I4210094049","Sudan International University","club1","extra_african_share"
"I4210094054","University of Lay Adventists of Kigali","club1","extra_african_share"
"I4210095290","Université Larbi Tébessi","club1","extra_african_share"
"I4210095403","Institut Supérieur des Études Technologiques de Nabeul","club1","extra_african_share"
"I4210095543","Institut Supérieur de Développement Rural","club1","extra_african_share"
"I4210095568","Federal Polytechnic Oko","club1","extra_african_share"
"I4210096134","Universidade Politecnica","club1","extra_african_share"
"I4210096460","University of Tamanghasset","club1","extra_african_share"
"I4210096875","Institut Facultaire des Sciences de l'Information et de la Communication","club1","extra_african_share"
"I4210096933","Université Catholique du Graben","club1","extra_african_share"
"I4210097372","National School of Computer Science","club1","extra_african_share"
"I4210097403","Federal College of Education, Kano","club1","extra_african_share"
"I4210097536","University of Guelma","club1","extra_african_share"
"I4210098288","Institut Supérieur d'Études Maritimes","club1","extra_african_share"
"I4210098482","Somaliland University of Technology","club1","extra_african_share"
"I4210099197","Institut Supérieur Pédagogique de Bukavu","club1","extra_african_share"
"I4210099332","Université des Lettres et des Sciences Humaines de Bamako","club1","extra_african_share"
"I4210099641","Higher Institute of Food Industries of Tunis","club1","extra_african_share"
"I4210099821","International University of Management","club1","extra_african_share"
"I4210100085","Jean Piaget University of Angola","club1","extra_african_share"
"I4210100308","Military Technical College","club1","extra_african_share"
"I4210100376","Université Protestante au Congo","club1","extra_african_share"
"I4210100457","Samara University","club1","extra_african_share"
"I4210100477","University of Kolwezi","club1","extra_african_share"
"I4210101443","Arrupe Jesuit University","club1","extra_african_share"
"I4210101494","Wolaita Sodo University","club1","extra_african_share"
"I4210101907","Lilongwe University of Agriculture and Natural Resources","club1","extra_african_share"
"I4210102036","Technical University of Angola","club1","extra_african_share"
"I4210102129","University of El Imam El Mahdi","club1","extra_african_share"
"I4210102205","École Supérieure des Télécommunications","club1","extra_african_share"
"I4210102508","École Supérieure Multinationale des Télécommunications","club1","extra_african_share"
"I4210102561","Groupe AFI","club1","extra_african_share"
"I4210102998","Rongo University","club1","extra_african_share"
"I4210103375","Tissemsilt University","club1","extra_african_share"
"I4210103479","Higher Institute of Mining, Industry and Geology","club1","extra_african_share"
"I4210104004","Institut supérieur de la Magistrature","club1","extra_african_share"
"I4210104797","Université de Fianarantsoa","club1","extra_african_share"
"I4210105117","Institut Supérieur de Technique Médicale","club1","extra_african_share"
"I4210105134","Universidade Gregório Semedo","club1","extra_african_share"
"I4210105732","Royal Centre for Remote Sensing","club1","extra_african_share"
"I4210105844","Islamic University of Niger","club1","extra_african_share"
"I4210105945","Universidade Óscar Ribas","club1","extra_african_share"
"I4210106046","École Supérieure des Études Administratives et Commerciales","club1","extra_african_share"
"I4210106126","Université des Sciences de la Santé","club1","extra_african_share"
"I4210106316","Jazeera University","club1","extra_african_share"
"I4210106600","Kibabii University","club1","extra_african_share"
"I4210106624","École Nationale d'Ingénieurs de Gabès","club1","extra_african_share"
"I4210106625","National Institute of Transport","club1","extra_african_share"
"I4210106663","International University of Rabat","club1","extra_african_share"
"I4210106700","Université IBN Khaldoun Tiaret","club1","extra_african_share"
"I4210106700","Université IBN Khaldoun Tiaret","club1","extra_african_share"
"I4210106700","Université Ibn Khaldoun","club1","extra_african_share"
"I4210106700","Université Ibn Khaldoun","club1","extra_african_share"
"I4210106992","Lancaster University Ghana","club1","extra_african_share"
"I4210107086","University of Algiers 3","club1","extra_african_share"
"I4210107103","Wesley University","club1","extra_african_share"
"I4210107488","International Institute for Water and Environmental Engineering","club1","extra_african_share"
"I4210107806","École Nationale de Management et de l'Administration de la Santé","club1","extra_african_share"
"I4210108070","Aga Khan University Nairobi","club1","extra_african_share"
"I4210108110","Mohamed I University","club1","extra_african_share"
"I4210108597","International School of Dakar","club1","extra_african_share"
"I4210109391","Sa'adu Zungur University","club1","extra_african_share"
"I4210109399","Kotebe University of Education","club1","extra_african_share"
"I4210109889","École Normale Supérieure - Marrakech","club1","extra_african_share"
"I4210110003","Hormuud University","club1","extra_african_share"
"I4210110082","École Nationale Polytechnique d'Oran","club1","extra_african_share"
"I4210110361","Mogadishu University","club1","extra_african_share"
"I4210110579","Institut Africain d'Informatique","club1","extra_african_share"
"I4210110695","Université Tunis Carthage","club1","extra_african_share"
"I4210110735","Institut des Hautes Études Bancaires et Financières","club1","extra_african_share"
"I4210110911","Institut Supérieur du Génie Appliqué","club1","extra_african_share"
"I4210111338","Institut Supérieur de Biotechnologie de Sfax","club1","extra_african_share"
"I4210112095","Université des Sciences, des Techniques et des Technologies de Bamako","club1","extra_african_share"
"I4210112335","École Supérieure Privée d'Ingénierie et de Technologies","club1","extra_african_share"
"I4210112489","William V. S. Tubman University","club1","extra_african_share"
"I4210112794","Institut des Hautes Études de Tunis","club1","extra_african_share"
"I4210112994","University of Bangui","club1","extra_african_share"
"I4210113095","École Marocaine des Sciences de l'Ingénieur","club1","extra_african_share"
"I4210113643","The Federal Polytechnic, Ado-Ekiti","club1","extra_african_share"
"I4210113655","Université de Parakou","club1","extra_african_share"
"I4210113843","École Supérieure de Psychologie","club1","extra_african_share"
"I4210114322","Institut National de Statistique et d'Economie Appliquée","club1","extra_african_share"
"I4210114501","Wollo University","club1","extra_african_share"
"I4210114632","Ambo University","club1","extra_african_share"
"I4210114882","Instituto Superior Politécnico de Gaza","club1","extra_african_share"
"I4210114895","Instituto Superior de Transportes e Comunicaçõe","club1","extra_african_share"
"I4210115782","University of Ghardaia","club1","extra_african_share"
"I4210116281","Université Simon Kimbangu","club1","extra_african_share"
"I4210116596","University of Kivu","club1","extra_african_share"
"I4210116621","École Nationale Supérieure de Statistique et d'Économie Appliquée","club1","extra_african_share"
"I4210116852","National School of Built and Ground Works Engineering","club1","extra_african_share"
"I4210116901","Universidade Independente de Angola","club1","extra_african_share"
"I4210117593","University of Science and Technology of Ivory Coast","club1","extra_african_share"
"I4210117767","Institut Supérieur de l'Informatique et de Gestion","club1","extra_african_share"
"I4210117796","Ashesi University","club1","extra_african_share"
"I4210117880","École Supérieure des Industries du Textile et de l'Habillement","club1","extra_african_share"
"I4210118269","Open University of Sudan","club1","extra_african_share"
"I4210118643","Mauritius Institute of Education","club1","extra_african_share"
"I4210118667","Université Catholique du Congo","club1","extra_african_share"
"I4210118693","Institut Préparatoire aux Études d'Ingénieurs de Monastir","club1","extra_african_share"
"I4210118871","Institut Royal de Formation des Cadres de la Jeunesse et des Sports","club1","extra_african_share"
"I4210118949","Universidade Zambeze","club1","extra_african_share"
"I4210119417","Université d'Abomey-Calavi","club1","extra_african_share"
"I4210119808","Sebastian Kolowa Memorial University","club1","extra_african_share"
"I4210119856","Université Sultan Moulay Slimane","club1","extra_african_share"
"I4210120110","École Inter-États des Sciences et Médecine Vétérinaires de Dakar","club1","extra_african_share"
"I4210120363","Higher Institute of Engineering","club1","extra_african_share"
"I4210120595","Universidade Katyavala Bwila","club1","extra_african_share"
"I4210120884","Institut Supérieur des Études Technologiques en Communications de Tunis","club1","extra_african_share"
"I4210121172","National Institute of Arts","club1","extra_african_share"
"I4210121192","West African College of Physicians","club1","extra_african_share"
"I4210121355","École Polytechnique d'Architecture et d'Urbanisme","club1","extra_african_share"
"I4210121488","École des Hautes Études Commerciales Techniques et Informatiques","club1","extra_african_share"
"I4210121797","African Leadership Institute","club1","extra_african_share"
"I4210121980","École Normale Supérieure de l'Enseignement Technique de Mohammedia","club1","extra_african_share"
"I4210122385","Light University of Bujumbur","club1","extra_african_share"
"I4210122444","University of Koudougou","club1","extra_african_share"
"I4210122462","International University of East Africa","club1","extra_african_share"
"I4210122636","École Supérieure de Gestion","club1","extra_african_share"
"I4210122636","École Supérieure de Gestion","club1","extra_african_share"
"I4210122636","École Supérieure de Gestion et des Sciences de l'Informatique","club1","extra_african_share"
"I4210122636","École Supérieure de Gestion et des Sciences de l'Informatique","club1","extra_african_share"
"I4210122757","Asossa University","club1","extra_african_share"
"I4210122770","Université Officielle de Bukavu","club1","extra_african_share"
"I4210122897","Stella Maris Polytechnic","club1","extra_african_share"
"I4210123084","École Normale Supérieure de Nouakchott","club1","extra_african_share"
"I4210123766","Jigjiga University","club1","extra_african_share"
"I4210123884","Assiut University Hospitals","club1","extra_african_share"
"I4210124128","École Nationale d'Administration de Madagascar","club1","extra_african_share"
"I4210124129","International University of Grand Bassam","club1","extra_african_share"
"I4210124230","Université Mustapha Stambouli de Mascara","club1","extra_african_share"
"I4210124375","Production Management Institute of Southern Africa","club1","extra_african_share"
"I4210124924","Université Catholique de Bukavu","club1","extra_african_share"
"I4210125146","École Nationale d'Administration et de Magistrature","club1","extra_african_share"
"I4210125163","Instituto Superior Politécnico Metropolitano de Angola","club1","extra_african_share"
"I4210125453","Methodist University of Angola","club1","extra_african_share"
"I4210125477","INES-Ruhengeri","club1","extra_african_share"
"I4210125514","Université Djilali de Sidi Bel Abbès","club1","extra_african_share"
"I4210125530","Université Evangélique en Afrique","club1","extra_african_share"
"I4210126051","Université Pelefero Gon Coulibaly","club1","extra_african_share"
"I4210126124","Federal Polytechnic Nekede","club1","extra_african_share"
"I4210126159","École Africaine de la Météorologie et de l'Aviation Civile","club1","extra_african_share"
"I4210126272","Institute for Poverty, Land and Agrarian Studies","club1","extra_african_share"
"I4210126542","Institut Supérieur de Formation à Distance","club1","extra_african_share"
"I4210126656","Shendi University","club1","extra_african_share"
"I4210126988","Institut National de la Jeunesse et des Sports","club1","extra_african_share"
"I4210127163","Mashreq University","club1","extra_african_share"
"I4210127389","Thebes Academy","club1","extra_african_share"
"I4210127704","Akhbar El Yom Academy","club1","extra_african_share"
"I4210127735","SIMAD University","club1","extra_african_share"
"I4210127797","Université Internationale de Tunis","club1","extra_african_share"
"I4210128639","École Supérieure d'Informatique et de Management des Affaires","club1","extra_african_share"
"I4210128741","Khartoum International Institute for Arabic Languague","club1","extra_african_share"
"I4210128877","Federal Polytechnic Ede","club1","extra_african_share"
"I4210128965","University Yahia Fares of Medea","club1","extra_african_share"
"I4210129427","Université des Sciences Juridiques et Politiques de Bamako","club1","extra_african_share"
"I4210129615","Arab Studies and Research Institute","club1","extra_african_share"
"I4210129636","Addis Ababa Science and Technology University","club1","extra_african_share"
"I4210129720","University of Southern Somalia","club1","extra_african_share"
"I4210129808","Higher Institute for Tourism, Hotels and Computer","club1","extra_african_share"
"I4210129886","Institut Sous-Régional de Statistique et d'Economie Appliquée","club1","extra_african_share"
"I4210130155","École Nationale Supérieure d'Agriculture","club1","extra_african_share"
"I4210130263","Universidade Técnica de Moçambique","club1","extra_african_share"
"I4210130305","Institut Universitaire de la Côte","club1","extra_african_share"
"I4210130454","Regent University College of Science and Technology","club1","extra_african_share"
"I4210130700","Institut National Supérieur des Sciences et Techniques d'Abéché","club1","extra_african_share"
"I4210130933","Institut National Agronomique de Tunisie","club1","extra_african_share"
"I4210131030","Jean Piaget University of Cape Verde","club1","extra_african_share"
"I4210131105","Zambia Centre for Accountancy Studies","club1","extra_african_share"
"I4210131124","Académie des Beaux-Arts","club1","extra_african_share"
"I4210131222","Takoradi Technical University","club1","extra_african_share"
"I4210131288","National Engineering School of Tunis","club1","extra_african_share"
"I4210131477","Université des Sciences et Techniques de Masuku","club1","extra_african_share"
"I4210131653","École Nationale Supérieure Agronomique","club1","extra_african_share"
"I4210131662","Université d'Agriculture de Kétou","club1","extra_african_share"
"I4210131710","École Normale Supérieure de Constantine","club1","extra_african_share"
"I4210131988","Université Jean Lorougnon Guédé","club1","extra_african_share"
"I4210132137","École Nationale de Commerce et de Gestion de Tanger","club1","extra_african_share"
"I4210132304","Obour Institutes","club1","extra_african_share"
"I4210132729","Arab Academy for Management, Banking and Financial Sciences","club1","extra_african_share"
"I4210133764","Université Pédagogique Nationale","club1","extra_african_share"
"I4210133935","École Normale Supérieure de Kouba","club1","extra_african_share"
"I4210134162","Institute of Rural Development Planning","club1","extra_african_share"
"I4210134437","University of Nyala","club1","extra_african_share"
"I4210134560","National University of Sciences, Technologies, Engineering and Mathematics","club1","extra_african_share"
"I4210134620","École Supérieure Algérienne des Affaires","club1","extra_african_share"
"I4210134659","The Polytechnic Ibadan","club1","extra_african_share"
"I4210134946","École Supérieure des Ingénieurs de l'Équipement Rural","club1","extra_african_share"
"I4210134981","Université du Sahel","club1","extra_african_share"
"I4210135081","University of Ngozi","club1","extra_african_share"
"I4210135456","Université Aube Nouvelle","club1","extra_african_share"
"I4210135870","Sudan Medical Specialization Board","club1","extra_african_share"
"I4210136338","Instituto Superior de Ciências e Tecnologia de Moçambique","club1","extra_african_share"
"I4210136418","Institut National Polytechnique Félix Houphouët-Boigny","club1","extra_african_share"
"I4210136442","École Supérieure en Sciences Appliquées de Tlemcen","club1","extra_african_share"
"I4210136523","October High Institute For Enginnering and Technology","club1","extra_african_share"
"I4210136852","École Africaine des Métiers de l'Architecture et de l'Urbanisme","club1","extra_african_share"
"I4210137511","Akademie Reformatoriese Opleiding en Studies","club1","extra_african_share"
"I4210137601","Université Alioune Diop de Bambey","club1","extra_african_share"
"I4210137785","Université Protestante d'Afrique Centrale","club1","extra_african_share"
"I4210137934","High-Tech Rabat-Agdal","club1","extra_african_share"
"I4210138119","Université libre des Pays des Grands Lacs","club1","extra_african_share"
"I4210138822","Sa'adatu Rimi College of Education","club1","extra_african_share"
"I4210139036","Instituto Nacional de Estatística","club1","extra_african_share"
"I4210139384","United Methodist University","club1","extra_african_share"
"I4210139431","Instituto Superior de Ciencias Sociais e Relações Internacionais","club1","extra_african_share"
"I4210139502","Institut Supérieur de Commerce de Kinshasa","club1","extra_african_share"
"I4210139766","Institut International des Assurances","club1","extra_african_share"
"I4210139959","High Institute for Management Sciences","club1","extra_african_share"
"I4210140008","Institut Supérieur Agronomique et Vétérinaire Valéry Giscard d'Estaing","club1","extra_african_share"
"I4210140037","International Islamic Center for Population Studies and Research","club1","extra_african_share"
"I4210140729","Institut Supérieur de Gestion","club1","extra_african_share"
"I4210140729","Institut Supérieur de Gestion","club1","extra_african_share"
"I4210140729","Institut Supérieur de Gestion de Tunis","club1","extra_african_share"
"I4210140729","Institut Supérieur de Gestion de Tunis","club1","extra_african_share"
"I4210140764","Nigerian University Games Association","club1","extra_african_share"
"I4210141118","École Nationale Supérieure d'Hydraulique","club1","extra_african_share"
"I4210141251","Université Kofi Annan de Guinée","club1","extra_african_share"
"I4210142187","Institute of Finance Management","club1","extra_african_share"
"I4210142313","École Nationale d'Agriculture de Meknès","club1","extra_african_share"
"I4210142661","Institut National de la Recherche Agronomique de Tunisie","club1","extra_african_share"
"I4210142940","Université de l'Uélé","club1","extra_african_share"
"I4210143075","Institut Supérieur de Commerce et d'Administration des Entreprises","club1","extra_african_share"
"I4210143618","École Supérieure de Management Appliqué","club1","extra_african_share"
"I4210144392","University of Goma","club1","extra_african_share"
"I4210144462","South African College of Applied Psychology","club1","extra_african_share"
"I4210144919","École Supérieure des Sciences de l'Ingénierie Commerciale","club1","extra_african_share"
"I4210145340","Institut des Hautes Études de Management","club1","extra_african_share"
"I4210145365","Université Hassan 1er","club1","extra_african_share"
"I4210145453","International Academy Mohammed VI of Civil Aviation","club1","extra_african_share"
"I4210145468","Institut Supérieur Pédagogique de Gitwe","club1","extra_african_share"
"I4210145739","Time Université","club1","extra_african_share"
"I4210145950","École Nationale Supérieure Maritime","club1","extra_african_share"
"I4210145961","Team University","club1","extra_african_share"
"I4210146479","Instituto Superior de Ciencias de Saude","club1","extra_african_share"
"I4210146550","École des Hautes Études Commerciales","club1","extra_african_share"
"I4210147360","Sup de Co Marrakech","club1","extra_african_share"
"I4210148060","Université de Saida Dr.Moulay Tahar","club1","extra_african_share"
"I4210148074","University Elmergib","club1","extra_african_share"
"I4210148209","University of Bahri","club1","extra_african_share"
"I4210148686","École Supérieure de Management","club1","extra_african_share"
"I4210148832","Federal University Kashere","club1","extra_african_share"
"I4210149016","École Nationale Supérieure d'Informatique","club1","extra_african_share"
"I4210149368","École des Sciences de I'information","club1","extra_african_share"
"I4210149376","Southern Africa Nazarene University","club1","extra_african_share"
"I4210149531","National Advanced School of Public Works","club1","extra_african_share"
"I4210149660","Université d'Oran 2","club1","extra_african_share"
"I4210149956","Universidade São Tomás de Moçambique","club1","extra_african_share"
"I4210150006","Niger State Polytechnic","club1","extra_african_share"
"I4210150948","Zewail City of Science and Technology","club1","extra_african_share"
"I4210151183","École Nationale Supérieure de Technologie","club1","extra_african_share"
"I4210151218","Université André Salifou","club1","extra_african_share"
"I4210151220","École d'Informatique, d'Électronique et d'Expertise Comptable","club1","extra_african_share"
"I4210151598","École Polytechnique de Thiès","club1","extra_african_share"
"I4210151633","Koforidua Technical University","club1","extra_african_share"
"I4210151796","Kisii University","club1","extra_african_share"
"I4210151986","Ibrahim Badamasi Babangida University","club1","extra_african_share"
"I4210152282","National University of Equatorial Guinea","club1","extra_african_share"
"I4210152378","Higher Institute for Qualitative Studies","club1","extra_african_share"
"I4210152770","Kano State University of Technology","club1","extra_african_share"
"I4210152827","Unity University College","club1","extra_african_share"
"I4210153084","Mulago School of Nursing and Midwifery","club1","extra_african_share"
"I4210153303","École Normale Supérieure d'Abidjan","club1","extra_african_share"
"I4210153362","Libyan International Medical University","club1","extra_african_share"
"I4210153527","Institut National des Postes et Télécommunications","club1","extra_african_share"
"I4210153608","Université Moulay Ismail de Meknes","club1","extra_african_share"
"I4210153799","Ahmed Zabana University - Relizane","club1","extra_african_share"
"I4210154290","Instituto Superior Politécnico de Manica","club1","extra_african_share"
"I4210154350","University of Djibouti","club1","extra_african_share"
"I4210154402","Institut Supérieur de l'Information et de la Communication","club1","extra_african_share"
"I4210154431","Auchi Polytechnic","club1","extra_african_share"
"I4210154748","Sup Management","club1","extra_african_share"
"I4210155111","National School of Mineral Industry","club1","extra_african_share"
"I4210155520","Mateur Higher School of Agriculture","club1","extra_african_share"
"I4210156448","Higher Institute of Applied Arts","club1","extra_african_share"
"I4210156809","Future Academy","club1","extra_african_share"
"I4210156887","Sudan Academy of Sciences","club1","extra_african_share"
"I4210157007","École Normale Supérieure de Tétouan","club1","extra_african_share"
"I4210157185","University of Eloued","club1","extra_african_share"
"I4210157195","Jamhuriya University of Science and Technology","club1","extra_african_share"
"I4210157324","Uganda Institute of Information & Communications Technology","club1","extra_african_share"
"I4210157386","University of Seychelles","club1","extra_african_share"
"I4210157616","Institut Agronomique et Vétérinaire Hassan II","club1","extra_african_share"
"I4210158569","Veritas University","club1","extra_african_share"
"I4210158610","Institut Universitaire Polytechnique de Mongo","club1","extra_african_share"
"I4210158643","École Marocaine de Banque et de Commerce International","club1","extra_african_share"
"I4210158796","Université de Maradi","club1","extra_african_share"
"I4210159071","Federal Institute of Industrial Research Oshodi","club1","extra_african_share"
"I4210159165","Instituto Superior Politécnico de Tecnologia e Ciências","club1","extra_african_share"
"I4210159211","Uganda Episcopal Conference","club1","extra_african_share"
"I4210159313","International Academy for Engineering and Media Science","club1","extra_african_share"
"I4210159331","Université Libre du Congo","club1","extra_african_share"
"I4210159538","Mouloud Mammeri University of Tizi-Ouzou","club1","extra_african_share"
"I4210159645","Woldia University","club1","extra_african_share"
"I4210159779","St. Joseph University In Tanzania","club1","extra_african_share"
"I4210159989","United States International University Africa","club1","extra_african_share"
"I4210160143","Gregory University Uturu","club1","extra_african_share"
"I4210160144","St. Mary's University","club1","extra_african_share"
"I4210160465","Université Constantine 2","club1","extra_african_share"
"I4210160534","Instituto Superior Politecnico de Tete","club1","extra_african_share"
"I4210160578","Université Djilali Bounaama Khemis Miliana","club1","extra_african_share"
"I4210160828","National Institute of Public Administration","club1","extra_african_share"
"I4210160877","École Nationale Supérieure de l'Administration","club1","extra_african_share"
"I4210161365","Libyan Academy","club1","extra_african_share"
"I4210162108","Institut National des Sciences de l'Archéologie et du Patrimoine","club1","extra_african_share"
"I4210162380","École Normale Supérieure de Bouzareah Alger","club1","extra_african_share"
"I4210162553","University College of Technology","club1","extra_african_share"
"I4210162801","École de Gouvernance et d'Économie de Rabat","club1","extra_african_share"
"I4210162858","The Catholic University of Malawi","club1","extra_african_share"
"I4210163016","Namibia Institute of Pathology","club1","extra_african_share"
"I4210163438","Université de ain Témouchent","club1","extra_african_share"
"I4210163744","Sudanese Universities Information Network","club1","extra_african_share"
"I4210163774","International Crops Research Institute for the Semi-Arid Tropics","club1","extra_african_share"
"I4210164065","Université Hassan II Mohammedia","club1","extra_african_share"
"I4210164448","Universidade Lusíada de Angola","club1","extra_african_share"
"I4210164586","Université des Sciences, de Technologie et de Médecine","club1","extra_african_share"
"I4210164694","Hassiba Benbouali University of Chlef","club1","extra_african_share"
"I4210164771","Sunyani Technical University","club1","extra_african_share"
"I4210165095","Institut Supérieur de Technologie Médicale","club1","extra_african_share"
"I4210165297","Nile University of Nigeria","club1","extra_african_share"
"I4210165376","October 6 University","club1","extra_african_share"
"I4210165387","Institut Supérieur d'Etudes Sociales","club1","extra_african_share"
"I4210165434","National Telecommunications Institute","club1","extra_african_share"
"I4210165537","Kumi University","club1","extra_african_share"
"I4210165634","Africa Nazarene University","club1","extra_african_share"
"I4210165748","École Royale Navale","club1","extra_african_share"
"I4210165767","University of Gharyan","club1","extra_african_share"
"I4210165873","École Polyvalente Supérieure d'Informatique et d'Électronique","club1","extra_african_share"
"I4210166478","Université Adam Barka d'Abéché","club1","extra_african_share"
"I4210166634","École Supérieure d'Informatique Appliquée","club1","extra_african_share"
"I4210166830","University of Kalemie","club1","extra_african_share"
"I4210166886","Université Professionnelle d'Afrique","club1","extra_african_share"
"I4210167133","University of Military Science and Technology","club1","extra_african_share"
"I4210167216","École Royale de l'Air de Marrakech","club1","extra_african_share"
"I4210167265","Institut Supérieur Pédagogique Technique","club1","extra_african_share"
"I42869670","Arba Minch University","club1","extra_african_share"
"I4287427","University of Lomé","club1","extra_african_share"
"I43424612","Sadat Academy for Management Sciences","club1","extra_african_share"
"I43427933","Federal University Oye Ekiti","club1","extra_african_share"
"I43480833","Kyambogo University","club1","extra_african_share"
"I4394709192","Modern Academy for Engineering and Technology","club1","extra_african_share"
"I44738892","Joseph Sarwuan Tarka University Makurdi","club1","extra_african_share"
"I44852757","Hope University","club1","extra_african_share"
"I45230691","Ladoke Akintola University of Technology","club1","extra_african_share"
"I4537092","Addis Ababa University","club1","extra_african_share"
"I45711476","Obafemi Awolowo University","club1","extra_african_share"
"I47844","Al Akhawayn University","club1","extra_african_share"
"I47853400","Misr International University","club1","extra_african_share"
"I48615539","Université Félix Houphouët-Boigny","club1","extra_african_share"
"I50050410","French University of Egypt","club1","extra_african_share"
"I50219554","University of Laghouat","club1","extra_african_share"
"I52605992","National Open University of Nigeria","club1","extra_african_share"
"I53279716","Ahfad University for Women","club1","extra_african_share"
"I54231130","Ambrose Alli University","club1","extra_african_share"
"I54316950","University of Jendouba","club1","extra_african_share"
"I55167344","University of Kairouan","club1","extra_african_share"
"I55202024","Usmanu Danfodiyo University","club1","extra_african_share"
"I56592726","University of Technology, Mauritius","club1","extra_african_share"
"I56822791","Ghana Institute of Management and Public Administration","club1","extra_african_share"
"I57092466","Bahir Dar University","club1","extra_african_share"
"I57629906","Nile University","club1","extra_african_share"
"I59196294","University of Ngaoundéré","club1","extra_african_share"
"I59272784","Arab Academy for Science, Technology, and Maritime Transport","club1","extra_african_share"
"I60286554","Gadarif University","club1","extra_african_share"
"I60470151","Modibbo Adama University of Technology","club1","extra_african_share"
"I61869032","Ahram Canadian University","club1","extra_african_share"
"I63445334","Université de Kisangani","club1","extra_african_share"
"I63596082","Tunis El Manar University","club1","extra_african_share"
"I63601056","Menoufia University","club1","extra_african_share"
"I64032852","Pan-Atlantic University","club1","extra_african_share"
"I6406202","University of Benin","club1","extra_african_share"
"I64351976","University of Maiduguri","club1","extra_african_share"
"I64838667","Karary University","club1","extra_african_share"
"I65734018","American University of Nigeria","club1","extra_african_share"
"I66513531","Fayoum University","club1","extra_african_share"
"I68916915","University of Gabès","club1","extra_african_share"
"I69072986","University of Mauritius","club1","extra_african_share"
"I69552723","University of Pretoria","club1","extra_african_share"
"I70593384","Lead City University","club1","extra_african_share"
"I71270174","Victoria University","club1","extra_african_share"
"I72227227","Makerere University","club1","extra_african_share"
"I72235472","State University of Zanzibar","club1","extra_african_share"
"I72341686","Midlands State University","club1","extra_african_share"
"I7435137","Marien Ngouabi University","club1","extra_african_share"
"I74813324","Mekelle University","club1","extra_african_share"
"I75880681","Hassania School of Public Works","club1","extra_african_share"
"I7589121","University of Professional Studies","club1","extra_african_share"
"I76661892","Federal University of Technology Minna","club1","extra_african_share"
"I77072003","University of Kordofan","club1","extra_african_share"
"I78157869","University of Gezira","club1","extra_african_share"
"I78545622","Aksum University","club1","extra_african_share"
"I79793008","Université de Thiès","club1","extra_african_share"
"I80693520","American University in Cairo","club1","extra_african_share"
"I81433678","Sikkim Manipal University","club1","extra_african_share"
"I81605866","Sidi Mohamed Ben Abdellah University","club1","extra_african_share"
"I83259278","Manouba University","club1","extra_african_share"
"I83291730","University for Development Studies","club1","extra_african_share"
"I83332908","University of Blida","club1","extra_african_share"
"I83413266","Upper Nile University","club1","extra_african_share"
"I84058292","Helwan University","club1","extra_african_share"
"I84524832","Alexandria University","club1","extra_african_share"
"I84641585","Sokoine University of Agriculture","club1","extra_african_share"
"I84929415","University of Venda","club1","extra_african_share"
"I8636806","University of Sousse","club1","extra_african_share"
"I86539363","University of Asmara","club1","extra_african_share"
"I865572129","Adama Science and Technology University","club1","extra_african_share"
"I869660684","University of the Western Cape","club1","extra_african_share"
"I87477611","Igbinedion University","club1","extra_african_share"
"I87482320","University of Management and Technology","club1","extra_african_share"
"I876237426","Gombe State University","club1","extra_african_share"
"I8764889","University of Gondar","club1","extra_african_share"
"I88017793","Port Said University","club1","extra_african_share"
"I88132101","Masinde Muliro University of Science and Technology","club1","extra_african_share"
"I89008938","University of Eastern Africa, Baraton","club1","extra_african_share"
"I890898191","Modern Academy","club1","extra_african_share"
"I891860020","Federal University of Petroleum Resource Effurun","club1","extra_african_share"
"I894372087","Olabisi Onabanjo University","club1","extra_african_share"
"I89466785","Minia University","club1","extra_african_share"
"I895027328","October University of Modern Sciences and Arts","club1","extra_african_share"
"I898088062","Ghana Communication Technology University","club1","extra_african_share"
"I90097577","Red Sea University","club1","extra_african_share"
"I904009604","Olusegun Agagu University of Science and Technology","club1","extra_african_share"
"I90527594","Université de Nouakchott","club1","extra_african_share"
"I90546491","University of Limpopo","club1","extra_african_share"
"I907303451","Great Lakes University of Kisumu","club1","extra_african_share"
"I90978372","Mahatma Gandhi Institute","club1","extra_african_share"
"I91041137","Assiut University","club1","extra_african_share"
"I91080651","International Centre for Genetic Engineering and Biotechnology","club1","extra_african_share"
"I912052591","Open University of Tanzania","club1","extra_african_share"
"I91465866","Garden City University College","club1","extra_african_share"
"I91972364","Tai Solarin University of Education","club1","extra_african_share"
"I919958821","Bayero University Kano","club1","extra_african_share"
"I92579986","Walter Sisulu University","club1","extra_african_share"
"I92808645","Uganda Christian University","club1","extra_african_share"
"I92834545","École Supérieure de Commerce","club1","extra_african_share"
"I9353105","Sudan University of Science and Technology","club1","extra_african_share"
"I95023434","University of KwaZulu-Natal","club1","extra_african_share"
"I95541853","Hubert Kairuki Memorial University","club1","extra_african_share"
"I96576516","Rivers State University","club1","extra_african_share"
"I96823368","German University in Cairo","club1","extra_african_share"
"I97231232","Nelson Mandela African Institution of Science and Technology","club1","extra_african_share"
"I9729102","Salem University","club1","extra_african_share"
"I97455420","Sohag University","club1","extra_african_share"
"I98220444","Michael Okpara University of Agriculture","club1","extra_african_share"
"I98243723","Kwara State University","club1","extra_african_share"
"I98358874","University of Technology","club1","extra_african_share"
"I98962006","University of Skikda","club1","extra_african_share"
"I99296679","Sirte University","club1","extra_african_share"
"I99297268","University of Hassan II Casablanca","club1","extra_african_share"
"I99542240","Akademia","club1","extra_african_share"
"I99712911","Nelson Mandela University","club1","extra_african_share"
