inst_id,year,n_publications
I4210130929,2006,5
I4210130929,2007,6
I4210130929,2008,6
I4210130929,2009,9
I4210130929,2010,11
I4210130929,2011,14
I4210130929,2012,15
I4210130929,2013,22
I4210130929,2014,37
I4210130929,2015,49
I4210130929,2016,54
I4210130929,2017,75
I4210130929,2018,102
I4210130929,2019,100
I4210130929,2020,119
I4210130929,2021,146
I4210130929,2022,167
I4210130929,2023,193
I4210130929,2024,252
I4210130929,2025,336
I4210130929,2026,142
I240042149,2006,57
I240042149,2007,77
I240042149,2008,75
I240042149,2009,93
I240042149,2010,100
I240042149,2011,102
I240042149,2012,148
I240042149,2013,176
I240042149,2014,231
I240042149,2015,265
I240042149,2016,369
I240042149,2017,457
I240042149,2018,523
I240042149,2019,670
I240042149,2020,832
I240042149,2021,958
I240042149,2022,1156
I240042149,2023,1529
I240042149,2024,1794
I240042149,2025,1909
I240042149,2026,873
I4405257764,2006,0
I4405257764,2007,0
I4405257764,2008,0
I4405257764,2009,0
I4405257764,2010,0
I4405257764,2011,0
I4405257764,2012,0
I4405257764,2013,0
I4405257764,2014,0
I4405257764,2015,0
I4405257764,2016,0
I4405257764,2017,0
I4405257764,2018,0
I4405257764,2019,0
I4405257764,2020,0
I4405257764,2021,0
I4405257764,2022,0
I4405257764,2023,0
I4405257764,2024,0
I4405257764,2025,0
I4405257764,2026,0
I100352790,2006,33
I100352790,2007,39
I100352790,2008,35
I100352790,2009,25
I100352790,2010,44
I100352790,2011,59
I100352790,2012,52
I100352790,2013,92
I100352790,2014,133
I100352790,2015,124
I100352790,2016,126
I100352790,2017,159
I100352790,2018,202
I100352790,2019,252
I100352790,2020,296
I100352790,2021,251
I100352790,2022,362
I100352790,2023,327
I100352790,2024,324
I100352790,2025,578
I100352790,2026,349
I4210161785,2006,58
I4210161785,2007,104
I4210161785,2008,28
I4210161785,2009,18
I4210161785,2010,12
I4210161785,2011,17
I4210161785,2012,7
I4210161785,2013,21
I4210161785,2014,28
I4210161785,2015,20
I4210161785,2016,25
I4210161785,2017,21
I4210161785,2018,27
I4210161785,2019,78
I4210161785,2020,180
I4210161785,2021,167
I4210161785,2022,171
I4210161785,2023,280
I4210161785,2024,349
I4210161785,2025,326
I4210161785,2026,130
I4210130625,2006,0
I4210130625,2007,0
I4210130625,2008,1
I4210130625,2009,1
I4210130625,2010,0
I4210130625,2011,1
I4210130625,2012,1
I4210130625,2013,0
I4210130625,2014,0
I4210130625,2015,2
I4210130625,2016,1
I4210130625,2017,0
I4210130625,2018,0
I4210130625,2019,0
I4210130625,2020,1
I4210130625,2021,1
I4210130625,2022,2
I4210130625,2023,0
I4210130625,2024,0
I4210130625,2025,3
I4210130625,2026,1
I4405266575,2006,0
I4405266575,2007,0
I4405266575,2008,0
I4405266575,2009,0
I4405266575,2010,0
I4405266575,2011,0
I4405266575,2012,0
I4405266575,2013,0
I4405266575,2014,0
I4405266575,2015,0
I4405266575,2016,0
I4405266575,2017,0
I4405266575,2018,0
I4405266575,2019,0
I4405266575,2020,0
I4405266575,2021,0
I4405266575,2022,0
I4405266575,2023,0
I4405266575,2024,0
I4405266575,2025,0
I4405266575,2026,0
I4210140896,2006,1
I4210140896,2007,2
I4210140896,2008,6
I4210140896,2009,5
I4210140896,2010,5
I4210140896,2011,11
I4210140896,2012,8
I4210140896,2013,13
I4210140896,2014,7
I4210140896,2015,8
I4210140896,2016,15
I4210140896,2017,14
I4210140896,2018,15
I4210140896,2019,15
I4210140896,2020,12
I4210140896,2021,22
I4210140896,2022,27
I4210140896,2023,22
I4210140896,2024,43
I4210140896,2025,54
I4210140896,2026,46
I169864488,2006,29
I169864488,2007,16
I169864488,2008,14
I169864488,2009,24
I169864488,2010,48
I169864488,2011,82
I169864488,2012,68
I169864488,2013,87
I169864488,2014,132
I169864488,2015,159
I169864488,2016,139
I169864488,2017,181
I169864488,2018,284
I169864488,2019,321
I169864488,2020,405
I169864488,2021,471
I169864488,2022,464
I169864488,2023,530
I169864488,2024,580
I169864488,2025,553
I169864488,2026,249
I4210134055,2006,0
I4210134055,2007,0
I4210134055,2008,0
I4210134055,2009,0
I4210134055,2010,0
I4210134055,2011,0
I4210134055,2012,0
I4210134055,2013,0
I4210134055,2014,0
I4210134055,2015,0
I4210134055,2016,1
I4210134055,2017,3
I4210134055,2018,2
I4210134055,2019,6
I4210134055,2020,7
I4210134055,2021,49
I4210134055,2022,16
I4210134055,2023,27
I4210134055,2024,21
I4210134055,2025,18
I4210134055,2026,6
I1328943360,2006,3
I1328943360,2007,10
I1328943360,2008,20
I1328943360,2009,22
I1328943360,2010,50
I1328943360,2011,65
I1328943360,2012,95
I1328943360,2013,144
I1328943360,2014,129
I1328943360,2015,179
I1328943360,2016,219
I1328943360,2017,217
I1328943360,2018,316
I1328943360,2019,228
I1328943360,2020,151
I1328943360,2021,138
I1328943360,2022,116
I1328943360,2023,96
I1328943360,2024,84
I1328943360,2025,48
I1328943360,2026,24
I4210131124,2006,5
I4210131124,2007,4
I4210131124,2008,2
I4210131124,2009,3
I4210131124,2010,4
I4210131124,2011,1
I4210131124,2012,5
I4210131124,2013,9
I4210131124,2014,3
I4210131124,2015,4
I4210131124,2016,7
I4210131124,2017,3
I4210131124,2018,4
I4210131124,2019,6
I4210131124,2020,7
I4210131124,2021,2
I4210131124,2022,3
I4210131124,2023,9
I4210131124,2024,11
I4210131124,2025,1
I4210131124,2026,1
I1322597698,2006,84
I1322597698,2007,90
I1322597698,2008,125
I1322597698,2009,125
I1322597698,2010,165
I1322597698,2011,195
I1322597698,2012,250
I1322597698,2013,250
I1322597698,2014,242
I1322597698,2015,219
I1322597698,2016,198
I1322597698,2017,258
I1322597698,2018,242
I1322597698,2019,275
I1322597698,2020,290
I1322597698,2021,278
I1322597698,2022,199
I1322597698,2023,263
I1322597698,2024,200
I1322597698,2025,231
I1322597698,2026,179
I2800664390,2006,3
I2800664390,2007,1
I2800664390,2008,0
I2800664390,2009,3
I2800664390,2010,5
I2800664390,2011,1
I2800664390,2012,2
I2800664390,2013,1
I2800664390,2014,1
I2800664390,2015,4
I2800664390,2016,3
I2800664390,2017,5
I2800664390,2018,0
I2800664390,2019,3
I2800664390,2020,4
I2800664390,2021,6
I2800664390,2022,2
I2800664390,2023,10
I2800664390,2024,7
I2800664390,2025,13
I2800664390,2026,5
I3129459759,2006,3
I3129459759,2007,2
I3129459759,2008,2
I3129459759,2009,1
I3129459759,2010,2
I3129459759,2011,1
I3129459759,2012,3
I3129459759,2013,2
I3129459759,2014,18
I3129459759,2015,8
I3129459759,2016,4
I3129459759,2017,1
I3129459759,2018,15
I3129459759,2019,8
I3129459759,2020,20
I3129459759,2021,21
I3129459759,2022,34
I3129459759,2023,54
I3129459759,2024,59
I3129459759,2025,71
I3129459759,2026,28
I24835296,2006,37
I24835296,2007,34
I24835296,2008,61
I24835296,2009,50
I24835296,2010,38
I24835296,2011,38
I24835296,2012,34
I24835296,2013,59
I24835296,2014,55
I24835296,2015,36
I24835296,2016,27
I24835296,2017,26
I24835296,2018,38
I24835296,2019,38
I24835296,2020,90
I24835296,2021,74
I24835296,2022,108
I24835296,2023,145
I24835296,2024,185
I24835296,2025,218
I24835296,2026,136
I3130155654,2006,0
I3130155654,2007,2
I3130155654,2008,2
I3130155654,2009,1
I3130155654,2010,1
I3130155654,2011,4
I3130155654,2012,2
I3130155654,2013,13
I3130155654,2014,27
I3130155654,2015,12
I3130155654,2016,25
I3130155654,2017,23
I3130155654,2018,34
I3130155654,2019,53
I3130155654,2020,62
I3130155654,2021,82
I3130155654,2022,90
I3130155654,2023,119
I3130155654,2024,135
I3130155654,2025,216
I3130155654,2026,101
I4405261048,2006,0
I4405261048,2007,0
I4405261048,2008,0
I4405261048,2009,0
I4405261048,2010,0
I4405261048,2011,0
I4405261048,2012,0
I4405261048,2013,0
I4405261048,2014,0
I4405261048,2015,0
I4405261048,2016,0
I4405261048,2017,0
I4405261048,2018,0
I4405261048,2019,0
I4405261048,2020,0
I4405261048,2021,0
I4405261048,2022,0
I4405261048,2023,0
I4405261048,2024,0
I4405261048,2025,0
I4405261048,2026,0
I865572129,2006,26
I865572129,2007,55
I865572129,2008,42
I865572129,2009,41
I865572129,2010,36
I865572129,2011,38
I865572129,2012,46
I865572129,2013,63
I865572129,2014,93
I865572129,2015,59
I865572129,2016,83
I865572129,2017,84
I865572129,2018,119
I865572129,2019,217
I865572129,2020,347
I865572129,2021,525
I865572129,2022,623
I865572129,2023,687
I865572129,2024,743
I865572129,2025,692
I865572129,2026,299
I106980716,2006,6
I106980716,2007,9
I106980716,2008,4
I106980716,2009,3
I106980716,2010,12
I106980716,2011,13
I106980716,2012,13
I106980716,2013,35
I106980716,2014,39
I106980716,2015,40
I106980716,2016,54
I106980716,2017,77
I106980716,2018,132
I106980716,2019,115
I106980716,2020,131
I106980716,2021,117
I106980716,2022,108
I106980716,2023,108
I106980716,2024,116
I106980716,2025,184
I106980716,2026,143
I4210129636,2006,29
I4210129636,2007,29
I4210129636,2008,48
I4210129636,2009,33
I4210129636,2010,41
I4210129636,2011,42
I4210129636,2012,39
I4210129636,2013,58
I4210129636,2014,77
I4210129636,2015,59
I4210129636,2016,51
I4210129636,2017,95
I4210129636,2018,97
I4210129636,2019,313
I4210129636,2020,270
I4210129636,2021,406
I4210129636,2022,594
I4210129636,2023,549
I4210129636,2024,693
I4210129636,2025,715
I4210129636,2026,347
I4537092,2006,282
I4537092,2007,386
I4537092,2008,342
I4537092,2009,371
I4537092,2010,485
I4537092,2011,642
I4537092,2012,620
I4537092,2013,663
I4537092,2014,1103
I4537092,2015,1266
I4537092,2016,1280
I4537092,2017,1754
I4537092,2018,1982
I4537092,2019,2273
I4537092,2020,2234
I4537092,2021,2529
I4537092,2022,3032
I4537092,2023,3037
I4537092,2024,3260
I4537092,2025,3083
I4537092,2026,1440
I28653996,2006,33
I28653996,2007,27
I28653996,2008,22
I28653996,2009,32
I28653996,2010,54
I28653996,2011,100
I28653996,2012,117
I28653996,2013,167
I28653996,2014,187
I28653996,2015,184
I28653996,2016,173
I28653996,2017,210
I28653996,2018,243
I28653996,2019,353
I28653996,2020,529
I28653996,2021,567
I28653996,2022,591
I28653996,2023,574
I28653996,2024,562
I28653996,2025,687
I28653996,2026,380
I2799835767,2006,0
I2799835767,2007,3
I2799835767,2008,0
I2799835767,2009,3
I2799835767,2010,3
I2799835767,2011,0
I2799835767,2012,5
I2799835767,2013,4
I2799835767,2014,7
I2799835767,2015,8
I2799835767,2016,6
I2799835767,2017,19
I2799835767,2018,45
I2799835767,2019,69
I2799835767,2020,108
I2799835767,2021,148
I2799835767,2022,158
I2799835767,2023,240
I2799835767,2024,238
I2799835767,2025,268
I2799835767,2026,110
I3132429795,2006,1
I3132429795,2007,0
I3132429795,2008,0
I3132429795,2009,2
I3132429795,2010,1
I3132429795,2011,1
I3132429795,2012,0
I3132429795,2013,8
I3132429795,2014,31
I3132429795,2015,58
I3132429795,2016,37
I3132429795,2017,43
I3132429795,2018,57
I3132429795,2019,115
I3132429795,2020,210
I3132429795,2021,96
I3132429795,2022,72
I3132429795,2023,116
I3132429795,2024,173
I3132429795,2025,149
I3132429795,2026,93
I4210121139,2006,0
I4210121139,2007,0
I4210121139,2008,0
I4210121139,2009,1
I4210121139,2010,1
I4210121139,2011,0
I4210121139,2012,0
I4210121139,2013,1
I4210121139,2014,1
I4210121139,2015,1
I4210121139,2016,1
I4210121139,2017,0
I4210121139,2018,1
I4210121139,2019,1
I4210121139,2020,3
I4210121139,2021,2
I4210121139,2022,5
I4210121139,2023,4
I4210121139,2024,7
I4210121139,2025,8
I4210121139,2026,3
I4405255364,2006,0
I4405255364,2007,0
I4405255364,2008,0
I4405255364,2009,0
I4405255364,2010,0
I4405255364,2011,0
I4405255364,2012,0
I4405255364,2013,0
I4405255364,2014,0
I4405255364,2015,0
I4405255364,2016,0
I4405255364,2017,0
I4405255364,2018,0
I4405255364,2019,0
I4405255364,2020,0
I4405255364,2021,0
I4405255364,2022,0
I4405255364,2023,0
I4405255364,2024,0
I4405255364,2025,0
I4405255364,2026,0
I4210155196,2006,0
I4210155196,2007,0
I4210155196,2008,0
I4210155196,2009,0
I4210155196,2010,0
I4210155196,2011,0
I4210155196,2012,0
I4210155196,2013,1
I4210155196,2014,1
I4210155196,2015,1
I4210155196,2016,1
I4210155196,2017,0
I4210155196,2018,3
I4210155196,2019,2
I4210155196,2020,4
I4210155196,2021,0
I4210155196,2022,1
I4210155196,2023,5
I4210155196,2024,6
I4210155196,2025,9
I4210155196,2026,6
I2799887408,2006,0
I2799887408,2007,0
I2799887408,2008,1
I2799887408,2009,0
I2799887408,2010,0
I2799887408,2011,0
I2799887408,2012,0
I2799887408,2013,1
I2799887408,2014,1
I2799887408,2015,2
I2799887408,2016,3
I2799887408,2017,3
I2799887408,2018,3
I2799887408,2019,10
I2799887408,2020,12
I2799887408,2021,16
I2799887408,2022,33
I2799887408,2023,41
I2799887408,2024,35
I2799887408,2025,48
I2799887408,2026,8
I3132105718,2006,2
I3132105718,2007,0
I3132105718,2008,0
I3132105718,2009,1
I3132105718,2010,1
I3132105718,2011,2
I3132105718,2012,0
I3132105718,2013,1
I3132105718,2014,1
I3132105718,2015,2
I3132105718,2016,2
I3132105718,2017,7
I3132105718,2018,2
I3132105718,2019,3
I3132105718,2020,8
I3132105718,2021,8
I3132105718,2022,16
I3132105718,2023,11
I3132105718,2024,19
I3132105718,2025,34
I3132105718,2026,20
I4210155251,2006,0
I4210155251,2007,0
I4210155251,2008,0
I4210155251,2009,1
I4210155251,2010,0
I4210155251,2011,0
I4210155251,2012,0
I4210155251,2013,2
I4210155251,2014,4
I4210155251,2015,3
I4210155251,2016,5
I4210155251,2017,1
I4210155251,2018,0
I4210155251,2019,8
I4210155251,2020,8
I4210155251,2021,5
I4210155251,2022,3
I4210155251,2023,4
I4210155251,2024,6
I4210155251,2025,8
I4210155251,2026,6
I29787537,2006,0
I29787537,2007,5
I29787537,2008,2
I29787537,2009,3
I29787537,2010,2
I29787537,2011,17
I29787537,2012,15
I29787537,2013,88
I29787537,2014,128
I29787537,2015,129
I29787537,2016,152
I29787537,2017,235
I29787537,2018,280
I29787537,2019,317
I29787537,2020,373
I29787537,2021,521
I29787537,2022,683
I29787537,2023,958
I29787537,2024,1100
I29787537,2025,861
I29787537,2026,428
I2802393258,2006,7
I2802393258,2007,14
I2802393258,2008,15
I2802393258,2009,22
I2802393258,2010,13
I2802393258,2011,14
I2802393258,2012,17
I2802393258,2013,18
I2802393258,2014,20
I2802393258,2015,178
I2802393258,2016,222
I2802393258,2017,201
I2802393258,2018,265
I2802393258,2019,276
I2802393258,2020,408
I2802393258,2021,589
I2802393258,2022,591
I2802393258,2023,706
I2802393258,2024,802
I2802393258,2025,855
I2802393258,2026,396
I2800483928,2006,2
I2800483928,2007,3
I2800483928,2008,6
I2800483928,2009,1
I2800483928,2010,5
I2800483928,2011,2
I2800483928,2012,11
I2800483928,2013,1
I2800483928,2014,1
I2800483928,2015,8
I2800483928,2016,8
I2800483928,2017,10
I2800483928,2018,23
I2800483928,2019,36
I2800483928,2020,46
I2800483928,2021,73
I2800483928,2022,55
I2800483928,2023,64
I2800483928,2024,87
I2800483928,2025,133
I2800483928,2026,32
I4210165634,2006,1
I4210165634,2007,2
I4210165634,2008,6
I4210165634,2009,4
I4210165634,2010,5
I4210165634,2011,9
I4210165634,2012,5
I4210165634,2013,4
I4210165634,2014,12
I4210165634,2015,13
I4210165634,2016,18
I4210165634,2017,22
I4210165634,2018,24
I4210165634,2019,18
I4210165634,2020,23
I4210165634,2021,21
I4210165634,2022,44
I4210165634,2023,26
I4210165634,2024,18
I4210165634,2025,29
I4210165634,2026,12
I165390105,2006,348
I165390105,2007,324
I165390105,2008,449
I165390105,2009,485
I165390105,2010,727
I165390105,2011,996
I165390105,2012,1327
I165390105,2013,1556
I165390105,2014,1828
I165390105,2015,1843
I165390105,2016,1984
I165390105,2017,2121
I165390105,2018,1923
I165390105,2019,2329
I165390105,2020,2610
I165390105,2021,2788
I165390105,2022,3082
I165390105,2023,3427
I165390105,2024,4147
I165390105,2025,4597
I165390105,2026,2226
I4210110684,2006,0
I4210110684,2007,0
I4210110684,2008,0
I4210110684,2009,0
I4210110684,2010,0
I4210110684,2011,0
I4210110684,2012,0
I4210110684,2013,0
I4210110684,2014,0
I4210110684,2015,1
I4210110684,2016,0
I4210110684,2017,0
I4210110684,2018,1
I4210110684,2019,0
I4210110684,2020,2
I4210110684,2021,0
I4210110684,2022,1
I4210110684,2023,0
I4210110684,2024,3
I4210110684,2025,10
I4210110684,2026,8
I148561064,2006,80
I148561064,2007,63
I148561064,2008,84
I148561064,2009,96
I148561064,2010,100
I148561064,2011,95
I148561064,2012,111
I148561064,2013,131
I148561064,2014,167
I148561064,2015,127
I148561064,2016,156
I148561064,2017,101
I148561064,2018,91
I148561064,2019,103
I148561064,2020,118
I148561064,2021,112
I148561064,2022,92
I148561064,2023,104
I148561064,2024,112
I148561064,2025,120
I148561064,2026,67
I2799873615,2006,1
I2799873615,2007,1
I2799873615,2008,1
I2799873615,2009,3
I2799873615,2010,9
I2799873615,2011,26
I2799873615,2012,29
I2799873615,2013,38
I2799873615,2014,82
I2799873615,2015,82
I2799873615,2016,31
I2799873615,2017,31
I2799873615,2018,56
I2799873615,2019,71
I2799873615,2020,103
I2799873615,2021,139
I2799873615,2022,99
I2799873615,2023,96
I2799873615,2024,107
I2799873615,2025,124
I2799873615,2026,58
I4210121797,2006,118
I4210121797,2007,110
I4210121797,2008,95
I4210121797,2009,101
I4210121797,2010,89
I4210121797,2011,85
I4210121797,2012,126
I4210121797,2013,97
I4210121797,2014,162
I4210121797,2015,49
I4210121797,2016,15
I4210121797,2017,26
I4210121797,2018,23
I4210121797,2019,27
I4210121797,2020,30
I4210121797,2021,40
I4210121797,2022,30
I4210121797,2023,30
I4210121797,2024,81
I4210121797,2025,245
I4210121797,2026,129
I4405266581,2006,0
I4405266581,2007,0
I4405266581,2008,0
I4405266581,2009,0
I4405266581,2010,0
I4405266581,2011,0
I4405266581,2012,0
I4405266581,2013,0
I4405266581,2014,0
I4405266581,2015,0
I4405266581,2016,0
I4405266581,2017,0
I4405266581,2018,0
I4405266581,2019,0
I4405266581,2020,0
I4405266581,2021,0
I4405266581,2022,0
I4405266581,2023,0
I4405266581,2024,0
I4405266581,2025,0
I4405266581,2026,0
I4210113241,2006,0
I4210113241,2007,0
I4210113241,2008,0
I4210113241,2009,0
I4210113241,2010,0
I4210113241,2011,1
I4210113241,2012,0
I4210113241,2013,1
I4210113241,2014,1
I4210113241,2015,0
I4210113241,2016,0
I4210113241,2017,0
I4210113241,2018,1
I4210113241,2019,3
I4210113241,2020,0
I4210113241,2021,0
I4210113241,2022,7
I4210113241,2023,16
I4210113241,2024,14
I4210113241,2025,11
I4210113241,2026,10
I4405259820,2006,0
I4405259820,2007,0
I4405259820,2008,0
I4405259820,2009,0
I4405259820,2010,0
I4405259820,2011,0
I4405259820,2012,0
I4405259820,2013,0
I4405259820,2014,0
I4405259820,2015,0
I4405259820,2016,0
I4405259820,2017,0
I4405259820,2018,0
I4405259820,2019,0
I4405259820,2020,0
I4405259820,2021,0
I4405259820,2022,0
I4405259820,2023,0
I4405259820,2024,0
I4405259820,2025,0
I4405259820,2026,0
I3132520537,2006,0
I3132520537,2007,0
I3132520537,2008,0
I3132520537,2009,0
I3132520537,2010,0
I3132520537,2011,1
I3132520537,2012,0
I3132520537,2013,1
I3132520537,2014,0
I3132520537,2015,1
I3132520537,2016,2
I3132520537,2017,0
I3132520537,2018,0
I3132520537,2019,0
I3132520537,2020,3
I3132520537,2021,0
I3132520537,2022,0
I3132520537,2023,1
I3132520537,2024,4
I3132520537,2025,7
I3132520537,2026,0
I2803027104,2006,1
I2803027104,2007,2
I2803027104,2008,2
I2803027104,2009,2
I2803027104,2010,2
I2803027104,2011,2
I2803027104,2012,1
I2803027104,2013,5
I2803027104,2014,3
I2803027104,2015,10
I2803027104,2016,5
I2803027104,2017,5
I2803027104,2018,5
I2803027104,2019,6
I2803027104,2020,7
I2803027104,2021,12
I2803027104,2022,6
I2803027104,2023,20
I2803027104,2024,27
I2803027104,2025,46
I2803027104,2026,27
I2801972722,2006,0
I2801972722,2007,2
I2801972722,2008,0
I2801972722,2009,0
I2801972722,2010,1
I2801972722,2011,1
I2801972722,2012,1
I2801972722,2013,0
I2801972722,2014,0
I2801972722,2015,1
I2801972722,2016,0
I2801972722,2017,2
I2801972722,2018,1
I2801972722,2019,1
I2801972722,2020,0
I2801972722,2021,0
I2801972722,2022,0
I2801972722,2023,6
I2801972722,2024,3
I2801972722,2025,5
I2801972722,2026,5
I4405258014,2006,0
I4405258014,2007,0
I4405258014,2008,0
I4405258014,2009,0
I4405258014,2010,0
I4405258014,2011,0
I4405258014,2012,0
I4405258014,2013,0
I4405258014,2014,0
I4405258014,2015,0
I4405258014,2016,0
I4405258014,2017,0
I4405258014,2018,0
I4405258014,2019,0
I4405258014,2020,0
I4405258014,2021,0
I4405258014,2022,0
I4405258014,2023,0
I4405258014,2024,0
I4405258014,2025,0
I4405258014,2026,0
I4403928187,2006,0
I4403928187,2007,0
I4403928187,2008,0
I4403928187,2009,0
I4403928187,2010,0
I4403928187,2011,0
I4403928187,2012,0
I4403928187,2013,0
I4403928187,2014,0
I4403928187,2015,0
I4403928187,2016,0
I4403928187,2017,0
I4403928187,2018,0
I4403928187,2019,0
I4403928187,2020,0
I4403928187,2021,0
I4403928187,2022,1
I4403928187,2023,0
I4403928187,2024,3
I4403928187,2025,2
I4403928187,2026,1
I118185606,2006,231
I118185606,2007,213
I118185606,2008,246
I118185606,2009,289
I118185606,2010,314
I118185606,2011,394
I118185606,2012,368
I118185606,2013,390
I118185606,2014,451
I118185606,2015,462
I118185606,2016,557
I118185606,2017,484
I118185606,2018,551
I118185606,2019,592
I118185606,2020,999
I118185606,2021,1063
I118185606,2022,1036
I118185606,2023,1088
I118185606,2024,1311
I118185606,2025,1359
I118185606,2026,575
I4210108070,2006,0
I4210108070,2007,4
I4210108070,2008,26
I4210108070,2009,20
I4210108070,2010,33
I4210108070,2011,51
I4210108070,2012,37
I4210108070,2013,51
I4210108070,2014,56
I4210108070,2015,49
I4210108070,2016,87
I4210108070,2017,99
I4210108070,2018,113
I4210108070,2019,136
I4210108070,2020,215
I4210108070,2021,210
I4210108070,2022,278
I4210108070,2023,300
I4210108070,2024,372
I4210108070,2025,467
I4210108070,2026,205
I4405260173,2006,0
I4405260173,2007,0
I4405260173,2008,0
I4405260173,2009,0
I4405260173,2010,0
I4405260173,2011,0
I4405260173,2012,0
I4405260173,2013,0
I4405260173,2014,0
I4405260173,2015,0
I4405260173,2016,0
I4405260173,2017,0
I4405260173,2018,0
I4405260173,2019,0
I4405260173,2020,0
I4405260173,2021,0
I4405260173,2022,0
I4405260173,2023,0
I4405260173,2024,0
I4405260173,2025,0
I4405260173,2026,0
I4210098501,2006,0
I4210098501,2007,0
I4210098501,2008,0
I4210098501,2009,0
I4210098501,2010,0
I4210098501,2011,0
I4210098501,2012,0
I4210098501,2013,0
I4210098501,2014,0
I4210098501,2015,0
I4210098501,2016,0
I4210098501,2017,0
I4210098501,2018,1
I4210098501,2019,0
I4210098501,2020,0
I4210098501,2021,0
I4210098501,2022,0
I4210098501,2023,1
I4210098501,2024,0
I4210098501,2025,0
I4210098501,2026,0
I3131883934,2006,21
I3131883934,2007,24
I3131883934,2008,30
I3131883934,2009,41
I3131883934,2010,43
I3131883934,2011,46
I3131883934,2012,68
I3131883934,2013,84
I3131883934,2014,208
I3131883934,2015,156
I3131883934,2016,164
I3131883934,2017,188
I3131883934,2018,175
I3131883934,2019,234
I3131883934,2020,424
I3131883934,2021,502
I3131883934,2022,488
I3131883934,2023,382
I3131883934,2024,385
I3131883934,2025,603
I3131883934,2026,166
I53279716,2006,7
I53279716,2007,9
I53279716,2008,6
I53279716,2009,9
I53279716,2010,6
I53279716,2011,16
I53279716,2012,14
I53279716,2013,28
I53279716,2014,23
I53279716,2015,24
I53279716,2016,34
I53279716,2017,27
I53279716,2018,17
I53279716,2019,43
I53279716,2020,74
I53279716,2021,60
I53279716,2022,77
I53279716,2023,60
I53279716,2024,91
I53279716,2025,107
I53279716,2026,46
I12789410,2006,196
I12789410,2007,129
I12789410,2008,191
I12789410,2009,185
I12789410,2010,370
I12789410,2011,372
I12789410,2012,431
I12789410,2013,566
I12789410,2014,731
I12789410,2015,657
I12789410,2016,706
I12789410,2017,830
I12789410,2018,971
I12789410,2019,1156
I12789410,2020,1619
I12789410,2021,1738
I12789410,2022,1590
I12789410,2023,1715
I12789410,2024,1545
I12789410,2025,1807
I12789410,2026,816
I22223346,2006,3
I22223346,2007,5
I22223346,2008,6
I22223346,2009,7
I22223346,2010,10
I22223346,2011,15
I22223346,2012,20
I22223346,2013,31
I22223346,2014,28
I22223346,2015,37
I22223346,2016,52
I22223346,2017,81
I22223346,2018,95
I22223346,2019,140
I22223346,2020,175
I22223346,2021,186
I22223346,2022,190
I22223346,2023,249
I22223346,2024,244
I22223346,2025,245
I22223346,2026,102
I4210153799,2006,0
I4210153799,2007,1
I4210153799,2008,1
I4210153799,2009,3
I4210153799,2010,1
I4210153799,2011,3
I4210153799,2012,11
I4210153799,2013,9
I4210153799,2014,11
I4210153799,2015,20
I4210153799,2016,27
I4210153799,2017,34
I4210153799,2018,59
I4210153799,2019,70
I4210153799,2020,121
I4210153799,2021,109
I4210153799,2022,131
I4210153799,2023,130
I4210153799,2024,181
I4210153799,2025,177
I4210153799,2026,74
I61869032,2006,1
I61869032,2007,0
I61869032,2008,1
I61869032,2009,6
I61869032,2010,4
I61869032,2011,7
I61869032,2012,6
I61869032,2013,23
I61869032,2014,19
I61869032,2015,21
I61869032,2016,23
I61869032,2017,50
I61869032,2018,99
I61869032,2019,96
I61869032,2020,94
I61869032,2021,168
I61869032,2022,208
I61869032,2023,250
I61869032,2024,311
I61869032,2025,287
I61869032,2026,132
I4405261291,2006,0
I4405261291,2007,0
I4405261291,2008,0
I4405261291,2009,0
I4405261291,2010,0
I4405261291,2011,0
I4405261291,2012,0
I4405261291,2013,0
I4405261291,2014,0
I4405261291,2015,0
I4405261291,2016,0
I4405261291,2017,0
I4405261291,2018,0
I4405261291,2019,0
I4405261291,2020,0
I4405261291,2021,0
I4405261291,2022,0
I4405261291,2023,0
I4405261291,2024,0
I4405261291,2025,0
I4405261291,2026,0
I107720978,2006,681
I107720978,2007,737
I107720978,2008,840
I107720978,2009,1067
I107720978,2010,1208
I107720978,2011,1365
I107720978,2012,1691
I107720978,2013,1976
I107720978,2014,2293
I107720978,2015,2603
I107720978,2016,2936
I107720978,2017,3364
I107720978,2018,4366
I107720978,2019,4484
I107720978,2020,5618
I107720978,2021,6475
I107720978,2022,6242
I107720978,2023,6790
I107720978,2024,7750
I107720978,2025,5864
I107720978,2026,2325
I4405252852,2006,0
I4405252852,2007,0
I4405252852,2008,0
I4405252852,2009,0
I4405252852,2010,0
I4405252852,2011,0
I4405252852,2012,0
I4405252852,2013,0
I4405252852,2014,0
I4405252852,2015,0
I4405252852,2016,0
I4405252852,2017,0
I4405252852,2018,0
I4405252852,2019,0
I4405252852,2020,0
I4405252852,2021,0
I4405252852,2022,0
I4405252852,2023,0
I4405252852,2024,0
I4405252852,2025,0
I4405252852,2026,0
I37490319,2006,1
I37490319,2007,2
I37490319,2008,1
I37490319,2009,4
I37490319,2010,8
I37490319,2011,15
I37490319,2012,11
I37490319,2013,10
I37490319,2014,30
I37490319,2015,19
I37490319,2016,16
I37490319,2017,14
I37490319,2018,27
I37490319,2019,37
I37490319,2020,52
I37490319,2021,88
I37490319,2022,118
I37490319,2023,194
I37490319,2024,170
I37490319,2025,289
I37490319,2026,150
I99542240,2006,3139
I99542240,2007,2844
I99542240,2008,3014
I99542240,2009,3302
I99542240,2010,3133
I99542240,2011,3314
I99542240,2012,3477
I99542240,2013,4090
I99542240,2014,4389
I99542240,2015,4667
I99542240,2016,5316
I99542240,2017,4838
I99542240,2018,4941
I99542240,2019,5067
I99542240,2020,6046
I99542240,2021,6365
I99542240,2022,5813
I99542240,2023,6161
I99542240,2024,5540
I99542240,2025,4833
I99542240,2026,2104
I4210137511,2006,0
I4210137511,2007,0
I4210137511,2008,0
I4210137511,2009,1
I4210137511,2010,3
I4210137511,2011,0
I4210137511,2012,4
I4210137511,2013,5
I4210137511,2014,4
I4210137511,2015,2
I4210137511,2016,1
I4210137511,2017,9
I4210137511,2018,6
I4210137511,2019,8
I4210137511,2020,4
I4210137511,2021,9
I4210137511,2022,4
I4210137511,2023,6
I4210137511,2024,12
I4210137511,2025,10
I4210137511,2026,5
I4210127704,2006,4
I4210127704,2007,0
I4210127704,2008,3
I4210127704,2009,9
I4210127704,2010,3
I4210127704,2011,0
I4210127704,2012,5
I4210127704,2013,6
I4210127704,2014,5
I4210127704,2015,5
I4210127704,2016,15
I4210127704,2017,22
I4210127704,2018,35
I4210127704,2019,14
I4210127704,2020,18
I4210127704,2021,17
I4210127704,2022,13
I4210127704,2023,25
I4210127704,2024,9
I4210127704,2025,8
I4210127704,2026,9
I4210167020,2006,0
I4210167020,2007,0
I4210167020,2008,0
I4210167020,2009,0
I4210167020,2010,0
I4210167020,2011,0
I4210167020,2012,0
I4210167020,2013,0
I4210167020,2014,0
I4210167020,2015,0
I4210167020,2016,0
I4210167020,2017,1
I4210167020,2018,0
I4210167020,2019,1
I4210167020,2020,0
I4210167020,2021,0
I4210167020,2022,0
I4210167020,2023,0
I4210167020,2024,0
I4210167020,2025,2
I4210167020,2026,2
I4210123141,2006,0
I4210123141,2007,0
I4210123141,2008,0
I4210123141,2009,0
I4210123141,2010,0
I4210123141,2011,0
I4210123141,2012,0
I4210123141,2013,0
I4210123141,2014,0
I4210123141,2015,0
I4210123141,2016,3
I4210123141,2017,1
I4210123141,2018,2
I4210123141,2019,3
I4210123141,2020,11
I4210123141,2021,11
I4210123141,2022,7
I4210123141,2023,11
I4210123141,2024,6
I4210123141,2025,9
I4210123141,2026,5
I78545622,2006,1
I78545622,2007,0
I78545622,2008,2
I78545622,2009,0
I78545622,2010,2
I78545622,2011,6
I78545622,2012,7
I78545622,2013,19
I78545622,2014,33
I78545622,2015,33
I78545622,2016,32
I78545622,2017,61
I78545622,2018,93
I78545622,2019,189
I78545622,2020,220
I78545622,2021,125
I78545622,2022,57
I78545622,2023,170
I78545622,2024,235
I78545622,2025,266
I78545622,2026,113
I4405264861,2006,0
I4405264861,2007,0
I4405264861,2008,0
I4405264861,2009,0
I4405264861,2010,0
I4405264861,2011,0
I4405264861,2012,0
I4405264861,2013,0
I4405264861,2014,0
I4405264861,2015,0
I4405264861,2016,0
I4405264861,2017,0
I4405264861,2018,0
I4405264861,2019,0
I4405264861,2020,0
I4405264861,2021,0
I4405264861,2022,0
I4405264861,2023,0
I4405264861,2024,0
I4405264861,2025,0
I4405264861,2026,0
I127206278,2006,1
I127206278,2007,5
I127206278,2008,4
I127206278,2009,11
I127206278,2010,14
I127206278,2011,5
I127206278,2012,24
I127206278,2013,70
I127206278,2014,63
I127206278,2015,56
I127206278,2016,80
I127206278,2017,97
I127206278,2018,112
I127206278,2019,204
I127206278,2020,276
I127206278,2021,279
I127206278,2022,395
I127206278,2023,520
I127206278,2024,578
I127206278,2025,717
I127206278,2026,510
I47844,2006,30
I47844,2007,39
I47844,2008,48
I47844,2009,41
I47844,2010,32
I47844,2011,48
I47844,2012,76
I47844,2013,108
I47844,2014,82
I47844,2015,78
I47844,2016,73
I47844,2017,76
I47844,2018,98
I47844,2019,96
I47844,2020,92
I47844,2021,119
I47844,2022,140
I47844,2023,161
I47844,2024,182
I47844,2025,188
I47844,2026,84
I3133329336,2006,0
I3133329336,2007,2
I3133329336,2008,3
I3133329336,2009,4
I3133329336,2010,0
I3133329336,2011,4
I3133329336,2012,2
I3133329336,2013,1
I3133329336,2014,1
I3133329336,2015,6
I3133329336,2016,6
I3133329336,2017,11
I3133329336,2018,7
I3133329336,2019,21
I3133329336,2020,13
I3133329336,2021,37
I3133329336,2022,21
I3133329336,2023,12
I3133329336,2024,26
I3133329336,2025,33
I3133329336,2026,14
I4405259928,2006,0
I4405259928,2007,0
I4405259928,2008,0
I4405259928,2009,0
I4405259928,2010,0
I4405259928,2011,0
I4405259928,2012,0
I4405259928,2013,0
I4405259928,2014,0
I4405259928,2015,0
I4405259928,2016,0
I4405259928,2017,0
I4405259928,2018,0
I4405259928,2019,0
I4405259928,2020,0
I4405259928,2021,0
I4405259928,2022,0
I4405259928,2023,0
I4405259928,2024,0
I4405259928,2025,0
I4405259928,2026,0
I4405266414,2006,0
I4405266414,2007,0
I4405266414,2008,0
I4405266414,2009,0
I4405266414,2010,0
I4405266414,2011,0
I4405266414,2012,0
I4405266414,2013,0
I4405266414,2014,0
I4405266414,2015,0
I4405266414,2016,0
I4405266414,2017,0
I4405266414,2018,0
I4405266414,2019,0
I4405266414,2020,0
I4405266414,2021,0
I4405266414,2022,0
I4405266414,2023,0
I4405266414,2024,0
I4405266414,2025,0
I4405266414,2026,0
I4405262992,2006,0
I4405262992,2007,0
I4405262992,2008,0
I4405262992,2009,0
I4405262992,2010,0
I4405262992,2011,0
I4405262992,2012,0
I4405262992,2013,0
I4405262992,2014,0
I4405262992,2015,0
I4405262992,2016,0
I4405262992,2017,0
I4405262992,2018,0
I4405262992,2019,0
I4405262992,2020,0
I4405262992,2021,0
I4405262992,2022,0
I4405262992,2023,0
I4405262992,2024,0
I4405262992,2025,0
I4405262992,2026,0
I3130915990,2006,3
I3130915990,2007,9
I3130915990,2008,14
I3130915990,2009,10
I3130915990,2010,17
I3130915990,2011,12
I3130915990,2012,15
I3130915990,2013,50
I3130915990,2014,63
I3130915990,2015,52
I3130915990,2016,70
I3130915990,2017,59
I3130915990,2018,59
I3130915990,2019,83
I3130915990,2020,115
I3130915990,2021,139
I3130915990,2022,146
I3130915990,2023,154
I3130915990,2024,217
I3130915990,2025,488
I3130915990,2026,234
I3129681422,2006,2
I3129681422,2007,1
I3129681422,2008,2
I3129681422,2009,0
I3129681422,2010,2
I3129681422,2011,4
I3129681422,2012,2
I3129681422,2013,3
I3129681422,2014,1
I3129681422,2015,3
I3129681422,2016,5
I3129681422,2017,5
I3129681422,2018,3
I3129681422,2019,5
I3129681422,2020,5
I3129681422,2021,6
I3129681422,2022,10
I3129681422,2023,14
I3129681422,2024,12
I3129681422,2025,10
I3129681422,2026,2
I149840157,2006,0
I149840157,2007,0
I149840157,2008,32
I149840157,2009,37
I149840157,2010,32
I149840157,2011,13
I149840157,2012,9
I149840157,2013,7
I149840157,2014,6
I149840157,2015,2
I149840157,2016,4
I149840157,2017,3
I149840157,2018,2
I149840157,2019,3
I149840157,2020,9
I149840157,2021,5
I149840157,2022,6
I149840157,2023,10
I149840157,2024,17
I149840157,2025,37
I149840157,2026,25
I184834183,2006,280
I184834183,2007,318
I184834183,2008,379
I184834183,2009,442
I184834183,2010,511
I184834183,2011,602
I184834183,2012,693
I184834183,2013,856
I184834183,2014,935
I184834183,2015,1070
I184834183,2016,1316
I184834183,2017,1634
I184834183,2018,2187
I184834183,2019,2688
I184834183,2020,3464
I184834183,2021,4404
I184834183,2022,4871
I184834183,2023,4908
I184834183,2024,4496
I184834183,2025,4638
I184834183,2026,1527
I3131979588,2006,0
I3131979588,2007,1
I3131979588,2008,1
I3131979588,2009,9
I3131979588,2010,0
I3131979588,2011,3
I3131979588,2012,3
I3131979588,2013,24
I3131979588,2014,27
I3131979588,2015,35
I3131979588,2016,40
I3131979588,2017,57
I3131979588,2018,45
I3131979588,2019,64
I3131979588,2020,100
I3131979588,2021,97
I3131979588,2022,126
I3131979588,2023,160
I3131979588,2024,347
I3131979588,2025,346
I3131979588,2026,165
I224517680,2006,11
I224517680,2007,7
I224517680,2008,15
I224517680,2009,19
I224517680,2010,26
I224517680,2011,146
I224517680,2012,77
I224517680,2013,66
I224517680,2014,97
I224517680,2015,152
I224517680,2016,162
I224517680,2017,196
I224517680,2018,159
I224517680,2019,161
I224517680,2020,255
I224517680,2021,280
I224517680,2022,272
I224517680,2023,254
I224517680,2024,243
I224517680,2025,370
I224517680,2026,125
I4210147342,2006,0
I4210147342,2007,0
I4210147342,2008,0
I4210147342,2009,0
I4210147342,2010,1
I4210147342,2011,0
I4210147342,2012,0
I4210147342,2013,5
I4210147342,2014,3
I4210147342,2015,0
I4210147342,2016,8
I4210147342,2017,11
I4210147342,2018,17
I4210147342,2019,20
I4210147342,2020,31
I4210147342,2021,72
I4210147342,2022,102
I4210147342,2023,97
I4210147342,2024,73
I4210147342,2025,109
I4210147342,2026,53
I4210090507,2006,0
I4210090507,2007,0
I4210090507,2008,0
I4210090507,2009,0
I4210090507,2010,0
I4210090507,2011,0
I4210090507,2012,0
I4210090507,2013,0
I4210090507,2014,0
I4210090507,2015,3
I4210090507,2016,2
I4210090507,2017,0
I4210090507,2018,0
I4210090507,2019,1
I4210090507,2020,5
I4210090507,2021,24
I4210090507,2022,42
I4210090507,2023,53
I4210090507,2024,70
I4210090507,2025,89
I4210090507,2026,39
I4405266407,2006,0
I4405266407,2007,0
I4405266407,2008,0
I4405266407,2009,0
I4405266407,2010,0
I4405266407,2011,0
I4405266407,2012,0
I4405266407,2013,0
I4405266407,2014,0
I4405266407,2015,0
I4405266407,2016,0
I4405266407,2017,0
I4405266407,2018,0
I4405266407,2019,0
I4405266407,2020,0
I4405266407,2021,0
I4405266407,2022,0
I4405266407,2023,0
I4405266407,2024,0
I4405266407,2025,0
I4405266407,2026,0
I3132692309,2006,0
I3132692309,2007,0
I3132692309,2008,0
I3132692309,2009,0
I3132692309,2010,1
I3132692309,2011,0
I3132692309,2012,1
I3132692309,2013,2
I3132692309,2014,8
I3132692309,2015,31
I3132692309,2016,34
I3132692309,2017,28
I3132692309,2018,43
I3132692309,2019,34
I3132692309,2020,68
I3132692309,2021,73
I3132692309,2022,64
I3132692309,2023,65
I3132692309,2024,89
I3132692309,2025,166
I3132692309,2026,54
I3129754710,2006,9
I3129754710,2007,4
I3129754710,2008,18
I3129754710,2009,17
I3129754710,2010,7
I3129754710,2011,5
I3129754710,2012,35
I3129754710,2013,8
I3129754710,2014,5
I3129754710,2015,10
I3129754710,2016,13
I3129754710,2017,21
I3129754710,2018,38
I3129754710,2019,45
I3129754710,2020,56
I3129754710,2021,86
I3129754710,2022,90
I3129754710,2023,97
I3129754710,2024,100
I3129754710,2025,118
I3129754710,2026,40
I4405259617,2006,0
I4405259617,2007,0
I4405259617,2008,0
I4405259617,2009,0
I4405259617,2010,0
I4405259617,2011,0
I4405259617,2012,0
I4405259617,2013,0
I4405259617,2014,0
I4405259617,2015,0
I4405259617,2016,0
I4405259617,2017,0
I4405259617,2018,0
I4405259617,2019,0
I4405259617,2020,0
I4405259617,2021,0
I4405259617,2022,0
I4405259617,2023,0
I4405259617,2024,0
I4405259617,2025,0
I4405259617,2026,0
I84524832,2006,570
I84524832,2007,569
I84524832,2008,684
I84524832,2009,691
I84524832,2010,837
I84524832,2011,1086
I84524832,2012,1269
I84524832,2013,1434
I84524832,2014,1738
I84524832,2015,2030
I84524832,2016,2418
I84524832,2017,2338
I84524832,2018,2520
I84524832,2019,2884
I84524832,2020,3761
I84524832,2021,4552
I84524832,2022,5199
I84524832,2023,4854
I84524832,2024,5213
I84524832,2025,5275
I84524832,2026,2414
I4405264345,2006,0
I4405264345,2007,0
I4405264345,2008,0
I4405264345,2009,0
I4405264345,2010,0
I4405264345,2011,0
I4405264345,2012,0
I4405264345,2013,0
I4405264345,2014,0
I4405264345,2015,0
I4405264345,2016,0
I4405264345,2017,0
I4405264345,2018,0
I4405264345,2019,0
I4405264345,2020,0
I4405264345,2021,0
I4405264345,2022,0
I4405264345,2023,0
I4405264345,2024,0
I4405264345,2025,0
I4405264345,2026,0
I2800493640,2006,0
I2800493640,2007,0
I2800493640,2008,1
I2800493640,2009,0
I2800493640,2010,2
I2800493640,2011,3
I2800493640,2012,4
I2800493640,2013,6
I2800493640,2014,9
I2800493640,2015,3
I2800493640,2016,3
I2800493640,2017,6
I2800493640,2018,10
I2800493640,2019,19
I2800493640,2020,26
I2800493640,2021,22
I2800493640,2022,18
I2800493640,2023,12
I2800493640,2024,23
I2800493640,2025,25
I2800493640,2026,20
I4210159855,2006,0
I4210159855,2007,0
I4210159855,2008,0
I4210159855,2009,0
I4210159855,2010,0
I4210159855,2011,1
I4210159855,2012,0
I4210159855,2013,0
I4210159855,2014,1
I4210159855,2015,2
I4210159855,2016,1
I4210159855,2017,1
I4210159855,2018,5
I4210159855,2019,6
I4210159855,2020,12
I4210159855,2021,8
I4210159855,2022,8
I4210159855,2023,9
I4210159855,2024,6
I4210159855,2025,8
I4210159855,2026,2
I3129211915,2006,0
I3129211915,2007,0
I3129211915,2008,0
I3129211915,2009,0
I3129211915,2010,0
I3129211915,2011,0
I3129211915,2012,0
I3129211915,2013,5
I3129211915,2014,1
I3129211915,2015,2
I3129211915,2016,4
I3129211915,2017,7
I3129211915,2018,5
I3129211915,2019,7
I3129211915,2020,14
I3129211915,2021,20
I3129211915,2022,17
I3129211915,2023,22
I3129211915,2024,24
I3129211915,2025,30
I3129211915,2026,5
I4405256813,2006,0
I4405256813,2007,0
I4405256813,2008,0
I4405256813,2009,0
I4405256813,2010,0
I4405256813,2011,0
I4405256813,2012,0
I4405256813,2013,0
I4405256813,2014,0
I4405256813,2015,0
I4405256813,2016,0
I4405256813,2017,0
I4405256813,2018,0
I4405256813,2019,0
I4405256813,2020,0
I4405256813,2021,0
I4405256813,2022,0
I4405256813,2023,0
I4405256813,2024,0
I4405256813,2025,0
I4405256813,2026,0
I4405254148,2006,0
I4405254148,2007,0
I4405254148,2008,0
I4405254148,2009,0
I4405254148,2010,0
I4405254148,2011,0
I4405254148,2012,0
I4405254148,2013,0
I4405254148,2014,0
I4405254148,2015,0
I4405254148,2016,0
I4405254148,2017,0
I4405254148,2018,0
I4405254148,2019,0
I4405254148,2020,0
I4405254148,2021,0
I4405254148,2022,0
I4405254148,2023,0
I4405254148,2024,0
I4405254148,2025,0
I4405254148,2026,0
I181933706,2006,3
I181933706,2007,5
I181933706,2008,4
I181933706,2009,8
I181933706,2010,11
I181933706,2011,18
I181933706,2012,15
I181933706,2013,34
I181933706,2014,32
I181933706,2015,26
I181933706,2016,41
I181933706,2017,49
I181933706,2018,64
I181933706,2019,85
I181933706,2020,83
I181933706,2021,138
I181933706,2022,157
I181933706,2023,176
I181933706,2024,142
I181933706,2025,179
I181933706,2026,65
I4210114632,2006,2
I4210114632,2007,5
I4210114632,2008,16
I4210114632,2009,6
I4210114632,2010,6
I4210114632,2011,9
I4210114632,2012,22
I4210114632,2013,45
I4210114632,2014,71
I4210114632,2015,104
I4210114632,2016,86
I4210114632,2017,103
I4210114632,2018,124
I4210114632,2019,281
I4210114632,2020,428
I4210114632,2021,405
I4210114632,2022,570
I4210114632,2023,422
I4210114632,2024,416
I4210114632,2025,465
I4210114632,2026,212
I54231130,2006,50
I54231130,2007,51
I54231130,2008,44
I54231130,2009,68
I54231130,2010,74
I54231130,2011,72
I54231130,2012,59
I54231130,2013,84
I54231130,2014,123
I54231130,2015,99
I54231130,2016,104
I54231130,2017,119
I54231130,2018,153
I54231130,2019,194
I54231130,2020,233
I54231130,2021,382
I54231130,2022,428
I54231130,2023,496
I54231130,2024,640
I54231130,2025,522
I54231130,2026,203
I3130258093,2006,5
I3130258093,2007,3
I3130258093,2008,2
I3130258093,2009,1
I3130258093,2010,4
I3130258093,2011,2
I3130258093,2012,3
I3130258093,2013,2
I3130258093,2014,2
I3130258093,2015,1
I3130258093,2016,5
I3130258093,2017,6
I3130258093,2018,3
I3130258093,2019,4
I3130258093,2020,2
I3130258093,2021,8
I3130258093,2022,8
I3130258093,2023,11
I3130258093,2024,7
I3130258093,2025,20
I3130258093,2026,17
I4210135199,2006,0
I4210135199,2007,0
I4210135199,2008,1
I4210135199,2009,1
I4210135199,2010,0
I4210135199,2011,0
I4210135199,2012,0
I4210135199,2013,0
I4210135199,2014,1
I4210135199,2015,1
I4210135199,2016,0
I4210135199,2017,1
I4210135199,2018,0
I4210135199,2019,2
I4210135199,2020,19
I4210135199,2021,19
I4210135199,2022,26
I4210135199,2023,36
I4210135199,2024,29
I4210135199,2025,22
I4210135199,2026,11
I80693520,2006,186
I80693520,2007,151
I80693520,2008,199
I80693520,2009,203
I80693520,2010,253
I80693520,2011,325
I80693520,2012,389
I80693520,2013,429
I80693520,2014,460
I80693520,2015,403
I80693520,2016,457
I80693520,2017,460
I80693520,2018,449
I80693520,2019,495
I80693520,2020,637
I80693520,2021,740
I80693520,2022,773
I80693520,2023,738
I80693520,2024,764
I80693520,2025,780
I80693520,2026,308
I65734018,2006,33
I65734018,2007,20
I65734018,2008,40
I65734018,2009,46
I65734018,2010,49
I65734018,2011,48
I65734018,2012,60
I65734018,2013,63
I65734018,2014,44
I65734018,2015,35
I65734018,2016,79
I65734018,2017,61
I65734018,2018,60
I65734018,2019,80
I65734018,2020,114
I65734018,2021,121
I65734018,2022,113
I65734018,2023,95
I65734018,2024,111
I65734018,2025,88
I65734018,2026,39
I3129592236,2006,6
I3129592236,2007,4
I3129592236,2008,4
I3129592236,2009,10
I3129592236,2010,9
I3129592236,2011,5
I3129592236,2012,3
I3129592236,2013,12
I3129592236,2014,14
I3129592236,2015,3
I3129592236,2016,2
I3129592236,2017,6
I3129592236,2018,5
I3129592236,2019,9
I3129592236,2020,10
I3129592236,2021,16
I3129592236,2022,19
I3129592236,2023,38
I3129592236,2024,62
I3129592236,2025,141
I3129592236,2026,106
I4405263046,2006,0
I4405263046,2007,0
I4405263046,2008,0
I4405263046,2009,0
I4405263046,2010,0
I4405263046,2011,0
I4405263046,2012,0
I4405263046,2013,0
I4405263046,2014,0
I4405263046,2015,0
I4405263046,2016,0
I4405263046,2017,0
I4405263046,2018,0
I4405263046,2019,0
I4405263046,2020,0
I4405263046,2021,0
I4405263046,2022,0
I4405263046,2023,0
I4405263046,2024,0
I4405263046,2025,0
I4405263046,2026,0
I4405261401,2006,0
I4405261401,2007,0
I4405261401,2008,0
I4405261401,2009,0
I4405261401,2010,0
I4405261401,2011,0
I4405261401,2012,0
I4405261401,2013,0
I4405261401,2014,0
I4405261401,2015,0
I4405261401,2016,0
I4405261401,2017,0
I4405261401,2018,0
I4405261401,2019,0
I4405261401,2020,0
I4405261401,2021,0
I4405261401,2022,0
I4405261401,2023,0
I4405261401,2024,0
I4405261401,2025,0
I4405261401,2026,0
I4210091427,2006,0
I4210091427,2007,0
I4210091427,2008,0
I4210091427,2009,0
I4210091427,2010,0
I4210091427,2011,0
I4210091427,2012,0
I4210091427,2013,1
I4210091427,2014,1
I4210091427,2015,1
I4210091427,2016,0
I4210091427,2017,0
I4210091427,2018,5
I4210091427,2019,1
I4210091427,2020,0
I4210091427,2021,0
I4210091427,2022,1
I4210091427,2023,3
I4210091427,2024,0
I4210091427,2025,17
I4210091427,2026,0
I4210132729,2006,3
I4210132729,2007,4
I4210132729,2008,13
I4210132729,2009,4
I4210132729,2010,9
I4210132729,2011,5
I4210132729,2012,4
I4210132729,2013,5
I4210132729,2014,3
I4210132729,2015,0
I4210132729,2016,0
I4210132729,2017,0
I4210132729,2018,1
I4210132729,2019,2
I4210132729,2020,1
I4210132729,2021,3
I4210132729,2022,0
I4210132729,2023,5
I4210132729,2024,8
I4210132729,2025,30
I4210132729,2026,16
I59272784,2006,86
I59272784,2007,99
I59272784,2008,89
I59272784,2009,104
I59272784,2010,154
I59272784,2011,162
I59272784,2012,174
I59272784,2013,249
I59272784,2014,258
I59272784,2015,298
I59272784,2016,370
I59272784,2017,326
I59272784,2018,383
I59272784,2019,446
I59272784,2020,595
I59272784,2021,719
I59272784,2022,906
I59272784,2023,981
I59272784,2024,900
I59272784,2025,537
I59272784,2026,169
I124391630,2006,9
I124391630,2007,8
I124391630,2008,3
I124391630,2009,8
I124391630,2010,8
I124391630,2011,11
I124391630,2012,14
I124391630,2013,18
I124391630,2014,17
I124391630,2015,15
I124391630,2016,5
I124391630,2017,6
I124391630,2018,15
I124391630,2019,16
I124391630,2020,24
I124391630,2021,44
I124391630,2022,42
I124391630,2023,56
I124391630,2024,119
I124391630,2025,170
I124391630,2026,56
I4210129615,2006,1
I4210129615,2007,1
I4210129615,2008,2
I4210129615,2009,1
I4210129615,2010,1
I4210129615,2011,0
I4210129615,2012,1
I4210129615,2013,2
I4210129615,2014,2
I4210129615,2015,1
I4210129615,2016,1
I4210129615,2017,3
I4210129615,2018,5
I4210129615,2019,6
I4210129615,2020,4
I4210129615,2021,4
I4210129615,2022,4
I4210129615,2023,15
I4210129615,2024,11
I4210129615,2025,124
I4210129615,2026,30
I42869670,2006,3
I42869670,2007,3
I42869670,2008,5
I42869670,2009,9
I42869670,2010,10
I42869670,2011,8
I42869670,2012,24
I42869670,2013,61
I42869670,2014,84
I42869670,2015,126
I42869670,2016,108
I42869670,2017,150
I42869670,2018,202
I42869670,2019,304
I42869670,2020,512
I42869670,2021,635
I42869670,2022,756
I42869670,2023,747
I42869670,2024,831
I42869670,2025,763
I42869670,2026,336
I4405265965,2006,0
I4405265965,2007,0
I4405265965,2008,0
I4405265965,2009,0
I4405265965,2010,0
I4405265965,2011,0
I4405265965,2012,0
I4405265965,2013,0
I4405265965,2014,0
I4405265965,2015,0
I4405265965,2016,0
I4405265965,2017,0
I4405265965,2018,0
I4405265965,2019,0
I4405265965,2020,0
I4405265965,2021,0
I4405265965,2022,0
I4405265965,2023,0
I4405265965,2024,0
I4405265965,2025,0
I4405265965,2026,0
I140534913,2006,40
I140534913,2007,45
I140534913,2008,36
I140534913,2009,63
I140534913,2010,67
I140534913,2011,69
I140534913,2012,61
I140534913,2013,57
I140534913,2014,58
I140534913,2015,49
I140534913,2016,40
I140534913,2017,43
I140534913,2018,83
I140534913,2019,75
I140534913,2020,69
I140534913,2021,67
I140534913,2022,113
I140534913,2023,141
I140534913,2024,149
I140534913,2025,142
I140534913,2026,78
I4210122761,2006,15
I4210122761,2007,18
I4210122761,2008,14
I4210122761,2009,14
I4210122761,2010,8
I4210122761,2011,17
I4210122761,2012,18
I4210122761,2013,29
I4210122761,2014,23
I4210122761,2015,48
I4210122761,2016,79
I4210122761,2017,99
I4210122761,2018,100
I4210122761,2019,132
I4210122761,2020,142
I4210122761,2021,190
I4210122761,2022,258
I4210122761,2023,332
I4210122761,2024,362
I4210122761,2025,451
I4210122761,2026,180
I4210127717,2006,30
I4210127717,2007,8
I4210127717,2008,15
I4210127717,2009,20
I4210127717,2010,23
I4210127717,2011,69
I4210127717,2012,26
I4210127717,2013,89
I4210127717,2014,32
I4210127717,2015,33
I4210127717,2016,21
I4210127717,2017,96
I4210127717,2018,50
I4210127717,2019,63
I4210127717,2020,81
I4210127717,2021,102
I4210127717,2022,122
I4210127717,2023,132
I4210127717,2024,140
I4210127717,2025,171
I4210127717,2026,54
I4210101443,2006,0
I4210101443,2007,8
I4210101443,2008,2
I4210101443,2009,6
I4210101443,2010,1
I4210101443,2011,4
I4210101443,2012,2
I4210101443,2013,0
I4210101443,2014,0
I4210101443,2015,2
I4210101443,2016,1
I4210101443,2017,2
I4210101443,2018,1
I4210101443,2019,7
I4210101443,2020,1
I4210101443,2021,4
I4210101443,2022,5
I4210101443,2023,8
I4210101443,2024,7
I4210101443,2025,28
I4210101443,2026,16
I4405263049,2006,0
I4405263049,2007,0
I4405263049,2008,0
I4405263049,2009,0
I4405263049,2010,0
I4405263049,2011,0
I4405263049,2012,0
I4405263049,2013,0
I4405263049,2014,0
I4405263049,2015,0
I4405263049,2016,0
I4405263049,2017,0
I4405263049,2018,0
I4405263049,2019,0
I4405263049,2020,0
I4405263049,2021,0
I4405263049,2022,0
I4405263049,2023,0
I4405263049,2024,0
I4405263049,2025,0
I4405263049,2026,0
I4210117796,2006,46
I4210117796,2007,35
I4210117796,2008,24
I4210117796,2009,43
I4210117796,2010,37
I4210117796,2011,27
I4210117796,2012,34
I4210117796,2013,50
I4210117796,2014,54
I4210117796,2015,23
I4210117796,2016,7
I4210117796,2017,6
I4210117796,2018,16
I4210117796,2019,15
I4210117796,2020,36
I4210117796,2021,24
I4210117796,2022,33
I4210117796,2023,40
I4210117796,2024,74
I4210117796,2025,75
I4210117796,2026,38
I4210122757,2006,0
I4210122757,2007,1
I4210122757,2008,0
I4210122757,2009,2
I4210122757,2010,3
I4210122757,2011,1
I4210122757,2012,0
I4210122757,2013,0
I4210122757,2014,6
I4210122757,2015,20
I4210122757,2016,33
I4210122757,2017,38
I4210122757,2018,47
I4210122757,2019,84
I4210122757,2020,128
I4210122757,2021,194
I4210122757,2022,207
I4210122757,2023,206
I4210122757,2024,188
I4210122757,2025,190
I4210122757,2026,89
I91041137,2006,412
I91041137,2007,434
I91041137,2008,510
I91041137,2009,560
I91041137,2010,688
I91041137,2011,755
I91041137,2012,883
I91041137,2013,1192
I91041137,2014,1226
I91041137,2015,1424
I91041137,2016,1638
I91041137,2017,1677
I91041137,2018,2138
I91041137,2019,2363
I91041137,2020,2804
I91041137,2021,3154
I91041137,2022,3299
I91041137,2023,3269
I91041137,2024,3121
I91041137,2025,3398
I91041137,2026,1483
I4210123884,2006,16
I4210123884,2007,25
I4210123884,2008,28
I4210123884,2009,27
I4210123884,2010,30
I4210123884,2011,28
I4210123884,2012,31
I4210123884,2013,36
I4210123884,2014,43
I4210123884,2015,42
I4210123884,2016,58
I4210123884,2017,67
I4210123884,2018,65
I4210123884,2019,82
I4210123884,2020,102
I4210123884,2021,127
I4210123884,2022,130
I4210123884,2023,112
I4210123884,2024,140
I4210123884,2025,174
I4210123884,2026,67
I86310350,2006,31
I86310350,2007,26
I86310350,2008,23
I86310350,2009,37
I86310350,2010,62
I86310350,2011,46
I86310350,2012,116
I86310350,2013,206
I86310350,2014,211
I86310350,2015,277
I86310350,2016,371
I86310350,2017,431
I86310350,2018,540
I86310350,2019,799
I86310350,2020,1014
I86310350,2021,1112
I86310350,2022,1243
I86310350,2023,1229
I86310350,2024,1149
I86310350,2025,1120
I86310350,2026,326
I4405253822,2006,0
I4405253822,2007,0
I4405253822,2008,0
I4405253822,2009,0
I4405253822,2010,0
I4405253822,2011,0
I4405253822,2012,0
I4405253822,2013,0
I4405253822,2014,0
I4405253822,2015,0
I4405253822,2016,0
I4405253822,2017,0
I4405253822,2018,0
I4405253822,2019,0
I4405253822,2020,0
I4405253822,2021,0
I4405253822,2022,0
I4405253822,2023,0
I4405253822,2024,0
I4405253822,2025,0
I4405253822,2026,0
I4405260557,2006,0
I4405260557,2007,0
I4405260557,2008,0
I4405260557,2009,0
I4405260557,2010,0
I4405260557,2011,0
I4405260557,2012,0
I4405260557,2013,0
I4405260557,2014,0
I4405260557,2015,0
I4405260557,2016,0
I4405260557,2017,0
I4405260557,2018,0
I4405260557,2019,0
I4405260557,2020,0
I4405260557,2021,0
I4405260557,2022,0
I4405260557,2023,0
I4405260557,2024,0
I4405260557,2025,0
I4405260557,2026,0
I4210154431,2006,2
I4210154431,2007,1
I4210154431,2008,1
I4210154431,2009,2
I4210154431,2010,7
I4210154431,2011,4
I4210154431,2012,11
I4210154431,2013,16
I4210154431,2014,19
I4210154431,2015,21
I4210154431,2016,15
I4210154431,2017,22
I4210154431,2018,42
I4210154431,2019,58
I4210154431,2020,61
I4210154431,2021,101
I4210154431,2022,91
I4210154431,2023,107
I4210154431,2024,111
I4210154431,2025,150
I4210154431,2026,118
I4405259080,2006,0
I4405259080,2007,0
I4405259080,2008,0
I4405259080,2009,0
I4405259080,2010,0
I4405259080,2011,0
I4405259080,2012,0
I4405259080,2013,0
I4405259080,2014,0
I4405259080,2015,0
I4405259080,2016,0
I4405259080,2017,0
I4405259080,2018,0
I4405259080,2019,0
I4405259080,2020,0
I4405259080,2021,0
I4405259080,2022,0
I4405259080,2023,0
I4405259080,2024,0
I4405259080,2025,0
I4405259080,2026,0
I4405258300,2006,0
I4405258300,2007,0
I4405258300,2008,0
I4405258300,2009,0
I4405258300,2010,0
I4405258300,2011,0
I4405258300,2012,0
I4405258300,2013,0
I4405258300,2014,0
I4405258300,2015,0
I4405258300,2016,0
I4405258300,2017,0
I4405258300,2018,0
I4405258300,2019,0
I4405258300,2020,0
I4405258300,2021,0
I4405258300,2022,0
I4405258300,2023,0
I4405258300,2024,0
I4405258300,2025,0
I4405258300,2026,0
I4405261080,2006,0
I4405261080,2007,0
I4405261080,2008,0
I4405261080,2009,0
I4405261080,2010,0
I4405261080,2011,0
I4405261080,2012,0
I4405261080,2013,0
I4405261080,2014,0
I4405261080,2015,0
I4405261080,2016,0
I4405261080,2017,0
I4405261080,2018,0
I4405261080,2019,0
I4405261080,2020,0
I4405261080,2021,0
I4405261080,2022,0
I4405261080,2023,0
I4405261080,2024,0
I4405261080,2025,0
I4405261080,2026,0
I30887324,2006,30
I30887324,2007,52
I30887324,2008,28
I30887324,2009,54
I30887324,2010,55
I30887324,2011,60
I30887324,2012,82
I30887324,2013,107
I30887324,2014,136
I30887324,2015,175
I30887324,2016,215
I30887324,2017,251
I30887324,2018,244
I30887324,2019,394
I30887324,2020,601
I30887324,2021,636
I30887324,2022,689
I30887324,2023,663
I30887324,2024,632
I30887324,2025,792
I30887324,2026,387
I108754898,2006,174
I108754898,2007,178
I108754898,2008,210
I108754898,2009,235
I108754898,2010,269
I108754898,2011,281
I108754898,2012,390
I108754898,2013,447
I108754898,2014,481
I108754898,2015,585
I108754898,2016,632
I108754898,2017,731
I108754898,2018,717
I108754898,2019,672
I108754898,2020,797
I108754898,2021,838
I108754898,2022,764
I108754898,2023,827
I108754898,2024,812
I108754898,2025,908
I108754898,2026,396
I4210151980,2006,2
I4210151980,2007,4
I4210151980,2008,1
I4210151980,2009,1
I4210151980,2010,3
I4210151980,2011,2
I4210151980,2012,2
I4210151980,2013,4
I4210151980,2014,1
I4210151980,2015,5
I4210151980,2016,10
I4210151980,2017,16
I4210151980,2018,53
I4210151980,2019,92
I4210151980,2020,148
I4210151980,2021,262
I4210151980,2022,331
I4210151980,2023,456
I4210151980,2024,520
I4210151980,2025,606
I4210151980,2026,239
I57092466,2006,37
I57092466,2007,61
I57092466,2008,70
I57092466,2009,65
I57092466,2010,86
I57092466,2011,103
I57092466,2012,96
I57092466,2013,170
I57092466,2014,274
I57092466,2015,257
I57092466,2016,282
I57092466,2017,411
I57092466,2018,523
I57092466,2019,841
I57092466,2020,1221
I57092466,2021,1184
I57092466,2022,1329
I57092466,2023,1459
I57092466,2024,1875
I57092466,2025,1991
I57092466,2026,873
I4210087472,2006,11
I4210087472,2007,18
I4210087472,2008,13
I4210087472,2009,14
I4210087472,2010,8
I4210087472,2011,9
I4210087472,2012,13
I4210087472,2013,16
I4210087472,2014,19
I4210087472,2015,17
I4210087472,2016,28
I4210087472,2017,23
I4210087472,2018,16
I4210087472,2019,21
I4210087472,2020,56
I4210087472,2021,42
I4210087472,2022,40
I4210087472,2023,29
I4210087472,2024,53
I4210087472,2025,85
I4210087472,2026,33
I4405256297,2006,0
I4405256297,2007,0
I4405256297,2008,0
I4405256297,2009,0
I4405256297,2010,0
I4405256297,2011,0
I4405256297,2012,0
I4405256297,2013,0
I4405256297,2014,0
I4405256297,2015,0
I4405256297,2016,0
I4405256297,2017,0
I4405256297,2018,0
I4405256297,2019,0
I4405256297,2020,0
I4405256297,2021,0
I4405256297,2022,0
I4405256297,2023,0
I4405256297,2024,0
I4405256297,2025,0
I4405256297,2026,0
I4405253782,2006,0
I4405253782,2007,0
I4405253782,2008,0
I4405253782,2009,0
I4405253782,2010,0
I4405253782,2011,0
I4405253782,2012,0
I4405253782,2013,0
I4405253782,2014,0
I4405253782,2015,0
I4405253782,2016,0
I4405253782,2017,0
I4405253782,2018,0
I4405253782,2019,0
I4405253782,2020,0
I4405253782,2021,0
I4405253782,2022,0
I4405253782,2023,0
I4405253782,2024,0
I4405253782,2025,0
I4405253782,2026,0
I4405257947,2006,0
I4405257947,2007,0
I4405257947,2008,0
I4405257947,2009,0
I4405257947,2010,0
I4405257947,2011,0
I4405257947,2012,0
I4405257947,2013,0
I4405257947,2014,0
I4405257947,2015,0
I4405257947,2016,0
I4405257947,2017,0
I4405257947,2018,0
I4405257947,2019,0
I4405257947,2020,0
I4405257947,2021,0
I4405257947,2022,0
I4405257947,2023,0
I4405257947,2024,0
I4405257947,2025,0
I4405257947,2026,0
I2801387305,2006,0
I2801387305,2007,0
I2801387305,2008,0
I2801387305,2009,0
I2801387305,2010,0
I2801387305,2011,0
I2801387305,2012,0
I2801387305,2013,1
I2801387305,2014,0
I2801387305,2015,2
I2801387305,2016,1
I2801387305,2017,0
I2801387305,2018,1
I2801387305,2019,1
I2801387305,2020,1
I2801387305,2021,2
I2801387305,2022,2
I2801387305,2023,1
I2801387305,2024,0
I2801387305,2025,6
I2801387305,2026,1
I3129370870,2006,0
I3129370870,2007,0
I3129370870,2008,0
I3129370870,2009,1
I3129370870,2010,0
I3129370870,2011,0
I3129370870,2012,1
I3129370870,2013,1
I3129370870,2014,1
I3129370870,2015,3
I3129370870,2016,1
I3129370870,2017,3
I3129370870,2018,3
I3129370870,2019,3
I3129370870,2020,15
I3129370870,2021,15
I3129370870,2022,38
I3129370870,2023,9
I3129370870,2024,8
I3129370870,2025,16
I3129370870,2026,9
I4405257310,2006,0
I4405257310,2007,0
I4405257310,2008,0
I4405257310,2009,0
I4405257310,2010,0
I4405257310,2011,0
I4405257310,2012,0
I4405257310,2013,0
I4405257310,2014,0
I4405257310,2015,0
I4405257310,2016,0
I4405257310,2017,0
I4405257310,2018,0
I4405257310,2019,0
I4405257310,2020,0
I4405257310,2021,0
I4405257310,2022,0
I4405257310,2023,0
I4405257310,2024,0
I4405257310,2025,0
I4405257310,2026,0
I919958821,2006,34
I919958821,2007,60
I919958821,2008,77
I919958821,2009,87
I919958821,2010,173
I919958821,2011,165
I919958821,2012,191
I919958821,2013,257
I919958821,2014,323
I919958821,2015,365
I919958821,2016,429
I919958821,2017,516
I919958821,2018,698
I919958821,2019,834
I919958821,2020,1100
I919958821,2021,1202
I919958821,2022,1118
I919958821,2023,1121
I919958821,2024,1202
I919958821,2025,1360
I919958821,2026,639
I3132818693,2006,2
I3132818693,2007,1
I3132818693,2008,9
I3132818693,2009,8
I3132818693,2010,11
I3132818693,2011,19
I3132818693,2012,15
I3132818693,2013,4
I3132818693,2014,6
I3132818693,2015,12
I3132818693,2016,23
I3132818693,2017,27
I3132818693,2018,49
I3132818693,2019,81
I3132818693,2020,103
I3132818693,2021,143
I3132818693,2022,178
I3132818693,2023,162
I3132818693,2024,273
I3132818693,2025,230
I3132818693,2026,151
I4210153062,2006,0
I4210153062,2007,0
I4210153062,2008,0
I4210153062,2009,0
I4210153062,2010,0
I4210153062,2011,0
I4210153062,2012,0
I4210153062,2013,1
I4210153062,2014,1
I4210153062,2015,0
I4210153062,2016,2
I4210153062,2017,1
I4210153062,2018,1
I4210153062,2019,4
I4210153062,2020,10
I4210153062,2021,15
I4210153062,2022,17
I4210153062,2023,23
I4210153062,2024,27
I4210153062,2025,26
I4210153062,2026,6
I136632592,2006,3
I136632592,2007,6
I136632592,2008,10
I136632592,2009,14
I136632592,2010,23
I136632592,2011,23
I136632592,2012,18
I136632592,2013,37
I136632592,2014,46
I136632592,2015,48
I136632592,2016,69
I136632592,2017,72
I136632592,2018,100
I136632592,2019,111
I136632592,2020,142
I136632592,2021,174
I136632592,2022,207
I136632592,2023,201
I136632592,2024,354
I136632592,2025,304
I136632592,2026,140
I3129284699,2006,5
I3129284699,2007,2
I3129284699,2008,6
I3129284699,2009,8
I3129284699,2010,9
I3129284699,2011,7
I3129284699,2012,12
I3129284699,2013,5
I3129284699,2014,13
I3129284699,2015,2
I3129284699,2016,9
I3129284699,2017,20
I3129284699,2018,12
I3129284699,2019,15
I3129284699,2020,14
I3129284699,2021,20
I3129284699,2022,15
I3129284699,2023,22
I3129284699,2024,32
I3129284699,2025,63
I3129284699,2026,60
I4210150211,2006,0
I4210150211,2007,0
I4210150211,2008,0
I4210150211,2009,0
I4210150211,2010,0
I4210150211,2011,0
I4210150211,2012,0
I4210150211,2013,0
I4210150211,2014,0
I4210150211,2015,0
I4210150211,2016,0
I4210150211,2017,0
I4210150211,2018,0
I4210150211,2019,1
I4210150211,2020,1
I4210150211,2021,0
I4210150211,2022,1
I4210150211,2023,0
I4210150211,2024,1
I4210150211,2025,8
I4210150211,2026,0
I4405258936,2006,0
I4405258936,2007,0
I4405258936,2008,0
I4405258936,2009,0
I4405258936,2010,0
I4405258936,2011,0
I4405258936,2012,0
I4405258936,2013,0
I4405258936,2014,0
I4405258936,2015,0
I4405258936,2016,0
I4405258936,2017,0
I4405258936,2018,0
I4405258936,2019,0
I4405258936,2020,0
I4405258936,2021,0
I4405258936,2022,0
I4405258936,2023,0
I4405258936,2024,0
I4405258936,2025,0
I4405258936,2026,0
I207547235,2006,179
I207547235,2007,228
I207547235,2008,187
I207547235,2009,247
I207547235,2010,318
I207547235,2011,280
I207547235,2012,410
I207547235,2013,501
I207547235,2014,659
I207547235,2015,917
I207547235,2016,1179
I207547235,2017,1313
I207547235,2018,1661
I207547235,2019,1885
I207547235,2020,2637
I207547235,2021,3084
I207547235,2022,3196
I207547235,2023,3350
I207547235,2024,3332
I207547235,2025,2836
I207547235,2026,860
I4210111684,2006,0
I4210111684,2007,1
I4210111684,2008,1
I4210111684,2009,0
I4210111684,2010,1
I4210111684,2011,1
I4210111684,2012,0
I4210111684,2013,2
I4210111684,2014,0
I4210111684,2015,3
I4210111684,2016,2
I4210111684,2017,0
I4210111684,2018,3
I4210111684,2019,1
I4210111684,2020,1
I4210111684,2021,5
I4210111684,2022,3
I4210111684,2023,3
I4210111684,2024,11
I4210111684,2025,6
I4210111684,2026,4
I113643904,2006,91
I113643904,2007,118
I113643904,2008,115
I113643904,2009,146
I113643904,2010,192
I113643904,2011,236
I113643904,2012,311
I113643904,2013,380
I113643904,2014,466
I113643904,2015,634
I113643904,2016,673
I113643904,2017,852
I113643904,2018,988
I113643904,2019,1241
I113643904,2020,1593
I113643904,2021,1757
I113643904,2022,2086
I113643904,2023,2071
I113643904,2024,2109
I113643904,2025,2069
I113643904,2026,940
I171217772,2006,3
I171217772,2007,4
I171217772,2008,4
I171217772,2009,8
I171217772,2010,11
I171217772,2011,23
I171217772,2012,15
I171217772,2013,32
I171217772,2014,21
I171217772,2015,15
I171217772,2016,33
I171217772,2017,33
I171217772,2018,41
I171217772,2019,57
I171217772,2020,52
I171217772,2021,68
I171217772,2022,71
I171217772,2023,84
I171217772,2024,81
I171217772,2025,150
I171217772,2026,71
I187152970,2006,9
I187152970,2007,7
I187152970,2008,16
I187152970,2009,19
I187152970,2010,46
I187152970,2011,50
I187152970,2012,79
I187152970,2013,114
I187152970,2014,154
I187152970,2015,133
I187152970,2016,106
I187152970,2017,215
I187152970,2018,247
I187152970,2019,317
I187152970,2020,417
I187152970,2021,406
I187152970,2022,404
I187152970,2023,330
I187152970,2024,471
I187152970,2025,612
I187152970,2026,295
I4405260339,2006,0
I4405260339,2007,0
I4405260339,2008,0
I4405260339,2009,0
I4405260339,2010,0
I4405260339,2011,0
I4405260339,2012,0
I4405260339,2013,0
I4405260339,2014,0
I4405260339,2015,0
I4405260339,2016,0
I4405260339,2017,0
I4405260339,2018,0
I4405260339,2019,0
I4405260339,2020,0
I4405260339,2021,0
I4405260339,2022,0
I4405260339,2023,0
I4405260339,2024,0
I4405260339,2025,0
I4405260339,2026,0
I177651648,2006,17
I177651648,2007,17
I177651648,2008,13
I177651648,2009,8
I177651648,2010,9
I177651648,2011,25
I177651648,2012,61
I177651648,2013,86
I177651648,2014,68
I177651648,2015,72
I177651648,2016,63
I177651648,2017,88
I177651648,2018,105
I177651648,2019,144
I177651648,2020,165
I177651648,2021,156
I177651648,2022,160
I177651648,2023,143
I177651648,2024,139
I177651648,2025,204
I177651648,2026,94
I201292520,2006,3
I201292520,2007,1
I201292520,2008,1
I201292520,2009,2
I201292520,2010,6
I201292520,2011,7
I201292520,2012,17
I201292520,2013,23
I201292520,2014,57
I201292520,2015,59
I201292520,2016,68
I201292520,2017,61
I201292520,2018,71
I201292520,2019,93
I201292520,2020,104
I201292520,2021,162
I201292520,2022,195
I201292520,2023,228
I201292520,2024,221
I201292520,2025,283
I201292520,2026,114
I4405260568,2006,0
I4405260568,2007,0
I4405260568,2008,0
I4405260568,2009,0
I4405260568,2010,0
I4405260568,2011,0
I4405260568,2012,0
I4405260568,2013,0
I4405260568,2014,0
I4405260568,2015,0
I4405260568,2016,0
I4405260568,2017,0
I4405260568,2018,0
I4405260568,2019,0
I4405260568,2020,0
I4405260568,2021,0
I4405260568,2022,0
I4405260568,2023,0
I4405260568,2024,0
I4405260568,2025,0
I4405260568,2026,0
I3131279189,2006,1
I3131279189,2007,0
I3131279189,2008,0
I3131279189,2009,1
I3131279189,2010,1
I3131279189,2011,4
I3131279189,2012,5
I3131279189,2013,8
I3131279189,2014,3
I3131279189,2015,2
I3131279189,2016,8
I3131279189,2017,15
I3131279189,2018,13
I3131279189,2019,13
I3131279189,2020,23
I3131279189,2021,39
I3131279189,2022,76
I3131279189,2023,83
I3131279189,2024,89
I3131279189,2025,119
I3131279189,2026,44
I4210108437,2006,0
I4210108437,2007,1
I4210108437,2008,0
I4210108437,2009,1
I4210108437,2010,0
I4210108437,2011,1
I4210108437,2012,1
I4210108437,2013,4
I4210108437,2014,6
I4210108437,2015,7
I4210108437,2016,4
I4210108437,2017,3
I4210108437,2018,11
I4210108437,2019,19
I4210108437,2020,10
I4210108437,2021,8
I4210108437,2022,8
I4210108437,2023,12
I4210108437,2024,11
I4210108437,2025,22
I4210108437,2026,13
I4210127722,2006,0
I4210127722,2007,0
I4210127722,2008,0
I4210127722,2009,0
I4210127722,2010,0
I4210127722,2011,0
I4210127722,2012,0
I4210127722,2013,0
I4210127722,2014,2
I4210127722,2015,1
I4210127722,2016,4
I4210127722,2017,1
I4210127722,2018,3
I4210127722,2019,3
I4210127722,2020,3
I4210127722,2021,15
I4210127722,2022,7
I4210127722,2023,12
I4210127722,2024,13
I4210127722,2025,11
I4210127722,2026,8
I4405261293,2006,0
I4405261293,2007,0
I4405261293,2008,0
I4405261293,2009,0
I4405261293,2010,0
I4405261293,2011,0
I4405261293,2012,0
I4405261293,2013,0
I4405261293,2014,0
I4405261293,2015,0
I4405261293,2016,0
I4405261293,2017,0
I4405261293,2018,0
I4405261293,2019,0
I4405261293,2020,0
I4405261293,2021,0
I4405261293,2022,0
I4405261293,2023,0
I4405261293,2024,0
I4405261293,2025,0
I4405261293,2026,0
I4387153060,2006,0
I4387153060,2007,0
I4387153060,2008,0
I4387153060,2009,0
I4387153060,2010,0
I4387153060,2011,0
I4387153060,2012,0
I4387153060,2013,0
I4387153060,2014,0
I4387153060,2015,0
I4387153060,2016,0
I4387153060,2017,0
I4387153060,2018,3
I4387153060,2019,5
I4387153060,2020,16
I4387153060,2021,29
I4387153060,2022,35
I4387153060,2023,51
I4387153060,2024,29
I4387153060,2025,16
I4387153060,2026,2
I4405264926,2006,0
I4405264926,2007,0
I4405264926,2008,0
I4405264926,2009,0
I4405264926,2010,0
I4405264926,2011,0
I4405264926,2012,0
I4405264926,2013,0
I4405264926,2014,0
I4405264926,2015,0
I4405264926,2016,0
I4405264926,2017,0
I4405264926,2018,0
I4405264926,2019,0
I4405264926,2020,0
I4405264926,2021,0
I4405264926,2022,0
I4405264926,2023,0
I4405264926,2024,0
I4405264926,2025,0
I4405264926,2026,0
I309707301,2006,7
I309707301,2007,7
I309707301,2008,3
I309707301,2009,10
I309707301,2010,12
I309707301,2011,10
I309707301,2012,10
I309707301,2013,9
I309707301,2014,15
I309707301,2015,32
I309707301,2016,24
I309707301,2017,37
I309707301,2018,30
I309707301,2019,32
I309707301,2020,66
I309707301,2021,53
I309707301,2022,65
I309707301,2023,62
I309707301,2024,79
I309707301,2025,103
I309707301,2026,49
I2800581689,2006,9
I2800581689,2007,7
I2800581689,2008,13
I2800581689,2009,9
I2800581689,2010,8
I2800581689,2011,12
I2800581689,2012,11
I2800581689,2013,22
I2800581689,2014,29
I2800581689,2015,30
I2800581689,2016,17
I2800581689,2017,12
I2800581689,2018,9
I2800581689,2019,8
I2800581689,2020,14
I2800581689,2021,20
I2800581689,2022,20
I2800581689,2023,26
I2800581689,2024,32
I2800581689,2025,35
I2800581689,2026,27
I216286881,2006,8
I216286881,2007,12
I216286881,2008,8
I216286881,2009,11
I216286881,2010,10
I216286881,2011,6
I216286881,2012,13
I216286881,2013,20
I216286881,2014,45
I216286881,2015,48
I216286881,2016,137
I216286881,2017,178
I216286881,2018,258
I216286881,2019,333
I216286881,2020,357
I216286881,2021,394
I216286881,2022,388
I216286881,2023,368
I216286881,2024,404
I216286881,2025,366
I216286881,2026,141
I4210111441,2006,6
I4210111441,2007,2
I4210111441,2008,4
I4210111441,2009,8
I4210111441,2010,9
I4210111441,2011,12
I4210111441,2012,16
I4210111441,2013,25
I4210111441,2014,22
I4210111441,2015,25
I4210111441,2016,36
I4210111441,2017,38
I4210111441,2018,43
I4210111441,2019,38
I4210111441,2020,46
I4210111441,2021,56
I4210111441,2022,45
I4210111441,2023,40
I4210111441,2024,36
I4210111441,2025,47
I4210111441,2026,19
I4399598453,2006,14
I4399598453,2007,6
I4399598453,2008,0
I4399598453,2009,12
I4399598453,2010,4
I4399598453,2011,4
I4399598453,2012,10
I4399598453,2013,4
I4399598453,2014,4
I4399598453,2015,0
I4399598453,2016,29
I4399598453,2017,36
I4399598453,2018,38
I4399598453,2019,54
I4399598453,2020,58
I4399598453,2021,70
I4399598453,2022,79
I4399598453,2023,70
I4399598453,2024,89
I4399598453,2025,80
I4399598453,2026,37
I200433483,2006,7
I200433483,2007,13
I200433483,2008,13
I200433483,2009,23
I200433483,2010,20
I200433483,2011,26
I200433483,2012,20
I200433483,2013,35
I200433483,2014,45
I200433483,2015,75
I200433483,2016,67
I200433483,2017,67
I200433483,2018,101
I200433483,2019,137
I200433483,2020,195
I200433483,2021,210
I200433483,2022,293
I200433483,2023,451
I200433483,2024,627
I200433483,2025,592
I200433483,2026,250
I4210096386,2006,533
I4210096386,2007,665
I4210096386,2008,566
I4210096386,2009,674
I4210096386,2010,594
I4210096386,2011,642
I4210096386,2012,730
I4210096386,2013,798
I4210096386,2014,853
I4210096386,2015,995
I4210096386,2016,1084
I4210096386,2017,1005
I4210096386,2018,1142
I4210096386,2019,1398
I4210096386,2020,2451
I4210096386,2021,2193
I4210096386,2022,2474
I4210096386,2023,2597
I4210096386,2024,2664
I4210096386,2025,1901
I4210096386,2026,885
I4210166320,2006,0
I4210166320,2007,0
I4210166320,2008,0
I4210166320,2009,0
I4210166320,2010,0
I4210166320,2011,0
I4210166320,2012,0
I4210166320,2013,0
I4210166320,2014,0
I4210166320,2015,0
I4210166320,2016,0
I4210166320,2017,0
I4210166320,2018,0
I4210166320,2019,0
I4210166320,2020,0
I4210166320,2021,0
I4210166320,2022,0
I4210166320,2023,0
I4210166320,2024,0
I4210166320,2025,0
I4210166320,2026,0
I154023281,2006,14
I154023281,2007,20
I154023281,2008,29
I154023281,2009,44
I154023281,2010,72
I154023281,2011,82
I154023281,2012,101
I154023281,2013,132
I154023281,2014,133
I154023281,2015,156
I154023281,2016,208
I154023281,2017,218
I154023281,2018,289
I154023281,2019,386
I154023281,2020,462
I154023281,2021,580
I154023281,2022,710
I154023281,2023,693
I154023281,2024,826
I154023281,2025,794
I154023281,2026,311
I3132458453,2006,0
I3132458453,2007,0
I3132458453,2008,0
I3132458453,2009,1
I3132458453,2010,0
I3132458453,2011,0
I3132458453,2012,1
I3132458453,2013,5
I3132458453,2014,9
I3132458453,2015,11
I3132458453,2016,6
I3132458453,2017,4
I3132458453,2018,4
I3132458453,2019,12
I3132458453,2020,6
I3132458453,2021,12
I3132458453,2022,37
I3132458453,2023,26
I3132458453,2024,26
I3132458453,2025,39
I3132458453,2026,21
I4405259374,2006,0
I4405259374,2007,0
I4405259374,2008,0
I4405259374,2009,0
I4405259374,2010,0
I4405259374,2011,0
I4405259374,2012,0
I4405259374,2013,0
I4405259374,2014,0
I4405259374,2015,0
I4405259374,2016,0
I4405259374,2017,0
I4405259374,2018,0
I4405259374,2019,0
I4405259374,2020,0
I4405259374,2021,0
I4405259374,2022,0
I4405259374,2023,0
I4405259374,2024,0
I4405259374,2025,0
I4405259374,2026,0
I4405266298,2006,0
I4405266298,2007,0
I4405266298,2008,0
I4405266298,2009,0
I4405266298,2010,0
I4405266298,2011,0
I4405266298,2012,0
I4405266298,2013,0
I4405266298,2014,0
I4405266298,2015,0
I4405266298,2016,0
I4405266298,2017,0
I4405266298,2018,0
I4405266298,2019,0
I4405266298,2020,0
I4405266298,2021,0
I4405266298,2022,0
I4405266298,2023,0
I4405266298,2024,0
I4405266298,2025,0
I4405266298,2026,0
I4210124021,2006,1
I4210124021,2007,1
I4210124021,2008,1
I4210124021,2009,1
I4210124021,2010,1
I4210124021,2011,0
I4210124021,2012,1
I4210124021,2013,5
I4210124021,2014,7
I4210124021,2015,8
I4210124021,2016,19
I4210124021,2017,18
I4210124021,2018,27
I4210124021,2019,57
I4210124021,2020,132
I4210124021,2021,236
I4210124021,2022,289
I4210124021,2023,258
I4210124021,2024,261
I4210124021,2025,431
I4210124021,2026,159
I4210087577,2006,1
I4210087577,2007,0
I4210087577,2008,0
I4210087577,2009,1
I4210087577,2010,0
I4210087577,2011,0
I4210087577,2012,0
I4210087577,2013,1
I4210087577,2014,2
I4210087577,2015,0
I4210087577,2016,1
I4210087577,2017,2
I4210087577,2018,1
I4210087577,2019,1
I4210087577,2020,0
I4210087577,2021,3
I4210087577,2022,2
I4210087577,2023,10
I4210087577,2024,15
I4210087577,2025,18
I4210087577,2026,27
I287756978,2006,36
I287756978,2007,38
I287756978,2008,40
I287756978,2009,29
I287756978,2010,56
I287756978,2011,52
I287756978,2012,52
I287756978,2013,47
I287756978,2014,67
I287756978,2015,37
I287756978,2016,21
I287756978,2017,41
I287756978,2018,53
I287756978,2019,115
I287756978,2020,183
I287756978,2021,208
I287756978,2022,244
I287756978,2023,268
I287756978,2024,273
I287756978,2025,359
I287756978,2026,195
I4210142055,2006,0
I4210142055,2007,1
I4210142055,2008,0
I4210142055,2009,1
I4210142055,2010,0
I4210142055,2011,1
I4210142055,2012,1
I4210142055,2013,7
I4210142055,2014,3
I4210142055,2015,4
I4210142055,2016,4
I4210142055,2017,0
I4210142055,2018,0
I4210142055,2019,4
I4210142055,2020,3
I4210142055,2021,7
I4210142055,2022,3
I4210142055,2023,11
I4210142055,2024,4
I4210142055,2025,19
I4210142055,2026,4
I119856527,2006,198
I119856527,2007,253
I119856527,2008,284
I119856527,2009,233
I119856527,2010,332
I119856527,2011,449
I119856527,2012,566
I119856527,2013,570
I119856527,2014,618
I119856527,2015,714
I119856527,2016,788
I119856527,2017,882
I119856527,2018,974
I119856527,2019,1166
I119856527,2020,1491
I119856527,2021,1723
I119856527,2022,1791
I119856527,2023,2032
I119856527,2024,2133
I119856527,2025,2320
I119856527,2026,1156
I4210140988,2006,2
I4210140988,2007,2
I4210140988,2008,0
I4210140988,2009,2
I4210140988,2010,3
I4210140988,2011,3
I4210140988,2012,12
I4210140988,2013,6
I4210140988,2014,10
I4210140988,2015,7
I4210140988,2016,12
I4210140988,2017,9
I4210140988,2018,18
I4210140988,2019,24
I4210140988,2020,23
I4210140988,2021,47
I4210140988,2022,68
I4210140988,2023,90
I4210140988,2024,85
I4210140988,2025,99
I4210140988,2026,32
I145487455,2006,1194
I145487455,2007,1255
I145487455,2008,1325
I145487455,2009,1663
I145487455,2010,2013
I145487455,2011,2408
I145487455,2012,2867
I145487455,2013,3318
I145487455,2014,3605
I145487455,2015,3990
I145487455,2016,4514
I145487455,2017,4912
I145487455,2018,5514
I145487455,2019,6311
I145487455,2020,7259
I145487455,2021,8374
I145487455,2022,8972
I145487455,2023,8557
I145487455,2024,8747
I145487455,2025,9124
I145487455,2026,3935
I280533721,2006,2
I280533721,2007,2
I280533721,2008,0
I280533721,2009,2
I280533721,2010,2
I280533721,2011,3
I280533721,2012,8
I280533721,2013,12
I280533721,2014,15
I280533721,2015,7
I280533721,2016,11
I280533721,2017,11
I280533721,2018,24
I280533721,2019,28
I280533721,2020,27
I280533721,2021,42
I280533721,2022,87
I280533721,2023,119
I280533721,2024,135
I280533721,2025,236
I280533721,2026,218
I4405262979,2006,0
I4405262979,2007,0
I4405262979,2008,0
I4405262979,2009,0
I4405262979,2010,0
I4405262979,2011,0
I4405262979,2012,0
I4405262979,2013,0
I4405262979,2014,0
I4405262979,2015,0
I4405262979,2016,0
I4405262979,2017,0
I4405262979,2018,0
I4405262979,2019,0
I4405262979,2020,0
I4405262979,2021,0
I4405262979,2022,0
I4405262979,2023,0
I4405262979,2024,0
I4405262979,2025,0
I4405262979,2026,0
I4210122785,2006,2
I4210122785,2007,1
I4210122785,2008,0
I4210122785,2009,1
I4210122785,2010,2
I4210122785,2011,6
I4210122785,2012,4
I4210122785,2013,7
I4210122785,2014,11
I4210122785,2015,21
I4210122785,2016,21
I4210122785,2017,24
I4210122785,2018,25
I4210122785,2019,53
I4210122785,2020,32
I4210122785,2021,64
I4210122785,2022,83
I4210122785,2023,120
I4210122785,2024,93
I4210122785,2025,94
I4210122785,2026,32
I206509152,2006,0
I206509152,2007,0
I206509152,2008,1
I206509152,2009,1
I206509152,2010,0
I206509152,2011,3
I206509152,2012,6
I206509152,2013,9
I206509152,2014,15
I206509152,2015,42
I206509152,2016,25
I206509152,2017,29
I206509152,2018,25
I206509152,2019,16
I206509152,2020,50
I206509152,2021,75
I206509152,2022,124
I206509152,2023,109
I206509152,2024,143
I206509152,2025,168
I206509152,2026,67
I159253421,2006,97
I159253421,2007,108
I159253421,2008,140
I159253421,2009,163
I159253421,2010,209
I159253421,2011,256
I159253421,2012,286
I159253421,2013,334
I159253421,2014,341
I159253421,2015,351
I159253421,2016,456
I159253421,2017,415
I159253421,2018,406
I159253421,2019,443
I159253421,2020,565
I159253421,2021,729
I159253421,2022,714
I159253421,2023,746
I159253421,2024,719
I159253421,2025,772
I159253421,2026,407
I4405265890,2006,0
I4405265890,2007,0
I4405265890,2008,0
I4405265890,2009,0
I4405265890,2010,0
I4405265890,2011,0
I4405265890,2012,0
I4405265890,2013,0
I4405265890,2014,0
I4405265890,2015,0
I4405265890,2016,0
I4405265890,2017,0
I4405265890,2018,0
I4405265890,2019,0
I4405265890,2020,0
I4405265890,2021,0
I4405265890,2022,0
I4405265890,2023,0
I4405265890,2024,0
I4405265890,2025,0
I4405265890,2026,0
I4405255440,2006,0
I4405255440,2007,0
I4405255440,2008,0
I4405255440,2009,0
I4405255440,2010,0
I4405255440,2011,0
I4405255440,2012,0
I4405255440,2013,0
I4405255440,2014,0
I4405255440,2015,0
I4405255440,2016,0
I4405255440,2017,0
I4405255440,2018,0
I4405255440,2019,0
I4405255440,2020,0
I4405255440,2021,0
I4405255440,2022,0
I4405255440,2023,0
I4405255440,2024,0
I4405255440,2025,0
I4405255440,2026,0
I4405258506,2006,0
I4405258506,2007,0
I4405258506,2008,0
I4405258506,2009,0
I4405258506,2010,0
I4405258506,2011,0
I4405258506,2012,0
I4405258506,2013,0
I4405258506,2014,0
I4405258506,2015,0
I4405258506,2016,0
I4405258506,2017,0
I4405258506,2018,0
I4405258506,2019,0
I4405258506,2020,0
I4405258506,2021,0
I4405258506,2022,0
I4405258506,2023,0
I4405258506,2024,0
I4405258506,2025,0
I4405258506,2026,0
I3131829890,2006,2
I3131829890,2007,3
I3131829890,2008,0
I3131829890,2009,0
I3131829890,2010,0
I3131829890,2011,0
I3131829890,2012,2
I3131829890,2013,12
I3131829890,2014,12
I3131829890,2015,4
I3131829890,2016,10
I3131829890,2017,17
I3131829890,2018,14
I3131829890,2019,16
I3131829890,2020,26
I3131829890,2021,20
I3131829890,2022,45
I3131829890,2023,51
I3131829890,2024,15
I3131829890,2025,36
I3131829890,2026,16
I4210130200,2006,1
I4210130200,2007,2
I4210130200,2008,2
I4210130200,2009,0
I4210130200,2010,4
I4210130200,2011,3
I4210130200,2012,4
I4210130200,2013,4
I4210130200,2014,6
I4210130200,2015,9
I4210130200,2016,5
I4210130200,2017,12
I4210130200,2018,22
I4210130200,2019,12
I4210130200,2020,16
I4210130200,2021,35
I4210130200,2022,34
I4210130200,2023,61
I4210130200,2024,52
I4210130200,2025,91
I4210130200,2026,50
I192535658,2006,8
I192535658,2007,2
I192535658,2008,2
I192535658,2009,4
I192535658,2010,2
I192535658,2011,4
I192535658,2012,10
I192535658,2013,19
I192535658,2014,10
I192535658,2015,16
I192535658,2016,16
I192535658,2017,33
I192535658,2018,35
I192535658,2019,37
I192535658,2020,47
I192535658,2021,60
I192535658,2022,80
I192535658,2023,104
I192535658,2024,76
I192535658,2025,106
I192535658,2026,57
I4210154964,2006,0
I4210154964,2007,0
I4210154964,2008,1
I4210154964,2009,0
I4210154964,2010,0
I4210154964,2011,0
I4210154964,2012,0
I4210154964,2013,0
I4210154964,2014,0
I4210154964,2015,2
I4210154964,2016,6
I4210154964,2017,6
I4210154964,2018,20
I4210154964,2019,7
I4210154964,2020,5
I4210154964,2021,6
I4210154964,2022,6
I4210154964,2023,13
I4210154964,2024,15
I4210154964,2025,6
I4210154964,2026,10
I4210155522,2006,1
I4210155522,2007,12
I4210155522,2008,0
I4210155522,2009,8
I4210155522,2010,1
I4210155522,2011,6
I4210155522,2012,7
I4210155522,2013,6
I4210155522,2014,4
I4210155522,2015,1
I4210155522,2016,7
I4210155522,2017,6
I4210155522,2018,6
I4210155522,2019,3
I4210155522,2020,13
I4210155522,2021,12
I4210155522,2022,15
I4210155522,2023,17
I4210155522,2024,13
I4210155522,2025,29
I4210155522,2026,25
I251854046,2006,0
I251854046,2007,0
I251854046,2008,0
I251854046,2009,1
I251854046,2010,3
I251854046,2011,8
I251854046,2012,4
I251854046,2013,7
I251854046,2014,7
I251854046,2015,17
I251854046,2016,21
I251854046,2017,21
I251854046,2018,17
I251854046,2019,35
I251854046,2020,41
I251854046,2021,32
I251854046,2022,29
I251854046,2023,25
I251854046,2024,28
I251854046,2025,40
I251854046,2026,44
I4210141093,2006,10
I4210141093,2007,8
I4210141093,2008,17
I4210141093,2009,24
I4210141093,2010,12
I4210141093,2011,23
I4210141093,2012,8
I4210141093,2013,16
I4210141093,2014,18
I4210141093,2015,35
I4210141093,2016,23
I4210141093,2017,32
I4210141093,2018,43
I4210141093,2019,70
I4210141093,2020,77
I4210141093,2021,83
I4210141093,2022,84
I4210141093,2023,72
I4210141093,2024,71
I4210141093,2025,104
I4210141093,2026,61
I82889322,2006,5
I82889322,2007,7
I82889322,2008,2
I82889322,2009,7
I82889322,2010,6
I82889322,2011,13
I82889322,2012,17
I82889322,2013,24
I82889322,2014,28
I82889322,2015,29
I82889322,2016,45
I82889322,2017,56
I82889322,2018,64
I82889322,2019,89
I82889322,2020,117
I82889322,2021,167
I82889322,2022,146
I82889322,2023,177
I82889322,2024,159
I82889322,2025,180
I82889322,2026,74
I273065767,2006,39
I273065767,2007,40
I273065767,2008,49
I273065767,2009,40
I273065767,2010,52
I273065767,2011,100
I273065767,2012,76
I273065767,2013,79
I273065767,2014,116
I273065767,2015,80
I273065767,2016,74
I273065767,2017,77
I273065767,2018,93
I273065767,2019,112
I273065767,2020,148
I273065767,2021,177
I273065767,2022,230
I273065767,2023,236
I273065767,2024,261
I273065767,2025,265
I273065767,2026,147
I4210144434,2006,1
I4210144434,2007,0
I4210144434,2008,0
I4210144434,2009,1
I4210144434,2010,1
I4210144434,2011,3
I4210144434,2012,2
I4210144434,2013,1
I4210144434,2014,0
I4210144434,2015,3
I4210144434,2016,1
I4210144434,2017,2
I4210144434,2018,3
I4210144434,2019,5
I4210144434,2020,5
I4210144434,2021,5
I4210144434,2022,4
I4210144434,2023,5
I4210144434,2024,5
I4210144434,2025,23
I4210144434,2026,21
I4210103367,2006,2
I4210103367,2007,4
I4210103367,2008,4
I4210103367,2009,1
I4210103367,2010,3
I4210103367,2011,5
I4210103367,2012,4
I4210103367,2013,8
I4210103367,2014,7
I4210103367,2015,4
I4210103367,2016,10
I4210103367,2017,10
I4210103367,2018,4
I4210103367,2019,14
I4210103367,2020,17
I4210103367,2021,30
I4210103367,2022,22
I4210103367,2023,25
I4210103367,2024,38
I4210103367,2025,55
I4210103367,2026,44
I319786031,2006,19
I319786031,2007,22
I319786031,2008,29
I319786031,2009,31
I319786031,2010,29
I319786031,2011,25
I319786031,2012,21
I319786031,2013,36
I319786031,2014,33
I319786031,2015,22
I319786031,2016,21
I319786031,2017,37
I319786031,2018,19
I319786031,2019,28
I319786031,2020,46
I319786031,2021,58
I319786031,2022,36
I319786031,2023,47
I319786031,2024,78
I319786031,2025,98
I319786031,2026,289
I4210156635,2006,12
I4210156635,2007,10
I4210156635,2008,18
I4210156635,2009,8
I4210156635,2010,9
I4210156635,2011,10
I4210156635,2012,9
I4210156635,2013,16
I4210156635,2014,9
I4210156635,2015,1
I4210156635,2016,4
I4210156635,2017,2
I4210156635,2018,0
I4210156635,2019,2
I4210156635,2020,1
I4210156635,2021,14
I4210156635,2022,13
I4210156635,2023,13
I4210156635,2024,18
I4210156635,2025,32
I4210156635,2026,22
I4210152980,2006,0
I4210152980,2007,2
I4210152980,2008,0
I4210152980,2009,2
I4210152980,2010,3
I4210152980,2011,3
I4210152980,2012,4
I4210152980,2013,2
I4210152980,2014,2
I4210152980,2015,3
I4210152980,2016,4
I4210152980,2017,5
I4210152980,2018,6
I4210152980,2019,6
I4210152980,2020,12
I4210152980,2021,10
I4210152980,2022,6
I4210152980,2023,12
I4210152980,2024,18
I4210152980,2025,15
I4210152980,2026,10
I4210149345,2006,0
I4210149345,2007,0
I4210149345,2008,1
I4210149345,2009,0
I4210149345,2010,0
I4210149345,2011,0
I4210149345,2012,2
I4210149345,2013,1
I4210149345,2014,0
I4210149345,2015,12
I4210149345,2016,6
I4210149345,2017,3
I4210149345,2018,8
I4210149345,2019,10
I4210149345,2020,6
I4210149345,2021,11
I4210149345,2022,24
I4210149345,2023,48
I4210149345,2024,34
I4210149345,2025,38
I4210149345,2026,21
I3130796309,2006,0
I3130796309,2007,1
I3130796309,2008,1
I3130796309,2009,1
I3130796309,2010,1
I3130796309,2011,0
I3130796309,2012,0
I3130796309,2013,0
I3130796309,2014,3
I3130796309,2015,1
I3130796309,2016,4
I3130796309,2017,3
I3130796309,2018,3
I3130796309,2019,12
I3130796309,2020,22
I3130796309,2021,43
I3130796309,2022,27
I3130796309,2023,16
I3130796309,2024,29
I3130796309,2025,27
I3130796309,2026,19
I2799418772,2006,0
I2799418772,2007,0
I2799418772,2008,0
I2799418772,2009,0
I2799418772,2010,0
I2799418772,2011,0
I2799418772,2012,0
I2799418772,2013,0
I2799418772,2014,0
I2799418772,2015,1
I2799418772,2016,1
I2799418772,2017,2
I2799418772,2018,0
I2799418772,2019,8
I2799418772,2020,5
I2799418772,2021,13
I2799418772,2022,6
I2799418772,2023,11
I2799418772,2024,3
I2799418772,2025,29
I2799418772,2026,12
I4405263625,2006,0
I4405263625,2007,0
I4405263625,2008,0
I4405263625,2009,0
I4405263625,2010,0
I4405263625,2011,0
I4405263625,2012,0
I4405263625,2013,0
I4405263625,2014,0
I4405263625,2015,0
I4405263625,2016,0
I4405263625,2017,0
I4405263625,2018,0
I4405263625,2019,0
I4405263625,2020,0
I4405263625,2021,0
I4405263625,2022,0
I4405263625,2023,0
I4405263625,2024,0
I4405263625,2025,0
I4405263625,2026,0
I4405254307,2006,0
I4405254307,2007,0
I4405254307,2008,0
I4405254307,2009,0
I4405254307,2010,0
I4405254307,2011,0
I4405254307,2012,0
I4405254307,2013,0
I4405254307,2014,0
I4405254307,2015,0
I4405254307,2016,0
I4405254307,2017,0
I4405254307,2018,0
I4405254307,2019,0
I4405254307,2020,0
I4405254307,2021,0
I4405254307,2022,0
I4405254307,2023,0
I4405254307,2024,0
I4405254307,2025,0
I4405254307,2026,0
I22265921,2006,1304
I22265921,2007,1450
I22265921,2008,1564
I22265921,2009,1614
I22265921,2010,1793
I22265921,2011,1913
I22265921,2012,1959
I22265921,2013,1881
I22265921,2014,1852
I22265921,2015,1851
I22265921,2016,1693
I22265921,2017,1607
I22265921,2018,1560
I22265921,2019,1639
I22265921,2020,1700
I22265921,2021,1815
I22265921,2022,1792
I22265921,2023,1924
I22265921,2024,1807
I22265921,2025,1918
I22265921,2026,835
I110603874,2006,32
I110603874,2007,23
I110603874,2008,20
I110603874,2009,35
I110603874,2010,38
I110603874,2011,59
I110603874,2012,71
I110603874,2013,101
I110603874,2014,139
I110603874,2015,150
I110603874,2016,169
I110603874,2017,138
I110603874,2018,210
I110603874,2019,NA
I110603874,2020,NA
I110603874,2021,NA
I110603874,2022,NA
I110603874,2023,NA
I110603874,2024,NA
I110603874,2025,NA
I110603874,2026,NA
I4210140978,2006,NA
I4210140978,2007,NA
I4210140978,2008,NA
I4210140978,2009,NA
I4210140978,2010,NA
I4210140978,2011,NA
I4210140978,2012,NA
I4210140978,2013,NA
I4210140978,2014,NA
I4210140978,2015,NA
I4210140978,2016,NA
I4210140978,2017,NA
I4210140978,2018,NA
I4210140978,2019,5
I4210140978,2020,6
I4210140978,2021,6
I4210140978,2022,8
I4210140978,2023,10
I4210140978,2024,7
I4210140978,2025,7
I4210140978,2026,2
I4405259455,2006,0
I4405259455,2007,0
I4405259455,2008,0
I4405259455,2009,0
I4405259455,2010,0
I4405259455,2011,0
I4405259455,2012,0
I4405259455,2013,0
I4405259455,2014,0
I4405259455,2015,0
I4405259455,2016,0
I4405259455,2017,0
I4405259455,2018,0
I4405259455,2019,0
I4405259455,2020,0
I4405259455,2021,0
I4405259455,2022,0
I4405259455,2023,0
I4405259455,2024,0
I4405259455,2025,0
I4405259455,2026,0
I4405255456,2006,0
I4405255456,2007,0
I4405255456,2008,0
I4405255456,2009,0
I4405255456,2010,0
I4405255456,2011,0
I4405255456,2012,0
I4405255456,2013,0
I4405255456,2014,0
I4405255456,2015,0
I4405255456,2016,0
I4405255456,2017,0
I4405255456,2018,0
I4405255456,2019,0
I4405255456,2020,0
I4405255456,2021,0
I4405255456,2022,0
I4405255456,2023,0
I4405255456,2024,0
I4405255456,2025,0
I4405255456,2026,0
I4405266622,2006,0
I4405266622,2007,0
I4405266622,2008,0
I4405266622,2009,0
I4405266622,2010,0
I4405266622,2011,0
I4405266622,2012,0
I4405266622,2013,0
I4405266622,2014,0
I4405266622,2015,0
I4405266622,2016,0
I4405266622,2017,0
I4405266622,2018,0
I4405266622,2019,0
I4405266622,2020,0
I4405266622,2021,0
I4405266622,2022,0
I4405266622,2023,0
I4405266622,2024,0
I4405266622,2025,0
I4405266622,2026,0
I4210097318,2006,0
I4210097318,2007,0
I4210097318,2008,1
I4210097318,2009,0
I4210097318,2010,1
I4210097318,2011,0
I4210097318,2012,1
I4210097318,2013,0
I4210097318,2014,0
I4210097318,2015,0
I4210097318,2016,0
I4210097318,2017,0
I4210097318,2018,0
I4210097318,2019,0
I4210097318,2020,0
I4210097318,2021,1
I4210097318,2022,4
I4210097318,2023,4
I4210097318,2024,7
I4210097318,2025,19
I4210097318,2026,7
I4210155582,2006,2
I4210155582,2007,3
I4210155582,2008,3
I4210155582,2009,4
I4210155582,2010,10
I4210155582,2011,13
I4210155582,2012,16
I4210155582,2013,20
I4210155582,2014,18
I4210155582,2015,37
I4210155582,2016,26
I4210155582,2017,45
I4210155582,2018,70
I4210155582,2019,88
I4210155582,2020,101
I4210155582,2021,169
I4210155582,2022,170
I4210155582,2023,141
I4210155582,2024,169
I4210155582,2025,192
I4210155582,2026,93
I4405252898,2006,0
I4405252898,2007,0
I4405252898,2008,0
I4405252898,2009,0
I4405252898,2010,0
I4405252898,2011,0
I4405252898,2012,0
I4405252898,2013,0
I4405252898,2014,0
I4405252898,2015,0
I4405252898,2016,0
I4405252898,2017,0
I4405252898,2018,0
I4405252898,2019,0
I4405252898,2020,0
I4405252898,2021,0
I4405252898,2022,0
I4405252898,2023,0
I4405252898,2024,0
I4405252898,2025,0
I4405252898,2026,0
I4210127484,2006,0
I4210127484,2007,2
I4210127484,2008,0
I4210127484,2009,0
I4210127484,2010,0
I4210127484,2011,0
I4210127484,2012,1
I4210127484,2013,0
I4210127484,2014,5
I4210127484,2015,5
I4210127484,2016,11
I4210127484,2017,17
I4210127484,2018,18
I4210127484,2019,31
I4210127484,2020,43
I4210127484,2021,42
I4210127484,2022,41
I4210127484,2023,60
I4210127484,2024,74
I4210127484,2025,124
I4210127484,2026,40
I4405262752,2006,0
I4405262752,2007,0
I4405262752,2008,0
I4405262752,2009,0
I4405262752,2010,0
I4405262752,2011,0
I4405262752,2012,0
I4405262752,2013,0
I4405262752,2014,0
I4405262752,2015,0
I4405262752,2016,0
I4405262752,2017,0
I4405262752,2018,0
I4405262752,2019,0
I4405262752,2020,0
I4405262752,2021,0
I4405262752,2022,0
I4405262752,2023,0
I4405262752,2024,0
I4405262752,2025,0
I4405262752,2026,0
I4405255384,2006,0
I4405255384,2007,0
I4405255384,2008,0
I4405255384,2009,0
I4405255384,2010,0
I4405255384,2011,0
I4405255384,2012,0
I4405255384,2013,0
I4405255384,2014,0
I4405255384,2015,0
I4405255384,2016,0
I4405255384,2017,0
I4405255384,2018,0
I4405255384,2019,0
I4405255384,2020,0
I4405255384,2021,0
I4405255384,2022,0
I4405255384,2023,0
I4405255384,2024,0
I4405255384,2025,0
I4405255384,2026,0
I4405258622,2006,0
I4405258622,2007,0
I4405258622,2008,0
I4405258622,2009,0
I4405258622,2010,0
I4405258622,2011,0
I4405258622,2012,0
I4405258622,2013,0
I4405258622,2014,0
I4405258622,2015,0
I4405258622,2016,0
I4405258622,2017,0
I4405258622,2018,0
I4405258622,2019,0
I4405258622,2020,0
I4405258622,2021,0
I4405258622,2022,0
I4405258622,2023,0
I4405258622,2024,0
I4405258622,2025,0
I4405258622,2026,0
I4210141701,2006,0
I4210141701,2007,0
I4210141701,2008,2
I4210141701,2009,1
I4210141701,2010,0
I4210141701,2011,1
I4210141701,2012,1
I4210141701,2013,1
I4210141701,2014,0
I4210141701,2015,1
I4210141701,2016,1
I4210141701,2017,0
I4210141701,2018,2
I4210141701,2019,0
I4210141701,2020,1
I4210141701,2021,3
I4210141701,2022,2
I4210141701,2023,4
I4210141701,2024,4
I4210141701,2025,4
I4210141701,2026,6
I96840727,2006,172
I96840727,2007,246
I96840727,2008,256
I96840727,2009,264
I96840727,2010,286
I96840727,2011,356
I96840727,2012,411
I96840727,2013,460
I96840727,2014,511
I96840727,2015,529
I96840727,2016,629
I96840727,2017,701
I96840727,2018,789
I96840727,2019,886
I96840727,2020,1083
I96840727,2021,1071
I96840727,2022,1188
I96840727,2023,1311
I96840727,2024,1176
I96840727,2025,1297
I96840727,2026,692
I121645547,2006,7
I121645547,2007,18
I121645547,2008,13
I121645547,2009,7
I121645547,2010,8
I121645547,2011,15
I121645547,2012,30
I121645547,2013,54
I121645547,2014,77
I121645547,2015,64
I121645547,2016,78
I121645547,2017,101
I121645547,2018,107
I121645547,2019,90
I121645547,2020,104
I121645547,2021,114
I121645547,2022,149
I121645547,2023,184
I121645547,2024,149
I121645547,2025,235
I121645547,2026,97
I4210125507,2006,67
I4210125507,2007,69
I4210125507,2008,89
I4210125507,2009,63
I4210125507,2010,85
I4210125507,2011,96
I4210125507,2012,99
I4210125507,2013,137
I4210125507,2014,165
I4210125507,2015,201
I4210125507,2016,318
I4210125507,2017,291
I4210125507,2018,383
I4210125507,2019,480
I4210125507,2020,558
I4210125507,2021,623
I4210125507,2022,792
I4210125507,2023,888
I4210125507,2024,1120
I4210125507,2025,1285
I4210125507,2026,564
I4405253191,2006,0
I4405253191,2007,0
I4405253191,2008,0
I4405253191,2009,0
I4405253191,2010,0
I4405253191,2011,0
I4405253191,2012,0
I4405253191,2013,0
I4405253191,2014,0
I4405253191,2015,0
I4405253191,2016,0
I4405253191,2017,0
I4405253191,2018,0
I4405253191,2019,0
I4405253191,2020,0
I4405253191,2021,0
I4405253191,2022,0
I4405253191,2023,0
I4405253191,2024,0
I4405253191,2025,0
I4405253191,2026,0
I4210086733,2006,0
I4210086733,2007,0
I4210086733,2008,0
I4210086733,2009,1
I4210086733,2010,0
I4210086733,2011,0
I4210086733,2012,0
I4210086733,2013,0
I4210086733,2014,1
I4210086733,2015,1
I4210086733,2016,2
I4210086733,2017,3
I4210086733,2018,4
I4210086733,2019,2
I4210086733,2020,2
I4210086733,2021,6
I4210086733,2022,8
I4210086733,2023,14
I4210086733,2024,16
I4210086733,2025,18
I4210086733,2026,9
I2802427971,2006,0
I2802427971,2007,0
I2802427971,2008,1
I2802427971,2009,1
I2802427971,2010,4
I2802427971,2011,3
I2802427971,2012,8
I2802427971,2013,5
I2802427971,2014,4
I2802427971,2015,4
I2802427971,2016,6
I2802427971,2017,27
I2802427971,2018,22
I2802427971,2019,20
I2802427971,2020,30
I2802427971,2021,28
I2802427971,2022,56
I2802427971,2023,25
I2802427971,2024,36
I2802427971,2025,64
I2802427971,2026,15
I3132944300,2006,0
I3132944300,2007,0
I3132944300,2008,0
I3132944300,2009,2
I3132944300,2010,4
I3132944300,2011,7
I3132944300,2012,8
I3132944300,2013,13
I3132944300,2014,27
I3132944300,2015,51
I3132944300,2016,39
I3132944300,2017,52
I3132944300,2018,26
I3132944300,2019,82
I3132944300,2020,90
I3132944300,2021,101
I3132944300,2022,137
I3132944300,2023,182
I3132944300,2024,197
I3132944300,2025,238
I3132944300,2026,91
I121708413,2006,7
I121708413,2007,1
I121708413,2008,14
I121708413,2009,11
I121708413,2010,29
I121708413,2011,37
I121708413,2012,62
I121708413,2013,90
I121708413,2014,89
I121708413,2015,115
I121708413,2016,156
I121708413,2017,240
I121708413,2018,283
I121708413,2019,404
I121708413,2020,444
I121708413,2021,511
I121708413,2022,492
I121708413,2023,508
I121708413,2024,499
I121708413,2025,932
I121708413,2026,642
I4405259477,2006,0
I4405259477,2007,0
I4405259477,2008,0
I4405259477,2009,0
I4405259477,2010,0
I4405259477,2011,0
I4405259477,2012,0
I4405259477,2013,0
I4405259477,2014,0
I4405259477,2015,0
I4405259477,2016,0
I4405259477,2017,0
I4405259477,2018,0
I4405259477,2019,0
I4405259477,2020,0
I4405259477,2021,0
I4405259477,2022,0
I4405259477,2023,0
I4405259477,2024,0
I4405259477,2025,0
I4405259477,2026,0
I4405258325,2006,0
I4405258325,2007,0
I4405258325,2008,0
I4405258325,2009,0
I4405258325,2010,0
I4405258325,2011,0
I4405258325,2012,0
I4405258325,2013,0
I4405258325,2014,0
I4405258325,2015,0
I4405258325,2016,0
I4405258325,2017,0
I4405258325,2018,0
I4405258325,2019,0
I4405258325,2020,0
I4405258325,2021,0
I4405258325,2022,0
I4405258325,2023,0
I4405258325,2024,0
I4405258325,2025,0
I4405258325,2026,0
I4210120173,2006,0
I4210120173,2007,1
I4210120173,2008,0
I4210120173,2009,1
I4210120173,2010,1
I4210120173,2011,0
I4210120173,2012,6
I4210120173,2013,2
I4210120173,2014,6
I4210120173,2015,9
I4210120173,2016,10
I4210120173,2017,15
I4210120173,2018,21
I4210120173,2019,32
I4210120173,2020,26
I4210120173,2021,31
I4210120173,2022,42
I4210120173,2023,57
I4210120173,2024,32
I4210120173,2025,75
I4210120173,2026,54
I3129551310,2006,2
I3129551310,2007,0
I3129551310,2008,2
I3129551310,2009,0
I3129551310,2010,2
I3129551310,2011,1
I3129551310,2012,1
I3129551310,2013,3
I3129551310,2014,4
I3129551310,2015,4
I3129551310,2016,10
I3129551310,2017,7
I3129551310,2018,9
I3129551310,2019,16
I3129551310,2020,35
I3129551310,2021,27
I3129551310,2022,29
I3129551310,2023,24
I3129551310,2024,42
I3129551310,2025,74
I3129551310,2026,23
I4210143625,2006,11
I4210143625,2007,8
I4210143625,2008,17
I4210143625,2009,10
I4210143625,2010,11
I4210143625,2011,28
I4210143625,2012,26
I4210143625,2013,36
I4210143625,2014,42
I4210143625,2015,38
I4210143625,2016,57
I4210143625,2017,115
I4210143625,2018,103
I4210143625,2019,109
I4210143625,2020,186
I4210143625,2021,173
I4210143625,2022,250
I4210143625,2023,478
I4210143625,2024,585
I4210143625,2025,541
I4210143625,2026,294
I4210161264,2006,1
I4210161264,2007,1
I4210161264,2008,0
I4210161264,2009,0
I4210161264,2010,1
I4210161264,2011,0
I4210161264,2012,3
I4210161264,2013,6
I4210161264,2014,5
I4210161264,2015,26
I4210161264,2016,23
I4210161264,2017,11
I4210161264,2018,18
I4210161264,2019,36
I4210161264,2020,42
I4210161264,2021,89
I4210161264,2022,99
I4210161264,2023,157
I4210161264,2024,136
I4210161264,2025,133
I4210161264,2026,57
I4405260319,2006,0
I4405260319,2007,0
I4405260319,2008,0
I4405260319,2009,0
I4405260319,2010,0
I4405260319,2011,0
I4405260319,2012,0
I4405260319,2013,0
I4405260319,2014,0
I4405260319,2015,0
I4405260319,2016,0
I4405260319,2017,0
I4405260319,2018,0
I4405260319,2019,0
I4405260319,2020,0
I4405260319,2021,0
I4405260319,2022,0
I4405260319,2023,0
I4405260319,2024,0
I4405260319,2025,0
I4405260319,2026,0
I4405264338,2006,0
I4405264338,2007,0
I4405264338,2008,0
I4405264338,2009,0
I4405264338,2010,0
I4405264338,2011,0
I4405264338,2012,0
I4405264338,2013,0
I4405264338,2014,0
I4405264338,2015,0
I4405264338,2016,0
I4405264338,2017,0
I4405264338,2018,0
I4405264338,2019,0
I4405264338,2020,0
I4405264338,2021,0
I4405264338,2022,0
I4405264338,2023,0
I4405264338,2024,0
I4405264338,2025,0
I4405264338,2026,0
I4405266314,2006,0
I4405266314,2007,0
I4405266314,2008,0
I4405266314,2009,0
I4405266314,2010,0
I4405266314,2011,0
I4405266314,2012,0
I4405266314,2013,0
I4405266314,2014,0
I4405266314,2015,0
I4405266314,2016,0
I4405266314,2017,0
I4405266314,2018,0
I4405266314,2019,0
I4405266314,2020,0
I4405266314,2021,0
I4405266314,2022,0
I4405266314,2023,0
I4405266314,2024,0
I4405266314,2025,0
I4405266314,2026,0
I4405261331,2006,0
I4405261331,2007,0
I4405261331,2008,0
I4405261331,2009,0
I4405261331,2010,0
I4405261331,2011,0
I4405261331,2012,0
I4405261331,2013,0
I4405261331,2014,0
I4405261331,2015,0
I4405261331,2016,0
I4405261331,2017,0
I4405261331,2018,0
I4405261331,2019,0
I4405261331,2020,0
I4405261331,2021,0
I4405261331,2022,0
I4405261331,2023,0
I4405261331,2024,0
I4405261331,2025,0
I4405261331,2026,0
I4405257988,2006,0
I4405257988,2007,0
I4405257988,2008,0
I4405257988,2009,0
I4405257988,2010,0
I4405257988,2011,0
I4405257988,2012,0
I4405257988,2013,0
I4405257988,2014,0
I4405257988,2015,0
I4405257988,2016,0
I4405257988,2017,0
I4405257988,2018,0
I4405257988,2019,0
I4405257988,2020,0
I4405257988,2021,0
I4405257988,2022,0
I4405257988,2023,0
I4405257988,2024,0
I4405257988,2025,0
I4405257988,2026,0
I2799983529,2006,0
I2799983529,2007,0
I2799983529,2008,2
I2799983529,2009,2
I2799983529,2010,0
I2799983529,2011,2
I2799983529,2012,1
I2799983529,2013,0
I2799983529,2014,2
I2799983529,2015,2
I2799983529,2016,3
I2799983529,2017,3
I2799983529,2018,2
I2799983529,2019,5
I2799983529,2020,1
I2799983529,2021,4
I2799983529,2022,7
I2799983529,2023,9
I2799983529,2024,10
I2799983529,2025,16
I2799983529,2026,16
I4210094847,2006,2
I4210094847,2007,0
I4210094847,2008,0
I4210094847,2009,0
I4210094847,2010,1
I4210094847,2011,1
I4210094847,2012,3
I4210094847,2013,1
I4210094847,2014,8
I4210094847,2015,5
I4210094847,2016,1
I4210094847,2017,0
I4210094847,2018,2
I4210094847,2019,6
I4210094847,2020,4
I4210094847,2021,5
I4210094847,2022,4
I4210094847,2023,7
I4210094847,2024,11
I4210094847,2025,8
I4210094847,2026,12
I4405259310,2006,0
I4405259310,2007,0
I4405259310,2008,0
I4405259310,2009,0
I4405259310,2010,0
I4405259310,2011,0
I4405259310,2012,0
I4405259310,2013,0
I4405259310,2014,0
I4405259310,2015,0
I4405259310,2016,0
I4405259310,2017,0
I4405259310,2018,0
I4405259310,2019,0
I4405259310,2020,0
I4405259310,2021,0
I4405259310,2022,0
I4405259310,2023,0
I4405259310,2024,0
I4405259310,2025,0
I4405259310,2026,0
I32284924,2006,28
I32284924,2007,24
I32284924,2008,26
I32284924,2009,29
I32284924,2010,32
I32284924,2011,29
I32284924,2012,37
I32284924,2013,46
I32284924,2014,60
I32284924,2015,56
I32284924,2016,71
I32284924,2017,81
I32284924,2018,99
I32284924,2019,124
I32284924,2020,173
I32284924,2021,225
I32284924,2022,262
I32284924,2023,242
I32284924,2024,276
I32284924,2025,274
I32284924,2026,151
I4210087798,2006,0
I4210087798,2007,0
I4210087798,2008,0
I4210087798,2009,0
I4210087798,2010,0
I4210087798,2011,0
I4210087798,2012,0
I4210087798,2013,0
I4210087798,2014,0
I4210087798,2015,1
I4210087798,2016,2
I4210087798,2017,0
I4210087798,2018,1
I4210087798,2019,0
I4210087798,2020,3
I4210087798,2021,3
I4210087798,2022,7
I4210087798,2023,1
I4210087798,2024,1
I4210087798,2025,5
I4210087798,2026,1
I4405258823,2006,0
I4405258823,2007,0
I4405258823,2008,0
I4405258823,2009,0
I4405258823,2010,0
I4405258823,2011,0
I4405258823,2012,0
I4405258823,2013,0
I4405258823,2014,0
I4405258823,2015,0
I4405258823,2016,0
I4405258823,2017,0
I4405258823,2018,0
I4405258823,2019,0
I4405258823,2020,0
I4405258823,2021,0
I4405258823,2022,0
I4405258823,2023,0
I4405258823,2024,0
I4405258823,2025,0
I4405258823,2026,0
I186771145,2006,38
I186771145,2007,49
I186771145,2008,59
I186771145,2009,98
I186771145,2010,134
I186771145,2011,187
I186771145,2012,208
I186771145,2013,322
I186771145,2014,445
I186771145,2015,454
I186771145,2016,515
I186771145,2017,650
I186771145,2018,1094
I186771145,2019,1492
I186771145,2020,1095
I186771145,2021,1339
I186771145,2022,1087
I186771145,2023,753
I186771145,2024,840
I186771145,2025,623
I186771145,2026,305
I4210097695,2006,1
I4210097695,2007,0
I4210097695,2008,0
I4210097695,2009,0
I4210097695,2010,1
I4210097695,2011,2
I4210097695,2012,0
I4210097695,2013,1
I4210097695,2014,0
I4210097695,2015,1
I4210097695,2016,1
I4210097695,2017,1
I4210097695,2018,0
I4210097695,2019,1
I4210097695,2020,1
I4210097695,2021,0
I4210097695,2022,2
I4210097695,2023,0
I4210097695,2024,2
I4210097695,2025,1
I4210097695,2026,0
I3131076172,2006,14
I3131076172,2007,14
I3131076172,2008,7
I3131076172,2009,10
I3131076172,2010,15
I3131076172,2011,38
I3131076172,2012,20
I3131076172,2013,40
I3131076172,2014,32
I3131076172,2015,28
I3131076172,2016,49
I3131076172,2017,42
I3131076172,2018,50
I3131076172,2019,38
I3131076172,2020,38
I3131076172,2021,38
I3131076172,2022,35
I3131076172,2023,44
I3131076172,2024,42
I3131076172,2025,63
I3131076172,2026,45
I172614708,2006,11
I172614708,2007,27
I172614708,2008,17
I172614708,2009,18
I172614708,2010,27
I172614708,2011,23
I172614708,2012,38
I172614708,2013,72
I172614708,2014,32
I172614708,2015,26
I172614708,2016,40
I172614708,2017,60
I172614708,2018,53
I172614708,2019,55
I172614708,2020,99
I172614708,2021,113
I172614708,2022,123
I172614708,2023,114
I172614708,2024,137
I172614708,2025,252
I172614708,2026,132
I3132763504,2006,5
I3132763504,2007,0
I3132763504,2008,6
I3132763504,2009,6
I3132763504,2010,6
I3132763504,2011,8
I3132763504,2012,9
I3132763504,2013,8
I3132763504,2014,10
I3132763504,2015,5
I3132763504,2016,1
I3132763504,2017,3
I3132763504,2018,2
I3132763504,2019,9
I3132763504,2020,3
I3132763504,2021,9
I3132763504,2022,8
I3132763504,2023,9
I3132763504,2024,16
I3132763504,2025,14
I3132763504,2026,10
I4405260115,2006,0
I4405260115,2007,0
I4405260115,2008,0
I4405260115,2009,0
I4405260115,2010,0
I4405260115,2011,0
I4405260115,2012,0
I4405260115,2013,0
I4405260115,2014,0
I4405260115,2015,0
I4405260115,2016,0
I4405260115,2017,0
I4405260115,2018,0
I4405260115,2019,0
I4405260115,2020,0
I4405260115,2021,0
I4405260115,2022,0
I4405260115,2023,0
I4405260115,2024,0
I4405260115,2025,0
I4405260115,2026,0
I4210104267,2006,1
I4210104267,2007,3
I4210104267,2008,1
I4210104267,2009,2
I4210104267,2010,14
I4210104267,2011,0
I4210104267,2012,1
I4210104267,2013,1
I4210104267,2014,1
I4210104267,2015,1
I4210104267,2016,4
I4210104267,2017,2
I4210104267,2018,7
I4210104267,2019,14
I4210104267,2020,20
I4210104267,2021,6
I4210104267,2022,11
I4210104267,2023,8
I4210104267,2024,9
I4210104267,2025,4
I4210104267,2026,2
I4210113743,2006,1
I4210113743,2007,0
I4210113743,2008,3
I4210113743,2009,2
I4210113743,2010,0
I4210113743,2011,1
I4210113743,2012,0
I4210113743,2013,1
I4210113743,2014,2
I4210113743,2015,4
I4210113743,2016,4
I4210113743,2017,4
I4210113743,2018,6
I4210113743,2019,6
I4210113743,2020,9
I4210113743,2021,7
I4210113743,2022,4
I4210113743,2023,9
I4210113743,2024,7
I4210113743,2025,10
I4210113743,2026,3
I4405259479,2006,0
I4405259479,2007,0
I4405259479,2008,0
I4405259479,2009,0
I4405259479,2010,0
I4405259479,2011,0
I4405259479,2012,0
I4405259479,2013,0
I4405259479,2014,0
I4405259479,2015,0
I4405259479,2016,0
I4405259479,2017,0
I4405259479,2018,0
I4405259479,2019,0
I4405259479,2020,0
I4405259479,2021,0
I4405259479,2022,0
I4405259479,2023,0
I4405259479,2024,0
I4405259479,2025,0
I4405259479,2026,0
I169744251,2006,8
I169744251,2007,13
I169744251,2008,16
I169744251,2009,27
I169744251,2010,44
I169744251,2011,47
I169744251,2012,77
I169744251,2013,131
I169744251,2014,159
I169744251,2015,187
I169744251,2016,253
I169744251,2017,291
I169744251,2018,359
I169744251,2019,472
I169744251,2020,628
I169744251,2021,854
I169744251,2022,956
I169744251,2023,890
I169744251,2024,927
I169744251,2025,960
I169744251,2026,351
I3130154354,2006,0
I3130154354,2007,1
I3130154354,2008,1
I3130154354,2009,0
I3130154354,2010,0
I3130154354,2011,0
I3130154354,2012,2
I3130154354,2013,2
I3130154354,2014,0
I3130154354,2015,0
I3130154354,2016,0
I3130154354,2017,3
I3130154354,2018,2
I3130154354,2019,0
I3130154354,2020,2
I3130154354,2021,2
I3130154354,2022,4
I3130154354,2023,1
I3130154354,2024,1
I3130154354,2025,0
I3130154354,2026,2
I126427551,2006,36
I126427551,2007,33
I126427551,2008,32
I126427551,2009,46
I126427551,2010,74
I126427551,2011,66
I126427551,2012,116
I126427551,2013,158
I126427551,2014,185
I126427551,2015,235
I126427551,2016,250
I126427551,2017,305
I126427551,2018,432
I126427551,2019,462
I126427551,2020,591
I126427551,2021,807
I126427551,2022,958
I126427551,2023,1103
I126427551,2024,1100
I126427551,2025,1260
I126427551,2026,480
I195608997,2006,5
I195608997,2007,2
I195608997,2008,3
I195608997,2009,7
I195608997,2010,7
I195608997,2011,7
I195608997,2012,19
I195608997,2013,15
I195608997,2014,16
I195608997,2015,35
I195608997,2016,27
I195608997,2017,19
I195608997,2018,24
I195608997,2019,16
I195608997,2020,29
I195608997,2021,48
I195608997,2022,61
I195608997,2023,47
I195608997,2024,64
I195608997,2025,220
I195608997,2026,63
I4405255170,2006,0
I4405255170,2007,0
I4405255170,2008,0
I4405255170,2009,0
I4405255170,2010,0
I4405255170,2011,0
I4405255170,2012,0
I4405255170,2013,0
I4405255170,2014,0
I4405255170,2015,0
I4405255170,2016,0
I4405255170,2017,0
I4405255170,2018,0
I4405255170,2019,0
I4405255170,2020,0
I4405255170,2021,0
I4405255170,2022,0
I4405255170,2023,0
I4405255170,2024,0
I4405255170,2025,0
I4405255170,2026,0
I44288286,2006,1
I44288286,2007,4
I44288286,2008,1
I44288286,2009,8
I44288286,2010,6
I44288286,2011,5
I44288286,2012,5
I44288286,2013,7
I44288286,2014,6
I44288286,2015,12
I44288286,2016,16
I44288286,2017,38
I44288286,2018,17
I44288286,2019,34
I44288286,2020,45
I44288286,2021,26
I44288286,2022,35
I44288286,2023,54
I44288286,2024,75
I44288286,2025,130
I44288286,2026,77
I4210124803,2006,1
I4210124803,2007,0
I4210124803,2008,1
I4210124803,2009,0
I4210124803,2010,0
I4210124803,2011,1
I4210124803,2012,0
I4210124803,2013,0
I4210124803,2014,2
I4210124803,2015,0
I4210124803,2016,3
I4210124803,2017,1
I4210124803,2018,3
I4210124803,2019,21
I4210124803,2020,17
I4210124803,2021,22
I4210124803,2022,24
I4210124803,2023,38
I4210124803,2024,102
I4210124803,2025,159
I4210124803,2026,86
I1282700336,2006,3
I1282700336,2007,4
I1282700336,2008,12
I1282700336,2009,8
I1282700336,2010,8
I1282700336,2011,9
I1282700336,2012,15
I1282700336,2013,19
I1282700336,2014,20
I1282700336,2015,53
I1282700336,2016,47
I1282700336,2017,80
I1282700336,2018,141
I1282700336,2019,253
I1282700336,2020,431
I1282700336,2021,421
I1282700336,2022,404
I1282700336,2023,402
I1282700336,2024,475
I1282700336,2025,497
I1282700336,2026,259
I916065895,2006,30
I916065895,2007,20
I916065895,2008,28
I916065895,2009,34
I916065895,2010,48
I916065895,2011,34
I916065895,2012,54
I916065895,2013,56
I916065895,2014,90
I916065895,2015,57
I916065895,2016,67
I916065895,2017,104
I916065895,2018,177
I916065895,2019,314
I916065895,2020,449
I916065895,2021,453
I916065895,2022,570
I916065895,2023,529
I916065895,2024,696
I916065895,2025,843
I916065895,2026,440
I4210117424,2006,1
I4210117424,2007,0
I4210117424,2008,2
I4210117424,2009,1
I4210117424,2010,5
I4210117424,2011,8
I4210117424,2012,6
I4210117424,2013,10
I4210117424,2014,21
I4210117424,2015,17
I4210117424,2016,36
I4210117424,2017,29
I4210117424,2018,85
I4210117424,2019,184
I4210117424,2020,345
I4210117424,2021,493
I4210117424,2022,647
I4210117424,2023,465
I4210117424,2024,572
I4210117424,2025,661
I4210117424,2026,346
I344018163,2006,0
I344018163,2007,0
I344018163,2008,0
I344018163,2009,1
I344018163,2010,3
I344018163,2011,4
I344018163,2012,12
I344018163,2013,10
I344018163,2014,29
I344018163,2015,27
I344018163,2016,42
I344018163,2017,50
I344018163,2018,57
I344018163,2019,65
I344018163,2020,102
I344018163,2021,129
I344018163,2022,134
I344018163,2023,158
I344018163,2024,177
I344018163,2025,163
I344018163,2026,45
I4405259924,2006,0
I4405259924,2007,0
I4405259924,2008,0
I4405259924,2009,0
I4405259924,2010,0
I4405259924,2011,0
I4405259924,2012,0
I4405259924,2013,0
I4405259924,2014,0
I4405259924,2015,0
I4405259924,2016,0
I4405259924,2017,0
I4405259924,2018,0
I4405259924,2019,0
I4405259924,2020,0
I4405259924,2021,0
I4405259924,2022,0
I4405259924,2023,0
I4405259924,2024,0
I4405259924,2025,0
I4405259924,2026,0
I2802029997,2006,3
I2802029997,2007,4
I2802029997,2008,5
I2802029997,2009,4
I2802029997,2010,5
I2802029997,2011,16
I2802029997,2012,16
I2802029997,2013,21
I2802029997,2014,31
I2802029997,2015,43
I2802029997,2016,46
I2802029997,2017,55
I2802029997,2018,107
I2802029997,2019,112
I2802029997,2020,175
I2802029997,2021,197
I2802029997,2022,197
I2802029997,2023,279
I2802029997,2024,385
I2802029997,2025,589
I2802029997,2026,344
I4405256528,2006,0
I4405256528,2007,0
I4405256528,2008,0
I4405256528,2009,0
I4405256528,2010,0
I4405256528,2011,0
I4405256528,2012,0
I4405256528,2013,0
I4405256528,2014,0
I4405256528,2015,0
I4405256528,2016,0
I4405256528,2017,0
I4405256528,2018,0
I4405256528,2019,0
I4405256528,2020,0
I4405256528,2021,0
I4405256528,2022,0
I4405256528,2023,0
I4405256528,2024,0
I4405256528,2025,0
I4405256528,2026,0
I193555791,2006,80
I193555791,2007,72
I193555791,2008,71
I193555791,2009,105
I193555791,2010,151
I193555791,2011,180
I193555791,2012,114
I193555791,2013,186
I193555791,2014,209
I193555791,2015,207
I193555791,2016,193
I193555791,2017,172
I193555791,2018,229
I193555791,2019,315
I193555791,2020,486
I193555791,2021,593
I193555791,2022,829
I193555791,2023,1103
I193555791,2024,1155
I193555791,2025,1492
I193555791,2026,760
I4405254558,2006,0
I4405254558,2007,0
I4405254558,2008,0
I4405254558,2009,0
I4405254558,2010,0
I4405254558,2011,0
I4405254558,2012,0
I4405254558,2013,0
I4405254558,2014,0
I4405254558,2015,0
I4405254558,2016,0
I4405254558,2017,0
I4405254558,2018,0
I4405254558,2019,0
I4405254558,2020,0
I4405254558,2021,0
I4405254558,2022,0
I4405254558,2023,0
I4405254558,2024,0
I4405254558,2025,0
I4405254558,2026,0
I882248123,2006,1
I882248123,2007,0
I882248123,2008,2
I882248123,2009,0
I882248123,2010,1
I882248123,2011,1
I882248123,2012,3
I882248123,2013,15
I882248123,2014,26
I882248123,2015,30
I882248123,2016,39
I882248123,2017,55
I882248123,2018,95
I882248123,2019,108
I882248123,2020,191
I882248123,2021,351
I882248123,2022,511
I882248123,2023,531
I882248123,2024,551
I882248123,2025,548
I882248123,2026,270
I4405264709,2006,0
I4405264709,2007,0
I4405264709,2008,0
I4405264709,2009,0
I4405264709,2010,0
I4405264709,2011,0
I4405264709,2012,0
I4405264709,2013,0
I4405264709,2014,0
I4405264709,2015,0
I4405264709,2016,0
I4405264709,2017,0
I4405264709,2018,0
I4405264709,2019,0
I4405264709,2020,0
I4405264709,2021,0
I4405264709,2022,0
I4405264709,2023,0
I4405264709,2024,0
I4405264709,2025,0
I4405264709,2026,0
I4210102760,2006,0
I4210102760,2007,0
I4210102760,2008,0
I4210102760,2009,4
I4210102760,2010,0
I4210102760,2011,0
I4210102760,2012,0
I4210102760,2013,0
I4210102760,2014,0
I4210102760,2015,0
I4210102760,2016,0
I4210102760,2017,3
I4210102760,2018,1
I4210102760,2019,0
I4210102760,2020,0
I4210102760,2021,0
I4210102760,2022,0
I4210102760,2023,0
I4210102760,2024,0
I4210102760,2025,3
I4210102760,2026,3
I4210136909,2006,3
I4210136909,2007,2
I4210136909,2008,5
I4210136909,2009,20
I4210136909,2010,15
I4210136909,2011,12
I4210136909,2012,15
I4210136909,2013,20
I4210136909,2014,53
I4210136909,2015,69
I4210136909,2016,71
I4210136909,2017,76
I4210136909,2018,70
I4210136909,2019,128
I4210136909,2020,288
I4210136909,2021,372
I4210136909,2022,452
I4210136909,2023,374
I4210136909,2024,462
I4210136909,2025,473
I4210136909,2026,203
I3131880829,2006,1
I3131880829,2007,0
I3131880829,2008,0
I3131880829,2009,2
I3131880829,2010,1
I3131880829,2011,3
I3131880829,2012,2
I3131880829,2013,6
I3131880829,2014,9
I3131880829,2015,17
I3131880829,2016,36
I3131880829,2017,56
I3131880829,2018,36
I3131880829,2019,91
I3131880829,2020,173
I3131880829,2021,170
I3131880829,2022,201
I3131880829,2023,231
I3131880829,2024,247
I3131880829,2025,233
I3131880829,2026,189
I4210110797,2006,0
I4210110797,2007,0
I4210110797,2008,0
I4210110797,2009,0
I4210110797,2010,0
I4210110797,2011,0
I4210110797,2012,0
I4210110797,2013,0
I4210110797,2014,2
I4210110797,2015,0
I4210110797,2016,3
I4210110797,2017,1
I4210110797,2018,22
I4210110797,2019,13
I4210110797,2020,33
I4210110797,2021,9
I4210110797,2022,16
I4210110797,2023,40
I4210110797,2024,48
I4210110797,2025,53
I4210110797,2026,40
I4210122687,2006,0
I4210122687,2007,0
I4210122687,2008,0
I4210122687,2009,0
I4210122687,2010,0
I4210122687,2011,0
I4210122687,2012,2
I4210122687,2013,0
I4210122687,2014,2
I4210122687,2015,4
I4210122687,2016,2
I4210122687,2017,2
I4210122687,2018,2
I4210122687,2019,14
I4210122687,2020,8
I4210122687,2021,15
I4210122687,2022,45
I4210122687,2023,70
I4210122687,2024,91
I4210122687,2025,27
I4210122687,2026,20
I4405258287,2006,0
I4405258287,2007,0
I4405258287,2008,0
I4405258287,2009,0
I4405258287,2010,0
I4405258287,2011,0
I4405258287,2012,0
I4405258287,2013,0
I4405258287,2014,0
I4405258287,2015,0
I4405258287,2016,0
I4405258287,2017,0
I4405258287,2018,0
I4405258287,2019,0
I4405258287,2020,0
I4405258287,2021,0
I4405258287,2022,0
I4405258287,2023,0
I4405258287,2024,0
I4405258287,2025,0
I4405258287,2026,0
I4210092569,2006,85
I4210092569,2007,106
I4210092569,2008,119
I4210092569,2009,126
I4210092569,2010,119
I4210092569,2011,131
I4210092569,2012,137
I4210092569,2013,130
I4210092569,2014,150
I4210092569,2015,164
I4210092569,2016,171
I4210092569,2017,185
I4210092569,2018,193
I4210092569,2019,1650
I4210092569,2020,719
I4210092569,2021,449
I4210092569,2022,207
I4210092569,2023,278
I4210092569,2024,395
I4210092569,2025,496
I4210092569,2026,391
I4405260474,2006,0
I4405260474,2007,0
I4405260474,2008,0
I4405260474,2009,0
I4405260474,2010,0
I4405260474,2011,0
I4405260474,2012,0
I4405260474,2013,0
I4405260474,2014,0
I4405260474,2015,0
I4405260474,2016,0
I4405260474,2017,0
I4405260474,2018,0
I4405260474,2019,0
I4405260474,2020,0
I4405260474,2021,0
I4405260474,2022,0
I4405260474,2023,0
I4405260474,2024,0
I4405260474,2025,0
I4405260474,2026,0
I4399657967,2006,0
I4399657967,2007,0
I4399657967,2008,0
I4399657967,2009,0
I4399657967,2010,0
I4399657967,2011,0
I4399657967,2012,0
I4399657967,2013,0
I4399657967,2014,0
I4399657967,2015,0
I4399657967,2016,0
I4399657967,2017,0
I4399657967,2018,0
I4399657967,2019,0
I4399657967,2020,1
I4399657967,2021,0
I4399657967,2022,0
I4399657967,2023,1
I4399657967,2024,0
I4399657967,2025,0
I4399657967,2026,0
I177181097,2006,69
I177181097,2007,96
I177181097,2008,67
I177181097,2009,111
I177181097,2010,137
I177181097,2011,139
I177181097,2012,173
I177181097,2013,231
I177181097,2014,334
I177181097,2015,333
I177181097,2016,405
I177181097,2017,463
I177181097,2018,512
I177181097,2019,604
I177181097,2020,728
I177181097,2021,953
I177181097,2022,1124
I177181097,2023,1284
I177181097,2024,1383
I177181097,2025,1661
I177181097,2026,775
I4405258526,2006,0
I4405258526,2007,0
I4405258526,2008,0
I4405258526,2009,0
I4405258526,2010,0
I4405258526,2011,0
I4405258526,2012,0
I4405258526,2013,0
I4405258526,2014,0
I4405258526,2015,0
I4405258526,2016,0
I4405258526,2017,0
I4405258526,2018,0
I4405258526,2019,0
I4405258526,2020,0
I4405258526,2021,0
I4405258526,2022,0
I4405258526,2023,0
I4405258526,2024,0
I4405258526,2025,0
I4405258526,2026,0
I4210153503,2006,0
I4210153503,2007,0
I4210153503,2008,0
I4210153503,2009,0
I4210153503,2010,1
I4210153503,2011,1
I4210153503,2012,1
I4210153503,2013,0
I4210153503,2014,0
I4210153503,2015,0
I4210153503,2016,5
I4210153503,2017,4
I4210153503,2018,6
I4210153503,2019,3
I4210153503,2020,9
I4210153503,2021,6
I4210153503,2022,9
I4210153503,2023,20
I4210153503,2024,26
I4210153503,2025,31
I4210153503,2026,60
I4210147335,2006,0
I4210147335,2007,0
I4210147335,2008,1
I4210147335,2009,0
I4210147335,2010,2
I4210147335,2011,1
I4210147335,2012,2
I4210147335,2013,0
I4210147335,2014,7
I4210147335,2015,1
I4210147335,2016,2
I4210147335,2017,6
I4210147335,2018,5
I4210147335,2019,11
I4210147335,2020,18
I4210147335,2021,19
I4210147335,2022,20
I4210147335,2023,24
I4210147335,2024,13
I4210147335,2025,24
I4210147335,2026,14
I4405261030,2006,0
I4405261030,2007,0
I4405261030,2008,0
I4405261030,2009,0
I4405261030,2010,0
I4405261030,2011,0
I4405261030,2012,0
I4405261030,2013,0
I4405261030,2014,0
I4405261030,2015,0
I4405261030,2016,0
I4405261030,2017,0
I4405261030,2018,0
I4405261030,2019,0
I4405261030,2020,0
I4405261030,2021,0
I4405261030,2022,0
I4405261030,2023,0
I4405261030,2024,0
I4405261030,2025,0
I4405261030,2026,0
I3130103452,2006,0
I3130103452,2007,0
I3130103452,2008,2
I3130103452,2009,1
I3130103452,2010,0
I3130103452,2011,0
I3130103452,2012,3
I3130103452,2013,0
I3130103452,2014,1
I3130103452,2015,0
I3130103452,2016,0
I3130103452,2017,2
I3130103452,2018,1
I3130103452,2019,10
I3130103452,2020,2
I3130103452,2021,6
I3130103452,2022,3
I3130103452,2023,4
I3130103452,2024,3
I3130103452,2025,6
I3130103452,2026,2
I4405258066,2006,0
I4405258066,2007,0
I4405258066,2008,0
I4405258066,2009,0
I4405258066,2010,0
I4405258066,2011,0
I4405258066,2012,0
I4405258066,2013,0
I4405258066,2014,0
I4405258066,2015,0
I4405258066,2016,0
I4405258066,2017,0
I4405258066,2018,0
I4405258066,2019,0
I4405258066,2020,0
I4405258066,2021,0
I4405258066,2022,0
I4405258066,2023,0
I4405258066,2024,0
I4405258066,2025,0
I4405258066,2026,0
I96009557,2006,40
I96009557,2007,46
I96009557,2008,67
I96009557,2009,60
I96009557,2010,76
I96009557,2011,80
I96009557,2012,98
I96009557,2013,143
I96009557,2014,188
I96009557,2015,220
I96009557,2016,251
I96009557,2017,272
I96009557,2018,268
I96009557,2019,398
I96009557,2020,504
I96009557,2021,515
I96009557,2022,588
I96009557,2023,645
I96009557,2024,634
I96009557,2025,712
I96009557,2026,367
I3129563930,2006,3
I3129563930,2007,5
I3129563930,2008,3
I3129563930,2009,9
I3129563930,2010,4
I3129563930,2011,11
I3129563930,2012,9
I3129563930,2013,5
I3129563930,2014,3
I3129563930,2015,7
I3129563930,2016,13
I3129563930,2017,14
I3129563930,2018,11
I3129563930,2019,10
I3129563930,2020,17
I3129563930,2021,31
I3129563930,2022,19
I3129563930,2023,29
I3129563930,2024,30
I3129563930,2025,69
I3129563930,2026,26
I4210126159,2006,1
I4210126159,2007,1
I4210126159,2008,3
I4210126159,2009,2
I4210126159,2010,1
I4210126159,2011,2
I4210126159,2012,3
I4210126159,2013,1
I4210126159,2014,3
I4210126159,2015,3
I4210126159,2016,2
I4210126159,2017,8
I4210126159,2018,6
I4210126159,2019,1
I4210126159,2020,4
I4210126159,2021,5
I4210126159,2022,5
I4210126159,2023,7
I4210126159,2024,2
I4210126159,2025,11
I4210126159,2026,5
I4210136852,2006,1
I4210136852,2007,1
I4210136852,2008,0
I4210136852,2009,0
I4210136852,2010,3
I4210136852,2011,0
I4210136852,2012,1
I4210136852,2013,1
I4210136852,2014,0
I4210136852,2015,1
I4210136852,2016,2
I4210136852,2017,4
I4210136852,2018,3
I4210136852,2019,2
I4210136852,2020,4
I4210136852,2021,4
I4210136852,2022,10
I4210136852,2023,2
I4210136852,2024,8
I4210136852,2025,18
I4210136852,2026,5
I4387153621,2006,0
I4387153621,2007,0
I4387153621,2008,0
I4387153621,2009,0
I4387153621,2010,0
I4387153621,2011,0
I4387153621,2012,0
I4387153621,2013,0
I4387153621,2014,0
I4387153621,2015,0
I4387153621,2016,2
I4387153621,2017,1
I4387153621,2018,8
I4387153621,2019,9
I4387153621,2020,8
I4387153621,2021,10
I4387153621,2022,10
I4387153621,2023,8
I4387153621,2024,8
I4387153621,2025,9
I4387153621,2026,1
I4210128415,2006,0
I4210128415,2007,0
I4210128415,2008,1
I4210128415,2009,0
I4210128415,2010,0
I4210128415,2011,0
I4210128415,2012,0
I4210128415,2013,0
I4210128415,2014,0
I4210128415,2015,0
I4210128415,2016,0
I4210128415,2017,1
I4210128415,2018,2
I4210128415,2019,1
I4210128415,2020,2
I4210128415,2021,1
I4210128415,2022,1
I4210128415,2023,0
I4210128415,2024,2
I4210128415,2025,10
I4210128415,2026,5
I4210151220,2006,1
I4210151220,2007,1
I4210151220,2008,1
I4210151220,2009,1
I4210151220,2010,3
I4210151220,2011,1
I4210151220,2012,1
I4210151220,2013,2
I4210151220,2014,0
I4210151220,2015,3
I4210151220,2016,2
I4210151220,2017,1
I4210151220,2018,2
I4210151220,2019,0
I4210151220,2020,5
I4210151220,2021,4
I4210151220,2022,6
I4210151220,2023,7
I4210151220,2024,6
I4210151220,2025,4
I4210151220,2026,1
I4210111056,2006,0
I4210111056,2007,0
I4210111056,2008,1
I4210111056,2009,1
I4210111056,2010,0
I4210111056,2011,0
I4210111056,2012,0
I4210111056,2013,1
I4210111056,2014,1
I4210111056,2015,1
I4210111056,2016,0
I4210111056,2017,2
I4210111056,2018,0
I4210111056,2019,1
I4210111056,2020,0
I4210111056,2021,0
I4210111056,2022,0
I4210111056,2023,0
I4210111056,2024,0
I4210111056,2025,1
I4210111056,2026,0
I4210162801,2006,0
I4210162801,2007,1
I4210162801,2008,0
I4210162801,2009,0
I4210162801,2010,2
I4210162801,2011,5
I4210162801,2012,10
I4210162801,2013,9
I4210162801,2014,4
I4210162801,2015,11
I4210162801,2016,10
I4210162801,2017,7
I4210162801,2018,6
I4210162801,2019,5
I4210162801,2020,5
I4210162801,2021,4
I4210162801,2022,3
I4210162801,2023,3
I4210162801,2024,11
I4210162801,2025,23
I4210162801,2026,34
I4405259637,2006,0
I4405259637,2007,0
I4405259637,2008,0
I4405259637,2009,0
I4405259637,2010,0
I4405259637,2011,0
I4405259637,2012,0
I4405259637,2013,0
I4405259637,2014,0
I4405259637,2015,0
I4405259637,2016,0
I4405259637,2017,0
I4405259637,2018,0
I4405259637,2019,0
I4405259637,2020,0
I4405259637,2021,0
I4405259637,2022,0
I4405259637,2023,0
I4405259637,2024,0
I4405259637,2025,0
I4405259637,2026,0
I4210108776,2006,0
I4210108776,2007,0
I4210108776,2008,0
I4210108776,2009,1
I4210108776,2010,1
I4210108776,2011,0
I4210108776,2012,2
I4210108776,2013,1
I4210108776,2014,0
I4210108776,2015,0
I4210108776,2016,0
I4210108776,2017,1
I4210108776,2018,0
I4210108776,2019,0
I4210108776,2020,1
I4210108776,2021,1
I4210108776,2022,2
I4210108776,2023,1
I4210108776,2024,0
I4210108776,2025,0
I4210108776,2026,0
I4210146550,2006,31
I4210146550,2007,26
I4210146550,2008,44
I4210146550,2009,65
I4210146550,2010,29
I4210146550,2011,27
I4210146550,2012,34
I4210146550,2013,23
I4210146550,2014,48
I4210146550,2015,76
I4210146550,2016,73
I4210146550,2017,65
I4210146550,2018,53
I4210146550,2019,73
I4210146550,2020,83
I4210146550,2021,68
I4210146550,2022,42
I4210146550,2023,39
I4210146550,2024,40
I4210146550,2025,75
I4210146550,2026,59
I4210121488,2006,2
I4210121488,2007,1
I4210121488,2008,1
I4210121488,2009,0
I4210121488,2010,0
I4210121488,2011,0
I4210121488,2012,1
I4210121488,2013,1
I4210121488,2014,2
I4210121488,2015,2
I4210121488,2016,3
I4210121488,2017,1
I4210121488,2018,2
I4210121488,2019,0
I4210121488,2020,2
I4210121488,2021,3
I4210121488,2022,3
I4210121488,2023,5
I4210121488,2024,6
I4210121488,2025,6
I4210121488,2026,2
I4210114581,2006,0
I4210114581,2007,0
I4210114581,2008,0
I4210114581,2009,0
I4210114581,2010,0
I4210114581,2011,0
I4210114581,2012,1
I4210114581,2013,0
I4210114581,2014,1
I4210114581,2015,0
I4210114581,2016,1
I4210114581,2017,0
I4210114581,2018,0
I4210114581,2019,0
I4210114581,2020,0
I4210114581,2021,1
I4210114581,2022,2
I4210114581,2023,7
I4210114581,2024,12
I4210114581,2025,11
I4210114581,2026,2
I4210157758,2006,0
I4210157758,2007,0
I4210157758,2008,0
I4210157758,2009,12
I4210157758,2010,1
I4210157758,2011,1
I4210157758,2012,1
I4210157758,2013,2
I4210157758,2014,1
I4210157758,2015,0
I4210157758,2016,3
I4210157758,2017,0
I4210157758,2018,0
I4210157758,2019,2
I4210157758,2020,2
I4210157758,2021,0
I4210157758,2022,0
I4210157758,2023,0
I4210157758,2024,1
I4210157758,2025,6
I4210157758,2026,4
I4210152110,2006,0
I4210152110,2007,0
I4210152110,2008,0
I4210152110,2009,0
I4210152110,2010,0
I4210152110,2011,0
I4210152110,2012,0
I4210152110,2013,0
I4210152110,2014,0
I4210152110,2015,0
I4210152110,2016,0
I4210152110,2017,0
I4210152110,2018,0
I4210152110,2019,0
I4210152110,2020,0
I4210152110,2021,0
I4210152110,2022,1
I4210152110,2023,0
I4210152110,2024,1
I4210152110,2025,0
I4210152110,2026,0
I4210149368,2006,1
I4210149368,2007,1
I4210149368,2008,3
I4210149368,2009,1
I4210149368,2010,3
I4210149368,2011,2
I4210149368,2012,3
I4210149368,2013,2
I4210149368,2014,1
I4210149368,2015,6
I4210149368,2016,1
I4210149368,2017,2
I4210149368,2018,12
I4210149368,2019,13
I4210149368,2020,14
I4210149368,2021,8
I4210149368,2022,14
I4210149368,2023,29
I4210149368,2024,15
I4210149368,2025,40
I4210149368,2026,16
I4210120110,2006,7
I4210120110,2007,1
I4210120110,2008,4
I4210120110,2009,3
I4210120110,2010,6
I4210120110,2011,3
I4210120110,2012,4
I4210120110,2013,8
I4210120110,2014,13
I4210120110,2015,14
I4210120110,2016,13
I4210120110,2017,13
I4210120110,2018,15
I4210120110,2019,25
I4210120110,2020,19
I4210120110,2021,37
I4210120110,2022,28
I4210120110,2023,13
I4210120110,2024,25
I4210120110,2025,20
I4210120110,2026,16
I4210158643,2006,0
I4210158643,2007,0
I4210158643,2008,1
I4210158643,2009,1
I4210158643,2010,0
I4210158643,2011,0
I4210158643,2012,0
I4210158643,2013,0
I4210158643,2014,3
I4210158643,2015,1
I4210158643,2016,7
I4210158643,2017,5
I4210158643,2018,2
I4210158643,2019,3
I4210158643,2020,2
I4210158643,2021,2
I4210158643,2022,2
I4210158643,2023,3
I4210158643,2024,0
I4210158643,2025,9
I4210158643,2026,1
I4210113095,2006,2
I4210113095,2007,1
I4210113095,2008,1
I4210113095,2009,7
I4210113095,2010,5
I4210113095,2011,0
I4210113095,2012,1
I4210113095,2013,3
I4210113095,2014,9
I4210113095,2015,9
I4210113095,2016,7
I4210113095,2017,8
I4210113095,2018,15
I4210113095,2019,28
I4210113095,2020,30
I4210113095,2021,14
I4210113095,2022,26
I4210113095,2023,25
I4210113095,2024,34
I4210113095,2025,73
I4210113095,2026,39
I127336678,2006,59
I127336678,2007,38
I127336678,2008,47
I127336678,2009,42
I127336678,2010,35
I127336678,2011,81
I127336678,2012,118
I127336678,2013,125
I127336678,2014,148
I127336678,2015,136
I127336678,2016,179
I127336678,2017,206
I127336678,2018,303
I127336678,2019,276
I127336678,2020,329
I127336678,2021,332
I127336678,2022,322
I127336678,2023,344
I127336678,2024,315
I127336678,2025,312
I127336678,2026,158
I4405259365,2006,0
I4405259365,2007,0
I4405259365,2008,0
I4405259365,2009,0
I4405259365,2010,0
I4405259365,2011,0
I4405259365,2012,0
I4405259365,2013,0
I4405259365,2014,0
I4405259365,2015,0
I4405259365,2016,0
I4405259365,2017,0
I4405259365,2018,0
I4405259365,2019,0
I4405259365,2020,0
I4405259365,2021,0
I4405259365,2022,0
I4405259365,2023,0
I4405259365,2024,0
I4405259365,2025,0
I4405259365,2026,0
I31571312,2006,30
I31571312,2007,33
I31571312,2008,28
I31571312,2009,35
I31571312,2010,38
I31571312,2011,41
I31571312,2012,52
I31571312,2013,66
I31571312,2014,70
I31571312,2015,76
I31571312,2016,77
I31571312,2017,69
I31571312,2018,78
I31571312,2019,77
I31571312,2020,93
I31571312,2021,90
I31571312,2022,100
I31571312,2023,116
I31571312,2024,96
I31571312,2025,74
I31571312,2026,38
I4210124128,2006,2
I4210124128,2007,0
I4210124128,2008,1
I4210124128,2009,1
I4210124128,2010,0
I4210124128,2011,1
I4210124128,2012,1
I4210124128,2013,0
I4210124128,2014,1
I4210124128,2015,0
I4210124128,2016,2
I4210124128,2017,2
I4210124128,2018,2
I4210124128,2019,5
I4210124128,2020,1
I4210124128,2021,1
I4210124128,2022,3
I4210124128,2023,3
I4210124128,2024,7
I4210124128,2025,10
I4210124128,2026,9
I4210125146,2006,1
I4210125146,2007,0
I4210125146,2008,2
I4210125146,2009,5
I4210125146,2010,1
I4210125146,2011,2
I4210125146,2012,4
I4210125146,2013,5
I4210125146,2014,4
I4210125146,2015,6
I4210125146,2016,1
I4210125146,2017,1
I4210125146,2018,7
I4210125146,2019,7
I4210125146,2020,10
I4210125146,2021,9
I4210125146,2022,11
I4210125146,2023,6
I4210125146,2024,6
I4210125146,2025,12
I4210125146,2026,6
I4210142313,2006,13
I4210142313,2007,11
I4210142313,2008,11
I4210142313,2009,16
I4210142313,2010,21
I4210142313,2011,27
I4210142313,2012,31
I4210142313,2013,34
I4210142313,2014,58
I4210142313,2015,95
I4210142313,2016,68
I4210142313,2017,46
I4210142313,2018,86
I4210142313,2019,71
I4210142313,2020,103
I4210142313,2021,102
I4210142313,2022,130
I4210142313,2023,166
I4210142313,2024,175
I4210142313,2025,202
I4210142313,2026,489
I4210106624,2006,42
I4210106624,2007,51
I4210106624,2008,63
I4210106624,2009,63
I4210106624,2010,71
I4210106624,2011,73
I4210106624,2012,51
I4210106624,2013,52
I4210106624,2014,52
I4210106624,2015,57
I4210106624,2016,76
I4210106624,2017,92
I4210106624,2018,54
I4210106624,2019,68
I4210106624,2020,105
I4210106624,2021,62
I4210106624,2022,50
I4210106624,2023,75
I4210106624,2024,97
I4210106624,2025,102
I4210106624,2026,28
I4210132137,2006,10
I4210132137,2007,11
I4210132137,2008,12
I4210132137,2009,13
I4210132137,2010,13
I4210132137,2011,30
I4210132137,2012,47
I4210132137,2013,32
I4210132137,2014,31
I4210132137,2015,71
I4210132137,2016,77
I4210132137,2017,76
I4210132137,2018,92
I4210132137,2019,101
I4210132137,2020,103
I4210132137,2021,92
I4210132137,2022,100
I4210132137,2023,92
I4210132137,2024,116
I4210132137,2025,154
I4210132137,2026,63
I4210107806,2006,1
I4210107806,2007,1
I4210107806,2008,5
I4210107806,2009,2
I4210107806,2010,6
I4210107806,2011,5
I4210107806,2012,11
I4210107806,2013,14
I4210107806,2014,20
I4210107806,2015,28
I4210107806,2016,21
I4210107806,2017,34
I4210107806,2018,25
I4210107806,2019,23
I4210107806,2020,19
I4210107806,2021,33
I4210107806,2022,13
I4210107806,2023,11
I4210107806,2024,6
I4210107806,2025,3
I4210107806,2026,0
I4210110082,2006,18
I4210110082,2007,14
I4210110082,2008,29
I4210110082,2009,33
I4210110082,2010,23
I4210110082,2011,31
I4210110082,2012,41
I4210110082,2013,49
I4210110082,2014,42
I4210110082,2015,47
I4210110082,2016,50
I4210110082,2017,82
I4210110082,2018,136
I4210110082,2019,115
I4210110082,2020,144
I4210110082,2021,137
I4210110082,2022,109
I4210110082,2023,128
I4210110082,2024,175
I4210110082,2025,181
I4210110082,2026,51
I4405253128,2006,0
I4405253128,2007,0
I4405253128,2008,0
I4405253128,2009,0
I4405253128,2010,0
I4405253128,2011,0
I4405253128,2012,0
I4405253128,2013,0
I4405253128,2014,0
I4405253128,2015,0
I4405253128,2016,0
I4405253128,2017,0
I4405253128,2018,0
I4405253128,2019,0
I4405253128,2020,0
I4405253128,2021,0
I4405253128,2022,0
I4405253128,2023,0
I4405253128,2024,0
I4405253128,2025,0
I4405253128,2026,0
I4210116811,2006,3
I4210116811,2007,7
I4210116811,2008,3
I4210116811,2009,3
I4210116811,2010,4
I4210116811,2011,11
I4210116811,2012,36
I4210116811,2013,20
I4210116811,2014,12
I4210116811,2015,13
I4210116811,2016,13
I4210116811,2017,21
I4210116811,2018,23
I4210116811,2019,18
I4210116811,2020,12
I4210116811,2021,25
I4210116811,2022,28
I4210116811,2023,20
I4210116811,2024,14
I4210116811,2025,22
I4210116811,2026,9
I4210131653,2006,75
I4210131653,2007,74
I4210131653,2008,84
I4210131653,2009,90
I4210131653,2010,89
I4210131653,2011,107
I4210131653,2012,119
I4210131653,2013,129
I4210131653,2014,168
I4210131653,2015,157
I4210131653,2016,90
I4210131653,2017,74
I4210131653,2018,87
I4210131653,2019,58
I4210131653,2020,68
I4210131653,2021,66
I4210131653,2022,67
I4210131653,2023,61
I4210131653,2024,69
I4210131653,2025,31
I4210131653,2026,9
I4210130155,2006,2
I4210130155,2007,0
I4210130155,2008,1
I4210130155,2009,3
I4210130155,2010,5
I4210130155,2011,1
I4210130155,2012,6
I4210130155,2013,5
I4210130155,2014,6
I4210130155,2015,4
I4210130155,2016,8
I4210130155,2017,12
I4210130155,2018,12
I4210130155,2019,9
I4210130155,2020,13
I4210130155,2021,12
I4210130155,2022,15
I4210130155,2023,11
I4210130155,2024,16
I4210130155,2025,12
I4210130155,2026,6
I4210141118,2006,4
I4210141118,2007,2
I4210141118,2008,4
I4210141118,2009,2
I4210141118,2010,9
I4210141118,2011,6
I4210141118,2012,16
I4210141118,2013,21
I4210141118,2014,17
I4210141118,2015,10
I4210141118,2016,17
I4210141118,2017,17
I4210141118,2018,25
I4210141118,2019,18
I4210141118,2020,33
I4210141118,2021,25
I4210141118,2022,28
I4210141118,2023,18
I4210141118,2024,29
I4210141118,2025,32
I4210141118,2026,14
I4210149016,2006,16
I4210149016,2007,16
I4210149016,2008,22
I4210149016,2009,28
I4210149016,2010,38
I4210149016,2011,47
I4210149016,2012,43
I4210149016,2013,70
I4210149016,2014,73
I4210149016,2015,106
I4210149016,2016,100
I4210149016,2017,116
I4210149016,2018,129
I4210149016,2019,135
I4210149016,2020,107
I4210149016,2021,121
I4210149016,2022,141
I4210149016,2023,144
I4210149016,2024,108
I4210149016,2025,147
I4210149016,2026,42
I4405255789,2006,0
I4405255789,2007,0
I4405255789,2008,0
I4405255789,2009,0
I4405255789,2010,0
I4405255789,2011,0
I4405255789,2012,0
I4405255789,2013,0
I4405255789,2014,0
I4405255789,2015,0
I4405255789,2016,0
I4405255789,2017,0
I4405255789,2018,0
I4405255789,2019,0
I4405255789,2020,0
I4405255789,2021,0
I4405255789,2022,0
I4405255789,2023,0
I4405255789,2024,0
I4405255789,2025,0
I4405255789,2026,0
I4210160877,2006,0
I4210160877,2007,1
I4210160877,2008,0
I4210160877,2009,1
I4210160877,2010,0
I4210160877,2011,0
I4210160877,2012,1
I4210160877,2013,3
I4210160877,2014,7
I4210160877,2015,10
I4210160877,2016,4
I4210160877,2017,9
I4210160877,2018,11
I4210160877,2019,12
I4210160877,2020,8
I4210160877,2021,8
I4210160877,2022,9
I4210160877,2023,8
I4210160877,2024,6
I4210160877,2025,24
I4210160877,2026,11
I4405261793,2006,0
I4405261793,2007,0
I4405261793,2008,0
I4405261793,2009,0
I4405261793,2010,0
I4405261793,2011,0
I4405261793,2012,0
I4405261793,2013,0
I4405261793,2014,0
I4405261793,2015,0
I4405261793,2016,0
I4405261793,2017,0
I4405261793,2018,0
I4405261793,2019,0
I4405261793,2020,0
I4405261793,2021,0
I4405261793,2022,0
I4405261793,2023,0
I4405261793,2024,0
I4405261793,2025,0
I4405261793,2026,0
I4210116621,2006,2
I4210116621,2007,16
I4210116621,2008,11
I4210116621,2009,18
I4210116621,2010,16
I4210116621,2011,15
I4210116621,2012,20
I4210116621,2013,13
I4210116621,2014,25
I4210116621,2015,24
I4210116621,2016,39
I4210116621,2017,40
I4210116621,2018,38
I4210116621,2019,49
I4210116621,2020,57
I4210116621,2021,49
I4210116621,2022,31
I4210116621,2023,32
I4210116621,2024,29
I4210116621,2025,23
I4210116621,2026,12
I4210151183,2006,1
I4210151183,2007,3
I4210151183,2008,9
I4210151183,2009,3
I4210151183,2010,3
I4210151183,2011,1
I4210151183,2012,5
I4210151183,2013,7
I4210151183,2014,9
I4210151183,2015,15
I4210151183,2016,16
I4210151183,2017,16
I4210151183,2018,27
I4210151183,2019,14
I4210151183,2020,22
I4210151183,2021,25
I4210151183,2022,37
I4210151183,2023,42
I4210151183,2024,35
I4210151183,2025,51
I4210151183,2026,29
I4210143099,2006,5
I4210143099,2007,2
I4210143099,2008,0
I4210143099,2009,3
I4210143099,2010,7
I4210143099,2011,6
I4210143099,2012,7
I4210143099,2013,10
I4210143099,2014,9
I4210143099,2015,11
I4210143099,2016,17
I4210143099,2017,24
I4210143099,2018,26
I4210143099,2019,25
I4210143099,2020,28
I4210143099,2021,41
I4210143099,2022,49
I4210143099,2023,51
I4210143099,2024,32
I4210143099,2025,39
I4210143099,2026,13
I4405259037,2006,0
I4405259037,2007,0
I4405259037,2008,0
I4405259037,2009,0
I4405259037,2010,0
I4405259037,2011,0
I4405259037,2012,0
I4405259037,2013,0
I4405259037,2014,0
I4405259037,2015,0
I4405259037,2016,0
I4405259037,2017,0
I4405259037,2018,0
I4405259037,2019,0
I4405259037,2020,0
I4405259037,2021,0
I4405259037,2022,0
I4405259037,2023,0
I4405259037,2024,0
I4405259037,2025,0
I4405259037,2026,0
I4210145950,2006,0
I4210145950,2007,0
I4210145950,2008,1
I4210145950,2009,0
I4210145950,2010,1
I4210145950,2011,5
I4210145950,2012,3
I4210145950,2013,1
I4210145950,2014,1
I4210145950,2015,0
I4210145950,2016,4
I4210145950,2017,4
I4210145950,2018,2
I4210145950,2019,5
I4210145950,2020,2
I4210145950,2021,5
I4210145950,2022,5
I4210145950,2023,2
I4210145950,2024,5
I4210145950,2025,17
I4210145950,2026,3
I4405261900,2006,0
I4405261900,2007,0
I4405261900,2008,0
I4405261900,2009,0
I4405261900,2010,0
I4405261900,2011,0
I4405261900,2012,0
I4405261900,2013,0
I4405261900,2014,0
I4405261900,2015,0
I4405261900,2016,0
I4405261900,2017,0
I4405261900,2018,0
I4405261900,2019,0
I4405261900,2020,0
I4405261900,2021,0
I4405261900,2022,0
I4405261900,2023,0
I4405261900,2024,0
I4405261900,2025,0
I4405261900,2026,0
I4405261224,2006,0
I4405261224,2007,0
I4405261224,2008,0
I4405261224,2009,0
I4405261224,2010,0
I4405261224,2011,0
I4405261224,2012,0
I4405261224,2013,0
I4405261224,2014,0
I4405261224,2015,0
I4405261224,2016,0
I4405261224,2017,0
I4405261224,2018,0
I4405261224,2019,0
I4405261224,2020,0
I4405261224,2021,0
I4405261224,2022,0
I4405261224,2023,0
I4405261224,2024,0
I4405261224,2025,0
I4405261224,2026,0
I29607241,2006,1302
I29607241,2007,1443
I29607241,2008,1528
I29607241,2009,1349
I29607241,2010,1423
I29607241,2011,1377
I29607241,2012,1566
I29607241,2013,1807
I29607241,2014,1505
I29607241,2015,1338
I29607241,2016,1187
I29607241,2017,1413
I29607241,2018,1527
I29607241,2019,1659
I29607241,2020,2052
I29607241,2021,2072
I29607241,2022,2189
I29607241,2023,2268
I29607241,2024,2061
I29607241,2025,1856
I29607241,2026,741
I4210109889,2006,6
I4210109889,2007,7
I4210109889,2008,22
I4210109889,2009,9
I4210109889,2010,8
I4210109889,2011,13
I4210109889,2012,8
I4210109889,2013,7
I4210109889,2014,11
I4210109889,2015,10
I4210109889,2016,22
I4210109889,2017,13
I4210109889,2018,26
I4210109889,2019,21
I4210109889,2020,30
I4210109889,2021,19
I4210109889,2022,27
I4210109889,2023,25
I4210109889,2024,29
I4210109889,2025,40
I4210109889,2026,21
I4210087544,2006,4
I4210087544,2007,7
I4210087544,2008,7
I4210087544,2009,5
I4210087544,2010,8
I4210087544,2011,2
I4210087544,2012,4
I4210087544,2013,6
I4210087544,2014,10
I4210087544,2015,6
I4210087544,2016,17
I4210087544,2017,15
I4210087544,2018,14
I4210087544,2019,12
I4210087544,2020,32
I4210087544,2021,23
I4210087544,2022,35
I4210087544,2023,48
I4210087544,2024,35
I4210087544,2025,75
I4210087544,2026,33
I4210153303,2006,31
I4210153303,2007,27
I4210153303,2008,32
I4210153303,2009,42
I4210153303,2010,38
I4210153303,2011,36
I4210153303,2012,45
I4210153303,2013,45
I4210153303,2014,57
I4210153303,2015,56
I4210153303,2016,99
I4210153303,2017,67
I4210153303,2018,94
I4210153303,2019,58
I4210153303,2020,81
I4210153303,2021,108
I4210153303,2022,127
I4210153303,2023,117
I4210153303,2024,108
I4210153303,2025,80
I4210153303,2026,35
I4405265479,2006,0
I4405265479,2007,0
I4405265479,2008,0
I4405265479,2009,0
I4405265479,2010,0
I4405265479,2011,0
I4405265479,2012,0
I4405265479,2013,0
I4405265479,2014,0
I4405265479,2015,0
I4405265479,2016,0
I4405265479,2017,0
I4405265479,2018,0
I4405265479,2019,0
I4405265479,2020,0
I4405265479,2021,0
I4405265479,2022,0
I4405265479,2023,0
I4405265479,2024,0
I4405265479,2025,0
I4405265479,2026,0
I4405253935,2006,0
I4405253935,2007,0
I4405253935,2008,0
I4405253935,2009,0
I4405253935,2010,0
I4405253935,2011,0
I4405253935,2012,0
I4405253935,2013,0
I4405253935,2014,0
I4405253935,2015,0
I4405253935,2016,0
I4405253935,2017,0
I4405253935,2018,0
I4405253935,2019,0
I4405253935,2020,0
I4405253935,2021,0
I4405253935,2022,0
I4405253935,2023,0
I4405253935,2024,0
I4405253935,2025,0
I4405253935,2026,0
I4210162380,2006,13
I4210162380,2007,7
I4210162380,2008,11
I4210162380,2009,13
I4210162380,2010,13
I4210162380,2011,11
I4210162380,2012,17
I4210162380,2013,21
I4210162380,2014,13
I4210162380,2015,21
I4210162380,2016,33
I4210162380,2017,21
I4210162380,2018,31
I4210162380,2019,35
I4210162380,2020,43
I4210162380,2021,46
I4210162380,2022,35
I4210162380,2023,51
I4210162380,2024,44
I4210162380,2025,85
I4210162380,2026,41
I4210131710,2006,5
I4210131710,2007,2
I4210131710,2008,4
I4210131710,2009,4
I4210131710,2010,5
I4210131710,2011,16
I4210131710,2012,7
I4210131710,2013,13
I4210131710,2014,16
I4210131710,2015,44
I4210131710,2016,30
I4210131710,2017,31
I4210131710,2018,59
I4210131710,2019,78
I4210131710,2020,57
I4210131710,2021,83
I4210131710,2022,107
I4210131710,2023,118
I4210131710,2024,130
I4210131710,2025,203
I4210131710,2026,91
I4405263140,2006,0
I4405263140,2007,0
I4405263140,2008,0
I4405263140,2009,0
I4405263140,2010,0
I4405263140,2011,0
I4405263140,2012,0
I4405263140,2013,0
I4405263140,2014,0
I4405263140,2015,0
I4405263140,2016,0
I4405263140,2017,0
I4405263140,2018,0
I4405263140,2019,0
I4405263140,2020,0
I4405263140,2021,0
I4405263140,2022,0
I4405263140,2023,0
I4405263140,2024,0
I4405263140,2025,0
I4405263140,2026,0
I4210133935,2006,17
I4210133935,2007,20
I4210133935,2008,22
I4210133935,2009,27
I4210133935,2010,19
I4210133935,2011,29
I4210133935,2012,36
I4210133935,2013,44
I4210133935,2014,53
I4210133935,2015,69
I4210133935,2016,73
I4210133935,2017,68
I4210133935,2018,79
I4210133935,2019,85
I4210133935,2020,74
I4210133935,2021,96
I4210133935,2022,124
I4210133935,2023,139
I4210133935,2024,101
I4210133935,2025,150
I4210133935,2026,64
I4210121980,2006,6
I4210121980,2007,5
I4210121980,2008,5
I4210121980,2009,19
I4210121980,2010,15
I4210121980,2011,24
I4210121980,2012,32
I4210121980,2013,39
I4210121980,2014,53
I4210121980,2015,66
I4210121980,2016,101
I4210121980,2017,115
I4210121980,2018,183
I4210121980,2019,193
I4210121980,2020,244
I4210121980,2021,139
I4210121980,2022,137
I4210121980,2023,162
I4210121980,2024,193
I4210121980,2025,153
I4210121980,2026,45
I4405264004,2006,0
I4405264004,2007,0
I4405264004,2008,0
I4405264004,2009,0
I4405264004,2010,0
I4405264004,2011,0
I4405264004,2012,0
I4405264004,2013,0
I4405264004,2014,0
I4405264004,2015,0
I4405264004,2016,0
I4405264004,2017,0
I4405264004,2018,0
I4405264004,2019,0
I4405264004,2020,0
I4405264004,2021,0
I4405264004,2022,0
I4405264004,2023,0
I4405264004,2024,0
I4405264004,2025,0
I4405264004,2026,0
I4210123084,2006,1
I4210123084,2007,4
I4210123084,2008,1
I4210123084,2009,1
I4210123084,2010,1
I4210123084,2011,3
I4210123084,2012,5
I4210123084,2013,1
I4210123084,2014,1
I4210123084,2015,4
I4210123084,2016,4
I4210123084,2017,6
I4210123084,2018,9
I4210123084,2019,8
I4210123084,2020,14
I4210123084,2021,13
I4210123084,2022,24
I4210123084,2023,13
I4210123084,2024,30
I4210123084,2025,38
I4210123084,2026,23
I4405266436,2006,0
I4405266436,2007,0
I4405266436,2008,0
I4405266436,2009,0
I4405266436,2010,0
I4405266436,2011,0
I4405266436,2012,0
I4405266436,2013,0
I4405266436,2014,0
I4405266436,2015,0
I4405266436,2016,0
I4405266436,2017,0
I4405266436,2018,0
I4405266436,2019,0
I4405266436,2020,0
I4405266436,2021,0
I4405266436,2022,0
I4405266436,2023,0
I4405266436,2024,0
I4405266436,2025,0
I4405266436,2026,0
I4405258354,2006,0
I4405258354,2007,0
I4405258354,2008,0
I4405258354,2009,0
I4405258354,2010,0
I4405258354,2011,0
I4405258354,2012,0
I4405258354,2013,0
I4405258354,2014,0
I4405258354,2015,0
I4405258354,2016,0
I4405258354,2017,0
I4405258354,2018,0
I4405258354,2019,0
I4405258354,2020,0
I4405258354,2021,0
I4405258354,2022,0
I4405258354,2023,0
I4405258354,2024,0
I4405258354,2025,0
I4405258354,2026,0
I4210157007,2006,9
I4210157007,2007,7
I4210157007,2008,6
I4210157007,2009,10
I4210157007,2010,15
I4210157007,2011,16
I4210157007,2012,22
I4210157007,2013,17
I4210157007,2014,42
I4210157007,2015,22
I4210157007,2016,36
I4210157007,2017,48
I4210157007,2018,57
I4210157007,2019,46
I4210157007,2020,41
I4210157007,2021,40
I4210157007,2022,40
I4210157007,2023,59
I4210157007,2024,42
I4210157007,2025,73
I4210157007,2026,12
I4405252934,2006,0
I4405252934,2007,0
I4405252934,2008,0
I4405252934,2009,0
I4405252934,2010,0
I4405252934,2011,0
I4405252934,2012,0
I4405252934,2013,0
I4405252934,2014,0
I4405252934,2015,0
I4405252934,2016,0
I4405252934,2017,0
I4405252934,2018,0
I4405252934,2019,0
I4405252934,2020,0
I4405252934,2021,0
I4405252934,2022,0
I4405252934,2023,0
I4405252934,2024,0
I4405252934,2025,0
I4405252934,2026,0
I4210121355,2006,1
I4210121355,2007,6
I4210121355,2008,3
I4210121355,2009,8
I4210121355,2010,5
I4210121355,2011,21
I4210121355,2012,20
I4210121355,2013,31
I4210121355,2014,42
I4210121355,2015,53
I4210121355,2016,42
I4210121355,2017,64
I4210121355,2018,75
I4210121355,2019,88
I4210121355,2020,61
I4210121355,2021,85
I4210121355,2022,59
I4210121355,2023,49
I4210121355,2024,55
I4210121355,2025,51
I4210121355,2026,21
I4210151598,2006,1
I4210151598,2007,16
I4210151598,2008,9
I4210151598,2009,2
I4210151598,2010,6
I4210151598,2011,6
I4210151598,2012,10
I4210151598,2013,8
I4210151598,2014,8
I4210151598,2015,2
I4210151598,2016,8
I4210151598,2017,17
I4210151598,2018,17
I4210151598,2019,31
I4210151598,2020,47
I4210151598,2021,27
I4210151598,2022,45
I4210151598,2023,41
I4210151598,2024,30
I4210151598,2025,27
I4210151598,2026,22
I4210165873,2006,1
I4210165873,2007,0
I4210165873,2008,0
I4210165873,2009,1
I4210165873,2010,0
I4210165873,2011,3
I4210165873,2012,1
I4210165873,2013,1
I4210165873,2014,1
I4210165873,2015,3
I4210165873,2016,5
I4210165873,2017,0
I4210165873,2018,1
I4210165873,2019,1
I4210165873,2020,1
I4210165873,2021,2
I4210165873,2022,1
I4210165873,2023,3
I4210165873,2024,1
I4210165873,2025,2
I4210165873,2026,0
I4210167216,2006,2
I4210167216,2007,2
I4210167216,2008,1
I4210167216,2009,0
I4210167216,2010,2
I4210167216,2011,0
I4210167216,2012,0
I4210167216,2013,8
I4210167216,2014,3
I4210167216,2015,7
I4210167216,2016,4
I4210167216,2017,9
I4210167216,2018,16
I4210167216,2019,17
I4210167216,2020,7
I4210167216,2021,8
I4210167216,2022,12
I4210167216,2023,17
I4210167216,2024,22
I4210167216,2025,10
I4210167216,2026,15
I4210165748,2006,2
I4210165748,2007,1
I4210165748,2008,3
I4210165748,2009,1
I4210165748,2010,2
I4210165748,2011,1
I4210165748,2012,2
I4210165748,2013,0
I4210165748,2014,13
I4210165748,2015,5
I4210165748,2016,13
I4210165748,2017,11
I4210165748,2018,20
I4210165748,2019,17
I4210165748,2020,15
I4210165748,2021,15
I4210165748,2022,8
I4210165748,2023,23
I4210165748,2024,29
I4210165748,2025,20
I4210165748,2026,4
I4210134620,2006,0
I4210134620,2007,0
I4210134620,2008,0
I4210134620,2009,3
I4210134620,2010,1
I4210134620,2011,1
I4210134620,2012,1
I4210134620,2013,0
I4210134620,2014,0
I4210134620,2015,4
I4210134620,2016,2
I4210134620,2017,2
I4210134620,2018,8
I4210134620,2019,14
I4210134620,2020,13
I4210134620,2021,10
I4210134620,2022,11
I4210134620,2023,6
I4210134620,2024,8
I4210134620,2025,10
I4210134620,2026,6
I4391767903,2006,0
I4391767903,2007,0
I4391767903,2008,0
I4391767903,2009,0
I4391767903,2010,0
I4391767903,2011,0
I4391767903,2012,0
I4391767903,2013,0
I4391767903,2014,0
I4391767903,2015,0
I4391767903,2016,0
I4391767903,2017,1
I4391767903,2018,0
I4391767903,2019,1
I4391767903,2020,1
I4391767903,2021,0
I4391767903,2022,1
I4391767903,2023,5
I4391767903,2024,6
I4391767903,2025,3
I4391767903,2026,0
I4210132445,2006,1
I4210132445,2007,0
I4210132445,2008,0
I4210132445,2009,1
I4210132445,2010,0
I4210132445,2011,0
I4210132445,2012,0
I4210132445,2013,0
I4210132445,2014,0
I4210132445,2015,0
I4210132445,2016,0
I4210132445,2017,0
I4210132445,2018,0
I4210132445,2019,1
I4210132445,2020,1
I4210132445,2021,0
I4210132445,2022,0
I4210132445,2023,0
I4210132445,2024,0
I4210132445,2025,1
I4210132445,2026,2
I4210166634,2006,1
I4210166634,2007,1
I4210166634,2008,1
I4210166634,2009,1
I4210166634,2010,0
I4210166634,2011,0
I4210166634,2012,1
I4210166634,2013,0
I4210166634,2014,1
I4210166634,2015,1
I4210166634,2016,0
I4210166634,2017,2
I4210166634,2018,2
I4210166634,2019,2
I4210166634,2020,2
I4210166634,2021,1
I4210166634,2022,3
I4210166634,2023,3
I4210166634,2024,2
I4210166634,2025,4
I4210166634,2026,1
I4210136946,2006,0
I4210136946,2007,0
I4210136946,2008,0
I4210136946,2009,1
I4210136946,2010,1
I4210136946,2011,0
I4210136946,2012,0
I4210136946,2013,1
I4210136946,2014,3
I4210136946,2015,0
I4210136946,2016,2
I4210136946,2017,2
I4210136946,2018,2
I4210136946,2019,2
I4210136946,2020,3
I4210136946,2021,1
I4210136946,2022,3
I4210136946,2023,1
I4210136946,2024,2
I4210136946,2025,1
I4210136946,2026,1
I4210128639,2006,0
I4210128639,2007,1
I4210128639,2008,1
I4210128639,2009,3
I4210128639,2010,1
I4210128639,2011,1
I4210128639,2012,1
I4210128639,2013,0
I4210128639,2014,0
I4210128639,2015,1
I4210128639,2016,3
I4210128639,2017,2
I4210128639,2018,0
I4210128639,2019,3
I4210128639,2020,1
I4210128639,2021,3
I4210128639,2022,6
I4210128639,2023,6
I4210128639,2024,8
I4210128639,2025,16
I4210128639,2026,3
I4210133014,2006,0
I4210133014,2007,0
I4210133014,2008,1
I4210133014,2009,0
I4210133014,2010,1
I4210133014,2011,1
I4210133014,2012,2
I4210133014,2013,0
I4210133014,2014,0
I4210133014,2015,0
I4210133014,2016,4
I4210133014,2017,2
I4210133014,2018,2
I4210133014,2019,2
I4210133014,2020,0
I4210133014,2021,4
I4210133014,2022,1
I4210133014,2023,7
I4210133014,2024,3
I4210133014,2025,10
I4210133014,2026,4
I92834545,2006,12
I92834545,2007,16
I92834545,2008,33
I92834545,2009,41
I92834545,2010,42
I92834545,2011,54
I92834545,2012,61
I92834545,2013,90
I92834545,2014,101
I92834545,2015,108
I92834545,2016,107
I92834545,2017,148
I92834545,2018,142
I92834545,2019,166
I92834545,2020,166
I92834545,2021,204
I92834545,2022,163
I92834545,2023,187
I92834545,2024,203
I92834545,2025,173
I92834545,2026,79
I4210113278,2006,0
I4210113278,2007,0
I4210113278,2008,0
I4210113278,2009,0
I4210113278,2010,0
I4210113278,2011,0
I4210113278,2012,0
I4210113278,2013,0
I4210113278,2014,0
I4210113278,2015,0
I4210113278,2016,0
I4210113278,2017,1
I4210113278,2018,0
I4210113278,2019,0
I4210113278,2020,0
I4210113278,2021,0
I4210113278,2022,0
I4210113278,2023,0
I4210113278,2024,0
I4210113278,2025,0
I4210113278,2026,0
I4210105638,2006,0
I4210105638,2007,0
I4210105638,2008,0
I4210105638,2009,2
I4210105638,2010,0
I4210105638,2011,0
I4210105638,2012,0
I4210105638,2013,1
I4210105638,2014,1
I4210105638,2015,4
I4210105638,2016,1
I4210105638,2017,1
I4210105638,2018,1
I4210105638,2019,3
I4210105638,2020,1
I4210105638,2021,2
I4210105638,2022,1
I4210105638,2023,9
I4210105638,2024,2
I4210105638,2025,0
I4210105638,2026,5
I4405260179,2006,0
I4405260179,2007,0
I4405260179,2008,0
I4405260179,2009,0
I4405260179,2010,0
I4405260179,2011,0
I4405260179,2012,0
I4405260179,2013,0
I4405260179,2014,0
I4405260179,2015,0
I4405260179,2016,0
I4405260179,2017,0
I4405260179,2018,0
I4405260179,2019,0
I4405260179,2020,0
I4405260179,2021,0
I4405260179,2022,0
I4405260179,2023,0
I4405260179,2024,0
I4405260179,2025,0
I4405260179,2026,0
I4210122636,2006,3
I4210122636,2007,0
I4210122636,2008,2
I4210122636,2009,4
I4210122636,2010,1
I4210122636,2011,4
I4210122636,2012,8
I4210122636,2013,4
I4210122636,2014,1
I4210122636,2015,3
I4210122636,2016,1
I4210122636,2017,0
I4210122636,2018,2
I4210122636,2019,2
I4210122636,2020,4
I4210122636,2021,14
I4210122636,2022,4
I4210122636,2023,1
I4210122636,2024,4
I4210122636,2025,4
I4210122636,2026,1
I4210100017,2006,0
I4210100017,2007,0
I4210100017,2008,0
I4210100017,2009,0
I4210100017,2010,0
I4210100017,2011,0
I4210100017,2012,0
I4210100017,2013,0
I4210100017,2014,0
I4210100017,2015,0
I4210100017,2016,0
I4210100017,2017,0
I4210100017,2018,0
I4210100017,2019,0
I4210100017,2020,0
I4210100017,2021,0
I4210100017,2022,0
I4210100017,2023,0
I4210100017,2024,0
I4210100017,2025,0
I4210100017,2026,0
I4405261690,2006,0
I4405261690,2007,0
I4405261690,2008,0
I4405261690,2009,0
I4405261690,2010,0
I4405261690,2011,0
I4405261690,2012,0
I4405261690,2013,0
I4405261690,2014,0
I4405261690,2015,0
I4405261690,2016,0
I4405261690,2017,0
I4405261690,2018,0
I4405261690,2019,0
I4405261690,2020,0
I4405261690,2021,0
I4405261690,2022,0
I4405261690,2023,0
I4405261690,2024,0
I4405261690,2025,0
I4405261690,2026,0
I4210148686,2006,0
I4210148686,2007,0
I4210148686,2008,7
I4210148686,2009,3
I4210148686,2010,1
I4210148686,2011,0
I4210148686,2012,0
I4210148686,2013,3
I4210148686,2014,0
I4210148686,2015,6
I4210148686,2016,3
I4210148686,2017,7
I4210148686,2018,11
I4210148686,2019,4
I4210148686,2020,7
I4210148686,2021,4
I4210148686,2022,9
I4210148686,2023,5
I4210148686,2024,6
I4210148686,2025,13
I4210148686,2026,5
I4210143618,2006,1
I4210143618,2007,0
I4210143618,2008,3
I4210143618,2009,0
I4210143618,2010,0
I4210143618,2011,1
I4210143618,2012,1
I4210143618,2013,3
I4210143618,2014,2
I4210143618,2015,2
I4210143618,2016,3
I4210143618,2017,11
I4210143618,2018,1
I4210143618,2019,0
I4210143618,2020,4
I4210143618,2021,3
I4210143618,2022,2
I4210143618,2023,1
I4210143618,2024,3
I4210143618,2025,4
I4210143618,2026,6
I4210113843,2006,4
I4210113843,2007,5
I4210113843,2008,2
I4210113843,2009,1
I4210113843,2010,3
I4210113843,2011,8
I4210113843,2012,7
I4210113843,2013,10
I4210113843,2014,6
I4210113843,2015,12
I4210113843,2016,14
I4210113843,2017,7
I4210113843,2018,15
I4210113843,2019,16
I4210113843,2020,4
I4210113843,2021,13
I4210113843,2022,9
I4210113843,2023,15
I4210113843,2024,18
I4210113843,2025,22
I4210113843,2026,10
I4210106046,2006,4
I4210106046,2007,2
I4210106046,2008,6
I4210106046,2009,6
I4210106046,2010,6
I4210106046,2011,10
I4210106046,2012,7
I4210106046,2013,7
I4210106046,2014,3
I4210106046,2015,5
I4210106046,2016,5
I4210106046,2017,3
I4210106046,2018,3
I4210106046,2019,1
I4210106046,2020,6
I4210106046,2021,1
I4210106046,2022,7
I4210106046,2023,2
I4210106046,2024,4
I4210106046,2025,6
I4210106046,2026,4
I4210117880,2006,2
I4210117880,2007,0
I4210117880,2008,0
I4210117880,2009,1
I4210117880,2010,3
I4210117880,2011,2
I4210117880,2012,1
I4210117880,2013,3
I4210117880,2014,4
I4210117880,2015,5
I4210117880,2016,13
I4210117880,2017,16
I4210117880,2018,14
I4210117880,2019,36
I4210117880,2020,74
I4210117880,2021,45
I4210117880,2022,35
I4210117880,2023,39
I4210117880,2024,55
I4210117880,2025,153
I4210117880,2026,737
I4210134946,2006,0
I4210134946,2007,2
I4210134946,2008,3
I4210134946,2009,2
I4210134946,2010,3
I4210134946,2011,6
I4210134946,2012,4
I4210134946,2013,18
I4210134946,2014,10
I4210134946,2015,26
I4210134946,2016,20
I4210134946,2017,22
I4210134946,2018,15
I4210134946,2019,7
I4210134946,2020,8
I4210134946,2021,3
I4210134946,2022,7
I4210134946,2023,4
I4210134946,2024,7
I4210134946,2025,7
I4210134946,2026,3
I4210087104,2006,34
I4210087104,2007,28
I4210087104,2008,34
I4210087104,2009,32
I4210087104,2010,22
I4210087104,2011,15
I4210087104,2012,36
I4210087104,2013,46
I4210087104,2014,34
I4210087104,2015,24
I4210087104,2016,39
I4210087104,2017,7
I4210087104,2018,2
I4210087104,2019,10
I4210087104,2020,1
I4210087104,2021,1
I4210087104,2022,3
I4210087104,2023,1
I4210087104,2024,0
I4210087104,2025,0
I4210087104,2026,1
I4210144919,2006,4
I4210144919,2007,0
I4210144919,2008,8
I4210144919,2009,11
I4210144919,2010,6
I4210144919,2011,12
I4210144919,2012,25
I4210144919,2013,20
I4210144919,2014,18
I4210144919,2015,13
I4210144919,2016,13
I4210144919,2017,6
I4210144919,2018,5
I4210144919,2019,3
I4210144919,2020,10
I4210144919,2021,12
I4210144919,2022,7
I4210144919,2023,7
I4210144919,2024,4
I4210144919,2025,8
I4210144919,2026,2
I4210102205,2006,12
I4210102205,2007,21
I4210102205,2008,9
I4210102205,2009,7
I4210102205,2010,8
I4210102205,2011,6
I4210102205,2012,5
I4210102205,2013,5
I4210102205,2014,4
I4210102205,2015,3
I4210102205,2016,5
I4210102205,2017,3
I4210102205,2018,10
I4210102205,2019,2
I4210102205,2020,3
I4210102205,2021,11
I4210102205,2022,14
I4210102205,2023,16
I4210102205,2024,14
I4210102205,2025,15
I4210102205,2026,11
I4405257191,2006,0
I4405257191,2007,0
I4405257191,2008,0
I4405257191,2009,0
I4405257191,2010,0
I4405257191,2011,0
I4405257191,2012,0
I4405257191,2013,0
I4405257191,2014,0
I4405257191,2015,0
I4405257191,2016,0
I4405257191,2017,0
I4405257191,2018,0
I4405257191,2019,0
I4405257191,2020,0
I4405257191,2021,0
I4405257191,2022,0
I4405257191,2023,0
I4405257191,2024,0
I4405257191,2025,0
I4405257191,2026,0
I4391012564,2006,0
I4391012564,2007,0
I4391012564,2008,0
I4391012564,2009,0
I4391012564,2010,0
I4391012564,2011,0
I4391012564,2012,0
I4391012564,2013,0
I4391012564,2014,0
I4391012564,2015,0
I4391012564,2016,0
I4391012564,2017,0
I4391012564,2018,0
I4391012564,2019,0
I4391012564,2020,0
I4391012564,2021,0
I4391012564,2022,1
I4391012564,2023,5
I4391012564,2024,13
I4391012564,2025,3
I4391012564,2026,0
I4210136442,2006,2
I4210136442,2007,1
I4210136442,2008,0
I4210136442,2009,1
I4210136442,2010,2
I4210136442,2011,4
I4210136442,2012,13
I4210136442,2013,11
I4210136442,2014,15
I4210136442,2015,14
I4210136442,2016,21
I4210136442,2017,24
I4210136442,2018,66
I4210136442,2019,35
I4210136442,2020,48
I4210136442,2021,55
I4210136442,2022,50
I4210136442,2023,77
I4210136442,2024,90
I4210136442,2025,98
I4210136442,2026,28
I4210149562,2006,0
I4210149562,2007,0
I4210149562,2008,0
I4210149562,2009,0
I4210149562,2010,0
I4210149562,2011,1
I4210149562,2012,1
I4210149562,2013,1
I4210149562,2014,0
I4210149562,2015,1
I4210149562,2016,2
I4210149562,2017,2
I4210149562,2018,3
I4210149562,2019,4
I4210149562,2020,4
I4210149562,2021,3
I4210149562,2022,3
I4210149562,2023,5
I4210149562,2024,4
I4210149562,2025,10
I4210149562,2026,3
I4210102508,2006,1
I4210102508,2007,1
I4210102508,2008,1
I4210102508,2009,1
I4210102508,2010,0
I4210102508,2011,3
I4210102508,2012,4
I4210102508,2013,2
I4210102508,2014,7
I4210102508,2015,8
I4210102508,2016,13
I4210102508,2017,4
I4210102508,2018,21
I4210102508,2019,8
I4210102508,2020,15
I4210102508,2021,10
I4210102508,2022,11
I4210102508,2023,6
I4210102508,2024,6
I4210102508,2025,10
I4210102508,2026,6
I4405261264,2006,0
I4405261264,2007,0
I4405261264,2008,0
I4405261264,2009,0
I4405261264,2010,0
I4405261264,2011,0
I4405261264,2012,0
I4405261264,2013,0
I4405261264,2014,0
I4405261264,2015,0
I4405261264,2016,0
I4405261264,2017,0
I4405261264,2018,0
I4405261264,2019,0
I4405261264,2020,0
I4405261264,2021,0
I4405261264,2022,0
I4405261264,2023,0
I4405261264,2024,0
I4405261264,2025,0
I4405261264,2026,0
I4210147653,2006,0
I4210147653,2007,0
I4210147653,2008,0
I4210147653,2009,1
I4210147653,2010,0
I4210147653,2011,2
I4210147653,2012,4
I4210147653,2013,2
I4210147653,2014,2
I4210147653,2015,0
I4210147653,2016,0
I4210147653,2017,1
I4210147653,2018,1
I4210147653,2019,7
I4210147653,2020,3
I4210147653,2021,3
I4210147653,2022,6
I4210147653,2023,1
I4210147653,2024,4
I4210147653,2025,6
I4210147653,2026,10
I4210112335,2006,0
I4210112335,2007,0
I4210112335,2008,4
I4210112335,2009,1
I4210112335,2010,4
I4210112335,2011,5
I4210112335,2012,3
I4210112335,2013,7
I4210112335,2014,9
I4210112335,2015,23
I4210112335,2016,30
I4210112335,2017,30
I4210112335,2018,19
I4210112335,2019,34
I4210112335,2020,41
I4210112335,2021,22
I4210112335,2022,35
I4210112335,2023,38
I4210112335,2024,41
I4210112335,2025,64
I4210112335,2026,42
I4210101071,2006,0
I4210101071,2007,0
I4210101071,2008,0
I4210101071,2009,0
I4210101071,2010,0
I4210101071,2011,0
I4210101071,2012,0
I4210101071,2013,0
I4210101071,2014,0
I4210101071,2015,0
I4210101071,2016,0
I4210101071,2017,0
I4210101071,2018,0
I4210101071,2019,0
I4210101071,2020,0
I4210101071,2021,0
I4210101071,2022,0
I4210101071,2023,0
I4210101071,2024,0
I4210101071,2025,0
I4210101071,2026,6
I4405256428,2006,0
I4405256428,2007,0
I4405256428,2008,0
I4405256428,2009,0
I4405256428,2010,0
I4405256428,2011,0
I4405256428,2012,0
I4405256428,2013,0
I4405256428,2014,0
I4405256428,2015,0
I4405256428,2016,0
I4405256428,2017,0
I4405256428,2018,0
I4405256428,2019,0
I4405256428,2020,0
I4405256428,2021,0
I4405256428,2022,0
I4405256428,2023,0
I4405256428,2024,0
I4405256428,2025,0
I4405256428,2026,0
I4210124049,2006,0
I4210124049,2007,0
I4210124049,2008,0
I4210124049,2009,0
I4210124049,2010,0
I4210124049,2011,1
I4210124049,2012,0
I4210124049,2013,4
I4210124049,2014,0
I4210124049,2015,2
I4210124049,2016,0
I4210124049,2017,0
I4210124049,2018,1
I4210124049,2019,3
I4210124049,2020,3
I4210124049,2021,0
I4210124049,2022,7
I4210124049,2023,7
I4210124049,2024,5
I4210124049,2025,6
I4210124049,2026,3
I4210146631,2006,1
I4210146631,2007,0
I4210146631,2008,0
I4210146631,2009,0
I4210146631,2010,0
I4210146631,2011,0
I4210146631,2012,0
I4210146631,2013,1
I4210146631,2014,0
I4210146631,2015,4
I4210146631,2016,0
I4210146631,2017,1
I4210146631,2018,1
I4210146631,2019,8
I4210146631,2020,2
I4210146631,2021,5
I4210146631,2022,4
I4210146631,2023,7
I4210146631,2024,4
I4210146631,2025,6
I4210146631,2026,6
I4210149225,2006,3
I4210149225,2007,1
I4210149225,2008,3
I4210149225,2009,2
I4210149225,2010,0
I4210149225,2011,3
I4210149225,2012,1
I4210149225,2013,3
I4210149225,2014,2
I4210149225,2015,3
I4210149225,2016,19
I4210149225,2017,45
I4210149225,2018,70
I4210149225,2019,134
I4210149225,2020,182
I4210149225,2021,263
I4210149225,2022,228
I4210149225,2023,235
I4210149225,2024,387
I4210149225,2025,282
I4210149225,2026,114
I16904388,2006,67
I16904388,2007,62
I16904388,2008,88
I16904388,2009,76
I16904388,2010,100
I16904388,2011,128
I16904388,2012,127
I16904388,2013,147
I16904388,2014,156
I16904388,2015,195
I16904388,2016,224
I16904388,2017,247
I16904388,2018,337
I16904388,2019,313
I16904388,2020,406
I16904388,2021,477
I16904388,2022,449
I16904388,2023,509
I16904388,2024,497
I16904388,2025,512
I16904388,2026,279
I4405262501,2006,0
I4405262501,2007,0
I4405262501,2008,0
I4405262501,2009,0
I4405262501,2010,0
I4405262501,2011,0
I4405262501,2012,0
I4405262501,2013,0
I4405262501,2014,0
I4405262501,2015,0
I4405262501,2016,0
I4405262501,2017,0
I4405262501,2018,0
I4405262501,2019,0
I4405262501,2020,0
I4405262501,2021,0
I4405262501,2022,0
I4405262501,2023,0
I4405262501,2024,0
I4405262501,2025,0
I4405262501,2026,0
I4405257722,2006,0
I4405257722,2007,0
I4405257722,2008,0
I4405257722,2009,0
I4405257722,2010,0
I4405257722,2011,0
I4405257722,2012,0
I4405257722,2013,0
I4405257722,2014,0
I4405257722,2015,0
I4405257722,2016,0
I4405257722,2017,0
I4405257722,2018,0
I4405257722,2019,0
I4405257722,2020,0
I4405257722,2021,0
I4405257722,2022,0
I4405257722,2023,0
I4405257722,2024,0
I4405257722,2025,0
I4405257722,2026,0
I4210093552,2006,1
I4210093552,2007,1
I4210093552,2008,1
I4210093552,2009,0
I4210093552,2010,2
I4210093552,2011,1
I4210093552,2012,2
I4210093552,2013,4
I4210093552,2014,2
I4210093552,2015,2
I4210093552,2016,6
I4210093552,2017,12
I4210093552,2018,14
I4210093552,2019,14
I4210093552,2020,26
I4210093552,2021,20
I4210093552,2022,34
I4210093552,2023,26
I4210093552,2024,61
I4210093552,2025,84
I4210093552,2026,32
I195931504,2006,94
I195931504,2007,107
I195931504,2008,125
I195931504,2009,99
I195931504,2010,99
I195931504,2011,104
I195931504,2012,131
I195931504,2013,157
I195931504,2014,253
I195931504,2015,194
I195931504,2016,235
I195931504,2017,245
I195931504,2018,254
I195931504,2019,282
I195931504,2020,366
I195931504,2021,424
I195931504,2022,411
I195931504,2023,363
I195931504,2024,335
I195931504,2025,366
I195931504,2026,174
I32619867,2006,2
I32619867,2007,0
I32619867,2008,1
I32619867,2009,2
I32619867,2010,26
I32619867,2011,64
I32619867,2012,144
I32619867,2013,162
I32619867,2014,159
I32619867,2015,220
I32619867,2016,236
I32619867,2017,210
I32619867,2018,283
I32619867,2019,302
I32619867,2020,336
I32619867,2021,334
I32619867,2022,460
I32619867,2023,563
I32619867,2024,664
I32619867,2025,647
I32619867,2026,262
I4210147990,2006,0
I4210147990,2007,2
I4210147990,2008,1
I4210147990,2009,0
I4210147990,2010,0
I4210147990,2011,0
I4210147990,2012,0
I4210147990,2013,3
I4210147990,2014,1
I4210147990,2015,2
I4210147990,2016,2
I4210147990,2017,2
I4210147990,2018,1
I4210147990,2019,4
I4210147990,2020,5
I4210147990,2021,9
I4210147990,2022,6
I4210147990,2023,11
I4210147990,2024,8
I4210147990,2025,23
I4210147990,2026,8
I4405264406,2006,0
I4405264406,2007,0
I4405264406,2008,0
I4405264406,2009,0
I4405264406,2010,0
I4405264406,2011,0
I4405264406,2012,0
I4405264406,2013,0
I4405264406,2014,0
I4405264406,2015,0
I4405264406,2016,0
I4405264406,2017,0
I4405264406,2018,0
I4405264406,2019,0
I4405264406,2020,0
I4405264406,2021,0
I4405264406,2022,0
I4405264406,2023,0
I4405264406,2024,0
I4405264406,2025,0
I4405264406,2026,0
I4210110768,2006,0
I4210110768,2007,0
I4210110768,2008,0
I4210110768,2009,0
I4210110768,2010,0
I4210110768,2011,1
I4210110768,2012,0
I4210110768,2013,0
I4210110768,2014,1
I4210110768,2015,0
I4210110768,2016,1
I4210110768,2017,1
I4210110768,2018,1
I4210110768,2019,0
I4210110768,2020,1
I4210110768,2021,0
I4210110768,2022,1
I4210110768,2023,2
I4210110768,2024,1
I4210110768,2025,4
I4210110768,2026,2
I2801005815,2006,1
I2801005815,2007,0
I2801005815,2008,2
I2801005815,2009,1
I2801005815,2010,0
I2801005815,2011,0
I2801005815,2012,0
I2801005815,2013,5
I2801005815,2014,5
I2801005815,2015,3
I2801005815,2016,8
I2801005815,2017,14
I2801005815,2018,7
I2801005815,2019,7
I2801005815,2020,16
I2801005815,2021,21
I2801005815,2022,28
I2801005815,2023,16
I2801005815,2024,23
I2801005815,2025,34
I2801005815,2026,7
I4210136155,2006,0
I4210136155,2007,0
I4210136155,2008,0
I4210136155,2009,0
I4210136155,2010,0
I4210136155,2011,0
I4210136155,2012,0
I4210136155,2013,0
I4210136155,2014,0
I4210136155,2015,0
I4210136155,2016,0
I4210136155,2017,0
I4210136155,2018,0
I4210136155,2019,1
I4210136155,2020,1
I4210136155,2021,1
I4210136155,2022,0
I4210136155,2023,9
I4210136155,2024,4
I4210136155,2025,10
I4210136155,2026,1
I67337280,2006,1
I67337280,2007,0
I67337280,2008,0
I67337280,2009,1
I67337280,2010,3
I67337280,2011,4
I67337280,2012,7
I67337280,2013,16
I67337280,2014,15
I67337280,2015,32
I67337280,2016,36
I67337280,2017,59
I67337280,2018,80
I67337280,2019,94
I67337280,2020,165
I67337280,2021,225
I67337280,2022,299
I67337280,2023,398
I67337280,2024,533
I67337280,2025,747
I67337280,2026,279
I4210125922,2006,0
I4210125922,2007,0
I4210125922,2008,2
I4210125922,2009,0
I4210125922,2010,0
I4210125922,2011,1
I4210125922,2012,5
I4210125922,2013,4
I4210125922,2014,8
I4210125922,2015,3
I4210125922,2016,5
I4210125922,2017,5
I4210125922,2018,5
I4210125922,2019,12
I4210125922,2020,7
I4210125922,2021,9
I4210125922,2022,5
I4210125922,2023,9
I4210125922,2024,14
I4210125922,2025,12
I4210125922,2026,11
I13144388,2006,39
I13144388,2007,37
I13144388,2008,38
I13144388,2009,51
I13144388,2010,98
I13144388,2011,150
I13144388,2012,202
I13144388,2013,307
I13144388,2014,364
I13144388,2015,326
I13144388,2016,356
I13144388,2017,443
I13144388,2018,537
I13144388,2019,680
I13144388,2020,853
I13144388,2021,889
I13144388,2022,804
I13144388,2023,999
I13144388,2024,851
I13144388,2025,1040
I13144388,2026,584
I2800746572,2006,2
I2800746572,2007,1
I2800746572,2008,0
I2800746572,2009,0
I2800746572,2010,0
I2800746572,2011,5
I2800746572,2012,6
I2800746572,2013,2
I2800746572,2014,2
I2800746572,2015,2
I2800746572,2016,3
I2800746572,2017,7
I2800746572,2018,4
I2800746572,2019,0
I2800746572,2020,1
I2800746572,2021,3
I2800746572,2022,3
I2800746572,2023,3
I2800746572,2024,3
I2800746572,2025,10
I2800746572,2026,1
I27367753,2006,5
I27367753,2007,9
I27367753,2008,9
I27367753,2009,16
I27367753,2010,13
I27367753,2011,14
I27367753,2012,23
I27367753,2013,29
I27367753,2014,41
I27367753,2015,31
I27367753,2016,41
I27367753,2017,30
I27367753,2018,36
I27367753,2019,51
I27367753,2020,59
I27367753,2021,83
I27367753,2022,130
I27367753,2023,210
I27367753,2024,233
I27367753,2025,220
I27367753,2026,79
I3132355903,2006,0
I3132355903,2007,3
I3132355903,2008,1
I3132355903,2009,0
I3132355903,2010,0
I3132355903,2011,0
I3132355903,2012,0
I3132355903,2013,8
I3132355903,2014,16
I3132355903,2015,32
I3132355903,2016,40
I3132355903,2017,51
I3132355903,2018,40
I3132355903,2019,62
I3132355903,2020,87
I3132355903,2021,129
I3132355903,2022,131
I3132355903,2023,170
I3132355903,2024,154
I3132355903,2025,149
I3132355903,2026,78
I4405262271,2006,0
I4405262271,2007,0
I4405262271,2008,0
I4405262271,2009,0
I4405262271,2010,0
I4405262271,2011,0
I4405262271,2012,0
I4405262271,2013,0
I4405262271,2014,0
I4405262271,2015,0
I4405262271,2016,0
I4405262271,2017,0
I4405262271,2018,0
I4405262271,2019,0
I4405262271,2020,0
I4405262271,2021,0
I4405262271,2022,0
I4405262271,2023,0
I4405262271,2024,0
I4405262271,2025,0
I4405262271,2026,0
I4405257719,2006,0
I4405257719,2007,0
I4405257719,2008,0
I4405257719,2009,0
I4405257719,2010,0
I4405257719,2011,0
I4405257719,2012,0
I4405257719,2013,0
I4405257719,2014,0
I4405257719,2015,0
I4405257719,2016,0
I4405257719,2017,0
I4405257719,2018,0
I4405257719,2019,0
I4405257719,2020,0
I4405257719,2021,0
I4405257719,2022,0
I4405257719,2023,0
I4405257719,2024,0
I4405257719,2025,0
I4405257719,2026,0
I4387154848,2006,0
I4387154848,2007,0
I4387154848,2008,0
I4387154848,2009,0
I4387154848,2010,0
I4387154848,2011,0
I4387154848,2012,0
I4387154848,2013,0
I4387154848,2014,0
I4387154848,2015,0
I4387154848,2016,1
I4387154848,2017,1
I4387154848,2018,7
I4387154848,2019,17
I4387154848,2020,23
I4387154848,2021,16
I4387154848,2022,10
I4387154848,2023,23
I4387154848,2024,16
I4387154848,2025,1
I4387154848,2026,0
I4210132801,2006,0
I4210132801,2007,0
I4210132801,2008,1
I4210132801,2009,3
I4210132801,2010,2
I4210132801,2011,3
I4210132801,2012,2
I4210132801,2013,0
I4210132801,2014,3
I4210132801,2015,5
I4210132801,2016,16
I4210132801,2017,14
I4210132801,2018,12
I4210132801,2019,14
I4210132801,2020,15
I4210132801,2021,24
I4210132801,2022,24
I4210132801,2023,26
I4210132801,2024,16
I4210132801,2025,29
I4210132801,2026,13
I4405254776,2006,0
I4405254776,2007,0
I4405254776,2008,0
I4405254776,2009,0
I4405254776,2010,0
I4405254776,2011,0
I4405254776,2012,0
I4405254776,2013,0
I4405254776,2014,0
I4405254776,2015,0
I4405254776,2016,0
I4405254776,2017,0
I4405254776,2018,0
I4405254776,2019,0
I4405254776,2020,0
I4405254776,2021,0
I4405254776,2022,0
I4405254776,2023,0
I4405254776,2024,0
I4405254776,2025,0
I4405254776,2026,0
I4405258591,2006,0
I4405258591,2007,0
I4405258591,2008,0
I4405258591,2009,0
I4405258591,2010,0
I4405258591,2011,0
I4405258591,2012,0
I4405258591,2013,0
I4405258591,2014,0
I4405258591,2015,0
I4405258591,2016,0
I4405258591,2017,0
I4405258591,2018,0
I4405258591,2019,0
I4405258591,2020,0
I4405258591,2021,0
I4405258591,2022,0
I4405258591,2023,0
I4405258591,2024,0
I4405258591,2025,0
I4405258591,2026,0
I4405254846,2006,0
I4405254846,2007,0
I4405254846,2008,0
I4405254846,2009,0
I4405254846,2010,0
I4405254846,2011,0
I4405254846,2012,0
I4405254846,2013,0
I4405254846,2014,0
I4405254846,2015,0
I4405254846,2016,0
I4405254846,2017,0
I4405254846,2018,0
I4405254846,2019,0
I4405254846,2020,0
I4405254846,2021,0
I4405254846,2022,0
I4405254846,2023,0
I4405254846,2024,0
I4405254846,2025,0
I4405254846,2026,0
I131561025,2006,18
I131561025,2007,15
I131561025,2008,14
I131561025,2009,13
I131561025,2010,23
I131561025,2011,34
I131561025,2012,40
I131561025,2013,97
I131561025,2014,142
I131561025,2015,146
I131561025,2016,165
I131561025,2017,224
I131561025,2018,262
I131561025,2019,437
I131561025,2020,518
I131561025,2021,499
I131561025,2022,606
I131561025,2023,695
I131561025,2024,619
I131561025,2025,811
I131561025,2026,544
I4405257387,2006,0
I4405257387,2007,0
I4405257387,2008,0
I4405257387,2009,0
I4405257387,2010,0
I4405257387,2011,0
I4405257387,2012,0
I4405257387,2013,0
I4405257387,2014,0
I4405257387,2015,0
I4405257387,2016,0
I4405257387,2017,0
I4405257387,2018,0
I4405257387,2019,0
I4405257387,2020,0
I4405257387,2021,0
I4405257387,2022,0
I4405257387,2023,0
I4405257387,2024,0
I4405257387,2025,0
I4405257387,2026,0
I4405259962,2006,0
I4405259962,2007,0
I4405259962,2008,0
I4405259962,2009,0
I4405259962,2010,0
I4405259962,2011,0
I4405259962,2012,0
I4405259962,2013,0
I4405259962,2014,0
I4405259962,2015,0
I4405259962,2016,0
I4405259962,2017,0
I4405259962,2018,0
I4405259962,2019,0
I4405259962,2020,0
I4405259962,2021,0
I4405259962,2022,0
I4405259962,2023,0
I4405259962,2024,0
I4405259962,2025,0
I4405259962,2026,0
I4210161322,2006,2
I4210161322,2007,6
I4210161322,2008,2
I4210161322,2009,6
I4210161322,2010,3
I4210161322,2011,5
I4210161322,2012,11
I4210161322,2013,8
I4210161322,2014,14
I4210161322,2015,16
I4210161322,2016,21
I4210161322,2017,34
I4210161322,2018,31
I4210161322,2019,33
I4210161322,2020,28
I4210161322,2021,22
I4210161322,2022,21
I4210161322,2023,28
I4210161322,2024,32
I4210161322,2025,50
I4210161322,2026,27
I4210095136,2006,0
I4210095136,2007,5
I4210095136,2008,7
I4210095136,2009,6
I4210095136,2010,9
I4210095136,2011,9
I4210095136,2012,12
I4210095136,2013,11
I4210095136,2014,14
I4210095136,2015,13
I4210095136,2016,21
I4210095136,2017,24
I4210095136,2018,24
I4210095136,2019,14
I4210095136,2020,19
I4210095136,2021,21
I4210095136,2022,18
I4210095136,2023,18
I4210095136,2024,9
I4210095136,2025,23
I4210095136,2026,6
I4405255509,2006,0
I4405255509,2007,0
I4405255509,2008,0
I4405255509,2009,0
I4405255509,2010,0
I4405255509,2011,0
I4405255509,2012,0
I4405255509,2013,0
I4405255509,2014,0
I4405255509,2015,0
I4405255509,2016,0
I4405255509,2017,0
I4405255509,2018,0
I4405255509,2019,0
I4405255509,2020,0
I4405255509,2021,0
I4405255509,2022,0
I4405255509,2023,0
I4405255509,2024,0
I4405255509,2025,0
I4405255509,2026,0
I4210136036,2006,0
I4210136036,2007,0
I4210136036,2008,0
I4210136036,2009,0
I4210136036,2010,0
I4210136036,2011,0
I4210136036,2012,1
I4210136036,2013,0
I4210136036,2014,0
I4210136036,2015,0
I4210136036,2016,0
I4210136036,2017,0
I4210136036,2018,3
I4210136036,2019,6
I4210136036,2020,1
I4210136036,2021,1
I4210136036,2022,0
I4210136036,2023,0
I4210136036,2024,0
I4210136036,2025,0
I4210136036,2026,2
I4210100249,2006,0
I4210100249,2007,1
I4210100249,2008,1
I4210100249,2009,1
I4210100249,2010,2
I4210100249,2011,0
I4210100249,2012,1
I4210100249,2013,2
I4210100249,2014,2
I4210100249,2015,0
I4210100249,2016,0
I4210100249,2017,6
I4210100249,2018,2
I4210100249,2019,5
I4210100249,2020,2
I4210100249,2021,2
I4210100249,2022,4
I4210100249,2023,1
I4210100249,2024,2
I4210100249,2025,1
I4210100249,2026,5
I4210116093,2006,0
I4210116093,2007,1
I4210116093,2008,0
I4210116093,2009,0
I4210116093,2010,0
I4210116093,2011,0
I4210116093,2012,0
I4210116093,2013,0
I4210116093,2014,1
I4210116093,2015,0
I4210116093,2016,0
I4210116093,2017,1
I4210116093,2018,0
I4210116093,2019,1
I4210116093,2020,1
I4210116093,2021,0
I4210116093,2022,2
I4210116093,2023,0
I4210116093,2024,1
I4210116093,2025,4
I4210116093,2026,1
I4210088351,2006,5
I4210088351,2007,5
I4210088351,2008,6
I4210088351,2009,8
I4210088351,2010,11
I4210088351,2011,9
I4210088351,2012,14
I4210088351,2013,14
I4210088351,2014,13
I4210088351,2015,24
I4210088351,2016,36
I4210088351,2017,55
I4210088351,2018,59
I4210088351,2019,100
I4210088351,2020,157
I4210088351,2021,249
I4210088351,2022,327
I4210088351,2023,337
I4210088351,2024,317
I4210088351,2025,397
I4210088351,2026,132
I4210147662,2006,0
I4210147662,2007,0
I4210147662,2008,1
I4210147662,2009,1
I4210147662,2010,2
I4210147662,2011,0
I4210147662,2012,4
I4210147662,2013,7
I4210147662,2014,4
I4210147662,2015,3
I4210147662,2016,10
I4210147662,2017,20
I4210147662,2018,51
I4210147662,2019,49
I4210147662,2020,34
I4210147662,2021,26
I4210147662,2022,51
I4210147662,2023,32
I4210147662,2024,37
I4210147662,2025,47
I4210147662,2026,35
I49595703,2006,86
I49595703,2007,83
I49595703,2008,90
I49595703,2009,70
I49595703,2010,93
I49595703,2011,99
I49595703,2012,86
I49595703,2013,154
I49595703,2014,199
I49595703,2015,166
I49595703,2016,232
I49595703,2017,290
I49595703,2018,352
I49595703,2019,567
I49595703,2020,857
I49595703,2021,1013
I49595703,2022,859
I49595703,2023,966
I49595703,2024,1098
I49595703,2025,905
I49595703,2026,337
I4387155736,2006,0
I4387155736,2007,0
I4387155736,2008,0
I4387155736,2009,0
I4387155736,2010,0
I4387155736,2011,0
I4387155736,2012,0
I4387155736,2013,0
I4387155736,2014,1
I4387155736,2015,1
I4387155736,2016,1
I4387155736,2017,1
I4387155736,2018,0
I4387155736,2019,4
I4387155736,2020,8
I4387155736,2021,2
I4387155736,2022,5
I4387155736,2023,7
I4387155736,2024,12
I4387155736,2025,4
I4387155736,2026,2
I2801867916,2006,1
I2801867916,2007,0
I2801867916,2008,0
I2801867916,2009,0
I2801867916,2010,0
I2801867916,2011,1
I2801867916,2012,0
I2801867916,2013,0
I2801867916,2014,0
I2801867916,2015,3
I2801867916,2016,4
I2801867916,2017,0
I2801867916,2018,0
I2801867916,2019,3
I2801867916,2020,12
I2801867916,2021,6
I2801867916,2022,7
I2801867916,2023,6
I2801867916,2024,15
I2801867916,2025,14
I2801867916,2026,3
I2800907438,2006,7
I2800907438,2007,5
I2800907438,2008,8
I2800907438,2009,8
I2800907438,2010,5
I2800907438,2011,14
I2800907438,2012,8
I2800907438,2013,8
I2800907438,2014,4
I2800907438,2015,7
I2800907438,2016,4
I2800907438,2017,9
I2800907438,2018,14
I2800907438,2019,13
I2800907438,2020,24
I2800907438,2021,32
I2800907438,2022,34
I2800907438,2023,29
I2800907438,2024,44
I2800907438,2025,81
I2800907438,2026,90
I4210139255,2006,4
I4210139255,2007,7
I4210139255,2008,10
I4210139255,2009,9
I4210139255,2010,3
I4210139255,2011,9
I4210139255,2012,16
I4210139255,2013,15
I4210139255,2014,26
I4210139255,2015,29
I4210139255,2016,36
I4210139255,2017,32
I4210139255,2018,52
I4210139255,2019,58
I4210139255,2020,69
I4210139255,2021,97
I4210139255,2022,113
I4210139255,2023,161
I4210139255,2024,330
I4210139255,2025,332
I4210139255,2026,153
I2891818910,2006,0
I2891818910,2007,0
I2891818910,2008,0
I2891818910,2009,0
I2891818910,2010,0
I2891818910,2011,1
I2891818910,2012,0
I2891818910,2013,1
I2891818910,2014,1
I2891818910,2015,0
I2891818910,2016,1
I2891818910,2017,2
I2891818910,2018,8
I2891818910,2019,1
I2891818910,2020,5
I2891818910,2021,8
I2891818910,2022,10
I2891818910,2023,11
I2891818910,2024,18
I2891818910,2025,14
I2891818910,2026,6
I4210110204,2006,0
I4210110204,2007,1
I4210110204,2008,1
I4210110204,2009,1
I4210110204,2010,1
I4210110204,2011,1
I4210110204,2012,2
I4210110204,2013,1
I4210110204,2014,1
I4210110204,2015,1
I4210110204,2016,2
I4210110204,2017,4
I4210110204,2018,6
I4210110204,2019,3
I4210110204,2020,4
I4210110204,2021,5
I4210110204,2022,8
I4210110204,2023,8
I4210110204,2024,5
I4210110204,2025,10
I4210110204,2026,4
I4405255857,2006,0
I4405255857,2007,0
I4405255857,2008,0
I4405255857,2009,0
I4405255857,2010,0
I4405255857,2011,0
I4405255857,2012,0
I4405255857,2013,0
I4405255857,2014,0
I4405255857,2015,0
I4405255857,2016,0
I4405255857,2017,0
I4405255857,2018,0
I4405255857,2019,0
I4405255857,2020,0
I4405255857,2021,0
I4405255857,2022,0
I4405255857,2023,0
I4405255857,2024,0
I4405255857,2025,0
I4405255857,2026,0
I4405260477,2006,0
I4405260477,2007,0
I4405260477,2008,0
I4405260477,2009,0
I4405260477,2010,0
I4405260477,2011,0
I4405260477,2012,0
I4405260477,2013,0
I4405260477,2014,0
I4405260477,2015,0
I4405260477,2016,0
I4405260477,2017,0
I4405260477,2018,0
I4405260477,2019,0
I4405260477,2020,0
I4405260477,2021,0
I4405260477,2022,0
I4405260477,2023,0
I4405260477,2024,0
I4405260477,2025,0
I4405260477,2026,0
I4405258056,2006,0
I4405258056,2007,0
I4405258056,2008,0
I4405258056,2009,0
I4405258056,2010,0
I4405258056,2011,0
I4405258056,2012,0
I4405258056,2013,0
I4405258056,2014,0
I4405258056,2015,0
I4405258056,2016,0
I4405258056,2017,0
I4405258056,2018,0
I4405258056,2019,0
I4405258056,2020,0
I4405258056,2021,0
I4405258056,2022,0
I4405258056,2023,0
I4405258056,2024,0
I4405258056,2025,0
I4405258056,2026,0
I3131082147,2006,0
I3131082147,2007,1
I3131082147,2008,0
I3131082147,2009,0
I3131082147,2010,0
I3131082147,2011,1
I3131082147,2012,0
I3131082147,2013,1
I3131082147,2014,1
I3131082147,2015,1
I3131082147,2016,1
I3131082147,2017,1
I3131082147,2018,2
I3131082147,2019,3
I3131082147,2020,8
I3131082147,2021,8
I3131082147,2022,11
I3131082147,2023,16
I3131082147,2024,26
I3131082147,2025,37
I3131082147,2026,12
I4405255911,2006,0
I4405255911,2007,0
I4405255911,2008,0
I4405255911,2009,0
I4405255911,2010,0
I4405255911,2011,0
I4405255911,2012,0
I4405255911,2013,0
I4405255911,2014,0
I4405255911,2015,0
I4405255911,2016,0
I4405255911,2017,0
I4405255911,2018,0
I4405255911,2019,0
I4405255911,2020,0
I4405255911,2021,0
I4405255911,2022,0
I4405255911,2023,0
I4405255911,2024,0
I4405255911,2025,0
I4405255911,2026,0
I4405252705,2006,0
I4405252705,2007,0
I4405252705,2008,0
I4405252705,2009,0
I4405252705,2010,0
I4405252705,2011,0
I4405252705,2012,0
I4405252705,2013,0
I4405252705,2014,0
I4405252705,2015,0
I4405252705,2016,0
I4405252705,2017,0
I4405252705,2018,0
I4405252705,2019,0
I4405252705,2020,0
I4405252705,2021,0
I4405252705,2022,0
I4405252705,2023,0
I4405252705,2024,0
I4405252705,2025,0
I4405252705,2026,0
I4210151226,2006,0
I4210151226,2007,0
I4210151226,2008,0
I4210151226,2009,0
I4210151226,2010,0
I4210151226,2011,0
I4210151226,2012,0
I4210151226,2013,0
I4210151226,2014,0
I4210151226,2015,1
I4210151226,2016,0
I4210151226,2017,1
I4210151226,2018,0
I4210151226,2019,0
I4210151226,2020,0
I4210151226,2021,1
I4210151226,2022,0
I4210151226,2023,0
I4210151226,2024,1
I4210151226,2025,2
I4210151226,2026,0
I66513531,2006,98
I66513531,2007,84
I66513531,2008,102
I66513531,2009,94
I66513531,2010,110
I66513531,2011,167
I66513531,2012,214
I66513531,2013,276
I66513531,2014,325
I66513531,2015,367
I66513531,2016,435
I66513531,2017,504
I66513531,2018,650
I66513531,2019,845
I66513531,2020,956
I66513531,2021,1204
I66513531,2022,1287
I66513531,2023,1285
I66513531,2024,1332
I66513531,2025,1318
I66513531,2026,532
I4210086517,2006,0
I4210086517,2007,0
I4210086517,2008,1
I4210086517,2009,0
I4210086517,2010,3
I4210086517,2011,4
I4210086517,2012,3
I4210086517,2013,5
I4210086517,2014,14
I4210086517,2015,13
I4210086517,2016,7
I4210086517,2017,7
I4210086517,2018,12
I4210086517,2019,13
I4210086517,2020,21
I4210086517,2021,21
I4210086517,2022,11
I4210086517,2023,17
I4210086517,2024,31
I4210086517,2025,35
I4210086517,2026,15
I4405263005,2006,0
I4405263005,2007,0
I4405263005,2008,0
I4405263005,2009,0
I4405263005,2010,0
I4405263005,2011,0
I4405263005,2012,0
I4405263005,2013,0
I4405263005,2014,0
I4405263005,2015,0
I4405263005,2016,0
I4405263005,2017,0
I4405263005,2018,0
I4405263005,2019,0
I4405263005,2020,0
I4405263005,2021,0
I4405263005,2022,0
I4405263005,2023,0
I4405263005,2024,0
I4405263005,2025,0
I4405263005,2026,0
I4405255598,2006,0
I4405255598,2007,0
I4405255598,2008,0
I4405255598,2009,0
I4405255598,2010,0
I4405255598,2011,0
I4405255598,2012,0
I4405255598,2013,0
I4405255598,2014,0
I4405255598,2015,0
I4405255598,2016,0
I4405255598,2017,0
I4405255598,2018,0
I4405255598,2019,0
I4405255598,2020,0
I4405255598,2021,0
I4405255598,2022,0
I4405255598,2023,0
I4405255598,2024,0
I4405255598,2025,0
I4405255598,2026,0
I4405254773,2006,0
I4405254773,2007,0
I4405254773,2008,0
I4405254773,2009,0
I4405254773,2010,0
I4405254773,2011,0
I4405254773,2012,0
I4405254773,2013,0
I4405254773,2014,0
I4405254773,2015,0
I4405254773,2016,0
I4405254773,2017,0
I4405254773,2018,0
I4405254773,2019,0
I4405254773,2020,0
I4405254773,2021,0
I4405254773,2022,0
I4405254773,2023,0
I4405254773,2024,0
I4405254773,2025,0
I4405254773,2026,0
I4405253362,2006,0
I4405253362,2007,0
I4405253362,2008,0
I4405253362,2009,0
I4405253362,2010,0
I4405253362,2011,0
I4405253362,2012,0
I4405253362,2013,0
I4405253362,2014,0
I4405253362,2015,0
I4405253362,2016,0
I4405253362,2017,0
I4405253362,2018,0
I4405253362,2019,0
I4405253362,2020,0
I4405253362,2021,0
I4405253362,2022,0
I4405253362,2023,0
I4405253362,2024,0
I4405253362,2025,0
I4405253362,2026,0
I4405266160,2006,0
I4405266160,2007,0
I4405266160,2008,0
I4405266160,2009,0
I4405266160,2010,0
I4405266160,2011,0
I4405266160,2012,0
I4405266160,2013,0
I4405266160,2014,0
I4405266160,2015,0
I4405266160,2016,0
I4405266160,2017,0
I4405266160,2018,0
I4405266160,2019,0
I4405266160,2020,0
I4405266160,2021,0
I4405266160,2022,0
I4405266160,2023,0
I4405266160,2024,0
I4405266160,2025,0
I4405266160,2026,0
I4405263068,2006,0
I4405263068,2007,0
I4405263068,2008,0
I4405263068,2009,0
I4405263068,2010,0
I4405263068,2011,0
I4405263068,2012,0
I4405263068,2013,0
I4405263068,2014,0
I4405263068,2015,0
I4405263068,2016,0
I4405263068,2017,0
I4405263068,2018,0
I4405263068,2019,0
I4405263068,2020,0
I4405263068,2021,0
I4405263068,2022,0
I4405263068,2023,0
I4405263068,2024,0
I4405263068,2025,0
I4405263068,2026,0
I4405255394,2006,0
I4405255394,2007,0
I4405255394,2008,0
I4405255394,2009,0
I4405255394,2010,0
I4405255394,2011,0
I4405255394,2012,0
I4405255394,2013,0
I4405255394,2014,0
I4405255394,2015,0
I4405255394,2016,0
I4405255394,2017,0
I4405255394,2018,0
I4405255394,2019,0
I4405255394,2020,0
I4405255394,2021,0
I4405255394,2022,0
I4405255394,2023,0
I4405255394,2024,0
I4405255394,2025,0
I4405255394,2026,0
I4387153594,2006,0
I4387153594,2007,0
I4387153594,2008,1
I4387153594,2009,1
I4387153594,2010,4
I4387153594,2011,0
I4387153594,2012,4
I4387153594,2013,11
I4387153594,2014,4
I4387153594,2015,3
I4387153594,2016,2
I4387153594,2017,5
I4387153594,2018,3
I4387153594,2019,3
I4387153594,2020,6
I4387153594,2021,8
I4387153594,2022,13
I4387153594,2023,26
I4387153594,2024,28
I4387153594,2025,51
I4387153594,2026,11
I4210097403,2006,11
I4210097403,2007,6
I4210097403,2008,3
I4210097403,2009,11
I4210097403,2010,26
I4210097403,2011,46
I4210097403,2012,41
I4210097403,2013,178
I4210097403,2014,182
I4210097403,2015,145
I4210097403,2016,157
I4210097403,2017,196
I4210097403,2018,293
I4210097403,2019,338
I4210097403,2020,489
I4210097403,2021,571
I4210097403,2022,543
I4210097403,2023,627
I4210097403,2024,859
I4210097403,2025,1529
I4210097403,2026,943
I2799941459,2006,2
I2799941459,2007,5
I2799941459,2008,2
I2799941459,2009,0
I2799941459,2010,2
I2799941459,2011,6
I2799941459,2012,10
I2799941459,2013,4
I2799941459,2014,11
I2799941459,2015,13
I2799941459,2016,13
I2799941459,2017,19
I2799941459,2018,23
I2799941459,2019,30
I2799941459,2020,44
I2799941459,2021,53
I2799941459,2022,53
I2799941459,2023,59
I2799941459,2024,71
I2799941459,2025,81
I2799941459,2026,31
I4405257393,2006,0
I4405257393,2007,0
I4405257393,2008,0
I4405257393,2009,0
I4405257393,2010,0
I4405257393,2011,0
I4405257393,2012,0
I4405257393,2013,0
I4405257393,2014,0
I4405257393,2015,0
I4405257393,2016,0
I4405257393,2017,0
I4405257393,2018,0
I4405257393,2019,0
I4405257393,2020,0
I4405257393,2021,0
I4405257393,2022,0
I4405257393,2023,0
I4405257393,2024,0
I4405257393,2025,0
I4405257393,2026,0
I4210159071,2006,12
I4210159071,2007,1
I4210159071,2008,3
I4210159071,2009,3
I4210159071,2010,7
I4210159071,2011,10
I4210159071,2012,8
I4210159071,2013,18
I4210159071,2014,21
I4210159071,2015,28
I4210159071,2016,40
I4210159071,2017,38
I4210159071,2018,49
I4210159071,2019,78
I4210159071,2020,56
I4210159071,2021,65
I4210159071,2022,59
I4210159071,2023,52
I4210159071,2024,44
I4210159071,2025,43
I4210159071,2026,18
I4405260554,2006,0
I4405260554,2007,0
I4405260554,2008,0
I4405260554,2009,0
I4405260554,2010,0
I4405260554,2011,0
I4405260554,2012,0
I4405260554,2013,0
I4405260554,2014,0
I4405260554,2015,0
I4405260554,2016,0
I4405260554,2017,0
I4405260554,2018,0
I4405260554,2019,0
I4405260554,2020,0
I4405260554,2021,0
I4405260554,2022,0
I4405260554,2023,0
I4405260554,2024,0
I4405260554,2025,0
I4405260554,2026,0
I4405261249,2006,0
I4405261249,2007,0
I4405261249,2008,0
I4405261249,2009,0
I4405261249,2010,0
I4405261249,2011,0
I4405261249,2012,0
I4405261249,2013,0
I4405261249,2014,0
I4405261249,2015,0
I4405261249,2016,0
I4405261249,2017,0
I4405261249,2018,0
I4405261249,2019,0
I4405261249,2020,0
I4405261249,2021,0
I4405261249,2022,0
I4405261249,2023,0
I4405261249,2024,0
I4405261249,2025,0
I4405261249,2026,0
I4210128877,2006,0
I4210128877,2007,0
I4210128877,2008,2
I4210128877,2009,1
I4210128877,2010,0
I4210128877,2011,4
I4210128877,2012,11
I4210128877,2013,15
I4210128877,2014,19
I4210128877,2015,18
I4210128877,2016,21
I4210128877,2017,26
I4210128877,2018,35
I4210128877,2019,63
I4210128877,2020,81
I4210128877,2021,81
I4210128877,2022,83
I4210128877,2023,114
I4210128877,2024,88
I4210128877,2025,159
I4210128877,2026,120
I4405263537,2006,0
I4405263537,2007,0
I4405263537,2008,0
I4405263537,2009,0
I4405263537,2010,0
I4405263537,2011,0
I4405263537,2012,0
I4405263537,2013,0
I4405263537,2014,0
I4405263537,2015,0
I4405263537,2016,0
I4405263537,2017,0
I4405263537,2018,0
I4405263537,2019,0
I4405263537,2020,0
I4405263537,2021,0
I4405263537,2022,0
I4405263537,2023,0
I4405263537,2024,0
I4405263537,2025,0
I4405263537,2026,0
I4210126124,2006,3
I4210126124,2007,0
I4210126124,2008,3
I4210126124,2009,1
I4210126124,2010,3
I4210126124,2011,4
I4210126124,2012,6
I4210126124,2013,14
I4210126124,2014,11
I4210126124,2015,16
I4210126124,2016,20
I4210126124,2017,18
I4210126124,2018,37
I4210126124,2019,45
I4210126124,2020,70
I4210126124,2021,78
I4210126124,2022,88
I4210126124,2023,94
I4210126124,2024,64
I4210126124,2025,95
I4210126124,2026,122
I4405257199,2006,0
I4405257199,2007,0
I4405257199,2008,0
I4405257199,2009,0
I4405257199,2010,0
I4405257199,2011,0
I4405257199,2012,0
I4405257199,2013,0
I4405257199,2014,0
I4405257199,2015,0
I4405257199,2016,0
I4405257199,2017,0
I4405257199,2018,0
I4405257199,2019,0
I4405257199,2020,0
I4405257199,2021,0
I4405257199,2022,0
I4405257199,2023,0
I4405257199,2024,0
I4405257199,2025,0
I4405257199,2026,0
I4210095568,2006,1
I4210095568,2007,0
I4210095568,2008,0
I4210095568,2009,0
I4210095568,2010,2
I4210095568,2011,1
I4210095568,2012,4
I4210095568,2013,23
I4210095568,2014,21
I4210095568,2015,15
I4210095568,2016,18
I4210095568,2017,31
I4210095568,2018,44
I4210095568,2019,34
I4210095568,2020,52
I4210095568,2021,80
I4210095568,2022,64
I4210095568,2023,52
I4210095568,2024,71
I4210095568,2025,119
I4210095568,2026,96
I4405257058,2006,0
I4405257058,2007,0
I4405257058,2008,0
I4405257058,2009,0
I4405257058,2010,0
I4405257058,2011,0
I4405257058,2012,0
I4405257058,2013,0
I4405257058,2014,0
I4405257058,2015,0
I4405257058,2016,0
I4405257058,2017,0
I4405257058,2018,0
I4405257058,2019,0
I4405257058,2020,0
I4405257058,2021,0
I4405257058,2022,0
I4405257058,2023,0
I4405257058,2024,0
I4405257058,2025,0
I4405257058,2026,0
I4405256895,2006,0
I4405256895,2007,0
I4405256895,2008,0
I4405256895,2009,0
I4405256895,2010,0
I4405256895,2011,0
I4405256895,2012,0
I4405256895,2013,0
I4405256895,2014,0
I4405256895,2015,0
I4405256895,2016,0
I4405256895,2017,0
I4405256895,2018,0
I4405256895,2019,0
I4405256895,2020,0
I4405256895,2021,0
I4405256895,2022,0
I4405256895,2023,0
I4405256895,2024,0
I4405256895,2025,0
I4405256895,2026,0
I4405254306,2006,0
I4405254306,2007,0
I4405254306,2008,0
I4405254306,2009,0
I4405254306,2010,0
I4405254306,2011,0
I4405254306,2012,0
I4405254306,2013,0
I4405254306,2014,0
I4405254306,2015,0
I4405254306,2016,0
I4405254306,2017,0
I4405254306,2018,0
I4405254306,2019,0
I4405254306,2020,0
I4405254306,2021,0
I4405254306,2022,0
I4405254306,2023,0
I4405254306,2024,0
I4405254306,2025,0
I4405254306,2026,0
I4405261745,2006,0
I4405261745,2007,0
I4405261745,2008,0
I4405261745,2009,0
I4405261745,2010,0
I4405261745,2011,0
I4405261745,2012,0
I4405261745,2013,0
I4405261745,2014,0
I4405261745,2015,0
I4405261745,2016,0
I4405261745,2017,0
I4405261745,2018,0
I4405261745,2019,0
I4405261745,2020,0
I4405261745,2021,0
I4405261745,2022,0
I4405261745,2023,0
I4405261745,2024,0
I4405261745,2025,0
I4405261745,2026,0
I4405265518,2006,0
I4405265518,2007,0
I4405265518,2008,0
I4405265518,2009,0
I4405265518,2010,0
I4405265518,2011,0
I4405265518,2012,0
I4405265518,2013,0
I4405265518,2014,0
I4405265518,2015,0
I4405265518,2016,0
I4405265518,2017,0
I4405265518,2018,0
I4405265518,2019,0
I4405265518,2020,0
I4405265518,2021,0
I4405265518,2022,0
I4405265518,2023,0
I4405265518,2024,0
I4405265518,2025,0
I4405265518,2026,0
I2801684251,2006,1
I2801684251,2007,1
I2801684251,2008,1
I2801684251,2009,2
I2801684251,2010,2
I2801684251,2011,3
I2801684251,2012,8
I2801684251,2013,17
I2801684251,2014,31
I2801684251,2015,33
I2801684251,2016,37
I2801684251,2017,60
I2801684251,2018,89
I2801684251,2019,111
I2801684251,2020,135
I2801684251,2021,155
I2801684251,2022,172
I2801684251,2023,228
I2801684251,2024,205
I2801684251,2025,334
I2801684251,2026,158
I4405257910,2006,0
I4405257910,2007,0
I4405257910,2008,0
I4405257910,2009,0
I4405257910,2010,0
I4405257910,2011,0
I4405257910,2012,0
I4405257910,2013,0
I4405257910,2014,0
I4405257910,2015,0
I4405257910,2016,0
I4405257910,2017,0
I4405257910,2018,0
I4405257910,2019,0
I4405257910,2020,0
I4405257910,2021,0
I4405257910,2022,0
I4405257910,2023,0
I4405257910,2024,0
I4405257910,2025,0
I4405257910,2026,0
I4210148832,2006,0
I4210148832,2007,0
I4210148832,2008,0
I4210148832,2009,0
I4210148832,2010,1
I4210148832,2011,1
I4210148832,2012,0
I4210148832,2013,6
I4210148832,2014,24
I4210148832,2015,24
I4210148832,2016,29
I4210148832,2017,55
I4210148832,2018,72
I4210148832,2019,97
I4210148832,2020,147
I4210148832,2021,186
I4210148832,2022,217
I4210148832,2023,216
I4210148832,2024,213
I4210148832,2025,233
I4210148832,2026,110
I2800437794,2006,2
I2800437794,2007,0
I2800437794,2008,3
I2800437794,2009,2
I2800437794,2010,8
I2800437794,2011,12
I2800437794,2012,8
I2800437794,2013,32
I2800437794,2014,68
I2800437794,2015,50
I2800437794,2016,96
I2800437794,2017,121
I2800437794,2018,153
I2800437794,2019,180
I2800437794,2020,245
I2800437794,2021,317
I2800437794,2022,329
I2800437794,2023,317
I2800437794,2024,396
I2800437794,2025,508
I2800437794,2026,281
I2800190170,2006,0
I2800190170,2007,0
I2800190170,2008,0
I2800190170,2009,0
I2800190170,2010,8
I2800190170,2011,8
I2800190170,2012,0
I2800190170,2013,11
I2800190170,2014,37
I2800190170,2015,33
I2800190170,2016,41
I2800190170,2017,38
I2800190170,2018,54
I2800190170,2019,73
I2800190170,2020,140
I2800190170,2021,175
I2800190170,2022,193
I2800190170,2023,242
I2800190170,2024,306
I2800190170,2025,403
I2800190170,2026,287
I18045400,2006,94
I18045400,2007,112
I18045400,2008,83
I18045400,2009,127
I18045400,2010,197
I18045400,2011,206
I18045400,2012,247
I18045400,2013,289
I18045400,2014,330
I18045400,2015,387
I18045400,2016,391
I18045400,2017,546
I18045400,2018,610
I18045400,2019,743
I18045400,2020,1156
I18045400,2021,1374
I18045400,2022,1069
I18045400,2023,994
I18045400,2024,855
I18045400,2025,981
I18045400,2026,487
I4405254079,2006,0
I4405254079,2007,0
I4405254079,2008,0
I4405254079,2009,0
I4405254079,2010,0
I4405254079,2011,0
I4405254079,2012,0
I4405254079,2013,0
I4405254079,2014,0
I4405254079,2015,0
I4405254079,2016,0
I4405254079,2017,0
I4405254079,2018,0
I4405254079,2019,0
I4405254079,2020,0
I4405254079,2021,0
I4405254079,2022,0
I4405254079,2023,0
I4405254079,2024,0
I4405254079,2025,0
I4405254079,2026,0
I4405260661,2006,0
I4405260661,2007,0
I4405260661,2008,0
I4405260661,2009,0
I4405260661,2010,0
I4405260661,2011,0
I4405260661,2012,0
I4405260661,2013,0
I4405260661,2014,0
I4405260661,2015,0
I4405260661,2016,0
I4405260661,2017,0
I4405260661,2018,0
I4405260661,2019,0
I4405260661,2020,0
I4405260661,2021,0
I4405260661,2022,0
I4405260661,2023,0
I4405260661,2024,0
I4405260661,2025,0
I4405260661,2026,0
I4405252860,2006,0
I4405252860,2007,0
I4405252860,2008,0
I4405252860,2009,0
I4405252860,2010,0
I4405252860,2011,0
I4405252860,2012,0
I4405252860,2013,0
I4405252860,2014,0
I4405252860,2015,0
I4405252860,2016,0
I4405252860,2017,0
I4405252860,2018,0
I4405252860,2019,0
I4405252860,2020,0
I4405252860,2021,0
I4405252860,2022,0
I4405252860,2023,0
I4405252860,2024,0
I4405252860,2025,0
I4405252860,2026,0
I4405256319,2006,0
I4405256319,2007,0
I4405256319,2008,0
I4405256319,2009,0
I4405256319,2010,0
I4405256319,2011,0
I4405256319,2012,0
I4405256319,2013,0
I4405256319,2014,0
I4405256319,2015,0
I4405256319,2016,0
I4405256319,2017,0
I4405256319,2018,0
I4405256319,2019,0
I4405256319,2020,0
I4405256319,2021,0
I4405256319,2022,0
I4405256319,2023,0
I4405256319,2024,0
I4405256319,2025,0
I4405256319,2026,0
I891860020,2006,4
I891860020,2007,6
I891860020,2008,11
I891860020,2009,16
I891860020,2010,15
I891860020,2011,26
I891860020,2012,26
I891860020,2013,30
I891860020,2014,60
I891860020,2015,80
I891860020,2016,130
I891860020,2017,106
I891860020,2018,139
I891860020,2019,148
I891860020,2020,244
I891860020,2021,261
I891860020,2022,214
I891860020,2023,252
I891860020,2024,294
I891860020,2025,297
I891860020,2026,164
I180664298,2006,105
I180664298,2007,116
I180664298,2008,101
I180664298,2009,131
I180664298,2010,204
I180664298,2011,265
I180664298,2012,343
I180664298,2013,403
I180664298,2014,452
I180664298,2015,568
I180664298,2016,601
I180664298,2017,778
I180664298,2018,966
I180664298,2019,1238
I180664298,2020,1444
I180664298,2021,1549
I180664298,2022,1531
I180664298,2023,1436
I180664298,2024,1638
I180664298,2025,1665
I180664298,2026,876
I4405259366,2006,0
I4405259366,2007,0
I4405259366,2008,0
I4405259366,2009,0
I4405259366,2010,0
I4405259366,2011,0
I4405259366,2012,0
I4405259366,2013,0
I4405259366,2014,0
I4405259366,2015,0
I4405259366,2016,0
I4405259366,2017,0
I4405259366,2018,0
I4405259366,2019,0
I4405259366,2020,0
I4405259366,2021,0
I4405259366,2022,0
I4405259366,2023,0
I4405259366,2024,0
I4405259366,2025,0
I4405259366,2026,0
I76661892,2006,13
I76661892,2007,19
I76661892,2008,16
I76661892,2009,45
I76661892,2010,59
I76661892,2011,93
I76661892,2012,169
I76661892,2013,228
I76661892,2014,263
I76661892,2015,277
I76661892,2016,285
I76661892,2017,286
I76661892,2018,380
I76661892,2019,476
I76661892,2020,489
I76661892,2021,674
I76661892,2022,602
I76661892,2023,582
I76661892,2024,732
I76661892,2025,682
I76661892,2026,384
I16443873,2006,109
I16443873,2007,40
I16443873,2008,39
I16443873,2009,57
I16443873,2010,94
I16443873,2011,114
I16443873,2012,136
I16443873,2013,164
I16443873,2014,275
I16443873,2015,223
I16443873,2016,235
I16443873,2017,340
I16443873,2018,318
I16443873,2019,488
I16443873,2020,713
I16443873,2021,799
I16443873,2022,747
I16443873,2023,829
I16443873,2024,813
I16443873,2025,993
I16443873,2026,598
I4405253586,2006,0
I4405253586,2007,0
I4405253586,2008,0
I4405253586,2009,0
I4405253586,2010,0
I4405253586,2011,0
I4405253586,2012,0
I4405253586,2013,0
I4405253586,2014,0
I4405253586,2015,0
I4405253586,2016,0
I4405253586,2017,0
I4405253586,2018,0
I4405253586,2019,0
I4405253586,2020,0
I4405253586,2021,0
I4405253586,2022,0
I4405253586,2023,0
I4405253586,2024,0
I4405253586,2025,0
I4405253586,2026,0
I2799775433,2006,1
I2799775433,2007,0
I2799775433,2008,0
I2799775433,2009,0
I2799775433,2010,6
I2799775433,2011,2
I2799775433,2012,8
I2799775433,2013,22
I2799775433,2014,28
I2799775433,2015,47
I2799775433,2016,41
I2799775433,2017,60
I2799775433,2018,74
I2799775433,2019,95
I2799775433,2020,151
I2799775433,2021,171
I2799775433,2022,222
I2799775433,2023,278
I2799775433,2024,385
I2799775433,2025,477
I2799775433,2026,350
I43427933,2006,0
I43427933,2007,0
I43427933,2008,0
I43427933,2009,0
I43427933,2010,1
I43427933,2011,2
I43427933,2012,7
I43427933,2013,36
I43427933,2014,71
I43427933,2015,89
I43427933,2016,110
I43427933,2017,193
I43427933,2018,193
I43427933,2019,279
I43427933,2020,446
I43427933,2021,538
I43427933,2022,626
I43427933,2023,639
I43427933,2024,707
I43427933,2025,800
I43427933,2026,383
I4405255308,2006,0
I4405255308,2007,0
I4405255308,2008,0
I4405255308,2009,0
I4405255308,2010,0
I4405255308,2011,0
I4405255308,2012,0
I4405255308,2013,0
I4405255308,2014,0
I4405255308,2015,0
I4405255308,2016,0
I4405255308,2017,0
I4405255308,2018,0
I4405255308,2019,0
I4405255308,2020,0
I4405255308,2021,0
I4405255308,2022,0
I4405255308,2023,0
I4405255308,2024,0
I4405255308,2025,0
I4405255308,2026,0
I4210126313,2006,1
I4210126313,2007,0
I4210126313,2008,0
I4210126313,2009,0
I4210126313,2010,12
I4210126313,2011,11
I4210126313,2012,7
I4210126313,2013,0
I4210126313,2014,2
I4210126313,2015,0
I4210126313,2016,2
I4210126313,2017,0
I4210126313,2018,0
I4210126313,2019,0
I4210126313,2020,1
I4210126313,2021,0
I4210126313,2022,2
I4210126313,2023,6
I4210126313,2024,3
I4210126313,2025,13
I4210126313,2026,4
I4405255388,2006,0
I4405255388,2007,0
I4405255388,2008,0
I4405255388,2009,0
I4405255388,2010,0
I4405255388,2011,0
I4405255388,2012,0
I4405255388,2013,0
I4405255388,2014,0
I4405255388,2015,0
I4405255388,2016,0
I4405255388,2017,0
I4405255388,2018,0
I4405255388,2019,0
I4405255388,2020,0
I4405255388,2021,0
I4405255388,2022,0
I4405255388,2023,0
I4405255388,2024,0
I4405255388,2025,0
I4405255388,2026,0
I4405258116,2006,0
I4405258116,2007,0
I4405258116,2008,0
I4405258116,2009,0
I4405258116,2010,0
I4405258116,2011,0
I4405258116,2012,0
I4405258116,2013,0
I4405258116,2014,0
I4405258116,2015,0
I4405258116,2016,0
I4405258116,2017,0
I4405258116,2018,0
I4405258116,2019,0
I4405258116,2020,0
I4405258116,2021,0
I4405258116,2022,0
I4405258116,2023,0
I4405258116,2024,0
I4405258116,2025,0
I4405258116,2026,0
I123698207,2006,4
I123698207,2007,2
I123698207,2008,2
I123698207,2009,5
I123698207,2010,6
I123698207,2011,6
I123698207,2012,19
I123698207,2013,36
I123698207,2014,22
I123698207,2015,29
I123698207,2016,17
I123698207,2017,43
I123698207,2018,30
I123698207,2019,29
I123698207,2020,49
I123698207,2021,49
I123698207,2022,52
I123698207,2023,52
I123698207,2024,94
I123698207,2025,118
I123698207,2026,73
I4405261711,2006,0
I4405261711,2007,0
I4405261711,2008,0
I4405261711,2009,0
I4405261711,2010,0
I4405261711,2011,0
I4405261711,2012,0
I4405261711,2013,0
I4405261711,2014,0
I4405261711,2015,0
I4405261711,2016,0
I4405261711,2017,0
I4405261711,2018,0
I4405261711,2019,0
I4405261711,2020,0
I4405261711,2021,0
I4405261711,2022,0
I4405261711,2023,0
I4405261711,2024,0
I4405261711,2025,0
I4405261711,2026,0
I50050410,2006,1
I50050410,2007,7
I50050410,2008,7
I50050410,2009,7
I50050410,2010,11
I50050410,2011,14
I50050410,2012,11
I50050410,2013,15
I50050410,2014,8
I50050410,2015,7
I50050410,2016,23
I50050410,2017,10
I50050410,2018,5
I50050410,2019,16
I50050410,2020,33
I50050410,2021,27
I50050410,2022,36
I50050410,2023,41
I50050410,2024,53
I50050410,2025,50
I50050410,2026,13
I4210156809,2006,0
I4210156809,2007,1
I4210156809,2008,0
I4210156809,2009,0
I4210156809,2010,0
I4210156809,2011,0
I4210156809,2012,2
I4210156809,2013,4
I4210156809,2014,1
I4210156809,2015,3
I4210156809,2016,3
I4210156809,2017,4
I4210156809,2018,2
I4210156809,2019,6
I4210156809,2020,5
I4210156809,2021,10
I4210156809,2022,10
I4210156809,2023,20
I4210156809,2024,19
I4210156809,2025,17
I4210156809,2026,17
I186217134,2006,1
I186217134,2007,1
I186217134,2008,1
I186217134,2009,2
I186217134,2010,7
I186217134,2011,15
I186217134,2012,30
I186217134,2013,27
I186217134,2014,32
I186217134,2015,77
I186217134,2016,128
I186217134,2017,138
I186217134,2018,202
I186217134,2019,235
I186217134,2020,298
I186217134,2021,382
I186217134,2022,1331
I186217134,2023,1574
I186217134,2024,694
I186217134,2025,407
I186217134,2026,132
I4210089181,2006,0
I4210089181,2007,0
I4210089181,2008,0
I4210089181,2009,0
I4210089181,2010,0
I4210089181,2011,0
I4210089181,2012,1
I4210089181,2013,0
I4210089181,2014,6
I4210089181,2015,2
I4210089181,2016,1
I4210089181,2017,2
I4210089181,2018,3
I4210089181,2019,8
I4210089181,2020,6
I4210089181,2021,5
I4210089181,2022,5
I4210089181,2023,3
I4210089181,2024,7
I4210089181,2025,16
I4210089181,2026,3
I60286554,2006,1
I60286554,2007,0
I60286554,2008,2
I60286554,2009,7
I60286554,2010,5
I60286554,2011,7
I60286554,2012,7
I60286554,2013,13
I60286554,2014,8
I60286554,2015,17
I60286554,2016,8
I60286554,2017,12
I60286554,2018,15
I60286554,2019,19
I60286554,2020,31
I60286554,2021,77
I60286554,2022,53
I60286554,2023,59
I60286554,2024,54
I60286554,2025,89
I60286554,2026,29
I4210092501,2006,18
I4210092501,2007,16
I4210092501,2008,24
I4210092501,2009,14
I4210092501,2010,17
I4210092501,2011,25
I4210092501,2012,20
I4210092501,2013,36
I4210092501,2014,31
I4210092501,2015,39
I4210092501,2016,72
I4210092501,2017,61
I4210092501,2018,76
I4210092501,2019,96
I4210092501,2020,139
I4210092501,2021,167
I4210092501,2022,164
I4210092501,2023,218
I4210092501,2024,233
I4210092501,2025,233
I4210092501,2026,145
I4405262934,2006,0
I4405262934,2007,0
I4405262934,2008,0
I4405262934,2009,0
I4405262934,2010,0
I4405262934,2011,0
I4405262934,2012,0
I4405262934,2013,0
I4405262934,2014,0
I4405262934,2015,0
I4405262934,2016,0
I4405262934,2017,0
I4405262934,2018,0
I4405262934,2019,0
I4405262934,2020,0
I4405262934,2021,0
I4405262934,2022,0
I4405262934,2023,0
I4405262934,2024,0
I4405262934,2025,0
I4405262934,2026,0
I91465866,2006,2
I91465866,2007,0
I91465866,2008,1
I91465866,2009,0
I91465866,2010,1
I91465866,2011,2
I91465866,2012,1
I91465866,2013,2
I91465866,2014,10
I91465866,2015,10
I91465866,2016,20
I91465866,2017,19
I91465866,2018,28
I91465866,2019,32
I91465866,2020,50
I91465866,2021,31
I91465866,2022,28
I91465866,2023,55
I91465866,2024,72
I91465866,2025,86
I91465866,2026,113
I4405260666,2006,0
I4405260666,2007,0
I4405260666,2008,0
I4405260666,2009,0
I4405260666,2010,0
I4405260666,2011,0
I4405260666,2012,0
I4405260666,2013,0
I4405260666,2014,0
I4405260666,2015,0
I4405260666,2016,0
I4405260666,2017,0
I4405260666,2018,0
I4405260666,2019,0
I4405260666,2020,0
I4405260666,2021,0
I4405260666,2022,0
I4405260666,2023,0
I4405260666,2024,0
I4405260666,2025,0
I4405260666,2026,0
I4405266782,2006,0
I4405266782,2007,0
I4405266782,2008,0
I4405266782,2009,0
I4405266782,2010,0
I4405266782,2011,0
I4405266782,2012,0
I4405266782,2013,0
I4405266782,2014,0
I4405266782,2015,0
I4405266782,2016,0
I4405266782,2017,0
I4405266782,2018,0
I4405266782,2019,0
I4405266782,2020,0
I4405266782,2021,0
I4405266782,2022,0
I4405266782,2023,0
I4405266782,2024,0
I4405266782,2025,0
I4405266782,2026,0
I96823368,2006,29
I96823368,2007,66
I96823368,2008,70
I96823368,2009,86
I96823368,2010,136
I96823368,2011,126
I96823368,2012,163
I96823368,2013,160
I96823368,2014,188
I96823368,2015,178
I96823368,2016,227
I96823368,2017,231
I96823368,2018,253
I96823368,2019,320
I96823368,2020,351
I96823368,2021,425
I96823368,2022,392
I96823368,2023,478
I96823368,2024,422
I96823368,2025,566
I96823368,2026,213
I4210142783,2006,0
I4210142783,2007,0
I4210142783,2008,0
I4210142783,2009,0
I4210142783,2010,0
I4210142783,2011,0
I4210142783,2012,0
I4210142783,2013,2
I4210142783,2014,0
I4210142783,2015,2
I4210142783,2016,0
I4210142783,2017,0
I4210142783,2018,1
I4210142783,2019,0
I4210142783,2020,3
I4210142783,2021,6
I4210142783,2022,6
I4210142783,2023,11
I4210142783,2024,13
I4210142783,2025,17
I4210142783,2026,9
I3132997995,2006,0
I3132997995,2007,0
I3132997995,2008,0
I3132997995,2009,1
I3132997995,2010,0
I3132997995,2011,1
I3132997995,2012,2
I3132997995,2013,3
I3132997995,2014,2
I3132997995,2015,9
I3132997995,2016,6
I3132997995,2017,10
I3132997995,2018,10
I3132997995,2019,15
I3132997995,2020,12
I3132997995,2021,7
I3132997995,2022,8
I3132997995,2023,8
I3132997995,2024,12
I3132997995,2025,22
I3132997995,2026,5
I4210120882,2006,0
I4210120882,2007,0
I4210120882,2008,0
I4210120882,2009,0
I4210120882,2010,0
I4210120882,2011,0
I4210120882,2012,0
I4210120882,2013,0
I4210120882,2014,1
I4210120882,2015,2
I4210120882,2016,0
I4210120882,2017,2
I4210120882,2018,1
I4210120882,2019,9
I4210120882,2020,7
I4210120882,2021,6
I4210120882,2022,10
I4210120882,2023,16
I4210120882,2024,19
I4210120882,2025,31
I4210120882,2026,14
I4210129436,2006,0
I4210129436,2007,0
I4210129436,2008,0
I4210129436,2009,1
I4210129436,2010,0
I4210129436,2011,0
I4210129436,2012,0
I4210129436,2013,2
I4210129436,2014,3
I4210129436,2015,3
I4210129436,2016,4
I4210129436,2017,3
I4210129436,2018,19
I4210129436,2019,17
I4210129436,2020,19
I4210129436,2021,17
I4210129436,2022,41
I4210129436,2023,41
I4210129436,2024,41
I4210129436,2025,41
I4210129436,2026,22
I898088062,2006,0
I898088062,2007,1
I898088062,2008,1
I898088062,2009,2
I898088062,2010,1
I898088062,2011,0
I898088062,2012,11
I898088062,2013,19
I898088062,2014,14
I898088062,2015,31
I898088062,2016,33
I898088062,2017,42
I898088062,2018,52
I898088062,2019,99
I898088062,2020,77
I898088062,2021,122
I898088062,2022,142
I898088062,2023,172
I898088062,2024,200
I898088062,2025,262
I898088062,2026,133
I3132519419,2006,0
I3132519419,2007,0
I3132519419,2008,2
I3132519419,2009,1
I3132519419,2010,1
I3132519419,2011,0
I3132519419,2012,1
I3132519419,2013,6
I3132519419,2014,1
I3132519419,2015,2
I3132519419,2016,0
I3132519419,2017,5
I3132519419,2018,6
I3132519419,2019,4
I3132519419,2020,13
I3132519419,2021,13
I3132519419,2022,11
I3132519419,2023,9
I3132519419,2024,15
I3132519419,2025,18
I3132519419,2026,10
I56822791,2006,51
I56822791,2007,56
I56822791,2008,60
I56822791,2009,56
I56822791,2010,35
I56822791,2011,47
I56822791,2012,47
I56822791,2013,71
I56822791,2014,88
I56822791,2015,61
I56822791,2016,87
I56822791,2017,87
I56822791,2018,118
I56822791,2019,137
I56822791,2020,179
I56822791,2021,156
I56822791,2022,239
I56822791,2023,171
I56822791,2024,150
I56822791,2025,137
I56822791,2026,92
I4405253815,2006,0
I4405253815,2007,0
I4405253815,2008,0
I4405253815,2009,0
I4405253815,2010,0
I4405253815,2011,0
I4405253815,2012,0
I4405253815,2013,0
I4405253815,2014,0
I4405253815,2015,0
I4405253815,2016,0
I4405253815,2017,0
I4405253815,2018,0
I4405253815,2019,0
I4405253815,2020,0
I4405253815,2021,0
I4405253815,2022,0
I4405253815,2023,0
I4405253815,2024,0
I4405253815,2025,0
I4405253815,2026,0
I4405260214,2006,0
I4405260214,2007,0
I4405260214,2008,0
I4405260214,2009,0
I4405260214,2010,0
I4405260214,2011,0
I4405260214,2012,0
I4405260214,2013,0
I4405260214,2014,0
I4405260214,2015,0
I4405260214,2016,0
I4405260214,2017,0
I4405260214,2018,0
I4405260214,2019,0
I4405260214,2020,0
I4405260214,2021,0
I4405260214,2022,0
I4405260214,2023,0
I4405260214,2024,0
I4405260214,2025,0
I4405260214,2026,0
I4405264475,2006,0
I4405264475,2007,0
I4405264475,2008,0
I4405264475,2009,0
I4405264475,2010,0
I4405264475,2011,0
I4405264475,2012,0
I4405264475,2013,0
I4405264475,2014,0
I4405264475,2015,0
I4405264475,2016,0
I4405264475,2017,0
I4405264475,2018,0
I4405264475,2019,0
I4405264475,2020,0
I4405264475,2021,0
I4405264475,2022,0
I4405264475,2023,0
I4405264475,2024,0
I4405264475,2025,0
I4405264475,2026,0
I3130112746,2006,0
I3130112746,2007,0
I3130112746,2008,0
I3130112746,2009,0
I3130112746,2010,0
I3130112746,2011,0
I3130112746,2012,0
I3130112746,2013,2
I3130112746,2014,6
I3130112746,2015,9
I3130112746,2016,11
I3130112746,2017,14
I3130112746,2018,20
I3130112746,2019,25
I3130112746,2020,26
I3130112746,2021,43
I3130112746,2022,28
I3130112746,2023,25
I3130112746,2024,27
I3130112746,2025,65
I3130112746,2026,38
I3131422684,2006,1
I3131422684,2007,3
I3131422684,2008,2
I3131422684,2009,1
I3131422684,2010,3
I3131422684,2011,4
I3131422684,2012,8
I3131422684,2013,8
I3131422684,2014,10
I3131422684,2015,11
I3131422684,2016,27
I3131422684,2017,16
I3131422684,2018,34
I3131422684,2019,38
I3131422684,2020,43
I3131422684,2021,44
I3131422684,2022,40
I3131422684,2023,44
I3131422684,2024,54
I3131422684,2025,86
I3131422684,2026,94
I3129810703,2006,1
I3129810703,2007,1
I3129810703,2008,0
I3129810703,2009,0
I3129810703,2010,4
I3129810703,2011,4
I3129810703,2012,2
I3129810703,2013,2
I3129810703,2014,2
I3129810703,2015,3
I3129810703,2016,5
I3129810703,2017,4
I3129810703,2018,5
I3129810703,2019,4
I3129810703,2020,6
I3129810703,2021,8
I3129810703,2022,6
I3129810703,2023,12
I3129810703,2024,11
I3129810703,2025,7
I3129810703,2026,8
I4405253428,2006,0
I4405253428,2007,0
I4405253428,2008,0
I4405253428,2009,0
I4405253428,2010,0
I4405253428,2011,0
I4405253428,2012,0
I4405253428,2013,0
I4405253428,2014,0
I4405253428,2015,0
I4405253428,2016,0
I4405253428,2017,0
I4405253428,2018,0
I4405253428,2019,0
I4405253428,2020,0
I4405253428,2021,0
I4405253428,2022,0
I4405253428,2023,0
I4405253428,2024,0
I4405253428,2025,0
I4405253428,2026,0
I876237426,2006,3
I876237426,2007,3
I876237426,2008,6
I876237426,2009,5
I876237426,2010,12
I876237426,2011,3
I876237426,2012,14
I876237426,2013,27
I876237426,2014,34
I876237426,2015,45
I876237426,2016,68
I876237426,2017,88
I876237426,2018,124
I876237426,2019,181
I876237426,2020,261
I876237426,2021,309
I876237426,2022,338
I876237426,2023,343
I876237426,2024,328
I876237426,2025,425
I876237426,2026,253
I907303451,2006,2
I907303451,2007,5
I907303451,2008,7
I907303451,2009,7
I907303451,2010,7
I907303451,2011,16
I907303451,2012,9
I907303451,2013,19
I907303451,2014,37
I907303451,2015,29
I907303451,2016,22
I907303451,2017,32
I907303451,2018,36
I907303451,2019,29
I907303451,2020,21
I907303451,2021,28
I907303451,2022,61
I907303451,2023,44
I907303451,2024,43
I907303451,2025,50
I907303451,2026,17
I117467261,2006,18
I117467261,2007,21
I117467261,2008,18
I117467261,2009,11
I117467261,2010,20
I117467261,2011,30
I117467261,2012,91
I117467261,2013,180
I117467261,2014,116
I117467261,2015,89
I117467261,2016,87
I117467261,2017,129
I117467261,2018,116
I117467261,2019,113
I117467261,2020,145
I117467261,2021,213
I117467261,2022,234
I117467261,2023,258
I117467261,2024,218
I117467261,2025,241
I117467261,2026,116
I4405263428,2006,0
I4405263428,2007,0
I4405263428,2008,0
I4405263428,2009,0
I4405263428,2010,0
I4405263428,2011,0
I4405263428,2012,0
I4405263428,2013,0
I4405263428,2014,0
I4405263428,2015,0
I4405263428,2016,0
I4405263428,2017,0
I4405263428,2018,0
I4405263428,2019,0
I4405263428,2020,0
I4405263428,2021,0
I4405263428,2022,0
I4405263428,2023,0
I4405263428,2024,0
I4405263428,2025,0
I4405263428,2026,0
I4405266775,2006,0
I4405266775,2007,0
I4405266775,2008,0
I4405266775,2009,0
I4405266775,2010,0
I4405266775,2011,0
I4405266775,2012,0
I4405266775,2013,0
I4405266775,2014,0
I4405266775,2015,0
I4405266775,2016,0
I4405266775,2017,0
I4405266775,2018,0
I4405266775,2019,0
I4405266775,2020,0
I4405266775,2021,0
I4405266775,2022,0
I4405266775,2023,0
I4405266775,2024,0
I4405266775,2025,0
I4405266775,2026,0
I4210125801,2006,1
I4210125801,2007,1
I4210125801,2008,0
I4210125801,2009,0
I4210125801,2010,1
I4210125801,2011,1
I4210125801,2012,0
I4210125801,2013,0
I4210125801,2014,0
I4210125801,2015,0
I4210125801,2016,0
I4210125801,2017,0
I4210125801,2018,1
I4210125801,2019,0
I4210125801,2020,1
I4210125801,2021,1
I4210125801,2022,2
I4210125801,2023,3
I4210125801,2024,1
I4210125801,2025,1
I4210125801,2026,0
I4210160143,2006,0
I4210160143,2007,0
I4210160143,2008,0
I4210160143,2009,1
I4210160143,2010,1
I4210160143,2011,0
I4210160143,2012,1
I4210160143,2013,1
I4210160143,2014,2
I4210160143,2015,3
I4210160143,2016,10
I4210160143,2017,24
I4210160143,2018,41
I4210160143,2019,59
I4210160143,2020,57
I4210160143,2021,66
I4210160143,2022,85
I4210160143,2023,101
I4210160143,2024,69
I4210160143,2025,90
I4210160143,2026,74
I3130706911,2006,0
I3130706911,2007,0
I3130706911,2008,0
I3130706911,2009,0
I3130706911,2010,0
I3130706911,2011,0
I3130706911,2012,0
I3130706911,2013,0
I3130706911,2014,1
I3130706911,2015,1
I3130706911,2016,0
I3130706911,2017,0
I3130706911,2018,1
I3130706911,2019,0
I3130706911,2020,5
I3130706911,2021,4
I3130706911,2022,0
I3130706911,2023,0
I3130706911,2024,2
I3130706911,2025,7
I3130706911,2026,5
I4210102561,2006,7
I4210102561,2007,8
I4210102561,2008,6
I4210102561,2009,6
I4210102561,2010,6
I4210102561,2011,10
I4210102561,2012,3
I4210102561,2013,12
I4210102561,2014,8
I4210102561,2015,15
I4210102561,2016,16
I4210102561,2017,15
I4210102561,2018,14
I4210102561,2019,12
I4210102561,2020,10
I4210102561,2021,25
I4210102561,2022,17
I4210102561,2023,9
I4210102561,2024,5
I4210102561,2025,7
I4210102561,2026,1
I4210153708,2006,0
I4210153708,2007,0
I4210153708,2008,0
I4210153708,2009,0
I4210153708,2010,0
I4210153708,2011,0
I4210153708,2012,0
I4210153708,2013,0
I4210153708,2014,0
I4210153708,2015,0
I4210153708,2016,1
I4210153708,2017,0
I4210153708,2018,0
I4210153708,2019,5
I4210153708,2020,1
I4210153708,2021,2
I4210153708,2022,6
I4210153708,2023,4
I4210153708,2024,3
I4210153708,2025,6
I4210153708,2026,0
I4210105111,2006,0
I4210105111,2007,0
I4210105111,2008,0
I4210105111,2009,0
I4210105111,2010,0
I4210105111,2011,2
I4210105111,2012,2
I4210105111,2013,2
I4210105111,2014,1
I4210105111,2015,0
I4210105111,2016,0
I4210105111,2017,1
I4210105111,2018,2
I4210105111,2019,1
I4210105111,2020,2
I4210105111,2021,1
I4210105111,2022,1
I4210105111,2023,2
I4210105111,2024,1
I4210105111,2025,11
I4210105111,2026,8
I133388076,2006,59
I133388076,2007,49
I133388076,2008,71
I133388076,2009,40
I133388076,2010,55
I133388076,2011,51
I133388076,2012,44
I133388076,2013,80
I133388076,2014,113
I133388076,2015,84
I133388076,2016,68
I133388076,2017,67
I133388076,2018,122
I133388076,2019,141
I133388076,2020,144
I133388076,2021,243
I133388076,2022,237
I133388076,2023,267
I133388076,2024,324
I133388076,2025,307
I133388076,2026,154
I3132732495,2006,0
I3132732495,2007,0
I3132732495,2008,0
I3132732495,2009,0
I3132732495,2010,1
I3132732495,2011,0
I3132732495,2012,0
I3132732495,2013,0
I3132732495,2014,1
I3132732495,2015,0
I3132732495,2016,0
I3132732495,2017,0
I3132732495,2018,0
I3132732495,2019,4
I3132732495,2020,11
I3132732495,2021,22
I3132732495,2022,19
I3132732495,2023,16
I3132732495,2024,12
I3132732495,2025,13
I3132732495,2026,7
I4210096293,2006,0
I4210096293,2007,0
I4210096293,2008,0
I4210096293,2009,0
I4210096293,2010,0
I4210096293,2011,0
I4210096293,2012,0
I4210096293,2013,2
I4210096293,2014,2
I4210096293,2015,0
I4210096293,2016,1
I4210096293,2017,2
I4210096293,2018,0
I4210096293,2019,0
I4210096293,2020,0
I4210096293,2021,1
I4210096293,2022,1
I4210096293,2023,0
I4210096293,2024,2
I4210096293,2025,2
I4210096293,2026,0
I153487414,2006,100
I153487414,2007,94
I153487414,2008,81
I153487414,2009,61
I153487414,2010,90
I153487414,2011,92
I153487414,2012,136
I153487414,2013,204
I153487414,2014,269
I153487414,2015,240
I153487414,2016,293
I153487414,2017,369
I153487414,2018,390
I153487414,2019,590
I153487414,2020,692
I153487414,2021,803
I153487414,2022,944
I153487414,2023,877
I153487414,2024,982
I153487414,2025,921
I153487414,2026,434
I173434221,2006,2
I173434221,2007,1
I173434221,2008,2
I173434221,2009,1
I173434221,2010,1
I173434221,2011,2
I173434221,2012,6
I173434221,2013,15
I173434221,2014,24
I173434221,2015,20
I173434221,2016,32
I173434221,2017,24
I173434221,2018,33
I173434221,2019,26
I173434221,2020,30
I173434221,2021,38
I173434221,2022,88
I173434221,2023,71
I173434221,2024,84
I173434221,2025,141
I173434221,2026,47
I3130709561,2006,0
I3130709561,2007,1
I3130709561,2008,1
I3130709561,2009,3
I3130709561,2010,7
I3130709561,2011,3
I3130709561,2012,7
I3130709561,2013,8
I3130709561,2014,14
I3130709561,2015,12
I3130709561,2016,19
I3130709561,2017,23
I3130709561,2018,33
I3130709561,2019,53
I3130709561,2020,67
I3130709561,2021,46
I3130709561,2022,61
I3130709561,2023,84
I3130709561,2024,91
I3130709561,2025,118
I3130709561,2026,53
I75880681,2006,1
I75880681,2007,1
I75880681,2008,7
I75880681,2009,4
I75880681,2010,10
I75880681,2011,10
I75880681,2012,13
I75880681,2013,16
I75880681,2014,30
I75880681,2015,23
I75880681,2016,20
I75880681,2017,20
I75880681,2018,32
I75880681,2019,41
I75880681,2020,85
I75880681,2021,77
I75880681,2022,69
I75880681,2023,91
I75880681,2024,101
I75880681,2025,111
I75880681,2026,37
I4210164694,2006,10
I4210164694,2007,22
I4210164694,2008,27
I4210164694,2009,42
I4210164694,2010,47
I4210164694,2011,71
I4210164694,2012,59
I4210164694,2013,73
I4210164694,2014,75
I4210164694,2015,109
I4210164694,2016,152
I4210164694,2017,198
I4210164694,2018,284
I4210164694,2019,274
I4210164694,2020,318
I4210164694,2021,355
I4210164694,2022,284
I4210164694,2023,374
I4210164694,2024,478
I4210164694,2025,464
I4210164694,2026,192
I4210141539,2006,1
I4210141539,2007,0
I4210141539,2008,0
I4210141539,2009,0
I4210141539,2010,0
I4210141539,2011,0
I4210141539,2012,0
I4210141539,2013,1
I4210141539,2014,0
I4210141539,2015,0
I4210141539,2016,0
I4210141539,2017,1
I4210141539,2018,0
I4210141539,2019,1
I4210141539,2020,0
I4210141539,2021,1
I4210141539,2022,5
I4210141539,2023,2
I4210141539,2024,1
I4210141539,2025,2
I4210141539,2026,4
I4210091557,2006,0
I4210091557,2007,1
I4210091557,2008,0
I4210091557,2009,0
I4210091557,2010,0
I4210091557,2011,0
I4210091557,2012,0
I4210091557,2013,0
I4210091557,2014,0
I4210091557,2015,0
I4210091557,2016,1
I4210091557,2017,0
I4210091557,2018,0
I4210091557,2019,4
I4210091557,2020,1
I4210091557,2021,0
I4210091557,2022,1
I4210091557,2023,2
I4210091557,2024,1
I4210091557,2025,0
I4210091557,2026,0
I193649603,2006,62
I193649603,2007,79
I193649603,2008,118
I193649603,2009,90
I193649603,2010,118
I193649603,2011,161
I193649603,2012,158
I193649603,2013,194
I193649603,2014,241
I193649603,2015,221
I193649603,2016,265
I193649603,2017,289
I193649603,2018,369
I193649603,2019,579
I193649603,2020,708
I193649603,2021,940
I193649603,2022,1090
I193649603,2023,1010
I193649603,2024,1113
I193649603,2025,1204
I193649603,2026,597
I4210145742,2006,0
I4210145742,2007,0
I4210145742,2008,0
I4210145742,2009,0
I4210145742,2010,0
I4210145742,2011,0
I4210145742,2012,0
I4210145742,2013,1
I4210145742,2014,0
I4210145742,2015,0
I4210145742,2016,0
I4210145742,2017,1
I4210145742,2018,3
I4210145742,2019,4
I4210145742,2020,1
I4210145742,2021,1
I4210145742,2022,0
I4210145742,2023,1
I4210145742,2024,1
I4210145742,2025,3
I4210145742,2026,2
I4210166538,2006,1
I4210166538,2007,0
I4210166538,2008,0
I4210166538,2009,1
I4210166538,2010,1
I4210166538,2011,0
I4210166538,2012,0
I4210166538,2013,1
I4210166538,2014,1
I4210166538,2015,2
I4210166538,2016,0
I4210166538,2017,0
I4210166538,2018,0
I4210166538,2019,1
I4210166538,2020,2
I4210166538,2021,2
I4210166538,2022,3
I4210166538,2023,4
I4210166538,2024,3
I4210166538,2025,4
I4210166538,2026,2
I2801433745,2006,2
I2801433745,2007,1
I2801433745,2008,1
I2801433745,2009,2
I2801433745,2010,1
I2801433745,2011,1
I2801433745,2012,1
I2801433745,2013,2
I2801433745,2014,2
I2801433745,2015,1
I2801433745,2016,2
I2801433745,2017,4
I2801433745,2018,1
I2801433745,2019,0
I2801433745,2020,1
I2801433745,2021,4
I2801433745,2022,0
I2801433745,2023,2
I2801433745,2024,1
I2801433745,2025,3
I2801433745,2026,0
I3130228804,2006,11
I3130228804,2007,11
I3130228804,2008,6
I3130228804,2009,14
I3130228804,2010,17
I3130228804,2011,37
I3130228804,2012,26
I3130228804,2013,38
I3130228804,2014,29
I3130228804,2015,39
I3130228804,2016,20
I3130228804,2017,37
I3130228804,2018,73
I3130228804,2019,90
I3130228804,2020,131
I3130228804,2021,147
I3130228804,2022,166
I3130228804,2023,198
I3130228804,2024,232
I3130228804,2025,200
I3130228804,2026,85
I4405263704,2006,0
I4405263704,2007,0
I4405263704,2008,0
I4405263704,2009,0
I4405263704,2010,0
I4405263704,2011,0
I4405263704,2012,0
I4405263704,2013,0
I4405263704,2014,0
I4405263704,2015,0
I4405263704,2016,0
I4405263704,2017,0
I4405263704,2018,0
I4405263704,2019,0
I4405263704,2020,0
I4405263704,2021,0
I4405263704,2022,0
I4405263704,2023,0
I4405263704,2024,0
I4405263704,2025,0
I4405263704,2026,0
I84058292,2006,202
I84058292,2007,202
I84058292,2008,250
I84058292,2009,271
I84058292,2010,295
I84058292,2011,329
I84058292,2012,497
I84058292,2013,509
I84058292,2014,625
I84058292,2015,806
I84058292,2016,953
I84058292,2017,1063
I84058292,2018,1265
I84058292,2019,1378
I84058292,2020,1680
I84058292,2021,1915
I84058292,2022,2250
I84058292,2023,2166
I84058292,2024,2374
I84058292,2025,2240
I84058292,2026,746
I4405259878,2006,0
I4405259878,2007,0
I4405259878,2008,0
I4405259878,2009,0
I4405259878,2010,0
I4405259878,2011,0
I4405259878,2012,0
I4405259878,2013,0
I4405259878,2014,0
I4405259878,2015,0
I4405259878,2016,0
I4405259878,2017,0
I4405259878,2018,0
I4405259878,2019,0
I4405259878,2020,0
I4405259878,2021,0
I4405259878,2022,0
I4405259878,2023,0
I4405259878,2024,0
I4405259878,2025,0
I4405259878,2026,0
I263341422,2006,965
I263341422,2007,407
I263341422,2008,348
I263341422,2009,318
I263341422,2010,297
I263341422,2011,271
I263341422,2012,255
I263341422,2013,208
I263341422,2014,12
I263341422,2015,11
I263341422,2016,3
I263341422,2017,7
I263341422,2018,11
I263341422,2019,14
I263341422,2020,16
I263341422,2021,29
I263341422,2022,19
I263341422,2023,13
I263341422,2024,13
I263341422,2025,26
I263341422,2026,13
I4405264009,2006,0
I4405264009,2007,0
I4405264009,2008,0
I4405264009,2009,0
I4405264009,2010,0
I4405264009,2011,0
I4405264009,2012,0
I4405264009,2013,0
I4405264009,2014,0
I4405264009,2015,0
I4405264009,2016,0
I4405264009,2017,0
I4405264009,2018,0
I4405264009,2019,0
I4405264009,2020,0
I4405264009,2021,0
I4405264009,2022,0
I4405264009,2023,0
I4405264009,2024,0
I4405264009,2025,0
I4405264009,2026,0
I4405258473,2006,0
I4405258473,2007,0
I4405258473,2008,0
I4405258473,2009,0
I4405258473,2010,0
I4405258473,2011,0
I4405258473,2012,0
I4405258473,2013,0
I4405258473,2014,0
I4405258473,2015,0
I4405258473,2016,0
I4405258473,2017,0
I4405258473,2018,0
I4405258473,2019,0
I4405258473,2020,0
I4405258473,2021,0
I4405258473,2022,0
I4405258473,2023,0
I4405258473,2024,0
I4405258473,2025,0
I4405258473,2026,0
I4210158144,2006,0
I4210158144,2007,0
I4210158144,2008,0
I4210158144,2009,0
I4210158144,2010,0
I4210158144,2011,0
I4210158144,2012,1
I4210158144,2013,1
I4210158144,2014,1
I4210158144,2015,4
I4210158144,2016,1
I4210158144,2017,1
I4210158144,2018,5
I4210158144,2019,4
I4210158144,2020,1
I4210158144,2021,6
I4210158144,2022,8
I4210158144,2023,18
I4210158144,2024,14
I4210158144,2025,16
I4210158144,2026,9
I4210139959,2006,0
I4210139959,2007,2
I4210139959,2008,4
I4210139959,2009,2
I4210139959,2010,4
I4210139959,2011,22
I4210139959,2012,11
I4210139959,2013,10
I4210139959,2014,9
I4210139959,2015,12
I4210139959,2016,14
I4210139959,2017,8
I4210139959,2018,6
I4210139959,2019,8
I4210139959,2020,9
I4210139959,2021,13
I4210139959,2022,22
I4210139959,2023,48
I4210139959,2024,70
I4210139959,2025,95
I4210139959,2026,25
I4210090543,2006,0
I4210090543,2007,4
I4210090543,2008,3
I4210090543,2009,5
I4210090543,2010,3
I4210090543,2011,5
I4210090543,2012,9
I4210090543,2013,13
I4210090543,2014,5
I4210090543,2015,7
I4210090543,2016,9
I4210090543,2017,9
I4210090543,2018,9
I4210090543,2019,18
I4210090543,2020,24
I4210090543,2021,26
I4210090543,2022,21
I4210090543,2023,16
I4210090543,2024,13
I4210090543,2025,30
I4210090543,2026,38
I4210137934,2006,1
I4210137934,2007,1
I4210137934,2008,1
I4210137934,2009,2
I4210137934,2010,4
I4210137934,2011,1
I4210137934,2012,4
I4210137934,2013,3
I4210137934,2014,6
I4210137934,2015,5
I4210137934,2016,1
I4210137934,2017,1
I4210137934,2018,1
I4210137934,2019,2
I4210137934,2020,2
I4210137934,2021,2
I4210137934,2022,6
I4210137934,2023,2
I4210137934,2024,3
I4210137934,2025,15
I4210137934,2026,3
I4210152378,2006,4
I4210152378,2007,2
I4210152378,2008,4
I4210152378,2009,3
I4210152378,2010,7
I4210152378,2011,15
I4210152378,2012,43
I4210152378,2013,29
I4210152378,2014,32
I4210152378,2015,36
I4210152378,2016,30
I4210152378,2017,21
I4210152378,2018,40
I4210152378,2019,30
I4210152378,2020,35
I4210152378,2021,51
I4210152378,2022,21
I4210152378,2023,27
I4210152378,2024,27
I4210152378,2025,20
I4210152378,2026,3
I4210129808,2006,2
I4210129808,2007,1
I4210129808,2008,2
I4210129808,2009,4
I4210129808,2010,4
I4210129808,2011,3
I4210129808,2012,4
I4210129808,2013,3
I4210129808,2014,15
I4210129808,2015,13
I4210129808,2016,12
I4210129808,2017,10
I4210129808,2018,26
I4210129808,2019,24
I4210129808,2020,48
I4210129808,2021,39
I4210129808,2022,75
I4210129808,2023,65
I4210129808,2024,91
I4210129808,2025,96
I4210129808,2026,31
I4210092288,2006,0
I4210092288,2007,0
I4210092288,2008,0
I4210092288,2009,0
I4210092288,2010,0
I4210092288,2011,0
I4210092288,2012,0
I4210092288,2013,0
I4210092288,2014,1
I4210092288,2015,0
I4210092288,2016,0
I4210092288,2017,0
I4210092288,2018,0
I4210092288,2019,1
I4210092288,2020,0
I4210092288,2021,5
I4210092288,2022,3
I4210092288,2023,4
I4210092288,2024,6
I4210092288,2025,1
I4210092288,2026,1
I4210156448,2006,2
I4210156448,2007,2
I4210156448,2008,7
I4210156448,2009,2
I4210156448,2010,5
I4210156448,2011,5
I4210156448,2012,4
I4210156448,2013,1
I4210156448,2014,3
I4210156448,2015,9
I4210156448,2016,10
I4210156448,2017,15
I4210156448,2018,34
I4210156448,2019,22
I4210156448,2020,39
I4210156448,2021,38
I4210156448,2022,48
I4210156448,2023,47
I4210156448,2024,52
I4210156448,2025,76
I4210156448,2026,12
I4210166287,2006,0
I4210166287,2007,0
I4210166287,2008,0
I4210166287,2009,1
I4210166287,2010,2
I4210166287,2011,0
I4210166287,2012,0
I4210166287,2013,0
I4210166287,2014,0
I4210166287,2015,0
I4210166287,2016,0
I4210166287,2017,0
I4210166287,2018,0
I4210166287,2019,0
I4210166287,2020,2
I4210166287,2021,0
I4210166287,2022,0
I4210166287,2023,1
I4210166287,2024,3
I4210166287,2025,15
I4210166287,2026,4
I4210120363,2006,23
I4210120363,2007,12
I4210120363,2008,25
I4210120363,2009,23
I4210120363,2010,33
I4210120363,2011,24
I4210120363,2012,24
I4210120363,2013,36
I4210120363,2014,72
I4210120363,2015,67
I4210120363,2016,101
I4210120363,2017,152
I4210120363,2018,233
I4210120363,2019,313
I4210120363,2020,419
I4210120363,2021,599
I4210120363,2022,741
I4210120363,2023,880
I4210120363,2024,974
I4210120363,2025,1080
I4210120363,2026,395
I4405258352,2006,0
I4405258352,2007,0
I4405258352,2008,0
I4405258352,2009,0
I4405258352,2010,0
I4405258352,2011,0
I4405258352,2012,0
I4405258352,2013,0
I4405258352,2014,0
I4405258352,2015,0
I4405258352,2016,0
I4405258352,2017,0
I4405258352,2018,0
I4405258352,2019,0
I4405258352,2020,0
I4405258352,2021,0
I4405258352,2022,0
I4405258352,2023,0
I4405258352,2024,0
I4405258352,2025,0
I4405258352,2026,0
I4405265941,2006,0
I4405265941,2007,0
I4405265941,2008,0
I4405265941,2009,0
I4405265941,2010,0
I4405265941,2011,0
I4405265941,2012,0
I4405265941,2013,0
I4405265941,2014,0
I4405265941,2015,0
I4405265941,2016,0
I4405265941,2017,0
I4405265941,2018,0
I4405265941,2019,0
I4405265941,2020,0
I4405265941,2021,0
I4405265941,2022,0
I4405265941,2023,0
I4405265941,2024,0
I4405265941,2025,0
I4405265941,2026,0
I4210099641,2006,17
I4210099641,2007,10
I4210099641,2008,13
I4210099641,2009,28
I4210099641,2010,21
I4210099641,2011,21
I4210099641,2012,40
I4210099641,2013,63
I4210099641,2014,44
I4210099641,2015,48
I4210099641,2016,46
I4210099641,2017,41
I4210099641,2018,52
I4210099641,2019,23
I4210099641,2020,35
I4210099641,2021,35
I4210099641,2022,50
I4210099641,2023,36
I4210099641,2024,41
I4210099641,2025,59
I4210099641,2026,27
I4210105489,2006,0
I4210105489,2007,0
I4210105489,2008,0
I4210105489,2009,0
I4210105489,2010,0
I4210105489,2011,0
I4210105489,2012,0
I4210105489,2013,0
I4210105489,2014,0
I4210105489,2015,0
I4210105489,2016,0
I4210105489,2017,0
I4210105489,2018,0
I4210105489,2019,0
I4210105489,2020,0
I4210105489,2021,0
I4210105489,2022,0
I4210105489,2023,2
I4210105489,2024,5
I4210105489,2025,5
I4210105489,2026,2
I4405260816,2006,0
I4405260816,2007,0
I4405260816,2008,0
I4405260816,2009,0
I4405260816,2010,0
I4405260816,2011,0
I4405260816,2012,0
I4405260816,2013,0
I4405260816,2014,0
I4405260816,2015,0
I4405260816,2016,0
I4405260816,2017,0
I4405260816,2018,0
I4405260816,2019,0
I4405260816,2020,0
I4405260816,2021,0
I4405260816,2022,0
I4405260816,2023,0
I4405260816,2024,0
I4405260816,2025,0
I4405260816,2026,0
I4210103479,2006,2
I4210103479,2007,1
I4210103479,2008,1
I4210103479,2009,0
I4210103479,2010,2
I4210103479,2011,2
I4210103479,2012,1
I4210103479,2013,3
I4210103479,2014,2
I4210103479,2015,2
I4210103479,2016,2
I4210103479,2017,3
I4210103479,2018,7
I4210103479,2019,5
I4210103479,2020,4
I4210103479,2021,4
I4210103479,2022,10
I4210103479,2023,11
I4210103479,2024,23
I4210103479,2025,24
I4210103479,2026,10
I4405259189,2006,0
I4405259189,2007,0
I4405259189,2008,0
I4405259189,2009,0
I4405259189,2010,0
I4405259189,2011,0
I4405259189,2012,0
I4405259189,2013,0
I4405259189,2014,0
I4405259189,2015,0
I4405259189,2016,0
I4405259189,2017,0
I4405259189,2018,0
I4405259189,2019,0
I4405259189,2020,0
I4405259189,2021,0
I4405259189,2022,0
I4405259189,2023,0
I4405259189,2024,0
I4405259189,2025,0
I4405259189,2026,0
I4405266692,2006,0
I4405266692,2007,0
I4405266692,2008,0
I4405266692,2009,0
I4405266692,2010,0
I4405266692,2011,0
I4405266692,2012,0
I4405266692,2013,0
I4405266692,2014,0
I4405266692,2015,0
I4405266692,2016,0
I4405266692,2017,0
I4405266692,2018,0
I4405266692,2019,0
I4405266692,2020,0
I4405266692,2021,0
I4405266692,2022,0
I4405266692,2023,0
I4405266692,2024,0
I4405266692,2025,0
I4405266692,2026,0
I4210105102,2006,0
I4210105102,2007,0
I4210105102,2008,0
I4210105102,2009,0
I4210105102,2010,0
I4210105102,2011,0
I4210105102,2012,0
I4210105102,2013,2
I4210105102,2014,0
I4210105102,2015,0
I4210105102,2016,1
I4210105102,2017,1
I4210105102,2018,1
I4210105102,2019,2
I4210105102,2020,3
I4210105102,2021,2
I4210105102,2022,4
I4210105102,2023,1
I4210105102,2024,4
I4210105102,2025,0
I4210105102,2026,2
I4210152084,2006,0
I4210152084,2007,0
I4210152084,2008,0
I4210152084,2009,1
I4210152084,2010,0
I4210152084,2011,0
I4210152084,2012,0
I4210152084,2013,1
I4210152084,2014,0
I4210152084,2015,0
I4210152084,2016,0
I4210152084,2017,0
I4210152084,2018,0
I4210152084,2019,0
I4210152084,2020,3
I4210152084,2021,2
I4210152084,2022,2
I4210152084,2023,0
I4210152084,2024,0
I4210152084,2025,1
I4210152084,2026,1
I4405256489,2006,0
I4405256489,2007,0
I4405256489,2008,0
I4405256489,2009,0
I4405256489,2010,0
I4405256489,2011,0
I4405256489,2012,0
I4405256489,2013,0
I4405256489,2014,0
I4405256489,2015,0
I4405256489,2016,0
I4405256489,2017,0
I4405256489,2018,0
I4405256489,2019,0
I4405256489,2020,0
I4405256489,2021,0
I4405256489,2022,0
I4405256489,2023,0
I4405256489,2024,0
I4405256489,2025,0
I4405256489,2026,0
I3133097027,2006,2
I3133097027,2007,6
I3133097027,2008,2
I3133097027,2009,12
I3133097027,2010,13
I3133097027,2011,15
I3133097027,2012,23
I3133097027,2013,25
I3133097027,2014,26
I3133097027,2015,45
I3133097027,2016,45
I3133097027,2017,54
I3133097027,2018,100
I3133097027,2019,88
I3133097027,2020,105
I3133097027,2021,135
I3133097027,2022,147
I3133097027,2023,144
I3133097027,2024,280
I3133097027,2025,405
I3133097027,2026,131
I4405254071,2006,0
I4405254071,2007,0
I4405254071,2008,0
I4405254071,2009,0
I4405254071,2010,0
I4405254071,2011,0
I4405254071,2012,0
I4405254071,2013,0
I4405254071,2014,0
I4405254071,2015,0
I4405254071,2016,0
I4405254071,2017,0
I4405254071,2018,0
I4405254071,2019,0
I4405254071,2020,0
I4405254071,2021,0
I4405254071,2022,0
I4405254071,2023,0
I4405254071,2024,0
I4405254071,2025,0
I4405254071,2026,0
I4405258179,2006,0
I4405258179,2007,0
I4405258179,2008,0
I4405258179,2009,0
I4405258179,2010,0
I4405258179,2011,0
I4405258179,2012,0
I4405258179,2013,0
I4405258179,2014,0
I4405258179,2015,0
I4405258179,2016,0
I4405258179,2017,0
I4405258179,2018,0
I4405258179,2019,0
I4405258179,2020,0
I4405258179,2021,0
I4405258179,2022,0
I4405258179,2023,0
I4405258179,2024,0
I4405258179,2025,0
I4405258179,2026,0
I160419504,2006,15
I160419504,2007,17
I160419504,2008,17
I160419504,2009,13
I160419504,2010,20
I160419504,2011,11
I160419504,2012,38
I160419504,2013,44
I160419504,2014,58
I160419504,2015,40
I160419504,2016,45
I160419504,2017,77
I160419504,2018,72
I160419504,2019,108
I160419504,2020,145
I160419504,2021,160
I160419504,2022,167
I160419504,2023,223
I160419504,2024,234
I160419504,2025,254
I160419504,2026,90
I4405256362,2006,0
I4405256362,2007,0
I4405256362,2008,0
I4405256362,2009,0
I4405256362,2010,0
I4405256362,2011,0
I4405256362,2012,0
I4405256362,2013,0
I4405256362,2014,0
I4405256362,2015,0
I4405256362,2016,0
I4405256362,2017,0
I4405256362,2018,0
I4405256362,2019,0
I4405256362,2020,0
I4405256362,2021,0
I4405256362,2022,0
I4405256362,2023,0
I4405256362,2024,0
I4405256362,2025,0
I4405256362,2026,0
I4405262561,2006,0
I4405262561,2007,0
I4405262561,2008,0
I4405262561,2009,0
I4405262561,2010,0
I4405262561,2011,0
I4405262561,2012,0
I4405262561,2013,0
I4405262561,2014,0
I4405262561,2015,0
I4405262561,2016,0
I4405262561,2017,0
I4405262561,2018,0
I4405262561,2019,0
I4405262561,2020,0
I4405262561,2021,0
I4405262561,2022,0
I4405262561,2023,0
I4405262561,2024,0
I4405262561,2025,0
I4405262561,2026,0
I2803198,2006,2
I2803198,2007,2
I2803198,2008,1
I2803198,2009,1
I2803198,2010,0
I2803198,2011,1
I2803198,2012,6
I2803198,2013,15
I2803198,2014,17
I2803198,2015,29
I2803198,2016,59
I2803198,2017,44
I2803198,2018,53
I2803198,2019,73
I2803198,2020,103
I2803198,2021,123
I2803198,2022,162
I2803198,2023,206
I2803198,2024,222
I2803198,2025,279
I2803198,2026,113
I44852757,2006,72
I44852757,2007,83
I44852757,2008,101
I44852757,2009,138
I44852757,2010,149
I44852757,2011,166
I44852757,2012,172
I44852757,2013,190
I44852757,2014,238
I44852757,2015,235
I44852757,2016,274
I44852757,2017,289
I44852757,2018,326
I44852757,2019,246
I44852757,2020,266
I44852757,2021,253
I44852757,2022,246
I44852757,2023,252
I44852757,2024,281
I44852757,2025,245
I44852757,2026,100
I4210110003,2006,0
I4210110003,2007,1
I4210110003,2008,0
I4210110003,2009,1
I4210110003,2010,1
I4210110003,2011,3
I4210110003,2012,1
I4210110003,2013,2
I4210110003,2014,4
I4210110003,2015,2
I4210110003,2016,0
I4210110003,2017,3
I4210110003,2018,2
I4210110003,2019,2
I4210110003,2020,3
I4210110003,2021,3
I4210110003,2022,5
I4210110003,2023,24
I4210110003,2024,26
I4210110003,2025,44
I4210110003,2026,34
I4210097056,2006,0
I4210097056,2007,0
I4210097056,2008,0
I4210097056,2009,0
I4210097056,2010,0
I4210097056,2011,1
I4210097056,2012,0
I4210097056,2013,0
I4210097056,2014,1
I4210097056,2015,0
I4210097056,2016,0
I4210097056,2017,0
I4210097056,2018,0
I4210097056,2019,1
I4210097056,2020,0
I4210097056,2021,1
I4210097056,2022,1
I4210097056,2023,17
I4210097056,2024,21
I4210097056,2025,14
I4210097056,2026,17
I95541853,2006,2
I95541853,2007,1
I95541853,2008,4
I95541853,2009,2
I95541853,2010,4
I95541853,2011,3
I95541853,2012,4
I95541853,2013,4
I95541853,2014,5
I95541853,2015,9
I95541853,2016,8
I95541853,2017,9
I95541853,2018,5
I95541853,2019,15
I95541853,2020,14
I95541853,2021,17
I95541853,2022,33
I95541853,2023,23
I95541853,2024,29
I95541853,2025,64
I95541853,2026,24
I4405258719,2006,0
I4405258719,2007,0
I4405258719,2008,0
I4405258719,2009,0
I4405258719,2010,0
I4405258719,2011,0
I4405258719,2012,0
I4405258719,2013,0
I4405258719,2014,0
I4405258719,2015,0
I4405258719,2016,0
I4405258719,2017,0
I4405258719,2018,0
I4405258719,2019,0
I4405258719,2020,0
I4405258719,2021,0
I4405258719,2022,0
I4405258719,2023,0
I4405258719,2024,0
I4405258719,2025,0
I4405258719,2026,0
I4210089085,2006,0
I4210089085,2007,0
I4210089085,2008,0
I4210089085,2009,1
I4210089085,2010,1
I4210089085,2011,0
I4210089085,2012,0
I4210089085,2013,0
I4210089085,2014,1
I4210089085,2015,0
I4210089085,2016,0
I4210089085,2017,6
I4210089085,2018,0
I4210089085,2019,1
I4210089085,2020,1
I4210089085,2021,0
I4210089085,2022,2
I4210089085,2023,2
I4210089085,2024,0
I4210089085,2025,2
I4210089085,2026,8
I4210151986,2006,1
I4210151986,2007,1
I4210151986,2008,1
I4210151986,2009,0
I4210151986,2010,6
I4210151986,2011,7
I4210151986,2012,29
I4210151986,2013,35
I4210151986,2014,43
I4210151986,2015,38
I4210151986,2016,33
I4210151986,2017,53
I4210151986,2018,63
I4210151986,2019,100
I4210151986,2020,143
I4210151986,2021,112
I4210151986,2022,152
I4210151986,2023,158
I4210151986,2024,207
I4210151986,2025,214
I4210151986,2026,95
I4210123672,2006,0
I4210123672,2007,1
I4210123672,2008,0
I4210123672,2009,0
I4210123672,2010,1
I4210123672,2011,0
I4210123672,2012,0
I4210123672,2013,0
I4210123672,2014,0
I4210123672,2015,4
I4210123672,2016,1
I4210123672,2017,1
I4210123672,2018,2
I4210123672,2019,2
I4210123672,2020,0
I4210123672,2021,0
I4210123672,2022,4
I4210123672,2023,1
I4210123672,2024,2
I4210123672,2025,0
I4210123672,2026,1
I87477611,2006,7
I87477611,2007,15
I87477611,2008,12
I87477611,2009,13
I87477611,2010,23
I87477611,2011,21
I87477611,2012,28
I87477611,2013,29
I87477611,2014,48
I87477611,2015,29
I87477611,2016,37
I87477611,2017,43
I87477611,2018,35
I87477611,2019,75
I87477611,2020,93
I87477611,2021,99
I87477611,2022,111
I87477611,2023,185
I87477611,2024,165
I87477611,2025,189
I87477611,2026,109
I35496013,2006,9
I35496013,2007,14
I35496013,2008,15
I35496013,2009,19
I35496013,2010,25
I35496013,2011,27
I35496013,2012,33
I35496013,2013,41
I35496013,2014,47
I35496013,2015,37
I35496013,2016,34
I35496013,2017,34
I35496013,2018,21
I35496013,2019,18
I35496013,2020,17
I35496013,2021,6
I35496013,2022,4
I35496013,2023,5
I35496013,2024,6
I35496013,2025,21
I35496013,2026,3
I4210138007,2006,0
I4210138007,2007,0
I4210138007,2008,0
I4210138007,2009,0
I4210138007,2010,0
I4210138007,2011,0
I4210138007,2012,0
I4210138007,2013,0
I4210138007,2014,0
I4210138007,2015,0
I4210138007,2016,0
I4210138007,2017,0
I4210138007,2018,0
I4210138007,2019,0
I4210138007,2020,0
I4210138007,2021,1
I4210138007,2022,0
I4210138007,2023,1
I4210138007,2024,0
I4210138007,2025,4
I4210138007,2026,4
I4405258866,2006,0
I4405258866,2007,0
I4405258866,2008,0
I4405258866,2009,0
I4405258866,2010,0
I4405258866,2011,0
I4405258866,2012,0
I4405258866,2013,0
I4405258866,2014,0
I4405258866,2015,0
I4405258866,2016,0
I4405258866,2017,0
I4405258866,2018,0
I4405258866,2019,0
I4405258866,2020,0
I4405258866,2021,0
I4405258866,2022,0
I4405258866,2023,0
I4405258866,2024,0
I4405258866,2025,0
I4405258866,2026,0
I166934088,2006,38
I166934088,2007,21
I166934088,2008,28
I166934088,2009,21
I166934088,2010,42
I166934088,2011,51
I166934088,2012,39
I166934088,2013,91
I166934088,2014,112
I166934088,2015,132
I166934088,2016,150
I166934088,2017,199
I166934088,2018,187
I166934088,2019,294
I166934088,2020,407
I166934088,2021,386
I166934088,2022,361
I166934088,2023,374
I166934088,2024,430
I166934088,2025,732
I166934088,2026,418
I4405261081,2006,0
I4405261081,2007,0
I4405261081,2008,0
I4405261081,2009,0
I4405261081,2010,0
I4405261081,2011,0
I4405261081,2012,0
I4405261081,2013,0
I4405261081,2014,0
I4405261081,2015,0
I4405261081,2016,0
I4405261081,2017,0
I4405261081,2018,0
I4405261081,2019,0
I4405261081,2020,0
I4405261081,2021,0
I4405261081,2022,0
I4405261081,2023,0
I4405261081,2024,0
I4405261081,2025,0
I4405261081,2026,0
I4210125477,2006,4
I4210125477,2007,0
I4210125477,2008,0
I4210125477,2009,3
I4210125477,2010,4
I4210125477,2011,2
I4210125477,2012,2
I4210125477,2013,3
I4210125477,2014,5
I4210125477,2015,5
I4210125477,2016,15
I4210125477,2017,24
I4210125477,2018,25
I4210125477,2019,23
I4210125477,2020,39
I4210125477,2021,38
I4210125477,2022,63
I4210125477,2023,34
I4210125477,2024,55
I4210125477,2025,58
I4210125477,2026,30
I4210112864,2006,0
I4210112864,2007,0
I4210112864,2008,0
I4210112864,2009,0
I4210112864,2010,0
I4210112864,2011,0
I4210112864,2012,0
I4210112864,2013,1
I4210112864,2014,0
I4210112864,2015,0
I4210112864,2016,0
I4210112864,2017,0
I4210112864,2018,0
I4210112864,2019,0
I4210112864,2020,0
I4210112864,2021,0
I4210112864,2022,0
I4210112864,2023,0
I4210112864,2024,0
I4210112864,2025,0
I4210112864,2026,0
I4210119257,2006,2
I4210119257,2007,2
I4210119257,2008,1
I4210119257,2009,1
I4210119257,2010,4
I4210119257,2011,3
I4210119257,2012,4
I4210119257,2013,7
I4210119257,2014,7
I4210119257,2015,12
I4210119257,2016,23
I4210119257,2017,72
I4210119257,2018,58
I4210119257,2019,76
I4210119257,2020,93
I4210119257,2021,145
I4210119257,2022,126
I4210119257,2023,154
I4210119257,2024,200
I4210119257,2025,226
I4210119257,2026,100
I4403386471,2006,0
I4403386471,2007,0
I4403386471,2008,0
I4403386471,2009,0
I4403386471,2010,0
I4403386471,2011,0
I4403386471,2012,0
I4403386471,2013,0
I4403386471,2014,0
I4403386471,2015,0
I4403386471,2016,0
I4403386471,2017,0
I4403386471,2018,2
I4403386471,2019,24
I4403386471,2020,29
I4403386471,2021,50
I4403386471,2022,115
I4403386471,2023,169
I4403386471,2024,260
I4403386471,2025,207
I4403386471,2026,88
I3130811397,2006,0
I3130811397,2007,0
I3130811397,2008,0
I3130811397,2009,0
I3130811397,2010,0
I3130811397,2011,2
I3130811397,2012,0
I3130811397,2013,1
I3130811397,2014,1
I3130811397,2015,3
I3130811397,2016,1
I3130811397,2017,0
I3130811397,2018,1
I3130811397,2019,0
I3130811397,2020,0
I3130811397,2021,1
I3130811397,2022,3
I3130811397,2023,2
I3130811397,2024,1
I3130811397,2025,9
I3130811397,2026,4
I4210110579,2006,8
I4210110579,2007,3
I4210110579,2008,6
I4210110579,2009,11
I4210110579,2010,11
I4210110579,2011,15
I4210110579,2012,20
I4210110579,2013,21
I4210110579,2014,21
I4210110579,2015,18
I4210110579,2016,35
I4210110579,2017,22
I4210110579,2018,29
I4210110579,2019,68
I4210110579,2020,54
I4210110579,2021,43
I4210110579,2022,65
I4210110579,2023,48
I4210110579,2024,48
I4210110579,2025,35
I4210110579,2026,31
I4210157616,2006,55
I4210157616,2007,54
I4210157616,2008,57
I4210157616,2009,63
I4210157616,2010,36
I4210157616,2011,59
I4210157616,2012,66
I4210157616,2013,80
I4210157616,2014,93
I4210157616,2015,115
I4210157616,2016,139
I4210157616,2017,152
I4210157616,2018,172
I4210157616,2019,186
I4210157616,2020,172
I4210157616,2021,225
I4210157616,2022,182
I4210157616,2023,211
I4210157616,2024,213
I4210157616,2025,242
I4210157616,2026,117
I4210110735,2006,1
I4210110735,2007,0
I4210110735,2008,1
I4210110735,2009,0
I4210110735,2010,1
I4210110735,2011,0
I4210110735,2012,1
I4210110735,2013,0
I4210110735,2014,2
I4210110735,2015,1
I4210110735,2016,15
I4210110735,2017,3
I4210110735,2018,2
I4210110735,2019,3
I4210110735,2020,3
I4210110735,2021,4
I4210110735,2022,8
I4210110735,2023,5
I4210110735,2024,6
I4210110735,2025,21
I4210110735,2026,12
I4210121692,2006,0
I4210121692,2007,0
I4210121692,2008,0
I4210121692,2009,1
I4210121692,2010,0
I4210121692,2011,1
I4210121692,2012,1
I4210121692,2013,1
I4210121692,2014,5
I4210121692,2015,0
I4210121692,2016,0
I4210121692,2017,2
I4210121692,2018,3
I4210121692,2019,7
I4210121692,2020,2
I4210121692,2021,3
I4210121692,2022,5
I4210121692,2023,0
I4210121692,2024,3
I4210121692,2025,4
I4210121692,2026,4
I4210145340,2006,5
I4210145340,2007,3
I4210145340,2008,2
I4210145340,2009,0
I4210145340,2010,4
I4210145340,2011,2
I4210145340,2012,7
I4210145340,2013,3
I4210145340,2014,1
I4210145340,2015,2
I4210145340,2016,3
I4210145340,2017,9
I4210145340,2018,8
I4210145340,2019,4
I4210145340,2020,4
I4210145340,2021,5
I4210145340,2022,14
I4210145340,2023,7
I4210145340,2024,10
I4210145340,2025,17
I4210145340,2026,13
I4210112794,2006,3
I4210112794,2007,1
I4210112794,2008,5
I4210112794,2009,3
I4210112794,2010,9
I4210112794,2011,6
I4210112794,2012,14
I4210112794,2013,19
I4210112794,2014,14
I4210112794,2015,23
I4210112794,2016,11
I4210112794,2017,17
I4210112794,2018,15
I4210112794,2019,17
I4210112794,2020,12
I4210112794,2021,23
I4210112794,2022,15
I4210112794,2023,17
I4210112794,2024,15
I4210112794,2025,20
I4210112794,2026,11
I4405261141,2006,0
I4405261141,2007,0
I4405261141,2008,0
I4405261141,2009,0
I4405261141,2010,0
I4405261141,2011,0
I4405261141,2012,0
I4405261141,2013,0
I4405261141,2014,0
I4405261141,2015,0
I4405261141,2016,0
I4405261141,2017,0
I4405261141,2018,0
I4405261141,2019,0
I4405261141,2020,0
I4405261141,2021,0
I4405261141,2022,0
I4405261141,2023,0
I4405261141,2024,0
I4405261141,2025,0
I4405261141,2026,0
I4210096875,2006,9
I4210096875,2007,2
I4210096875,2008,2
I4210096875,2009,4
I4210096875,2010,2
I4210096875,2011,4
I4210096875,2012,8
I4210096875,2013,9
I4210096875,2014,2
I4210096875,2015,6
I4210096875,2016,8
I4210096875,2017,10
I4210096875,2018,15
I4210096875,2019,10
I4210096875,2020,10
I4210096875,2021,16
I4210096875,2022,20
I4210096875,2023,9
I4210096875,2024,16
I4210096875,2025,15
I4210096875,2026,13
I4210139766,2006,0
I4210139766,2007,1
I4210139766,2008,0
I4210139766,2009,0
I4210139766,2010,0
I4210139766,2011,2
I4210139766,2012,1
I4210139766,2013,3
I4210139766,2014,0
I4210139766,2015,1
I4210139766,2016,2
I4210139766,2017,3
I4210139766,2018,4
I4210139766,2019,4
I4210139766,2020,8
I4210139766,2021,16
I4210139766,2022,10
I4210139766,2023,5
I4210139766,2024,23
I4210139766,2025,46
I4210139766,2026,20
I4210122153,2006,0
I4210122153,2007,0
I4210122153,2008,0
I4210122153,2009,0
I4210122153,2010,0
I4210122153,2011,0
I4210122153,2012,0
I4210122153,2013,0
I4210122153,2014,2
I4210122153,2015,2
I4210122153,2016,1
I4210122153,2017,2
I4210122153,2018,1
I4210122153,2019,2
I4210122153,2020,1
I4210122153,2021,4
I4210122153,2022,2
I4210122153,2023,0
I4210122153,2024,0
I4210122153,2025,1
I4210122153,2026,0
I4210119614,2006,0
I4210119614,2007,0
I4210119614,2008,0
I4210119614,2009,0
I4210119614,2010,1
I4210119614,2011,0
I4210119614,2012,0
I4210119614,2013,0
I4210119614,2014,0
I4210119614,2015,0
I4210119614,2016,0
I4210119614,2017,1
I4210119614,2018,1
I4210119614,2019,0
I4210119614,2020,1
I4210119614,2021,4
I4210119614,2022,1
I4210119614,2023,2
I4210119614,2024,0
I4210119614,2025,0
I4210119614,2026,0
I4210130933,2006,31
I4210130933,2007,56
I4210130933,2008,64
I4210130933,2009,60
I4210130933,2010,88
I4210130933,2011,95
I4210130933,2012,85
I4210130933,2013,130
I4210130933,2014,136
I4210130933,2015,153
I4210130933,2016,141
I4210130933,2017,165
I4210130933,2018,142
I4210130933,2019,128
I4210130933,2020,143
I4210130933,2021,178
I4210130933,2022,175
I4210130933,2023,124
I4210130933,2024,147
I4210130933,2025,158
I4210130933,2026,93
I4210126988,2006,5
I4210126988,2007,1
I4210126988,2008,4
I4210126988,2009,5
I4210126988,2010,6
I4210126988,2011,7
I4210126988,2012,11
I4210126988,2013,2
I4210126988,2014,7
I4210126988,2015,8
I4210126988,2016,20
I4210126988,2017,7
I4210126988,2018,11
I4210126988,2019,11
I4210126988,2020,26
I4210126988,2021,26
I4210126988,2022,25
I4210126988,2023,34
I4210126988,2024,14
I4210126988,2025,24
I4210126988,2026,5
I4210137645,2006,0
I4210137645,2007,0
I4210137645,2008,0
I4210137645,2009,0
I4210137645,2010,0
I4210137645,2011,0
I4210137645,2012,1
I4210137645,2013,2
I4210137645,2014,3
I4210137645,2015,1
I4210137645,2016,1
I4210137645,2017,0
I4210137645,2018,0
I4210137645,2019,0
I4210137645,2020,1
I4210137645,2021,1
I4210137645,2022,2
I4210137645,2023,4
I4210137645,2024,3
I4210137645,2025,6
I4210137645,2026,7
I4210142661,2006,1264
I4210142661,2007,912
I4210142661,2008,1030
I4210142661,2009,926
I4210142661,2010,1078
I4210142661,2011,1307
I4210142661,2012,1150
I4210142661,2013,1501
I4210142661,2014,1674
I4210142661,2015,2071
I4210142661,2016,2696
I4210142661,2017,3236
I4210142661,2018,3788
I4210142661,2019,4883
I4210142661,2020,6753
I4210142661,2021,6216
I4210142661,2022,1673
I4210142661,2023,1366
I4210142661,2024,1579
I4210142661,2025,2158
I4210142661,2026,998
I4405260641,2006,0
I4405260641,2007,0
I4405260641,2008,0
I4405260641,2009,0
I4405260641,2010,0
I4405260641,2011,0
I4405260641,2012,0
I4405260641,2013,0
I4405260641,2014,0
I4405260641,2015,0
I4405260641,2016,0
I4405260641,2017,0
I4405260641,2018,0
I4405260641,2019,0
I4405260641,2020,0
I4405260641,2021,0
I4405260641,2022,0
I4405260641,2023,0
I4405260641,2024,0
I4405260641,2025,0
I4405260641,2026,0
I4210114322,2006,24
I4210114322,2007,16
I4210114322,2008,18
I4210114322,2009,30
I4210114322,2010,28
I4210114322,2011,50
I4210114322,2012,33
I4210114322,2013,25
I4210114322,2014,29
I4210114322,2015,46
I4210114322,2016,45
I4210114322,2017,33
I4210114322,2018,50
I4210114322,2019,45
I4210114322,2020,66
I4210114322,2021,42
I4210114322,2022,56
I4210114322,2023,39
I4210114322,2024,37
I4210114322,2025,51
I4210114322,2026,16
I4210153527,2006,13
I4210153527,2007,18
I4210153527,2008,16
I4210153527,2009,63
I4210153527,2010,56
I4210153527,2011,63
I4210153527,2012,65
I4210153527,2013,40
I4210153527,2014,93
I4210153527,2015,91
I4210153527,2016,136
I4210153527,2017,98
I4210153527,2018,143
I4210153527,2019,117
I4210153527,2020,104
I4210153527,2021,96
I4210153527,2022,78
I4210153527,2023,112
I4210153527,2024,100
I4210153527,2025,122
I4210153527,2026,32
I4210162108,2006,7
I4210162108,2007,10
I4210162108,2008,15
I4210162108,2009,14
I4210162108,2010,17
I4210162108,2011,25
I4210162108,2012,27
I4210162108,2013,24
I4210162108,2014,22
I4210162108,2015,23
I4210162108,2016,39
I4210162108,2017,50
I4210162108,2018,48
I4210162108,2019,42
I4210162108,2020,41
I4210162108,2021,40
I4210162108,2022,37
I4210162108,2023,40
I4210162108,2024,46
I4210162108,2025,81
I4210162108,2026,169
I4210160645,2006,0
I4210160645,2007,0
I4210160645,2008,0
I4210160645,2009,2
I4210160645,2010,0
I4210160645,2011,0
I4210160645,2012,0
I4210160645,2013,1
I4210160645,2014,3
I4210160645,2015,2
I4210160645,2016,0
I4210160645,2017,2
I4210160645,2018,4
I4210160645,2019,3
I4210160645,2020,2
I4210160645,2021,4
I4210160645,2022,6
I4210160645,2023,15
I4210160645,2024,9
I4210160645,2025,9
I4210160645,2026,11
I4210136418,2006,13
I4210136418,2007,11
I4210136418,2008,24
I4210136418,2009,22
I4210136418,2010,20
I4210136418,2011,31
I4210136418,2012,35
I4210136418,2013,42
I4210136418,2014,36
I4210136418,2015,49
I4210136418,2016,75
I4210136418,2017,114
I4210136418,2018,124
I4210136418,2019,144
I4210136418,2020,218
I4210136418,2021,208
I4210136418,2022,209
I4210136418,2023,200
I4210136418,2024,164
I4210136418,2025,231
I4210136418,2026,97
I4210130700,2006,0
I4210130700,2007,0
I4210130700,2008,0
I4210130700,2009,1
I4210130700,2010,0
I4210130700,2011,3
I4210130700,2012,2
I4210130700,2013,7
I4210130700,2014,12
I4210130700,2015,10
I4210130700,2016,14
I4210130700,2017,12
I4210130700,2018,8
I4210130700,2019,16
I4210130700,2020,20
I4210130700,2021,23
I4210130700,2022,23
I4210130700,2023,31
I4210130700,2024,16
I4210130700,2025,26
I4210130700,2026,17
I4210087030,2006,0
I4210087030,2007,0
I4210087030,2008,0
I4210087030,2009,1
I4210087030,2010,0
I4210087030,2011,0
I4210087030,2012,1
I4210087030,2013,0
I4210087030,2014,0
I4210087030,2015,0
I4210087030,2016,0
I4210087030,2017,6
I4210087030,2018,22
I4210087030,2019,16
I4210087030,2020,16
I4210087030,2021,12
I4210087030,2022,15
I4210087030,2023,24
I4210087030,2024,16
I4210087030,2025,18
I4210087030,2026,3
I4210093986,2006,14
I4210093986,2007,9
I4210093986,2008,10
I4210093986,2009,10
I4210093986,2010,11
I4210093986,2011,15
I4210093986,2012,15
I4210093986,2013,16
I4210093986,2014,24
I4210093986,2015,17
I4210093986,2016,18
I4210093986,2017,13
I4210093986,2018,19
I4210093986,2019,14
I4210093986,2020,22
I4210093986,2021,31
I4210093986,2022,46
I4210093986,2023,36
I4210093986,2024,53
I4210093986,2025,38
I4210093986,2026,22
I4405259478,2006,0
I4405259478,2007,0
I4405259478,2008,0
I4405259478,2009,0
I4405259478,2010,0
I4405259478,2011,0
I4405259478,2012,0
I4405259478,2013,0
I4405259478,2014,0
I4405259478,2015,0
I4405259478,2016,0
I4405259478,2017,0
I4405259478,2018,0
I4405259478,2019,0
I4405259478,2020,0
I4405259478,2021,0
I4405259478,2022,0
I4405259478,2023,0
I4405259478,2024,0
I4405259478,2025,0
I4405259478,2026,0
I4210090812,2006,16
I4210090812,2007,8
I4210090812,2008,7
I4210090812,2009,15
I4210090812,2010,12
I4210090812,2011,13
I4210090812,2012,19
I4210090812,2013,16
I4210090812,2014,17
I4210090812,2015,8
I4210090812,2016,17
I4210090812,2017,20
I4210090812,2018,18
I4210090812,2019,43
I4210090812,2020,38
I4210090812,2021,59
I4210090812,2022,55
I4210090812,2023,96
I4210090812,2024,43
I4210090812,2025,44
I4210090812,2026,6
I4210118693,2006,47
I4210118693,2007,60
I4210118693,2008,46
I4210118693,2009,36
I4210118693,2010,55
I4210118693,2011,53
I4210118693,2012,44
I4210118693,2013,44
I4210118693,2014,42
I4210118693,2015,40
I4210118693,2016,54
I4210118693,2017,52
I4210118693,2018,48
I4210118693,2019,46
I4210118693,2020,46
I4210118693,2021,52
I4210118693,2022,59
I4210118693,2023,75
I4210118693,2024,72
I4210118693,2025,35
I4210118693,2026,17
I4210129438,2006,0
I4210129438,2007,0
I4210129438,2008,0
I4210129438,2009,0
I4210129438,2010,0
I4210129438,2011,2
I4210129438,2012,0
I4210129438,2013,0
I4210129438,2014,0
I4210129438,2015,0
I4210129438,2016,0
I4210129438,2017,1
I4210129438,2018,3
I4210129438,2019,2
I4210129438,2020,0
I4210129438,2021,0
I4210129438,2022,0
I4210129438,2023,0
I4210129438,2024,1
I4210129438,2025,1
I4210129438,2026,1
I4210109780,2006,0
I4210109780,2007,0
I4210109780,2008,0
I4210109780,2009,1
I4210109780,2010,1
I4210109780,2011,0
I4210109780,2012,0
I4210109780,2013,0
I4210109780,2014,0
I4210109780,2015,0
I4210109780,2016,0
I4210109780,2017,0
I4210109780,2018,1
I4210109780,2019,2
I4210109780,2020,0
I4210109780,2021,0
I4210109780,2022,0
I4210109780,2023,3
I4210109780,2024,2
I4210109780,2025,3
I4210109780,2026,2
I4210118871,2006,0
I4210118871,2007,0
I4210118871,2008,0
I4210118871,2009,2
I4210118871,2010,1
I4210118871,2011,1
I4210118871,2012,4
I4210118871,2013,1
I4210118871,2014,9
I4210118871,2015,0
I4210118871,2016,4
I4210118871,2017,0
I4210118871,2018,5
I4210118871,2019,1
I4210118871,2020,4
I4210118871,2021,1
I4210118871,2022,3
I4210118871,2023,5
I4210118871,2024,18
I4210118871,2025,36
I4210118871,2026,4
I4210129886,2006,0
I4210129886,2007,2
I4210129886,2008,0
I4210129886,2009,1
I4210129886,2010,3
I4210129886,2011,3
I4210129886,2012,5
I4210129886,2013,1
I4210129886,2014,4
I4210129886,2015,1
I4210129886,2016,3
I4210129886,2017,4
I4210129886,2018,1
I4210129886,2019,2
I4210129886,2020,4
I4210129886,2021,4
I4210129886,2022,3
I4210129886,2023,3
I4210129886,2024,10
I4210129886,2025,11
I4210129886,2026,5
I4210140008,2006,10
I4210140008,2007,9
I4210140008,2008,12
I4210140008,2009,9
I4210140008,2010,20
I4210140008,2011,16
I4210140008,2012,9
I4210140008,2013,14
I4210140008,2014,10
I4210140008,2015,4
I4210140008,2016,1
I4210140008,2017,9
I4210140008,2018,7
I4210140008,2019,11
I4210140008,2020,14
I4210140008,2021,11
I4210140008,2022,12
I4210140008,2023,10
I4210140008,2024,26
I4210140008,2025,50
I4210140008,2026,23
I4210098288,2006,0
I4210098288,2007,0
I4210098288,2008,1
I4210098288,2009,3
I4210098288,2010,1
I4210098288,2011,3
I4210098288,2012,2
I4210098288,2013,4
I4210098288,2014,4
I4210098288,2015,2
I4210098288,2016,2
I4210098288,2017,7
I4210098288,2018,9
I4210098288,2019,16
I4210098288,2020,18
I4210098288,2021,16
I4210098288,2022,20
I4210098288,2023,25
I4210098288,2024,24
I4210098288,2025,46
I4210098288,2026,24
I4210165387,2006,2
I4210165387,2007,8
I4210165387,2008,7
I4210165387,2009,2
I4210165387,2010,2
I4210165387,2011,6
I4210165387,2012,15
I4210165387,2013,2
I4210165387,2014,4
I4210165387,2015,10
I4210165387,2016,11
I4210165387,2017,17
I4210165387,2018,21
I4210165387,2019,20
I4210165387,2020,18
I4210165387,2021,29
I4210165387,2022,23
I4210165387,2023,20
I4210165387,2024,18
I4210165387,2025,14
I4210165387,2026,13
I4405257713,2006,0
I4405257713,2007,0
I4405257713,2008,0
I4405257713,2009,0
I4405257713,2010,0
I4405257713,2011,0
I4405257713,2012,0
I4405257713,2013,0
I4405257713,2014,0
I4405257713,2015,0
I4405257713,2016,0
I4405257713,2017,0
I4405257713,2018,0
I4405257713,2019,0
I4405257713,2020,0
I4405257713,2021,0
I4405257713,2022,0
I4405257713,2023,0
I4405257713,2024,0
I4405257713,2025,0
I4405257713,2026,0
I4210111338,2006,27
I4210111338,2007,37
I4210111338,2008,38
I4210111338,2009,42
I4210111338,2010,43
I4210111338,2011,44
I4210111338,2012,50
I4210111338,2013,46
I4210111338,2014,48
I4210111338,2015,53
I4210111338,2016,63
I4210111338,2017,55
I4210111338,2018,53
I4210111338,2019,28
I4210111338,2020,53
I4210111338,2021,43
I4210111338,2022,50
I4210111338,2023,53
I4210111338,2024,43
I4210111338,2025,86
I4210111338,2026,32
I4210139502,2006,3
I4210139502,2007,6
I4210139502,2008,1
I4210139502,2009,5
I4210139502,2010,2
I4210139502,2011,6
I4210139502,2012,5
I4210139502,2013,5
I4210139502,2014,8
I4210139502,2015,7
I4210139502,2016,9
I4210139502,2017,5
I4210139502,2018,17
I4210139502,2019,15
I4210139502,2020,28
I4210139502,2021,14
I4210139502,2022,25
I4210139502,2023,28
I4210139502,2024,26
I4210139502,2025,59
I4210139502,2026,58
I4210143075,2006,13
I4210143075,2007,13
I4210143075,2008,7
I4210143075,2009,9
I4210143075,2010,13
I4210143075,2011,14
I4210143075,2012,24
I4210143075,2013,17
I4210143075,2014,16
I4210143075,2015,24
I4210143075,2016,45
I4210143075,2017,45
I4210143075,2018,29
I4210143075,2019,29
I4210143075,2020,33
I4210143075,2021,36
I4210143075,2022,52
I4210143075,2023,42
I4210143075,2024,32
I4210143075,2025,47
I4210143075,2026,38
I4210127236,2006,3
I4210127236,2007,0
I4210127236,2008,1
I4210127236,2009,0
I4210127236,2010,0
I4210127236,2011,0
I4210127236,2012,1
I4210127236,2013,2
I4210127236,2014,0
I4210127236,2015,0
I4210127236,2016,0
I4210127236,2017,0
I4210127236,2018,0
I4210127236,2019,1
I4210127236,2020,1
I4210127236,2021,7
I4210127236,2022,3
I4210127236,2023,1
I4210127236,2024,0
I4210127236,2025,10
I4210127236,2026,4
I4210095543,2006,0
I4210095543,2007,1
I4210095543,2008,0
I4210095543,2009,1
I4210095543,2010,2
I4210095543,2011,2
I4210095543,2012,2
I4210095543,2013,2
I4210095543,2014,9
I4210095543,2015,13
I4210095543,2016,21
I4210095543,2017,10
I4210095543,2018,17
I4210095543,2019,20
I4210095543,2020,29
I4210095543,2021,36
I4210095543,2022,31
I4210095543,2023,28
I4210095543,2024,41
I4210095543,2025,64
I4210095543,2026,38
I4405257450,2006,0
I4405257450,2007,0
I4405257450,2008,0
I4405257450,2009,0
I4405257450,2010,0
I4405257450,2011,0
I4405257450,2012,0
I4405257450,2013,0
I4405257450,2014,0
I4405257450,2015,0
I4405257450,2016,0
I4405257450,2017,0
I4405257450,2018,0
I4405257450,2019,0
I4405257450,2020,0
I4405257450,2021,0
I4405257450,2022,0
I4405257450,2023,0
I4405257450,2024,0
I4405257450,2025,0
I4405257450,2026,0
I4210126542,2006,2
I4210126542,2007,4
I4210126542,2008,1
I4210126542,2009,2
I4210126542,2010,0
I4210126542,2011,0
I4210126542,2012,0
I4210126542,2013,1
I4210126542,2014,1
I4210126542,2015,0
I4210126542,2016,2
I4210126542,2017,1
I4210126542,2018,2
I4210126542,2019,0
I4210126542,2020,2
I4210126542,2021,5
I4210126542,2022,1
I4210126542,2023,2
I4210126542,2024,4
I4210126542,2025,8
I4210126542,2026,6
I4210094475,2006,1
I4210094475,2007,0
I4210094475,2008,0
I4210094475,2009,0
I4210094475,2010,1
I4210094475,2011,1
I4210094475,2012,1
I4210094475,2013,0
I4210094475,2014,1
I4210094475,2015,0
I4210094475,2016,0
I4210094475,2017,1
I4210094475,2018,0
I4210094475,2019,0
I4210094475,2020,0
I4210094475,2021,1
I4210094475,2022,6
I4210094475,2023,0
I4210094475,2024,1
I4210094475,2025,4
I4210094475,2026,2
I4210140729,2006,24
I4210140729,2007,36
I4210140729,2008,38
I4210140729,2009,40
I4210140729,2010,59
I4210140729,2011,40
I4210140729,2012,63
I4210140729,2013,84
I4210140729,2014,94
I4210140729,2015,104
I4210140729,2016,98
I4210140729,2017,114
I4210140729,2018,125
I4210140729,2019,120
I4210140729,2020,102
I4210140729,2021,80
I4210140729,2022,74
I4210140729,2023,62
I4210140729,2024,77
I4210140729,2025,111
I4210140729,2026,46
I4210120680,2006,0
I4210120680,2007,0
I4210120680,2008,0
I4210120680,2009,0
I4210120680,2010,0
I4210120680,2011,2
I4210120680,2012,1
I4210120680,2013,0
I4210120680,2014,1
I4210120680,2015,2
I4210120680,2016,2
I4210120680,2017,1
I4210120680,2018,2
I4210120680,2019,1
I4210120680,2020,1
I4210120680,2021,8
I4210120680,2022,3
I4210120680,2023,5
I4210120680,2024,5
I4210120680,2025,6
I4210120680,2026,3
I4210154402,2006,1
I4210154402,2007,1
I4210154402,2008,1
I4210154402,2009,0
I4210154402,2010,2
I4210154402,2011,2
I4210154402,2012,1
I4210154402,2013,2
I4210154402,2014,4
I4210154402,2015,3
I4210154402,2016,8
I4210154402,2017,3
I4210154402,2018,3
I4210154402,2019,6
I4210154402,2020,2
I4210154402,2021,7
I4210154402,2022,11
I4210154402,2023,7
I4210154402,2024,6
I4210154402,2025,45
I4210154402,2026,14
I4210117767,2006,2
I4210117767,2007,2
I4210117767,2008,0
I4210117767,2009,3
I4210117767,2010,2
I4210117767,2011,2
I4210117767,2012,1
I4210117767,2013,4
I4210117767,2014,2
I4210117767,2015,4
I4210117767,2016,4
I4210117767,2017,4
I4210117767,2018,5
I4210117767,2019,7
I4210117767,2020,11
I4210117767,2021,30
I4210117767,2022,19
I4210117767,2023,17
I4210117767,2024,24
I4210117767,2025,29
I4210117767,2026,10
I4210087116,2006,0
I4210087116,2007,0
I4210087116,2008,2
I4210087116,2009,3
I4210087116,2010,1
I4210087116,2011,0
I4210087116,2012,1
I4210087116,2013,0
I4210087116,2014,1
I4210087116,2015,0
I4210087116,2016,1
I4210087116,2017,0
I4210087116,2018,1
I4210087116,2019,0
I4210087116,2020,3
I4210087116,2021,3
I4210087116,2022,6
I4210087116,2023,21
I4210087116,2024,11
I4210087116,2025,19
I4210087116,2026,6
I4210104004,2006,2
I4210104004,2007,0
I4210104004,2008,0
I4210104004,2009,1
I4210104004,2010,2
I4210104004,2011,0
I4210104004,2012,1
I4210104004,2013,3
I4210104004,2014,2
I4210104004,2015,2
I4210104004,2016,3
I4210104004,2017,5
I4210104004,2018,4
I4210104004,2019,1
I4210104004,2020,2
I4210104004,2021,6
I4210104004,2022,2
I4210104004,2023,5
I4210104004,2024,4
I4210104004,2025,12
I4210104004,2026,17
I4210128253,2006,0
I4210128253,2007,0
I4210128253,2008,0
I4210128253,2009,0
I4210128253,2010,0
I4210128253,2011,0
I4210128253,2012,1
I4210128253,2013,0
I4210128253,2014,3
I4210128253,2015,6
I4210128253,2016,10
I4210128253,2017,11
I4210128253,2018,11
I4210128253,2019,10
I4210128253,2020,19
I4210128253,2021,23
I4210128253,2022,26
I4210128253,2023,17
I4210128253,2024,15
I4210128253,2025,41
I4210128253,2026,30
I4210142193,2006,0
I4210142193,2007,0
I4210142193,2008,0
I4210142193,2009,0
I4210142193,2010,0
I4210142193,2011,0
I4210142193,2012,0
I4210142193,2013,0
I4210142193,2014,0
I4210142193,2015,0
I4210142193,2016,0
I4210142193,2017,1
I4210142193,2018,1
I4210142193,2019,0
I4210142193,2020,0
I4210142193,2021,1
I4210142193,2022,3
I4210142193,2023,6
I4210142193,2024,3
I4210142193,2025,2
I4210142193,2026,5
I4210105117,2006,6
I4210105117,2007,3
I4210105117,2008,1
I4210105117,2009,4
I4210105117,2010,3
I4210105117,2011,2
I4210105117,2012,10
I4210105117,2013,13
I4210105117,2014,17
I4210105117,2015,13
I4210105117,2016,29
I4210105117,2017,44
I4210105117,2018,60
I4210105117,2019,55
I4210105117,2020,64
I4210105117,2021,78
I4210105117,2022,127
I4210105117,2023,123
I4210105117,2024,108
I4210105117,2025,146
I4210105117,2026,170
I4405260287,2006,0
I4405260287,2007,0
I4405260287,2008,0
I4405260287,2009,0
I4405260287,2010,0
I4405260287,2011,0
I4405260287,2012,0
I4405260287,2013,0
I4405260287,2014,0
I4405260287,2015,0
I4405260287,2016,0
I4405260287,2017,0
I4405260287,2018,0
I4405260287,2019,0
I4405260287,2020,0
I4405260287,2021,0
I4405260287,2022,0
I4405260287,2023,0
I4405260287,2024,0
I4405260287,2025,0
I4405260287,2026,0
I4405253058,2006,0
I4405253058,2007,0
I4405253058,2008,0
I4405253058,2009,0
I4405253058,2010,0
I4405253058,2011,0
I4405253058,2012,0
I4405253058,2013,0
I4405253058,2014,0
I4405253058,2015,0
I4405253058,2016,0
I4405253058,2017,0
I4405253058,2018,0
I4405253058,2019,0
I4405253058,2020,0
I4405253058,2021,0
I4405253058,2022,0
I4405253058,2023,0
I4405253058,2024,0
I4405253058,2025,0
I4405253058,2026,0
I4210165095,2006,1
I4210165095,2007,1
I4210165095,2008,4
I4210165095,2009,4
I4210165095,2010,6
I4210165095,2011,7
I4210165095,2012,8
I4210165095,2013,10
I4210165095,2014,13
I4210165095,2015,16
I4210165095,2016,17
I4210165095,2017,38
I4210165095,2018,10
I4210165095,2019,23
I4210165095,2020,36
I4210165095,2021,34
I4210165095,2022,38
I4210165095,2023,31
I4210165095,2024,38
I4210165095,2025,51
I4210165095,2026,20
I4210086032,2006,1
I4210086032,2007,5
I4210086032,2008,6
I4210086032,2009,7
I4210086032,2010,8
I4210086032,2011,11
I4210086032,2012,9
I4210086032,2013,15
I4210086032,2014,14
I4210086032,2015,27
I4210086032,2016,46
I4210086032,2017,38
I4210086032,2018,41
I4210086032,2019,19
I4210086032,2020,44
I4210086032,2021,47
I4210086032,2022,64
I4210086032,2023,55
I4210086032,2024,47
I4210086032,2025,96
I4210086032,2026,40
I4210095403,2006,7
I4210095403,2007,19
I4210095403,2008,20
I4210095403,2009,25
I4210095403,2010,16
I4210095403,2011,18
I4210095403,2012,23
I4210095403,2013,26
I4210095403,2014,22
I4210095403,2015,31
I4210095403,2016,26
I4210095403,2017,35
I4210095403,2018,44
I4210095403,2019,38
I4210095403,2020,32
I4210095403,2021,40
I4210095403,2022,27
I4210095403,2023,34
I4210095403,2024,36
I4210095403,2025,61
I4210095403,2026,16
I4405261337,2006,0
I4405261337,2007,0
I4405261337,2008,0
I4405261337,2009,0
I4405261337,2010,0
I4405261337,2011,0
I4405261337,2012,0
I4405261337,2013,0
I4405261337,2014,0
I4405261337,2015,0
I4405261337,2016,0
I4405261337,2017,0
I4405261337,2018,0
I4405261337,2019,0
I4405261337,2020,0
I4405261337,2021,0
I4405261337,2022,0
I4405261337,2023,0
I4405261337,2024,0
I4405261337,2025,0
I4405261337,2026,0
I4405266083,2006,0
I4405266083,2007,0
I4405266083,2008,0
I4405266083,2009,0
I4405266083,2010,0
I4405266083,2011,0
I4405266083,2012,0
I4405266083,2013,0
I4405266083,2014,0
I4405266083,2015,0
I4405266083,2016,0
I4405266083,2017,0
I4405266083,2018,0
I4405266083,2019,0
I4405266083,2020,0
I4405266083,2021,0
I4405266083,2022,0
I4405266083,2023,0
I4405266083,2024,0
I4405266083,2025,0
I4405266083,2026,0
I4210120884,2006,67
I4210120884,2007,75
I4210120884,2008,83
I4210120884,2009,99
I4210120884,2010,87
I4210120884,2011,61
I4210120884,2012,37
I4210120884,2013,55
I4210120884,2014,65
I4210120884,2015,78
I4210120884,2016,62
I4210120884,2017,65
I4210120884,2018,60
I4210120884,2019,44
I4210120884,2020,55
I4210120884,2021,55
I4210120884,2022,29
I4210120884,2023,37
I4210120884,2024,63
I4210120884,2025,67
I4210120884,2026,29
I4405261750,2006,0
I4405261750,2007,0
I4405261750,2008,0
I4405261750,2009,0
I4405261750,2010,0
I4405261750,2011,0
I4405261750,2012,0
I4405261750,2013,0
I4405261750,2014,0
I4405261750,2015,0
I4405261750,2016,0
I4405261750,2017,0
I4405261750,2018,0
I4405261750,2019,0
I4405261750,2020,0
I4405261750,2021,0
I4405261750,2022,0
I4405261750,2023,0
I4405261750,2024,0
I4405261750,2025,0
I4405261750,2026,0
I4405263495,2006,0
I4405263495,2007,0
I4405263495,2008,0
I4405263495,2009,0
I4405263495,2010,0
I4405263495,2011,0
I4405263495,2012,0
I4405263495,2013,0
I4405263495,2014,0
I4405263495,2015,0
I4405263495,2016,0
I4405263495,2017,0
I4405263495,2018,0
I4405263495,2019,0
I4405263495,2020,0
I4405263495,2021,0
I4405263495,2022,0
I4405263495,2023,0
I4405263495,2024,0
I4405263495,2025,0
I4405263495,2026,0
I4210119386,2006,0
I4210119386,2007,0
I4210119386,2008,0
I4210119386,2009,0
I4210119386,2010,0
I4210119386,2011,0
I4210119386,2012,0
I4210119386,2013,1
I4210119386,2014,0
I4210119386,2015,2
I4210119386,2016,0
I4210119386,2017,3
I4210119386,2018,3
I4210119386,2019,3
I4210119386,2020,2
I4210119386,2021,2
I4210119386,2022,7
I4210119386,2023,3
I4210119386,2024,5
I4210119386,2025,15
I4210119386,2026,8
I4405262353,2006,0
I4405262353,2007,0
I4405262353,2008,0
I4405262353,2009,0
I4405262353,2010,0
I4405262353,2011,0
I4405262353,2012,0
I4405262353,2013,0
I4405262353,2014,0
I4405262353,2015,0
I4405262353,2016,0
I4405262353,2017,0
I4405262353,2018,0
I4405262353,2019,0
I4405262353,2020,0
I4405262353,2021,0
I4405262353,2022,0
I4405262353,2023,0
I4405262353,2024,0
I4405262353,2025,0
I4405262353,2026,0
I4405263160,2006,0
I4405263160,2007,0
I4405263160,2008,0
I4405263160,2009,0
I4405263160,2010,0
I4405263160,2011,0
I4405263160,2012,0
I4405263160,2013,0
I4405263160,2014,0
I4405263160,2015,0
I4405263160,2016,0
I4405263160,2017,0
I4405263160,2018,0
I4405263160,2019,0
I4405263160,2020,0
I4405263160,2021,0
I4405263160,2022,0
I4405263160,2023,0
I4405263160,2024,0
I4405263160,2025,0
I4405263160,2026,0
I4210110911,2006,0
I4210110911,2007,0
I4210110911,2008,0
I4210110911,2009,0
I4210110911,2010,4
I4210110911,2011,1
I4210110911,2012,4
I4210110911,2013,1
I4210110911,2014,2
I4210110911,2015,9
I4210110911,2016,4
I4210110911,2017,5
I4210110911,2018,7
I4210110911,2019,10
I4210110911,2020,13
I4210110911,2021,15
I4210110911,2022,22
I4210110911,2023,18
I4210110911,2024,7
I4210110911,2025,24
I4210110911,2026,9
I4210100330,2006,0
I4210100330,2007,0
I4210100330,2008,1
I4210100330,2009,0
I4210100330,2010,0
I4210100330,2011,1
I4210100330,2012,0
I4210100330,2013,0
I4210100330,2014,2
I4210100330,2015,1
I4210100330,2016,1
I4210100330,2017,1
I4210100330,2018,3
I4210100330,2019,3
I4210100330,2020,3
I4210100330,2021,6
I4210100330,2022,9
I4210100330,2023,5
I4210100330,2024,7
I4210100330,2025,9
I4210100330,2026,5
I4210099197,2006,0
I4210099197,2007,0
I4210099197,2008,0
I4210099197,2009,0
I4210099197,2010,3
I4210099197,2011,0
I4210099197,2012,1
I4210099197,2013,2
I4210099197,2014,4
I4210099197,2015,3
I4210099197,2016,2
I4210099197,2017,5
I4210099197,2018,3
I4210099197,2019,1
I4210099197,2020,7
I4210099197,2021,11
I4210099197,2022,23
I4210099197,2023,17
I4210099197,2024,26
I4210099197,2025,58
I4210099197,2026,43
I4210145468,2006,0
I4210145468,2007,0
I4210145468,2008,1
I4210145468,2009,0
I4210145468,2010,0
I4210145468,2011,0
I4210145468,2012,0
I4210145468,2013,2
I4210145468,2014,1
I4210145468,2015,1
I4210145468,2016,4
I4210145468,2017,2
I4210145468,2018,10
I4210145468,2019,5
I4210145468,2020,2
I4210145468,2021,4
I4210145468,2022,1
I4210145468,2023,3
I4210145468,2024,12
I4210145468,2025,19
I4210145468,2026,15
I4210167265,2006,0
I4210167265,2007,0
I4210167265,2008,0
I4210167265,2009,2
I4210167265,2010,1
I4210167265,2011,1
I4210167265,2012,2
I4210167265,2013,0
I4210167265,2014,2
I4210167265,2015,2
I4210167265,2016,6
I4210167265,2017,6
I4210167265,2018,6
I4210167265,2019,5
I4210167265,2020,7
I4210167265,2021,13
I4210167265,2022,13
I4210167265,2023,20
I4210167265,2024,22
I4210167265,2025,69
I4210167265,2026,61
I4210153818,2006,0
I4210153818,2007,0
I4210153818,2008,3
I4210153818,2009,0
I4210153818,2010,0
I4210153818,2011,1
I4210153818,2012,4
I4210153818,2013,0
I4210153818,2014,0
I4210153818,2015,3
I4210153818,2016,1
I4210153818,2017,1
I4210153818,2018,1
I4210153818,2019,2
I4210153818,2020,4
I4210153818,2021,69
I4210153818,2022,64
I4210153818,2023,52
I4210153818,2024,65
I4210153818,2025,57
I4210153818,2026,26
I4405261717,2006,0
I4405261717,2007,0
I4405261717,2008,0
I4405261717,2009,0
I4405261717,2010,0
I4405261717,2011,0
I4405261717,2012,0
I4405261717,2013,0
I4405261717,2014,0
I4405261717,2015,0
I4405261717,2016,0
I4405261717,2017,0
I4405261717,2018,0
I4405261717,2019,0
I4405261717,2020,0
I4405261717,2021,0
I4405261717,2022,0
I4405261717,2023,0
I4405261717,2024,0
I4405261717,2025,0
I4405261717,2026,0
I4210089248,2006,13
I4210089248,2007,21
I4210089248,2008,11
I4210089248,2009,12
I4210089248,2010,20
I4210089248,2011,29
I4210089248,2012,24
I4210089248,2013,18
I4210089248,2014,18
I4210089248,2015,19
I4210089248,2016,29
I4210089248,2017,33
I4210089248,2018,32
I4210089248,2019,50
I4210089248,2020,46
I4210089248,2021,62
I4210089248,2022,59
I4210089248,2023,59
I4210089248,2024,49
I4210089248,2025,64
I4210089248,2026,35
I4210130305,2006,2
I4210130305,2007,1
I4210130305,2008,2
I4210130305,2009,0
I4210130305,2010,0
I4210130305,2011,0
I4210130305,2012,24
I4210130305,2013,13
I4210130305,2014,41
I4210130305,2015,35
I4210130305,2016,30
I4210130305,2017,39
I4210130305,2018,30
I4210130305,2019,29
I4210130305,2020,23
I4210130305,2021,23
I4210130305,2022,7
I4210130305,2023,10
I4210130305,2024,11
I4210130305,2025,21
I4210130305,2026,9
I4210158247,2006,0
I4210158247,2007,0
I4210158247,2008,0
I4210158247,2009,0
I4210158247,2010,0
I4210158247,2011,0
I4210158247,2012,0
I4210158247,2013,1
I4210158247,2014,0
I4210158247,2015,0
I4210158247,2016,0
I4210158247,2017,2
I4210158247,2018,1
I4210158247,2019,2
I4210158247,2020,1
I4210158247,2021,1
I4210158247,2022,0
I4210158247,2023,4
I4210158247,2024,1
I4210158247,2025,6
I4210158247,2026,12
I4210153012,2006,0
I4210153012,2007,1
I4210153012,2008,0
I4210153012,2009,0
I4210153012,2010,0
I4210153012,2011,0
I4210153012,2012,0
I4210153012,2013,2
I4210153012,2014,0
I4210153012,2015,0
I4210153012,2016,0
I4210153012,2017,4
I4210153012,2018,2
I4210153012,2019,0
I4210153012,2020,1
I4210153012,2021,0
I4210153012,2022,1
I4210153012,2023,0
I4210153012,2024,0
I4210153012,2025,3
I4210153012,2026,0
I4210134606,2006,0
I4210134606,2007,0
I4210134606,2008,0
I4210134606,2009,2
I4210134606,2010,0
I4210134606,2011,0
I4210134606,2012,0
I4210134606,2013,0
I4210134606,2014,1
I4210134606,2015,0
I4210134606,2016,1
I4210134606,2017,0
I4210134606,2018,3
I4210134606,2019,4
I4210134606,2020,3
I4210134606,2021,6
I4210134606,2022,5
I4210134606,2023,6
I4210134606,2024,9
I4210134606,2025,8
I4210134606,2026,13
I4405261005,2006,0
I4405261005,2007,0
I4405261005,2008,0
I4405261005,2009,0
I4405261005,2010,0
I4405261005,2011,0
I4405261005,2012,0
I4405261005,2013,0
I4405261005,2014,0
I4405261005,2015,0
I4405261005,2016,0
I4405261005,2017,0
I4405261005,2018,0
I4405261005,2019,0
I4405261005,2020,0
I4405261005,2021,0
I4405261005,2022,0
I4405261005,2023,0
I4405261005,2024,0
I4405261005,2025,0
I4405261005,2026,0
I4210158610,2006,1
I4210158610,2007,0
I4210158610,2008,0
I4210158610,2009,0
I4210158610,2010,0
I4210158610,2011,0
I4210158610,2012,2
I4210158610,2013,2
I4210158610,2014,1
I4210158610,2015,4
I4210158610,2016,3
I4210158610,2017,4
I4210158610,2018,7
I4210158610,2019,5
I4210158610,2020,7
I4210158610,2021,5
I4210158610,2022,6
I4210158610,2023,16
I4210158610,2024,19
I4210158610,2025,7
I4210158610,2026,11
I4210131119,2006,0
I4210131119,2007,0
I4210131119,2008,0
I4210131119,2009,0
I4210131119,2010,1
I4210131119,2011,0
I4210131119,2012,0
I4210131119,2013,0
I4210131119,2014,0
I4210131119,2015,1
I4210131119,2016,0
I4210131119,2017,0
I4210131119,2018,0
I4210131119,2019,0
I4210131119,2020,0
I4210131119,2021,1
I4210131119,2022,0
I4210131119,2023,2
I4210131119,2024,4
I4210131119,2025,12
I4210131119,2026,6
I4405259536,2006,0
I4405259536,2007,0
I4405259536,2008,0
I4405259536,2009,0
I4405259536,2010,0
I4405259536,2011,0
I4405259536,2012,0
I4405259536,2013,0
I4405259536,2014,0
I4405259536,2015,0
I4405259536,2016,0
I4405259536,2017,0
I4405259536,2018,0
I4405259536,2019,0
I4405259536,2020,0
I4405259536,2021,0
I4405259536,2022,0
I4405259536,2023,0
I4405259536,2024,0
I4405259536,2025,0
I4405259536,2026,0
I1317634868,2006,4
I1317634868,2007,2
I1317634868,2008,9
I1317634868,2009,11
I1317634868,2010,14
I1317634868,2011,14
I1317634868,2012,6
I1317634868,2013,13
I1317634868,2014,21
I1317634868,2015,26
I1317634868,2016,21
I1317634868,2017,15
I1317634868,2018,18
I1317634868,2019,37
I1317634868,2020,27
I1317634868,2021,22
I1317634868,2022,34
I1317634868,2023,43
I1317634868,2024,31
I1317634868,2025,35
I1317634868,2026,26
I4210143397,2006,0
I4210143397,2007,1
I4210143397,2008,1
I4210143397,2009,1
I4210143397,2010,0
I4210143397,2011,0
I4210143397,2012,0
I4210143397,2013,2
I4210143397,2014,2
I4210143397,2015,1
I4210143397,2016,0
I4210143397,2017,0
I4210143397,2018,0
I4210143397,2019,0
I4210143397,2020,1
I4210143397,2021,2
I4210143397,2022,5
I4210143397,2023,4
I4210143397,2024,0
I4210143397,2025,28
I4210143397,2026,77
I4405266340,2006,0
I4405266340,2007,0
I4405266340,2008,0
I4405266340,2009,0
I4405266340,2010,0
I4405266340,2011,0
I4405266340,2012,0
I4405266340,2013,0
I4405266340,2014,0
I4405266340,2015,0
I4405266340,2016,0
I4405266340,2017,0
I4405266340,2018,0
I4405266340,2019,0
I4405266340,2020,0
I4405266340,2021,0
I4405266340,2022,0
I4405266340,2023,0
I4405266340,2024,0
I4405266340,2025,0
I4405266340,2026,0
I4210126272,2006,7
I4210126272,2007,2
I4210126272,2008,4
I4210126272,2009,8
I4210126272,2010,7
I4210126272,2011,4
I4210126272,2012,11
I4210126272,2013,11
I4210126272,2014,7
I4210126272,2015,8
I4210126272,2016,11
I4210126272,2017,9
I4210126272,2018,11
I4210126272,2019,9
I4210126272,2020,14
I4210126272,2021,14
I4210126272,2022,18
I4210126272,2023,12
I4210126272,2024,10
I4210126272,2025,14
I4210126272,2026,4
I4210087931,2006,32
I4210087931,2007,33
I4210087931,2008,30
I4210087931,2009,32
I4210087931,2010,26
I4210087931,2011,36
I4210087931,2012,24
I4210087931,2013,20
I4210087931,2014,31
I4210087931,2015,53
I4210087931,2016,41
I4210087931,2017,48
I4210087931,2018,34
I4210087931,2019,31
I4210087931,2020,49
I4210087931,2021,46
I4210087931,2022,41
I4210087931,2023,58
I4210087931,2024,77
I4210087931,2025,175
I4210087931,2026,135
I4210089506,2006,0
I4210089506,2007,0
I4210089506,2008,0
I4210089506,2009,0
I4210089506,2010,1
I4210089506,2011,1
I4210089506,2012,1
I4210089506,2013,1
I4210089506,2014,9
I4210089506,2015,6
I4210089506,2016,10
I4210089506,2017,19
I4210089506,2018,11
I4210089506,2019,18
I4210089506,2020,16
I4210089506,2021,49
I4210089506,2022,52
I4210089506,2023,99
I4210089506,2024,191
I4210089506,2025,205
I4210089506,2026,176
I4405256525,2006,0
I4405256525,2007,0
I4405256525,2008,0
I4405256525,2009,0
I4405256525,2010,0
I4405256525,2011,0
I4405256525,2012,0
I4405256525,2013,0
I4405256525,2014,0
I4405256525,2015,0
I4405256525,2016,0
I4405256525,2017,0
I4405256525,2018,0
I4405256525,2019,0
I4405256525,2020,0
I4405256525,2021,0
I4405256525,2022,0
I4405256525,2023,0
I4405256525,2024,0
I4405256525,2025,0
I4405256525,2026,0
I2802797706,2006,0
I2802797706,2007,2
I2802797706,2008,5
I2802797706,2009,2
I2802797706,2010,2
I2802797706,2011,12
I2802797706,2012,4
I2802797706,2013,14
I2802797706,2014,10
I2802797706,2015,11
I2802797706,2016,32
I2802797706,2017,20
I2802797706,2018,30
I2802797706,2019,33
I2802797706,2020,42
I2802797706,2021,49
I2802797706,2022,79
I2802797706,2023,91
I2802797706,2024,118
I2802797706,2025,117
I2802797706,2026,32
I4210142187,2006,10
I4210142187,2007,4
I4210142187,2008,5
I4210142187,2009,3
I4210142187,2010,6
I4210142187,2011,10
I4210142187,2012,10
I4210142187,2013,6
I4210142187,2014,5
I4210142187,2015,13
I4210142187,2016,25
I4210142187,2017,21
I4210142187,2018,37
I4210142187,2019,30
I4210142187,2020,28
I4210142187,2021,18
I4210142187,2022,54
I4210142187,2023,67
I4210142187,2024,62
I4210142187,2025,89
I4210142187,2026,30
I4210112258,2006,0
I4210112258,2007,0
I4210112258,2008,0
I4210112258,2009,0
I4210112258,2010,0
I4210112258,2011,0
I4210112258,2012,2
I4210112258,2013,1
I4210112258,2014,1
I4210112258,2015,0
I4210112258,2016,1
I4210112258,2017,1
I4210112258,2018,4
I4210112258,2019,3
I4210112258,2020,1
I4210112258,2021,1
I4210112258,2022,0
I4210112258,2023,1
I4210112258,2024,1
I4210112258,2025,4
I4210112258,2026,2
I4210162948,2006,0
I4210162948,2007,0
I4210162948,2008,0
I4210162948,2009,0
I4210162948,2010,0
I4210162948,2011,0
I4210162948,2012,0
I4210162948,2013,0
I4210162948,2014,0
I4210162948,2015,0
I4210162948,2016,0
I4210162948,2017,0
I4210162948,2018,0
I4210162948,2019,0
I4210162948,2020,1
I4210162948,2021,3
I4210162948,2022,3
I4210162948,2023,0
I4210162948,2024,0
I4210162948,2025,4
I4210162948,2026,0
I4210134162,2006,0
I4210134162,2007,0
I4210134162,2008,2
I4210134162,2009,5
I4210134162,2010,5
I4210134162,2011,3
I4210134162,2012,2
I4210134162,2013,7
I4210134162,2014,3
I4210134162,2015,8
I4210134162,2016,4
I4210134162,2017,9
I4210134162,2018,18
I4210134162,2019,25
I4210134162,2020,14
I4210134162,2021,27
I4210134162,2022,53
I4210134162,2023,54
I4210134162,2024,63
I4210134162,2025,114
I4210134162,2026,64
I4405261778,2006,0
I4405261778,2007,0
I4405261778,2008,0
I4405261778,2009,0
I4405261778,2010,0
I4405261778,2011,0
I4405261778,2012,0
I4405261778,2013,0
I4405261778,2014,0
I4405261778,2015,0
I4405261778,2016,0
I4405261778,2017,0
I4405261778,2018,0
I4405261778,2019,0
I4405261778,2020,0
I4405261778,2021,0
I4405261778,2022,0
I4405261778,2023,0
I4405261778,2024,0
I4405261778,2025,0
I4405261778,2026,0
I4210139036,2006,3
I4210139036,2007,3
I4210139036,2008,6
I4210139036,2009,7
I4210139036,2010,2
I4210139036,2011,1
I4210139036,2012,3
I4210139036,2013,5
I4210139036,2014,7
I4210139036,2015,5
I4210139036,2016,6
I4210139036,2017,6
I4210139036,2018,6
I4210139036,2019,10
I4210139036,2020,18
I4210139036,2021,8
I4210139036,2022,26
I4210139036,2023,18
I4210139036,2024,22
I4210139036,2025,29
I4210139036,2026,19
I4210137493,2006,0
I4210137493,2007,0
I4210137493,2008,0
I4210137493,2009,0
I4210137493,2010,0
I4210137493,2011,0
I4210137493,2012,0
I4210137493,2013,0
I4210137493,2014,1
I4210137493,2015,0
I4210137493,2016,3
I4210137493,2017,1
I4210137493,2018,4
I4210137493,2019,8
I4210137493,2020,9
I4210137493,2021,9
I4210137493,2022,14
I4210137493,2023,13
I4210137493,2024,26
I4210137493,2025,43
I4210137493,2026,15
I4405253711,2006,0
I4405253711,2007,0
I4405253711,2008,0
I4405253711,2009,0
I4405253711,2010,0
I4405253711,2011,0
I4405253711,2012,0
I4405253711,2013,0
I4405253711,2014,0
I4405253711,2015,0
I4405253711,2016,0
I4405253711,2017,0
I4405253711,2018,0
I4405253711,2019,0
I4405253711,2020,0
I4405253711,2021,0
I4405253711,2022,0
I4405253711,2023,0
I4405253711,2024,0
I4405253711,2025,0
I4405253711,2026,0
I4210147889,2006,1
I4210147889,2007,0
I4210147889,2008,0
I4210147889,2009,0
I4210147889,2010,0
I4210147889,2011,0
I4210147889,2012,0
I4210147889,2013,1
I4210147889,2014,3
I4210147889,2015,1
I4210147889,2016,0
I4210147889,2017,1
I4210147889,2018,0
I4210147889,2019,6
I4210147889,2020,2
I4210147889,2021,2
I4210147889,2022,3
I4210147889,2023,13
I4210147889,2024,2
I4210147889,2025,1
I4210147889,2026,0
I4405259650,2006,0
I4405259650,2007,0
I4405259650,2008,0
I4405259650,2009,0
I4405259650,2010,0
I4405259650,2011,0
I4405259650,2012,0
I4405259650,2013,0
I4405259650,2014,0
I4405259650,2015,0
I4405259650,2016,0
I4405259650,2017,0
I4405259650,2018,0
I4405259650,2019,0
I4405259650,2020,0
I4405259650,2021,0
I4405259650,2022,0
I4405259650,2023,0
I4405259650,2024,0
I4405259650,2025,0
I4405259650,2026,0
I4210146479,2006,4
I4210146479,2007,5
I4210146479,2008,7
I4210146479,2009,9
I4210146479,2010,8
I4210146479,2011,21
I4210146479,2012,17
I4210146479,2013,9
I4210146479,2014,9
I4210146479,2015,9
I4210146479,2016,7
I4210146479,2017,2
I4210146479,2018,6
I4210146479,2019,9
I4210146479,2020,19
I4210146479,2021,17
I4210146479,2022,9
I4210146479,2023,18
I4210146479,2024,15
I4210146479,2025,12
I4210146479,2026,12
I4210116050,2006,0
I4210116050,2007,0
I4210116050,2008,0
I4210116050,2009,0
I4210116050,2010,0
I4210116050,2011,0
I4210116050,2012,0
I4210116050,2013,0
I4210116050,2014,1
I4210116050,2015,2
I4210116050,2016,1
I4210116050,2017,2
I4210116050,2018,0
I4210116050,2019,1
I4210116050,2020,0
I4210116050,2021,0
I4210116050,2022,5
I4210116050,2023,2
I4210116050,2024,1
I4210116050,2025,4
I4210116050,2026,2
I4210136338,2006,4
I4210136338,2007,6
I4210136338,2008,2
I4210136338,2009,5
I4210136338,2010,6
I4210136338,2011,6
I4210136338,2012,5
I4210136338,2013,4
I4210136338,2014,5
I4210136338,2015,3
I4210136338,2016,6
I4210136338,2017,3
I4210136338,2018,6
I4210136338,2019,5
I4210136338,2020,10
I4210136338,2021,19
I4210136338,2022,25
I4210136338,2023,13
I4210136338,2024,10
I4210136338,2025,18
I4210136338,2026,10
I4210088655,2006,2
I4210088655,2007,1
I4210088655,2008,1
I4210088655,2009,2
I4210088655,2010,2
I4210088655,2011,0
I4210088655,2012,2
I4210088655,2013,25
I4210088655,2014,2
I4210088655,2015,7
I4210088655,2016,6
I4210088655,2017,19
I4210088655,2018,4
I4210088655,2019,2
I4210088655,2020,3
I4210088655,2021,5
I4210088655,2022,27
I4210088655,2023,7
I4210088655,2024,8
I4210088655,2025,13
I4210088655,2026,2
I4210139431,2006,15
I4210139431,2007,6
I4210139431,2008,9
I4210139431,2009,15
I4210139431,2010,11
I4210139431,2011,14
I4210139431,2012,23
I4210139431,2013,22
I4210139431,2014,30
I4210139431,2015,33
I4210139431,2016,35
I4210139431,2017,34
I4210139431,2018,26
I4210139431,2019,30
I4210139431,2020,54
I4210139431,2021,74
I4210139431,2022,62
I4210139431,2023,54
I4210139431,2024,55
I4210139431,2025,33
I4210139431,2026,11
I4210092341,2006,3
I4210092341,2007,4
I4210092341,2008,5
I4210092341,2009,4
I4210092341,2010,2
I4210092341,2011,4
I4210092341,2012,7
I4210092341,2013,11
I4210092341,2014,5
I4210092341,2015,6
I4210092341,2016,7
I4210092341,2017,14
I4210092341,2018,15
I4210092341,2019,11
I4210092341,2020,14
I4210092341,2021,21
I4210092341,2022,23
I4210092341,2023,24
I4210092341,2024,14
I4210092341,2025,15
I4210092341,2026,9
I4210114895,2006,1
I4210114895,2007,0
I4210114895,2008,2
I4210114895,2009,2
I4210114895,2010,1
I4210114895,2011,1
I4210114895,2012,0
I4210114895,2013,2
I4210114895,2014,1
I4210114895,2015,0
I4210114895,2016,0
I4210114895,2017,2
I4210114895,2018,1
I4210114895,2019,2
I4210114895,2020,5
I4210114895,2021,7
I4210114895,2022,1
I4210114895,2023,4
I4210114895,2024,3
I4210114895,2025,11
I4210114895,2026,4
I4210099667,2006,0
I4210099667,2007,0
I4210099667,2008,0
I4210099667,2009,0
I4210099667,2010,0
I4210099667,2011,1
I4210099667,2012,1
I4210099667,2013,0
I4210099667,2014,3
I4210099667,2015,0
I4210099667,2016,0
I4210099667,2017,2
I4210099667,2018,0
I4210099667,2019,2
I4210099667,2020,3
I4210099667,2021,1
I4210099667,2022,1
I4210099667,2023,3
I4210099667,2024,5
I4210099667,2025,8
I4210099667,2026,3
I4210114882,2006,0
I4210114882,2007,1
I4210114882,2008,3
I4210114882,2009,10
I4210114882,2010,1
I4210114882,2011,2
I4210114882,2012,1
I4210114882,2013,0
I4210114882,2014,1
I4210114882,2015,1
I4210114882,2016,2
I4210114882,2017,2
I4210114882,2018,3
I4210114882,2019,5
I4210114882,2020,13
I4210114882,2021,10
I4210114882,2022,14
I4210114882,2023,19
I4210114882,2024,27
I4210114882,2025,21
I4210114882,2026,13
I4210154290,2006,1
I4210154290,2007,0
I4210154290,2008,1
I4210154290,2009,0
I4210154290,2010,0
I4210154290,2011,1
I4210154290,2012,0
I4210154290,2013,2
I4210154290,2014,0
I4210154290,2015,3
I4210154290,2016,3
I4210154290,2017,2
I4210154290,2018,4
I4210154290,2019,9
I4210154290,2020,16
I4210154290,2021,17
I4210154290,2022,16
I4210154290,2023,16
I4210154290,2024,14
I4210154290,2025,26
I4210154290,2026,17
I4210105090,2006,0
I4210105090,2007,1
I4210105090,2008,1
I4210105090,2009,0
I4210105090,2010,0
I4210105090,2011,0
I4210105090,2012,0
I4210105090,2013,0
I4210105090,2014,0
I4210105090,2015,1
I4210105090,2016,2
I4210105090,2017,1
I4210105090,2018,1
I4210105090,2019,1
I4210105090,2020,1
I4210105090,2021,2
I4210105090,2022,2
I4210105090,2023,0
I4210105090,2024,2
I4210105090,2025,8
I4210105090,2026,8
I4210159165,2006,0
I4210159165,2007,1
I4210159165,2008,0
I4210159165,2009,0
I4210159165,2010,0
I4210159165,2011,0
I4210159165,2012,1
I4210159165,2013,2
I4210159165,2014,4
I4210159165,2015,9
I4210159165,2016,7
I4210159165,2017,6
I4210159165,2018,8
I4210159165,2019,4
I4210159165,2020,16
I4210159165,2021,8
I4210159165,2022,13
I4210159165,2023,26
I4210159165,2024,17
I4210159165,2025,27
I4210159165,2026,19
I4210160534,2006,0
I4210160534,2007,0
I4210160534,2008,1
I4210160534,2009,4
I4210160534,2010,4
I4210160534,2011,3
I4210160534,2012,2
I4210160534,2013,4
I4210160534,2014,5
I4210160534,2015,4
I4210160534,2016,3
I4210160534,2017,7
I4210160534,2018,4
I4210160534,2019,2
I4210160534,2020,8
I4210160534,2021,5
I4210160534,2022,7
I4210160534,2023,9
I4210160534,2024,12
I4210160534,2025,14
I4210160534,2026,10
I4210125163,2006,1
I4210125163,2007,7
I4210125163,2008,2
I4210125163,2009,13
I4210125163,2010,10
I4210125163,2011,8
I4210125163,2012,11
I4210125163,2013,7
I4210125163,2014,12
I4210125163,2015,31
I4210125163,2016,11
I4210125163,2017,4
I4210125163,2018,15
I4210125163,2019,22
I4210125163,2020,27
I4210125163,2021,24
I4210125163,2022,24
I4210125163,2023,30
I4210125163,2024,59
I4210125163,2025,60
I4210125163,2026,58
I4210094767,2006,2
I4210094767,2007,0
I4210094767,2008,0
I4210094767,2009,1
I4210094767,2010,1
I4210094767,2011,1
I4210094767,2012,4
I4210094767,2013,0
I4210094767,2014,8
I4210094767,2015,24
I4210094767,2016,42
I4210094767,2017,42
I4210094767,2018,56
I4210094767,2019,65
I4210094767,2020,135
I4210094767,2021,105
I4210094767,2022,161
I4210094767,2023,241
I4210094767,2024,535
I4210094767,2025,701
I4210094767,2026,306
I2800679637,2006,0
I2800679637,2007,0
I2800679637,2008,0
I2800679637,2009,1
I2800679637,2010,2
I2800679637,2011,2
I2800679637,2012,2
I2800679637,2013,1
I2800679637,2014,0
I2800679637,2015,1
I2800679637,2016,1
I2800679637,2017,2
I2800679637,2018,0
I2800679637,2019,1
I2800679637,2020,0
I2800679637,2021,0
I2800679637,2022,4
I2800679637,2023,2
I2800679637,2024,3
I2800679637,2025,0
I2800679637,2026,2
I4210159313,2006,0
I4210159313,2007,0
I4210159313,2008,2
I4210159313,2009,2
I4210159313,2010,0
I4210159313,2011,2
I4210159313,2012,1
I4210159313,2013,7
I4210159313,2014,4
I4210159313,2015,0
I4210159313,2016,0
I4210159313,2017,5
I4210159313,2018,6
I4210159313,2019,12
I4210159313,2020,12
I4210159313,2021,16
I4210159313,2022,41
I4210159313,2023,38
I4210159313,2024,26
I4210159313,2025,16
I4210159313,2026,8
I4210145453,2006,0
I4210145453,2007,0
I4210145453,2008,1
I4210145453,2009,3
I4210145453,2010,0
I4210145453,2011,0
I4210145453,2012,1
I4210145453,2013,3
I4210145453,2014,2
I4210145453,2015,2
I4210145453,2016,3
I4210145453,2017,3
I4210145453,2018,2
I4210145453,2019,4
I4210145453,2020,3
I4210145453,2021,4
I4210145453,2022,12
I4210145453,2023,6
I4210145453,2024,12
I4210145453,2025,11
I4210145453,2026,2
I91080651,2006,77
I91080651,2007,103
I91080651,2008,113
I91080651,2009,104
I91080651,2010,124
I91080651,2011,123
I91080651,2012,138
I91080651,2013,142
I91080651,2014,145
I91080651,2015,129
I91080651,2016,93
I91080651,2017,105
I91080651,2018,96
I91080651,2019,99
I91080651,2020,102
I91080651,2021,131
I91080651,2022,104
I91080651,2023,116
I91080651,2024,120
I91080651,2025,143
I91080651,2026,60
I4210163774,2006,70
I4210163774,2007,91
I4210163774,2008,70
I4210163774,2009,99
I4210163774,2010,111
I4210163774,2011,145
I4210163774,2012,191
I4210163774,2013,176
I4210163774,2014,194
I4210163774,2015,228
I4210163774,2016,221
I4210163774,2017,231
I4210163774,2018,272
I4210163774,2019,217
I4210163774,2020,335
I4210163774,2021,349
I4210163774,2022,307
I4210163774,2023,263
I4210163774,2024,304
I4210163774,2025,246
I4210163774,2026,101
I4210134797,2006,0
I4210134797,2007,0
I4210134797,2008,2
I4210134797,2009,0
I4210134797,2010,0
I4210134797,2011,0
I4210134797,2012,0
I4210134797,2013,0
I4210134797,2014,0
I4210134797,2015,0
I4210134797,2016,3
I4210134797,2017,1
I4210134797,2018,0
I4210134797,2019,4
I4210134797,2020,3
I4210134797,2021,5
I4210134797,2022,5
I4210134797,2023,0
I4210134797,2024,0
I4210134797,2025,10
I4210134797,2026,0
I4210107488,2006,16
I4210107488,2007,7
I4210107488,2008,145
I4210107488,2009,14
I4210107488,2010,19
I4210107488,2011,36
I4210107488,2012,39
I4210107488,2013,44
I4210107488,2014,42
I4210107488,2015,61
I4210107488,2016,42
I4210107488,2017,50
I4210107488,2018,50
I4210107488,2019,30
I4210107488,2020,56
I4210107488,2021,60
I4210107488,2022,45
I4210107488,2023,72
I4210107488,2024,82
I4210107488,2025,82
I4210107488,2026,54
I4210140037,2006,3
I4210140037,2007,3
I4210140037,2008,1
I4210140037,2009,4
I4210140037,2010,5
I4210140037,2011,5
I4210140037,2012,1
I4210140037,2013,6
I4210140037,2014,4
I4210140037,2015,3
I4210140037,2016,7
I4210140037,2017,7
I4210140037,2018,7
I4210140037,2019,12
I4210140037,2020,12
I4210140037,2021,11
I4210140037,2022,17
I4210140037,2023,20
I4210140037,2024,34
I4210140037,2025,27
I4210140037,2026,3
I3132975919,2006,0
I3132975919,2007,1
I3132975919,2008,0
I3132975919,2009,2
I3132975919,2010,1
I3132975919,2011,1
I3132975919,2012,1
I3132975919,2013,0
I3132975919,2014,2
I3132975919,2015,0
I3132975919,2016,3
I3132975919,2017,8
I3132975919,2018,3
I3132975919,2019,0
I3132975919,2020,2
I3132975919,2021,3
I3132975919,2022,3
I3132975919,2023,0
I3132975919,2024,2
I3132975919,2025,8
I3132975919,2026,1
I4210108597,2006,0
I4210108597,2007,0
I4210108597,2008,0
I4210108597,2009,1
I4210108597,2010,1
I4210108597,2011,1
I4210108597,2012,3
I4210108597,2013,2
I4210108597,2014,1
I4210108597,2015,1
I4210108597,2016,4
I4210108597,2017,3
I4210108597,2018,7
I4210108597,2019,6
I4210108597,2020,3
I4210108597,2021,11
I4210108597,2022,11
I4210108597,2023,10
I4210108597,2024,17
I4210108597,2025,39
I4210108597,2026,13
I4210157838,2006,0
I4210157838,2007,0
I4210157838,2008,0
I4210157838,2009,0
I4210157838,2010,0
I4210157838,2011,0
I4210157838,2012,0
I4210157838,2013,0
I4210157838,2014,0
I4210157838,2015,1
I4210157838,2016,0
I4210157838,2017,1
I4210157838,2018,0
I4210157838,2019,0
I4210157838,2020,4
I4210157838,2021,1
I4210157838,2022,1
I4210157838,2023,0
I4210157838,2024,0
I4210157838,2025,4
I4210157838,2026,0
I4405259994,2006,0
I4405259994,2007,0
I4405259994,2008,0
I4405259994,2009,0
I4405259994,2010,0
I4405259994,2011,0
I4405259994,2012,0
I4405259994,2013,0
I4405259994,2014,0
I4405259994,2015,0
I4405259994,2016,0
I4405259994,2017,0
I4405259994,2018,0
I4405259994,2019,0
I4405259994,2020,0
I4405259994,2021,0
I4405259994,2022,0
I4405259994,2023,0
I4405259994,2024,0
I4405259994,2025,0
I4405259994,2026,0
I263913023,2006,1
I263913023,2007,1
I263913023,2008,1
I263913023,2009,2
I263913023,2010,4
I263913023,2011,17
I263913023,2012,21
I263913023,2013,27
I263913023,2014,17
I263913023,2015,30
I263913023,2016,31
I263913023,2017,62
I263913023,2018,47
I263913023,2019,68
I263913023,2020,78
I263913023,2021,72
I263913023,2022,83
I263913023,2023,75
I263913023,2024,84
I263913023,2025,133
I263913023,2026,106
I4210122462,2006,0
I4210122462,2007,0
I4210122462,2008,0
I4210122462,2009,1
I4210122462,2010,0
I4210122462,2011,1
I4210122462,2012,1
I4210122462,2013,1
I4210122462,2014,0
I4210122462,2015,1
I4210122462,2016,5
I4210122462,2017,3
I4210122462,2018,3
I4210122462,2019,3
I4210122462,2020,3
I4210122462,2021,13
I4210122462,2022,12
I4210122462,2023,7
I4210122462,2024,27
I4210122462,2025,40
I4210122462,2026,24
I4210124129,2006,0
I4210124129,2007,0
I4210124129,2008,0
I4210124129,2009,3
I4210124129,2010,0
I4210124129,2011,1
I4210124129,2012,2
I4210124129,2013,1
I4210124129,2014,2
I4210124129,2015,3
I4210124129,2016,1
I4210124129,2017,1
I4210124129,2018,4
I4210124129,2019,7
I4210124129,2020,6
I4210124129,2021,10
I4210124129,2022,5
I4210124129,2023,13
I4210124129,2024,18
I4210124129,2025,11
I4210124129,2026,6
I4210099821,2006,1
I4210099821,2007,1
I4210099821,2008,1
I4210099821,2009,0
I4210099821,2010,0
I4210099821,2011,1
I4210099821,2012,3
I4210099821,2013,4
I4210099821,2014,2
I4210099821,2015,9
I4210099821,2016,7
I4210099821,2017,5
I4210099821,2018,11
I4210099821,2019,13
I4210099821,2020,17
I4210099821,2021,33
I4210099821,2022,38
I4210099821,2023,56
I4210099821,2024,61
I4210099821,2025,82
I4210099821,2026,26
I4210106663,2006,0
I4210106663,2007,4
I4210106663,2008,1
I4210106663,2009,0
I4210106663,2010,10
I4210106663,2011,11
I4210106663,2012,22
I4210106663,2013,29
I4210106663,2014,53
I4210106663,2015,70
I4210106663,2016,79
I4210106663,2017,65
I4210106663,2018,132
I4210106663,2019,180
I4210106663,2020,206
I4210106663,2021,257
I4210106663,2022,274
I4210106663,2023,347
I4210106663,2024,395
I4210106663,2025,438
I4210106663,2026,182
I4405261176,2006,0
I4405261176,2007,0
I4405261176,2008,0
I4405261176,2009,0
I4405261176,2010,0
I4405261176,2011,0
I4405261176,2012,0
I4405261176,2013,0
I4405261176,2014,0
I4405261176,2015,0
I4405261176,2016,0
I4405261176,2017,0
I4405261176,2018,0
I4405261176,2019,0
I4405261176,2020,0
I4405261176,2021,0
I4405261176,2022,0
I4405261176,2023,0
I4405261176,2024,0
I4405261176,2025,0
I4405261176,2026,0
I3131644003,2006,0
I3131644003,2007,0
I3131644003,2008,0
I3131644003,2009,0
I3131644003,2010,0
I3131644003,2011,0
I3131644003,2012,0
I3131644003,2013,0
I3131644003,2014,0
I3131644003,2015,1
I3131644003,2016,1
I3131644003,2017,0
I3131644003,2018,0
I3131644003,2019,1
I3131644003,2020,6
I3131644003,2021,3
I3131644003,2022,10
I3131644003,2023,16
I3131644003,2024,16
I3131644003,2025,18
I3131644003,2026,27
I2801517398,2006,0
I2801517398,2007,0
I2801517398,2008,3
I2801517398,2009,3
I2801517398,2010,1
I2801517398,2011,3
I2801517398,2012,6
I2801517398,2013,5
I2801517398,2014,28
I2801517398,2015,10
I2801517398,2016,16
I2801517398,2017,12
I2801517398,2018,26
I2801517398,2019,25
I2801517398,2020,32
I2801517398,2021,78
I2801517398,2022,120
I2801517398,2023,114
I2801517398,2024,114
I2801517398,2025,86
I2801517398,2026,31
I185474147,2006,2
I185474147,2007,1
I185474147,2008,2
I185474147,2009,0
I185474147,2010,2
I185474147,2011,7
I185474147,2012,4
I185474147,2013,4
I185474147,2014,18
I185474147,2015,16
I185474147,2016,25
I185474147,2017,19
I185474147,2018,40
I185474147,2019,32
I185474147,2020,66
I185474147,2021,64
I185474147,2022,81
I185474147,2023,87
I185474147,2024,130
I185474147,2025,125
I185474147,2026,50
I4210105844,2006,9
I4210105844,2007,10
I4210105844,2008,5
I4210105844,2009,10
I4210105844,2010,5
I4210105844,2011,13
I4210105844,2012,7
I4210105844,2013,11
I4210105844,2014,13
I4210105844,2015,7
I4210105844,2016,3
I4210105844,2017,2
I4210105844,2018,4
I4210105844,2019,6
I4210105844,2020,12
I4210105844,2021,13
I4210105844,2022,7
I4210105844,2023,18
I4210105844,2024,6
I4210105844,2025,13
I4210105844,2026,10
I4405263093,2006,0
I4405263093,2007,0
I4405263093,2008,0
I4405263093,2009,0
I4405263093,2010,0
I4405263093,2011,0
I4405263093,2012,0
I4405263093,2013,0
I4405263093,2014,0
I4405263093,2015,0
I4405263093,2016,0
I4405263093,2017,0
I4405263093,2018,0
I4405263093,2019,0
I4405263093,2020,0
I4405263093,2021,0
I4405263093,2022,0
I4405263093,2023,0
I4405263093,2024,0
I4405263093,2025,0
I4405263093,2026,0
I4210157195,2006,0
I4210157195,2007,1
I4210157195,2008,1
I4210157195,2009,3
I4210157195,2010,1
I4210157195,2011,1
I4210157195,2012,2
I4210157195,2013,0
I4210157195,2014,1
I4210157195,2015,2
I4210157195,2016,7
I4210157195,2017,7
I4210157195,2018,7
I4210157195,2019,7
I4210157195,2020,12
I4210157195,2021,15
I4210157195,2022,17
I4210157195,2023,29
I4210157195,2024,65
I4210157195,2025,139
I4210157195,2026,96
I315205436,2006,4
I315205436,2007,1
I315205436,2008,1
I315205436,2009,1
I315205436,2010,1
I315205436,2011,6
I315205436,2012,12
I315205436,2013,35
I315205436,2014,62
I315205436,2015,72
I315205436,2016,46
I315205436,2017,61
I315205436,2018,104
I315205436,2019,105
I315205436,2020,163
I315205436,2021,173
I315205436,2022,212
I315205436,2023,255
I315205436,2024,241
I315205436,2025,256
I315205436,2026,127
I4210106316,2006,0
I4210106316,2007,1
I4210106316,2008,2
I4210106316,2009,1
I4210106316,2010,0
I4210106316,2011,2
I4210106316,2012,1
I4210106316,2013,4
I4210106316,2014,0
I4210106316,2015,2
I4210106316,2016,2
I4210106316,2017,1
I4210106316,2018,2
I4210106316,2019,2
I4210106316,2020,11
I4210106316,2021,10
I4210106316,2022,16
I4210106316,2023,16
I4210106316,2024,18
I4210106316,2025,53
I4210106316,2026,22
I4210100085,2006,4
I4210100085,2007,8
I4210100085,2008,4
I4210100085,2009,4
I4210100085,2010,0
I4210100085,2011,6
I4210100085,2012,15
I4210100085,2013,4
I4210100085,2014,13
I4210100085,2015,2
I4210100085,2016,2
I4210100085,2017,0
I4210100085,2018,3
I4210100085,2019,0
I4210100085,2020,2
I4210100085,2021,10
I4210100085,2022,2
I4210100085,2023,5
I4210100085,2024,12
I4210100085,2025,25
I4210100085,2026,11
I4210131030,2006,13
I4210131030,2007,5
I4210131030,2008,15
I4210131030,2009,9
I4210131030,2010,7
I4210131030,2011,9
I4210131030,2012,10
I4210131030,2013,6
I4210131030,2014,11
I4210131030,2015,5
I4210131030,2016,2
I4210131030,2017,3
I4210131030,2018,4
I4210131030,2019,5
I4210131030,2020,13
I4210131030,2021,9
I4210131030,2022,11
I4210131030,2023,9
I4210131030,2024,12
I4210131030,2025,14
I4210131030,2026,5
I4405260700,2006,0
I4405260700,2007,0
I4405260700,2008,0
I4405260700,2009,0
I4405260700,2010,0
I4405260700,2011,0
I4405260700,2012,0
I4405260700,2013,0
I4405260700,2014,0
I4405260700,2015,0
I4405260700,2016,0
I4405260700,2017,0
I4405260700,2018,0
I4405260700,2019,0
I4405260700,2020,0
I4405260700,2021,0
I4405260700,2022,0
I4405260700,2023,0
I4405260700,2024,0
I4405260700,2025,0
I4405260700,2026,0
I4405261325,2006,0
I4405261325,2007,0
I4405261325,2008,0
I4405261325,2009,0
I4405261325,2010,0
I4405261325,2011,0
I4405261325,2012,0
I4405261325,2013,0
I4405261325,2014,0
I4405261325,2015,0
I4405261325,2016,0
I4405261325,2017,0
I4405261325,2018,0
I4405261325,2019,0
I4405261325,2020,0
I4405261325,2021,0
I4405261325,2022,0
I4405261325,2023,0
I4405261325,2024,0
I4405261325,2025,0
I4405261325,2026,0
I4405255526,2006,0
I4405255526,2007,0
I4405255526,2008,0
I4405255526,2009,0
I4405255526,2010,0
I4405255526,2011,0
I4405255526,2012,0
I4405255526,2013,0
I4405255526,2014,0
I4405255526,2015,0
I4405255526,2016,0
I4405255526,2017,0
I4405255526,2018,0
I4405255526,2019,0
I4405255526,2020,0
I4405255526,2021,0
I4405255526,2022,0
I4405255526,2023,0
I4405255526,2024,0
I4405255526,2025,0
I4405255526,2026,0
I4210123766,2006,0
I4210123766,2007,0
I4210123766,2008,0
I4210123766,2009,3
I4210123766,2010,0
I4210123766,2011,2
I4210123766,2012,7
I4210123766,2013,18
I4210123766,2014,29
I4210123766,2015,48
I4210123766,2016,31
I4210123766,2017,40
I4210123766,2018,56
I4210123766,2019,106
I4210123766,2020,149
I4210123766,2021,146
I4210123766,2022,241
I4210123766,2023,305
I4210123766,2024,454
I4210123766,2025,534
I4210123766,2026,205
I1443707,2006,60
I1443707,2007,52
I1443707,2008,105
I1443707,2009,110
I1443707,2010,138
I1443707,2011,225
I1443707,2012,209
I1443707,2013,260
I1443707,2014,307
I1443707,2015,358
I1443707,2016,374
I1443707,2017,521
I1443707,2018,522
I1443707,2019,840
I1443707,2020,1154
I1443707,2021,1267
I1443707,2022,1448
I1443707,2023,1415
I1443707,2024,1414
I1443707,2025,1514
I1443707,2026,679
I4210124673,2006,0
I4210124673,2007,0
I4210124673,2008,0
I4210124673,2009,0
I4210124673,2010,0
I4210124673,2011,0
I4210124673,2012,1
I4210124673,2013,2
I4210124673,2014,2
I4210124673,2015,2
I4210124673,2016,0
I4210124673,2017,3
I4210124673,2018,1
I4210124673,2019,3
I4210124673,2020,3
I4210124673,2021,5
I4210124673,2022,14
I4210124673,2023,18
I4210124673,2024,5
I4210124673,2025,5
I4210124673,2026,5
I26805570,2006,91
I26805570,2007,89
I26805570,2008,105
I26805570,2009,102
I26805570,2010,117
I26805570,2011,160
I26805570,2012,211
I26805570,2013,289
I26805570,2014,503
I26805570,2015,528
I26805570,2016,645
I26805570,2017,738
I26805570,2018,959
I26805570,2019,1114
I26805570,2020,1179
I26805570,2021,1149
I26805570,2022,1058
I26805570,2023,1139
I26805570,2024,1060
I26805570,2025,1024
I26805570,2026,507
I4405260603,2006,0
I4405260603,2007,0
I4405260603,2008,0
I4405260603,2009,0
I4405260603,2010,0
I4405260603,2011,0
I4405260603,2012,0
I4405260603,2013,0
I4405260603,2014,0
I4405260603,2015,0
I4405260603,2016,0
I4405260603,2017,0
I4405260603,2018,0
I4405260603,2019,0
I4405260603,2020,0
I4405260603,2021,0
I4405260603,2022,0
I4405260603,2023,0
I4405260603,2024,0
I4405260603,2025,0
I4405260603,2026,0
I230269253,2006,0
I230269253,2007,1
I230269253,2008,2
I230269253,2009,4
I230269253,2010,8
I230269253,2011,20
I230269253,2012,76
I230269253,2013,103
I230269253,2014,156
I230269253,2015,96
I230269253,2016,104
I230269253,2017,74
I230269253,2018,72
I230269253,2019,144
I230269253,2020,101
I230269253,2021,113
I230269253,2022,233
I230269253,2023,454
I230269253,2024,282
I230269253,2025,272
I230269253,2026,129
I44738892,2006,35
I44738892,2007,20
I44738892,2008,24
I44738892,2009,36
I44738892,2010,52
I44738892,2011,90
I44738892,2012,91
I44738892,2013,111
I44738892,2014,131
I44738892,2015,161
I44738892,2016,190
I44738892,2017,290
I44738892,2018,346
I44738892,2019,342
I44738892,2020,390
I44738892,2021,429
I44738892,2022,338
I44738892,2023,346
I44738892,2024,337
I44738892,2025,460
I44738892,2026,305
I4210152384,2006,0
I4210152384,2007,0
I4210152384,2008,0
I4210152384,2009,0
I4210152384,2010,0
I4210152384,2011,0
I4210152384,2012,0
I4210152384,2013,0
I4210152384,2014,0
I4210152384,2015,0
I4210152384,2016,0
I4210152384,2017,0
I4210152384,2018,0
I4210152384,2019,0
I4210152384,2020,0
I4210152384,2021,0
I4210152384,2022,3
I4210152384,2023,1
I4210152384,2024,4
I4210152384,2025,4
I4210152384,2026,1
I3130478569,2006,1
I3130478569,2007,2
I3130478569,2008,1
I3130478569,2009,2
I3130478569,2010,2
I3130478569,2011,3
I3130478569,2012,2
I3130478569,2013,6
I3130478569,2014,4
I3130478569,2015,3
I3130478569,2016,6
I3130478569,2017,2
I3130478569,2018,6
I3130478569,2019,5
I3130478569,2020,11
I3130478569,2021,9
I3130478569,2022,14
I3130478569,2023,14
I3130478569,2024,16
I3130478569,2025,34
I3130478569,2026,19
I3129482412,2006,2
I3129482412,2007,2
I3129482412,2008,0
I3129482412,2009,1
I3129482412,2010,1
I3129482412,2011,1
I3129482412,2012,2
I3129482412,2013,0
I3129482412,2014,3
I3129482412,2015,5
I3129482412,2016,9
I3129482412,2017,11
I3129482412,2018,15
I3129482412,2019,38
I3129482412,2020,92
I3129482412,2021,110
I3129482412,2022,148
I3129482412,2023,197
I3129482412,2024,202
I3129482412,2025,301
I3129482412,2026,134
I3131121749,2006,1
I3131121749,2007,0
I3131121749,2008,0
I3131121749,2009,1
I3131121749,2010,1
I3131121749,2011,6
I3131121749,2012,9
I3131121749,2013,8
I3131121749,2014,20
I3131121749,2015,35
I3131121749,2016,31
I3131121749,2017,33
I3131121749,2018,39
I3131121749,2019,86
I3131121749,2020,77
I3131121749,2021,84
I3131121749,2022,138
I3131121749,2023,164
I3131121749,2024,123
I3131121749,2025,168
I3131121749,2026,77
I3131952115,2006,9
I3131952115,2007,1
I3131952115,2008,4
I3131952115,2009,5
I3131952115,2010,20
I3131952115,2011,23
I3131952115,2012,18
I3131952115,2013,38
I3131952115,2014,61
I3131952115,2015,58
I3131952115,2016,40
I3131952115,2017,70
I3131952115,2018,85
I3131952115,2019,112
I3131952115,2020,152
I3131952115,2021,178
I3131952115,2022,169
I3131952115,2023,224
I3131952115,2024,177
I3131952115,2025,240
I3131952115,2026,124
I307268238,2006,8
I307268238,2007,4
I307268238,2008,8
I307268238,2009,10
I307268238,2010,35
I307268238,2011,18
I307268238,2012,12
I307268238,2013,38
I307268238,2014,61
I307268238,2015,85
I307268238,2016,124
I307268238,2017,195
I307268238,2018,222
I307268238,2019,248
I307268238,2020,350
I307268238,2021,379
I307268238,2022,NA
I307268238,2023,NA
I307268238,2024,NA
I307268238,2025,NA
I307268238,2026,NA
I130309236,2006,NA
I130309236,2007,NA
I130309236,2008,NA
I130309236,2009,NA
I130309236,2010,NA
I130309236,2011,NA
I130309236,2012,NA
I130309236,2013,NA
I130309236,2014,NA
I130309236,2015,NA
I130309236,2016,NA
I130309236,2017,NA
I130309236,2018,NA
I130309236,2019,NA
I130309236,2020,NA
I130309236,2021,NA
I130309236,2022,NA
I130309236,2023,NA
I130309236,2024,NA
