inst_id,year,n_works,n_international_any,international_share_any,n_inter_african,inter_african_share,n_extra_african,extra_african_share
I4210130625,2006,0,0,NA,0,NA,0,NA
I4210130625,2007,0,0,NA,0,NA,0,NA
I4210130625,2008,0,0,NA,0,NA,0,NA
I4210130625,2009,0,0,NA,0,NA,0,NA
I4210130625,2010,0,0,NA,0,NA,0,NA
I4210130625,2011,0,0,NA,0,NA,0,NA
I4210130625,2012,0,0,NA,0,NA,0,NA
I4210130625,2013,0,0,NA,0,NA,0,NA
I4210130625,2014,0,0,NA,0,NA,0,NA
I4210130625,2015,0,0,NA,0,NA,0,NA
I4210130625,2016,0,0,NA,0,NA,0,NA
I4210130625,2017,0,0,NA,0,NA,0,NA
I4210130625,2018,0,0,NA,0,NA,0,NA
I4210130625,2019,0,0,NA,0,NA,0,NA
I4210130625,2020,0,0,NA,0,NA,0,NA
I4210130625,2021,0,0,NA,0,NA,0,NA
I4210130625,2022,0,0,NA,0,NA,0,NA
I4210130625,2023,0,0,NA,0,NA,0,NA
I4210130625,2024,0,0,NA,0,NA,0,NA
I4210130625,2025,0,0,NA,0,NA,0,NA
I4405261291,2006,0,0,NA,0,NA,0,NA
I4405261291,2007,0,0,NA,0,NA,0,NA
I4405261291,2008,0,0,NA,0,NA,0,NA
I4405261291,2009,0,0,NA,0,NA,0,NA
I4405261291,2010,0,0,NA,0,NA,0,NA
I4405261291,2011,0,0,NA,0,NA,0,NA
I4405261291,2012,0,0,NA,0,NA,0,NA
I4405261291,2013,0,0,NA,0,NA,0,NA
I4405261291,2014,0,0,NA,0,NA,0,NA
I4405261291,2015,0,0,NA,0,NA,0,NA
I4405261291,2016,0,0,NA,0,NA,0,NA
I4405261291,2017,0,0,NA,0,NA,0,NA
I4405261291,2018,0,0,NA,0,NA,0,NA
I4405261291,2019,0,0,NA,0,NA,0,NA
I4405261291,2020,0,0,NA,0,NA,0,NA
I4405261291,2021,0,0,NA,0,NA,0,NA
I4405261291,2022,0,0,NA,0,NA,0,NA
I4405261291,2023,0,0,NA,0,NA,0,NA
I4405261291,2024,0,0,NA,0,NA,0,NA
I4405261291,2025,0,0,NA,0,NA,0,NA
I4210130929,2006,0,0,NA,0,NA,0,NA
I4210130929,2007,0,0,NA,0,NA,0,NA
I4210130929,2008,0,0,NA,0,NA,0,NA
I4210130929,2009,0,0,NA,0,NA,0,NA
I4210130929,2010,0,0,NA,0,NA,0,NA
I4210130929,2011,0,0,NA,0,NA,0,NA
I4210130929,2012,0,0,NA,0,NA,0,NA
I4210130929,2013,0,0,NA,0,NA,0,NA
I4210130929,2014,0,0,NA,0,NA,0,NA
I4210130929,2015,0,0,NA,0,NA,0,NA
I4210130929,2016,0,0,NA,0,NA,0,NA
I4210130929,2017,0,0,NA,0,NA,0,NA
I4210130929,2018,0,0,NA,0,NA,0,NA
I4210130929,2019,0,0,NA,0,NA,0,NA
I4210130929,2020,0,0,NA,0,NA,0,NA
I4210130929,2021,0,0,NA,0,NA,0,NA
I4210130929,2022,0,0,NA,0,NA,0,NA
I4210130929,2023,0,0,NA,0,NA,0,NA
I4210130929,2024,0,0,NA,0,NA,0,NA
I4210130929,2025,0,0,NA,0,NA,0,NA
I240042149,2006,0,0,NA,0,NA,0,NA
I240042149,2007,0,0,NA,0,NA,0,NA
I240042149,2008,0,0,NA,0,NA,0,NA
I240042149,2009,0,0,NA,0,NA,0,NA
I240042149,2010,0,0,NA,0,NA,0,NA
I240042149,2011,0,0,NA,0,NA,0,NA
I240042149,2012,0,0,NA,0,NA,0,NA
I240042149,2013,0,0,NA,0,NA,0,NA
I240042149,2014,0,0,NA,0,NA,0,NA
I240042149,2015,0,0,NA,0,NA,0,NA
I240042149,2016,0,0,NA,0,NA,0,NA
I240042149,2017,0,0,NA,0,NA,0,NA
I240042149,2018,0,0,NA,0,NA,0,NA
I240042149,2019,0,0,NA,0,NA,0,NA
I240042149,2020,0,0,NA,0,NA,0,NA
I240042149,2021,0,0,NA,0,NA,0,NA
I240042149,2022,0,0,NA,0,NA,0,NA
I240042149,2023,0,0,NA,0,NA,0,NA
I240042149,2024,0,0,NA,0,NA,0,NA
I240042149,2025,0,0,NA,0,NA,0,NA
I4405257764,2006,0,0,NA,0,NA,0,NA
I4405257764,2007,0,0,NA,0,NA,0,NA
I4405257764,2008,0,0,NA,0,NA,0,NA
I4405257764,2009,0,0,NA,0,NA,0,NA
I4405257764,2010,0,0,NA,0,NA,0,NA
I4405257764,2011,0,0,NA,0,NA,0,NA
I4405257764,2012,0,0,NA,0,NA,0,NA
I4405257764,2013,0,0,NA,0,NA,0,NA
I4405257764,2014,0,0,NA,0,NA,0,NA
I4405257764,2015,0,0,NA,0,NA,0,NA
I4405257764,2016,0,0,NA,0,NA,0,NA
I4405257764,2017,0,0,NA,0,NA,0,NA
I4405257764,2018,0,0,NA,0,NA,0,NA
I4405257764,2019,0,0,NA,0,NA,0,NA
I4405257764,2020,0,0,NA,0,NA,0,NA
I4405257764,2021,0,0,NA,0,NA,0,NA
I4405257764,2022,0,0,NA,0,NA,0,NA
I4405257764,2023,0,0,NA,0,NA,0,NA
I4405257764,2024,0,0,NA,0,NA,0,NA
I4405257764,2025,0,0,NA,0,NA,0,NA
I100352790,2006,33,8,0.24242424242424243,1,0.030303030303030304,7,0.21212121212121213
I100352790,2007,39,8,0.20512820512820512,2,0.05128205128205128,6,0.15384615384615385
I100352790,2008,35,2,0.05714285714285714,1,0.02857142857142857,1,0.02857142857142857
I100352790,2009,25,6,0.24,3,0.12,3,0.12
I100352790,2010,49,3,0.061224489795918366,1,0.02040816326530612,2,0.04081632653061224
I100352790,2011,63,11,0.1746031746031746,5,0.07936507936507936,7,0.1111111111111111
I100352790,2012,54,17,0.3148148148148148,2,0.037037037037037035,15,0.2777777777777778
I100352790,2013,95,5,0.05263157894736842,1,0.010526315789473684,4,0.042105263157894736
I100352790,2014,141,15,0.10638297872340426,1,0.0070921985815602835,14,0.09929078014184398
I100352790,2015,127,10,0.07874015748031496,0,0,10,0.07874015748031496
I100352790,2016,130,29,0.2230769230769231,2,0.015384615384615385,28,0.2153846153846154
I100352790,2017,163,40,0.24539877300613497,5,0.03067484662576687,39,0.2392638036809816
I100352790,2018,207,43,0.20772946859903382,9,0.043478260869565216,38,0.18357487922705315
I100352790,2019,261,41,0.15708812260536398,10,0.038314176245210725,38,0.14559386973180077
I100352790,2020,303,34,0.11221122112211221,15,0.04950495049504951,28,0.0924092409240924
I100352790,2021,254,54,0.2125984251968504,9,0.03543307086614173,47,0.18503937007874016
I100352790,2022,372,92,0.24731182795698925,22,0.05913978494623656,85,0.22849462365591397
I100352790,2023,331,94,0.283987915407855,29,0.08761329305135952,81,0.24471299093655588
I100352790,2024,327,144,0.44036697247706424,24,0.07339449541284404,135,0.41284403669724773
I100352790,2025,597,239,0.40033500837520936,69,0.11557788944723618,208,0.34840871021775544
I4405266575,2006,0,0,NA,0,NA,0,NA
I4405266575,2007,0,0,NA,0,NA,0,NA
I4405266575,2008,0,0,NA,0,NA,0,NA
I4405266575,2009,0,0,NA,0,NA,0,NA
I4405266575,2010,0,0,NA,0,NA,0,NA
I4405266575,2011,0,0,NA,0,NA,0,NA
I4405266575,2012,0,0,NA,0,NA,0,NA
I4405266575,2013,0,0,NA,0,NA,0,NA
I4405266575,2014,0,0,NA,0,NA,0,NA
I4405266575,2015,0,0,NA,0,NA,0,NA
I4405266575,2016,0,0,NA,0,NA,0,NA
I4405266575,2017,0,0,NA,0,NA,0,NA
I4405266575,2018,0,0,NA,0,NA,0,NA
I4405266575,2019,0,0,NA,0,NA,0,NA
I4405266575,2020,0,0,NA,0,NA,0,NA
I4405266575,2021,0,0,NA,0,NA,0,NA
I4405266575,2022,0,0,NA,0,NA,0,NA
I4405266575,2023,0,0,NA,0,NA,0,NA
I4405266575,2024,0,0,NA,0,NA,0,NA
I4405266575,2025,0,0,NA,0,NA,0,NA
I169864488,2006,29,6,0.20689655172413793,4,0.13793103448275862,2,0.06896551724137931
I169864488,2007,17,8,0.47058823529411764,4,0.23529411764705882,5,0.29411764705882354
I169864488,2008,15,4,0.26666666666666666,0,0,4,0.26666666666666666
I169864488,2009,25,6,0.24,1,0.04,5,0.2
I169864488,2010,48,8,0.16666666666666666,1,0.020833333333333332,7,0.14583333333333334
I169864488,2011,84,11,0.13095238095238096,3,0.03571428571428571,9,0.10714285714285714
I169864488,2012,68,18,0.2647058823529412,3,0.04411764705882353,16,0.23529411764705882
I169864488,2013,87,14,0.16091954022988506,3,0.034482758620689655,12,0.13793103448275862
I169864488,2014,132,32,0.24242424242424243,5,0.03787878787878788,30,0.22727272727272727
I169864488,2015,162,56,0.345679012345679,13,0.08024691358024691,49,0.30246913580246915
I169864488,2016,143,64,0.44755244755244755,8,0.055944055944055944,61,0.42657342657342656
I169864488,2017,191,78,0.4083769633507853,8,0.041884816753926704,73,0.38219895287958117
I169864488,2018,287,81,0.28222996515679444,15,0.05226480836236934,72,0.2508710801393728
I169864488,2019,323,91,0.28173374613003094,17,0.05263157894736842,81,0.25077399380804954
I169864488,2020,408,157,0.38480392156862747,25,0.061274509803921566,144,0.35294117647058826
I169864488,2021,478,154,0.32217573221757323,32,0.06694560669456066,144,0.301255230125523
I169864488,2022,471,154,0.32696390658174096,29,0.06157112526539278,144,0.3057324840764331
I169864488,2023,537,193,0.35940409683426444,52,0.09683426443202979,172,0.3202979515828678
I169864488,2024,589,196,0.33276740237691,66,0.11205432937181664,171,0.2903225806451613
I169864488,2025,564,211,0.374113475177305,61,0.10815602836879433,183,0.324468085106383
I4210134055,2006,0,0,NA,0,NA,0,NA
I4210134055,2007,0,0,NA,0,NA,0,NA
I4210134055,2008,0,0,NA,0,NA,0,NA
I4210134055,2009,0,0,NA,0,NA,0,NA
I4210134055,2010,0,0,NA,0,NA,0,NA
I4210134055,2011,0,0,NA,0,NA,0,NA
I4210134055,2012,0,0,NA,0,NA,0,NA
I4210134055,2013,0,0,NA,0,NA,0,NA
I4210134055,2014,1,0,0,0,0,0,0
I4210134055,2015,0,0,NA,0,NA,0,NA
I4210134055,2016,1,0,0,0,0,0,0
I4210134055,2017,3,1,0.3333333333333333,0,0,1,0.3333333333333333
I4210134055,2018,2,0,0,0,0,0,0
I4210134055,2019,6,2,0.3333333333333333,2,0.3333333333333333,1,0.16666666666666666
I4210134055,2020,7,4,0.5714285714285714,1,0.14285714285714285,4,0.5714285714285714
I4210134055,2021,49,45,0.9183673469387755,42,0.8571428571428571,13,0.2653061224489796
I4210134055,2022,16,15,0.9375,11,0.6875,7,0.4375
I4210134055,2023,27,21,0.7777777777777778,14,0.5185185185185185,16,0.5925925925925926
I4210134055,2024,21,11,0.5238095238095238,9,0.42857142857142855,7,0.3333333333333333
I4210134055,2025,18,6,0.3333333333333333,5,0.2777777777777778,4,0.2222222222222222
I1322597698,2006,84,27,0.32142857142857145,0,0,27,0.32142857142857145
I1322597698,2007,90,35,0.3888888888888889,0,0,35,0.3888888888888889
I1322597698,2008,126,63,0.5,0,0,63,0.5
I1322597698,2009,125,56,0.448,0,0,56,0.448
I1322597698,2010,167,84,0.5029940119760479,0,0,84,0.5029940119760479
I1322597698,2011,195,87,0.4461538461538462,0,0,87,0.4461538461538462
I1322597698,2012,251,138,0.549800796812749,0,0,138,0.549800796812749
I1322597698,2013,252,132,0.5238095238095238,0,0,132,0.5238095238095238
I1322597698,2014,243,143,0.588477366255144,1,0.00411522633744856,143,0.588477366255144
I1322597698,2015,220,139,0.6318181818181818,0,0,139,0.6318181818181818
I1322597698,2016,202,108,0.5346534653465347,0,0,108,0.5346534653465347
I1322597698,2017,260,142,0.5461538461538461,1,0.0038461538461538464,142,0.5461538461538461
I1322597698,2018,242,137,0.5661157024793388,0,0,137,0.5661157024793388
I1322597698,2019,275,152,0.5527272727272727,1,0.0036363636363636364,152,0.5527272727272727
I1322597698,2020,290,156,0.5379310344827586,1,0.0034482758620689655,156,0.5379310344827586
I1322597698,2021,278,164,0.5899280575539568,0,0,164,0.5899280575539568
I1322597698,2022,200,123,0.615,0,0,123,0.615
I1322597698,2023,264,171,0.6477272727272727,2,0.007575757575757576,171,0.6477272727272727
I1322597698,2024,213,132,0.6197183098591549,0,0,132,0.6197183098591549
I1322597698,2025,230,145,0.6304347826086957,0,0,145,0.6304347826086957
I2800664390,2006,3,1,0.3333333333333333,0,0,1,0.3333333333333333
I2800664390,2007,1,1,1,0,0,1,1
I2800664390,2008,0,0,NA,0,NA,0,NA
I2800664390,2009,3,1,0.3333333333333333,0,0,1,0.3333333333333333
I2800664390,2010,5,1,0.2,0,0,1,0.2
I2800664390,2011,1,0,0,0,0,0,0
I2800664390,2012,2,1,0.5,0,0,1,0.5
I2800664390,2013,1,1,1,0,0,1,1
I2800664390,2014,1,0,0,0,0,0,0
I2800664390,2015,4,4,1,0,0,4,1
I2800664390,2016,3,3,1,0,0,3,1
I2800664390,2017,5,3,0.6,0,0,3,0.6
I2800664390,2018,2,2,1,0,0,2,1
I2800664390,2019,3,3,1,0,0,3,1
I2800664390,2020,4,1,0.25,0,0,1,0.25
I2800664390,2021,6,5,0.8333333333333334,2,0.3333333333333333,5,0.8333333333333334
I2800664390,2022,2,1,0.5,0,0,1,0.5
I2800664390,2023,10,6,0.6,0,0,6,0.6
I2800664390,2024,7,4,0.5714285714285714,0,0,4,0.5714285714285714
I2800664390,2025,13,7,0.5384615384615384,0,0,7,0.5384615384615384
I4210131124,2006,5,2,0.4,0,0,2,0.4
I4210131124,2007,4,0,0,0,0,0,0
I4210131124,2008,2,1,0.5,0,0,1,0.5
I4210131124,2009,3,2,0.6666666666666666,0,0,2,0.6666666666666666
I4210131124,2010,4,2,0.5,0,0,2,0.5
I4210131124,2011,1,0,0,0,0,0,0
I4210131124,2012,5,1,0.2,0,0,1,0.2
I4210131124,2013,9,4,0.4444444444444444,0,0,4,0.4444444444444444
I4210131124,2014,3,1,0.3333333333333333,0,0,1,0.3333333333333333
I4210131124,2015,4,1,0.25,0,0,1,0.25
I4210131124,2016,7,2,0.2857142857142857,0,0,2,0.2857142857142857
I4210131124,2017,3,2,0.6666666666666666,0,0,2,0.6666666666666666
I4210131124,2018,4,1,0.25,0,0,1,0.25
I4210131124,2019,6,5,0.8333333333333334,0,0,5,0.8333333333333334
I4210131124,2020,7,5,0.7142857142857143,0,0,5,0.7142857142857143
I4210131124,2021,2,0,0,0,0,0,0
I4210131124,2022,3,1,0.3333333333333333,0,0,1,0.3333333333333333
I4210131124,2023,9,7,0.7777777777777778,0,0,7,0.7777777777777778
I4210131124,2024,11,9,0.8181818181818182,0,0,9,0.8181818181818182
I4210131124,2025,1,1,1,0,0,1,1
I3129459759,2006,3,1,0.3333333333333333,0,0,1,0.3333333333333333
I3129459759,2007,2,1,0.5,0,0,1,0.5
I3129459759,2008,2,0,0,0,0,0,0
I3129459759,2009,1,0,0,0,0,0,0
I3129459759,2010,2,2,1,0,0,2,1
I3129459759,2011,1,1,1,0,0,1,1
I3129459759,2012,3,1,0.3333333333333333,0,0,1,0.3333333333333333
I3129459759,2013,2,2,1,0,0,2,1
I3129459759,2014,20,9,0.45,2,0.1,7,0.35
I3129459759,2015,8,2,0.25,0,0,2,0.25
I3129459759,2016,5,0,0,0,0,0,0
I3129459759,2017,1,0,0,0,0,0,0
I3129459759,2018,18,7,0.3888888888888889,1,0.05555555555555555,7,0.3888888888888889
I3129459759,2019,9,2,0.2222222222222222,1,0.1111111111111111,2,0.2222222222222222
I3129459759,2020,20,5,0.25,1,0.05,5,0.25
I3129459759,2021,21,10,0.47619047619047616,2,0.09523809523809523,8,0.38095238095238093
I3129459759,2022,34,13,0.38235294117647056,4,0.11764705882352941,13,0.38235294117647056
I3129459759,2023,55,18,0.32727272727272727,4,0.07272727272727272,16,0.2909090909090909
I3129459759,2024,59,17,0.288135593220339,6,0.1016949152542373,15,0.2542372881355932
I3129459759,2025,76,31,0.40789473684210525,12,0.15789473684210525,26,0.34210526315789475
I24835296,2006,37,4,0.10810810810810811,0,0,4,0.10810810810810811
I24835296,2007,34,12,0.35294117647058826,0,0,12,0.35294117647058826
I24835296,2008,61,16,0.26229508196721313,0,0,16,0.26229508196721313
I24835296,2009,50,8,0.16,0,0,8,0.16
I24835296,2010,38,7,0.18421052631578946,0,0,7,0.18421052631578946
I24835296,2011,38,8,0.21052631578947367,0,0,8,0.21052631578947367
I24835296,2012,34,9,0.2647058823529412,3,0.08823529411764706,8,0.23529411764705882
I24835296,2013,59,5,0.0847457627118644,1,0.01694915254237288,5,0.0847457627118644
I24835296,2014,55,10,0.18181818181818182,2,0.03636363636363636,9,0.16363636363636364
I24835296,2015,36,9,0.25,2,0.05555555555555555,7,0.19444444444444445
I24835296,2016,27,8,0.2962962962962963,3,0.1111111111111111,6,0.2222222222222222
I24835296,2017,27,11,0.4074074074074074,4,0.14814814814814814,8,0.2962962962962963
I24835296,2018,40,19,0.475,2,0.05,17,0.425
I24835296,2019,38,12,0.3157894736842105,3,0.07894736842105263,11,0.2894736842105263
I24835296,2020,90,39,0.43333333333333335,9,0.1,32,0.35555555555555557
I24835296,2021,74,35,0.47297297297297297,6,0.08108108108108109,34,0.4594594594594595
I24835296,2022,108,50,0.46296296296296297,14,0.12962962962962962,41,0.37962962962962965
I24835296,2023,146,52,0.3561643835616438,18,0.1232876712328767,43,0.2945205479452055
I24835296,2024,187,73,0.39037433155080214,28,0.1497326203208556,61,0.32620320855614976
I24835296,2025,223,112,0.5022421524663677,49,0.21973094170403587,78,0.34977578475336324
I3130155654,2006,0,0,NA,0,NA,0,NA
I3130155654,2007,2,1,0.5,1,0.5,1,0.5
I3130155654,2008,2,1,0.5,0,0,1,0.5
I3130155654,2009,1,1,1,0,0,1,1
I3130155654,2010,1,1,1,0,0,1,1
I3130155654,2011,4,1,0.25,0,0,1,0.25
I3130155654,2012,2,0,0,0,0,0,0
I3130155654,2013,13,2,0.15384615384615385,0,0,2,0.15384615384615385
I3130155654,2014,27,4,0.14814814814814814,1,0.037037037037037035,3,0.1111111111111111
I3130155654,2015,12,2,0.16666666666666666,2,0.16666666666666666,0,0
I3130155654,2016,26,7,0.2692307692307692,2,0.07692307692307693,5,0.19230769230769232
I3130155654,2017,24,4,0.16666666666666666,0,0,4,0.16666666666666666
I3130155654,2018,34,5,0.14705882352941177,1,0.029411764705882353,4,0.11764705882352941
I3130155654,2019,55,8,0.14545454545454545,0,0,8,0.14545454545454545
I3130155654,2020,64,12,0.1875,3,0.046875,9,0.140625
I3130155654,2021,83,18,0.21686746987951808,5,0.060240963855421686,15,0.18072289156626506
I3130155654,2022,91,23,0.25274725274725274,12,0.13186813186813187,18,0.1978021978021978
I3130155654,2023,122,44,0.36065573770491804,20,0.16393442622950818,27,0.22131147540983606
I3130155654,2024,135,57,0.4222222222222222,30,0.2222222222222222,36,0.26666666666666666
I3130155654,2025,229,83,0.3624454148471616,35,0.15283842794759825,72,0.314410480349345
I4405261048,2006,0,0,NA,0,NA,0,NA
I4405261048,2007,0,0,NA,0,NA,0,NA
I4405261048,2008,0,0,NA,0,NA,0,NA
I4405261048,2009,0,0,NA,0,NA,0,NA
I4405261048,2010,0,0,NA,0,NA,0,NA
I4405261048,2011,0,0,NA,0,NA,0,NA
I4405261048,2012,0,0,NA,0,NA,0,NA
I4405261048,2013,0,0,NA,0,NA,0,NA
I4405261048,2014,0,0,NA,0,NA,0,NA
I4405261048,2015,0,0,NA,0,NA,0,NA
I4405261048,2016,0,0,NA,0,NA,0,NA
I4405261048,2017,0,0,NA,0,NA,0,NA
I4405261048,2018,0,0,NA,0,NA,0,NA
I4405261048,2019,0,0,NA,0,NA,0,NA
I4405261048,2020,0,0,NA,0,NA,0,NA
I4405261048,2021,0,0,NA,0,NA,0,NA
I4405261048,2022,0,0,NA,0,NA,0,NA
I4405261048,2023,0,0,NA,0,NA,0,NA
I4405261048,2024,0,0,NA,0,NA,0,NA
I4405261048,2025,0,0,NA,0,NA,0,NA
I865572129,2006,26,6,0.23076923076923078,0,0,6,0.23076923076923078
I865572129,2007,55,6,0.10909090909090909,3,0.05454545454545454,3,0.05454545454545454
I865572129,2008,43,4,0.09302325581395349,0,0,4,0.09302325581395349
I865572129,2009,41,2,0.04878048780487805,0,0,2,0.04878048780487805
I865572129,2010,38,6,0.15789473684210525,0,0,6,0.15789473684210525
I865572129,2011,39,6,0.15384615384615385,1,0.02564102564102564,5,0.1282051282051282
I865572129,2012,47,8,0.1702127659574468,1,0.02127659574468085,7,0.14893617021276595
I865572129,2013,63,18,0.2857142857142857,2,0.031746031746031744,16,0.25396825396825395
I865572129,2014,94,25,0.26595744680851063,6,0.06382978723404255,22,0.23404255319148937
I865572129,2015,59,29,0.4915254237288136,5,0.0847457627118644,24,0.4067796610169492
I865572129,2016,85,29,0.3411764705882353,4,0.047058823529411764,28,0.32941176470588235
I865572129,2017,87,46,0.5287356321839081,6,0.06896551724137931,42,0.4827586206896552
I865572129,2018,121,51,0.4214876033057851,5,0.04132231404958678,51,0.4214876033057851
I865572129,2019,218,87,0.39908256880733944,10,0.045871559633027525,84,0.3853211009174312
I865572129,2020,348,182,0.5229885057471264,19,0.05459770114942529,176,0.5057471264367817
I865572129,2021,528,283,0.5359848484848485,36,0.06818181818181818,264,0.5
I865572129,2022,627,357,0.569377990430622,61,0.09728867623604466,339,0.5406698564593302
I865572129,2023,687,371,0.5400291120815138,61,0.08879184861717612,344,0.5007278020378457
I865572129,2024,748,433,0.5788770053475936,55,0.07352941176470588,402,0.5374331550802139
I865572129,2025,710,418,0.5887323943661972,61,0.08591549295774648,388,0.5464788732394367
I106980716,2006,6,0,0,0,0,0,0
I106980716,2007,9,0,0,0,0,0,0
I106980716,2008,4,0,0,0,0,0,0
I106980716,2009,3,0,0,0,0,0,0
I106980716,2010,13,3,0.23076923076923078,1,0.07692307692307693,2,0.15384615384615385
I106980716,2011,15,4,0.26666666666666666,1,0.06666666666666667,3,0.2
I106980716,2012,14,3,0.21428571428571427,1,0.07142857142857142,3,0.21428571428571427
I106980716,2013,37,4,0.10810810810810811,0,0,4,0.10810810810810811
I106980716,2014,39,6,0.15384615384615385,1,0.02564102564102564,5,0.1282051282051282
I106980716,2015,42,6,0.14285714285714285,1,0.023809523809523808,5,0.11904761904761904
I106980716,2016,58,11,0.1896551724137931,0,0,11,0.1896551724137931
I106980716,2017,77,8,0.1038961038961039,2,0.025974025974025976,6,0.07792207792207792
I106980716,2018,134,12,0.08955223880597014,0,0,12,0.08955223880597014
I106980716,2019,119,10,0.08403361344537816,1,0.008403361344537815,10,0.08403361344537816
I106980716,2020,136,15,0.11029411764705882,3,0.022058823529411766,13,0.09558823529411764
I106980716,2021,119,18,0.15126050420168066,2,0.01680672268907563,17,0.14285714285714285
I106980716,2022,112,26,0.23214285714285715,5,0.044642857142857144,24,0.21428571428571427
I106980716,2023,110,26,0.23636363636363636,4,0.03636363636363636,26,0.23636363636363636
I106980716,2024,116,25,0.21551724137931033,3,0.02586206896551724,24,0.20689655172413793
I106980716,2025,187,39,0.20855614973262032,4,0.0213903743315508,39,0.20855614973262032
I4210129636,2006,30,5,0.16666666666666666,0,0,5,0.16666666666666666
I4210129636,2007,29,2,0.06896551724137931,0,0,2,0.06896551724137931
I4210129636,2008,48,0,0,0,0,0,0
I4210129636,2009,33,5,0.15151515151515152,0,0,5,0.15151515151515152
I4210129636,2010,41,4,0.0975609756097561,0,0,4,0.0975609756097561
I4210129636,2011,42,9,0.21428571428571427,1,0.023809523809523808,9,0.21428571428571427
I4210129636,2012,40,7,0.175,0,0,7,0.175
I4210129636,2013,59,9,0.15254237288135594,0,0,9,0.15254237288135594
I4210129636,2014,80,23,0.2875,1,0.0125,22,0.275
I4210129636,2015,63,19,0.30158730158730157,2,0.031746031746031744,19,0.30158730158730157
I4210129636,2016,53,27,0.5094339622641509,7,0.1320754716981132,24,0.4528301886792453
I4210129636,2017,96,49,0.5104166666666666,6,0.0625,49,0.5104166666666666
I4210129636,2018,103,64,0.6213592233009708,14,0.13592233009708737,58,0.5631067961165048
I4210129636,2019,316,122,0.3860759493670886,16,0.05063291139240506,115,0.3639240506329114
I4210129636,2020,273,120,0.43956043956043955,10,0.03663003663003663,118,0.43223443223443225
I4210129636,2021,414,222,0.5362318840579711,24,0.057971014492753624,212,0.5120772946859904
I4210129636,2022,597,340,0.5695142378559463,40,0.06700167504187604,324,0.542713567839196
I4210129636,2023,551,286,0.5190562613430127,51,0.0925589836660617,267,0.484573502722323
I4210129636,2024,699,386,0.5522174535050072,92,0.13161659513590845,354,0.5064377682403434
I4210129636,2025,737,390,0.5291723202170964,80,0.10854816824966079,356,0.4830393487109905
I4537092,2006,283,122,0.43109540636042404,15,0.053003533568904596,120,0.42402826855123676
I4537092,2007,387,157,0.40568475452196384,20,0.05167958656330749,150,0.3875968992248062
I4537092,2008,343,130,0.37900874635568516,22,0.0641399416909621,123,0.358600583090379
I4537092,2009,372,153,0.4112903225806452,23,0.06182795698924731,149,0.40053763440860213
I4537092,2010,486,212,0.43621399176954734,45,0.09259259259259259,197,0.4053497942386831
I4537092,2011,647,252,0.3894899536321484,35,0.05409582689335394,239,0.3693972179289026
I4537092,2012,622,262,0.4212218649517685,48,0.07717041800643087,244,0.39228295819935693
I4537092,2013,667,322,0.4827586206896552,61,0.09145427286356822,300,0.4497751124437781
I4537092,2014,1111,410,0.369036903690369,96,0.08640864086408641,386,0.34743474347434744
I4537092,2015,1280,524,0.409375,119,0.09296875,495,0.38671875
I4537092,2016,1290,473,0.36666666666666664,127,0.09844961240310078,443,0.3434108527131783
I4537092,2017,1764,597,0.33843537414965985,140,0.07936507936507936,554,0.31405895691609975
I4537092,2018,1984,628,0.3165322580645161,157,0.07913306451612903,581,0.2928427419354839
I4537092,2019,2278,809,0.35513608428446003,191,0.08384547848990342,743,0.32616330114135206
I4537092,2020,2242,1082,0.4826048171275647,301,0.13425512934879572,999,0.4455842997323818
I4537092,2021,2539,1241,0.4887751083103584,376,0.14808979913351714,1123,0.44230011815675463
I4537092,2022,3039,1402,0.4613359657782165,400,0.1316222441592629,1280,0.42119118130964134
I4537092,2023,3044,1441,0.47339027595269384,431,0.14159001314060446,1314,0.4316688567674113
I4537092,2024,3271,1566,0.4787526750229288,468,0.14307551207581778,1433,0.43809232650565577
I4537092,2025,3134,1579,0.50382897255903,507,0.16177409061901724,1427,0.4553286534779834
I28653996,2006,33,12,0.36363636363636365,5,0.15151515151515152,8,0.24242424242424243
I28653996,2007,27,7,0.25925925925925924,1,0.037037037037037035,6,0.2222222222222222
I28653996,2008,23,3,0.13043478260869565,1,0.043478260869565216,3,0.13043478260869565
I28653996,2009,32,6,0.1875,2,0.0625,4,0.125
I28653996,2010,56,14,0.25,7,0.125,8,0.14285714285714285
I28653996,2011,101,10,0.09900990099009901,5,0.04950495049504951,6,0.0594059405940594
I28653996,2012,118,15,0.1271186440677966,3,0.025423728813559324,13,0.11016949152542373
I28653996,2013,169,38,0.22485207100591717,14,0.08284023668639054,26,0.15384615384615385
I28653996,2014,191,28,0.14659685863874344,8,0.041884816753926704,22,0.11518324607329843
I28653996,2015,185,36,0.1945945945945946,14,0.07567567567567568,27,0.14594594594594595
I28653996,2016,176,38,0.2159090909090909,9,0.05113636363636364,33,0.1875
I28653996,2017,215,45,0.20930232558139536,19,0.08837209302325581,38,0.17674418604651163
I28653996,2018,251,42,0.16733067729083664,15,0.05976095617529881,31,0.12350597609561753
I28653996,2019,357,57,0.15966386554621848,19,0.05322128851540616,44,0.12324929971988796
I28653996,2020,529,151,0.28544423440453687,76,0.14366729678638943,106,0.2003780718336484
I28653996,2021,568,181,0.31866197183098594,85,0.14964788732394366,129,0.22711267605633803
I28653996,2022,594,188,0.3164983164983165,83,0.13973063973063973,146,0.24579124579124578
I28653996,2023,574,210,0.36585365853658536,77,0.13414634146341464,173,0.30139372822299654
I28653996,2024,569,206,0.36203866432337434,75,0.13181019332161686,171,0.30052724077328646
I28653996,2025,714,289,0.40476190476190477,98,0.13725490196078433,247,0.34593837535014005
I2799835767,2006,1,1,1,0,0,1,1
I2799835767,2007,3,0,0,0,0,0,0
I2799835767,2008,0,0,NA,0,NA,0,NA
I2799835767,2009,3,1,0.3333333333333333,1,0.3333333333333333,0,0
I2799835767,2010,3,3,1,0,0,3,1
I2799835767,2011,0,0,NA,0,NA,0,NA
I2799835767,2012,5,0,0,0,0,0,0
I2799835767,2013,5,1,0.2,0,0,1,0.2
I2799835767,2014,7,2,0.2857142857142857,0,0,2,0.2857142857142857
I2799835767,2015,8,1,0.125,0,0,1,0.125
I2799835767,2016,6,2,0.3333333333333333,0,0,2,0.3333333333333333
I2799835767,2017,19,6,0.3157894736842105,1,0.05263157894736842,5,0.2631578947368421
I2799835767,2018,47,12,0.2553191489361702,4,0.0851063829787234,8,0.1702127659574468
I2799835767,2019,69,19,0.2753623188405797,9,0.13043478260869565,11,0.15942028985507245
I2799835767,2020,110,32,0.2909090909090909,10,0.09090909090909091,27,0.24545454545454545
I2799835767,2021,148,42,0.28378378378378377,12,0.08108108108108109,36,0.24324324324324326
I2799835767,2022,159,50,0.31446540880503143,22,0.13836477987421383,39,0.24528301886792453
I2799835767,2023,241,67,0.27800829875518673,25,0.1037344398340249,55,0.22821576763485477
I2799835767,2024,240,85,0.3541666666666667,33,0.1375,74,0.30833333333333335
I2799835767,2025,271,128,0.47232472324723246,58,0.2140221402214022,98,0.36162361623616235
I3132429795,2006,1,1,1,0,0,1,1
I3132429795,2007,0,0,NA,0,NA,0,NA
I3132429795,2008,0,0,NA,0,NA,0,NA
I3132429795,2009,2,2,1,0,0,2,1
I3132429795,2010,1,1,1,1,1,1,1
I3132429795,2011,1,0,0,0,0,0,0
I3132429795,2012,0,0,NA,0,NA,0,NA
I3132429795,2013,9,4,0.4444444444444444,0,0,4,0.4444444444444444
I3132429795,2014,31,5,0.16129032258064516,1,0.03225806451612903,5,0.16129032258064516
I3132429795,2015,58,4,0.06896551724137931,0,0,4,0.06896551724137931
I3132429795,2016,37,3,0.08108108108108109,0,0,3,0.08108108108108109
I3132429795,2017,43,10,0.23255813953488372,3,0.06976744186046512,8,0.18604651162790697
I3132429795,2018,58,12,0.20689655172413793,4,0.06896551724137931,10,0.1724137931034483
I3132429795,2019,116,34,0.29310344827586204,13,0.11206896551724138,23,0.19827586206896552
I3132429795,2020,211,53,0.25118483412322273,27,0.12796208530805686,38,0.18009478672985782
I3132429795,2021,97,30,0.30927835051546393,10,0.10309278350515463,27,0.27835051546391754
I3132429795,2022,72,27,0.375,6,0.08333333333333333,24,0.3333333333333333
I3132429795,2023,116,31,0.2672413793103448,9,0.07758620689655173,27,0.23275862068965517
I3132429795,2024,173,75,0.43352601156069365,22,0.12716763005780346,71,0.41040462427745666
I3132429795,2025,156,75,0.4807692307692308,29,0.1858974358974359,67,0.42948717948717946
I4210121139,2006,0,0,NA,0,NA,0,NA
I4210121139,2007,0,0,NA,0,NA,0,NA
I4210121139,2008,0,0,NA,0,NA,0,NA
I4210121139,2009,1,0,0,0,0,0,0
I4210121139,2010,1,1,1,0,0,1,1
I4210121139,2011,0,0,NA,0,NA,0,NA
I4210121139,2012,0,0,NA,0,NA,0,NA
I4210121139,2013,1,0,0,0,0,0,0
I4210121139,2014,1,0,0,0,0,0,0
I4210121139,2015,1,1,1,1,1,0,0
I4210121139,2016,1,1,1,0,0,1,1
I4210121139,2017,0,0,NA,0,NA,0,NA
I4210121139,2018,2,2,1,1,0.5,1,0.5
I4210121139,2019,1,1,1,0,0,1,1
I4210121139,2020,3,2,0.6666666666666666,0,0,2,0.6666666666666666
I4210121139,2021,2,1,0.5,0,0,1,0.5
I4210121139,2022,5,3,0.6,0,0,3,0.6
I4210121139,2023,4,4,1,1,0.25,3,0.75
I4210121139,2024,8,6,0.75,0,0,6,0.75
I4210121139,2025,8,7,0.875,1,0.125,6,0.75
I4405255364,2006,0,0,NA,0,NA,0,NA
I4405255364,2007,0,0,NA,0,NA,0,NA
I4405255364,2008,0,0,NA,0,NA,0,NA
I4405255364,2009,0,0,NA,0,NA,0,NA
I4405255364,2010,0,0,NA,0,NA,0,NA
I4405255364,2011,0,0,NA,0,NA,0,NA
I4405255364,2012,0,0,NA,0,NA,0,NA
I4405255364,2013,0,0,NA,0,NA,0,NA
I4405255364,2014,0,0,NA,0,NA,0,NA
I4405255364,2015,0,0,NA,0,NA,0,NA
I4405255364,2016,0,0,NA,0,NA,0,NA
I4405255364,2017,0,0,NA,0,NA,0,NA
I4405255364,2018,0,0,NA,0,NA,0,NA
I4405255364,2019,0,0,NA,0,NA,0,NA
I4405255364,2020,0,0,NA,0,NA,0,NA
I4405255364,2021,0,0,NA,0,NA,0,NA
I4405255364,2022,0,0,NA,0,NA,0,NA
I4405255364,2023,0,0,NA,0,NA,0,NA
I4405255364,2024,0,0,NA,0,NA,0,NA
I4405255364,2025,0,0,NA,0,NA,0,NA
I4210155196,2006,0,0,NA,0,NA,0,NA
I4210155196,2007,0,0,NA,0,NA,0,NA
I4210155196,2008,0,0,NA,0,NA,0,NA
I4210155196,2009,0,0,NA,0,NA,0,NA
I4210155196,2010,0,0,NA,0,NA,0,NA
I4210155196,2011,0,0,NA,0,NA,0,NA
I4210155196,2012,0,0,NA,0,NA,0,NA
I4210155196,2013,1,1,1,1,1,0,0
I4210155196,2014,1,1,1,1,1,0,0
I4210155196,2015,1,1,1,1,1,1,1
I4210155196,2016,1,1,1,1,1,0,0
I4210155196,2017,0,0,NA,0,NA,0,NA
I4210155196,2018,3,1,0.3333333333333333,0,0,1,0.3333333333333333
I4210155196,2019,2,2,1,0,0,2,1
I4210155196,2020,5,3,0.6,0,0,3,0.6
I4210155196,2021,0,0,NA,0,NA,0,NA
I4210155196,2022,1,1,1,0,0,1,1
I4210155196,2023,5,4,0.8,1,0.2,4,0.8
I4210155196,2024,6,5,0.8333333333333334,1,0.16666666666666666,5,0.8333333333333334
I4210155196,2025,9,2,0.2222222222222222,0,0,2,0.2222222222222222
I2799887408,2006,0,0,NA,0,NA,0,NA
I2799887408,2007,0,0,NA,0,NA,0,NA
I2799887408,2008,1,0,0,0,0,0,0
I2799887408,2009,0,0,NA,0,NA,0,NA
I2799887408,2010,1,0,0,0,0,0,0
I2799887408,2011,0,0,NA,0,NA,0,NA
I2799887408,2012,0,0,NA,0,NA,0,NA
I2799887408,2013,1,1,1,1,1,0,0
I2799887408,2014,2,0,0,0,0,0,0
I2799887408,2015,2,2,1,0,0,2,1
I2799887408,2016,3,0,0,0,0,0,0
I2799887408,2017,5,2,0.4,1,0.2,1,0.2
I2799887408,2018,4,2,0.5,1,0.25,1,0.25
I2799887408,2019,11,4,0.36363636363636365,4,0.36363636363636365,4,0.36363636363636365
I2799887408,2020,13,8,0.6153846153846154,7,0.5384615384615384,4,0.3076923076923077
I2799887408,2021,17,9,0.5294117647058824,4,0.23529411764705882,5,0.29411764705882354
I2799887408,2022,33,11,0.3333333333333333,6,0.18181818181818182,7,0.21212121212121213
I2799887408,2023,43,10,0.23255813953488372,9,0.20930232558139536,3,0.06976744186046512
I2799887408,2024,35,7,0.2,6,0.17142857142857143,1,0.02857142857142857
I2799887408,2025,48,15,0.3125,12,0.25,7,0.14583333333333334
I3132105718,2006,1,1,1,0,0,1,1
I3132105718,2007,0,0,NA,0,NA,0,NA
I3132105718,2008,0,0,NA,0,NA,0,NA
I3132105718,2009,1,1,1,0,0,1,1
I3132105718,2010,1,0,0,0,0,0,0
I3132105718,2011,2,2,1,1,0.5,1,0.5
I3132105718,2012,1,1,1,0,0,1,1
I3132105718,2013,1,1,1,0,0,1,1
I3132105718,2014,1,1,1,1,1,0,0
I3132105718,2015,3,2,0.6666666666666666,2,0.6666666666666666,1,0.3333333333333333
I3132105718,2016,2,1,0.5,0,0,1,0.5
I3132105718,2017,9,6,0.6666666666666666,2,0.2222222222222222,6,0.6666666666666666
I3132105718,2018,2,2,1,1,0.5,1,0.5
I3132105718,2019,3,3,1,1,0.3333333333333333,2,0.6666666666666666
I3132105718,2020,8,3,0.375,1,0.125,3,0.375
I3132105718,2021,8,6,0.75,2,0.25,6,0.75
I3132105718,2022,17,14,0.8235294117647058,13,0.7647058823529411,2,0.11764705882352941
I3132105718,2023,11,8,0.7272727272727273,5,0.45454545454545453,6,0.5454545454545454
I3132105718,2024,19,9,0.47368421052631576,8,0.42105263157894735,5,0.2631578947368421
I3132105718,2025,34,21,0.6176470588235294,9,0.2647058823529412,17,0.5
I29787537,2006,0,0,NA,0,NA,0,NA
I29787537,2007,5,1,0.2,0,0,1,0.2
I29787537,2008,2,0,0,0,0,0,0
I29787537,2009,3,0,0,0,0,0,0
I29787537,2010,2,0,0,0,0,0,0
I29787537,2011,17,3,0.17647058823529413,1,0.058823529411764705,2,0.11764705882352941
I29787537,2012,15,1,0.06666666666666667,0,0,1,0.06666666666666667
I29787537,2013,91,5,0.054945054945054944,0,0,5,0.054945054945054944
I29787537,2014,133,11,0.08270676691729323,1,0.007518796992481203,10,0.07518796992481203
I29787537,2015,132,24,0.18181818181818182,7,0.05303030303030303,17,0.12878787878787878
I29787537,2016,156,37,0.23717948717948717,15,0.09615384615384616,22,0.14102564102564102
I29787537,2017,244,48,0.19672131147540983,23,0.0942622950819672,29,0.11885245901639344
I29787537,2018,287,62,0.21602787456445993,26,0.09059233449477352,44,0.15331010452961671
I29787537,2019,321,107,0.3333333333333333,56,0.17445482866043613,58,0.1806853582554517
I29787537,2020,375,120,0.32,74,0.19733333333333333,60,0.16
I29787537,2021,525,156,0.29714285714285715,82,0.15619047619047619,92,0.17523809523809525
I29787537,2022,689,252,0.36574746008708275,134,0.19448476052249636,182,0.2641509433962264
I29787537,2023,969,402,0.4148606811145511,264,0.2724458204334365,269,0.2776057791537668
I29787537,2024,1106,472,0.4267631103074141,259,0.23417721518987342,355,0.3209764918625678
I29787537,2025,883,382,0.43261608154020387,154,0.17440543601359004,327,0.37032842582106457
I2800483928,2006,3,1,0.3333333333333333,0,0,1,0.3333333333333333
I2800483928,2007,3,1,0.3333333333333333,0,0,1,0.3333333333333333
I2800483928,2008,7,2,0.2857142857142857,1,0.14285714285714285,2,0.2857142857142857
I2800483928,2009,1,0,0,0,0,0,0
I2800483928,2010,5,2,0.4,1,0.2,1,0.2
I2800483928,2011,2,1,0.5,0,0,1,0.5
I2800483928,2012,11,7,0.6363636363636364,2,0.18181818181818182,7,0.6363636363636364
I2800483928,2013,2,1,0.5,0,0,1,0.5
I2800483928,2014,2,1,0.5,0,0,1,0.5
I2800483928,2015,11,6,0.5454545454545454,1,0.09090909090909091,6,0.5454545454545454
I2800483928,2016,8,4,0.5,1,0.125,3,0.375
I2800483928,2017,11,7,0.6363636363636364,2,0.18181818181818182,5,0.45454545454545453
I2800483928,2018,23,11,0.4782608695652174,3,0.13043478260869565,10,0.43478260869565216
I2800483928,2019,36,11,0.3055555555555556,4,0.1111111111111111,10,0.2777777777777778
I2800483928,2020,47,9,0.19148936170212766,5,0.10638297872340426,8,0.1702127659574468
I2800483928,2021,73,14,0.1917808219178082,5,0.0684931506849315,13,0.1780821917808219
I2800483928,2022,56,18,0.32142857142857145,10,0.17857142857142858,16,0.2857142857142857
I2800483928,2023,64,28,0.4375,16,0.25,24,0.375
I2800483928,2024,87,33,0.3793103448275862,11,0.12643678160919541,30,0.3448275862068966
I2800483928,2025,134,48,0.3582089552238806,29,0.21641791044776118,40,0.29850746268656714
I4210165634,2006,1,0,0,0,0,0,0
I4210165634,2007,2,2,1,0,0,2,1
I4210165634,2008,6,5,0.8333333333333334,0,0,5,0.8333333333333334
I4210165634,2009,4,3,0.75,0,0,3,0.75
I4210165634,2010,5,2,0.4,0,0,2,0.4
I4210165634,2011,9,4,0.4444444444444444,1,0.1111111111111111,4,0.4444444444444444
I4210165634,2012,5,3,0.6,0,0,3,0.6
I4210165634,2013,4,0,0,0,0,0,0
I4210165634,2014,12,3,0.25,0,0,3,0.25
I4210165634,2015,13,5,0.38461538461538464,0,0,5,0.38461538461538464
I4210165634,2016,18,5,0.2777777777777778,4,0.2222222222222222,1,0.05555555555555555
I4210165634,2017,22,6,0.2727272727272727,4,0.18181818181818182,4,0.18181818181818182
I4210165634,2018,24,2,0.08333333333333333,0,0,2,0.08333333333333333
I4210165634,2019,18,4,0.2222222222222222,3,0.16666666666666666,1,0.05555555555555555
I4210165634,2020,23,6,0.2608695652173913,2,0.08695652173913043,4,0.17391304347826086
I4210165634,2021,21,8,0.38095238095238093,3,0.14285714285714285,7,0.3333333333333333
I4210165634,2022,45,7,0.15555555555555556,4,0.08888888888888889,6,0.13333333333333333
I4210165634,2023,26,9,0.34615384615384615,2,0.07692307692307693,9,0.34615384615384615
I4210165634,2024,18,5,0.2777777777777778,1,0.05555555555555555,5,0.2777777777777778
I4210165634,2025,29,5,0.1724137931034483,2,0.06896551724137931,5,0.1724137931034483
I165390105,2006,349,74,0.21203438395415472,7,0.02005730659025788,68,0.19484240687679083
I165390105,2007,327,70,0.21406727828746178,9,0.027522935779816515,64,0.19571865443425077
I165390105,2008,450,99,0.22,19,0.042222222222222223,84,0.18666666666666668
I165390105,2009,489,107,0.21881390593047034,23,0.04703476482617587,91,0.18609406952965235
I165390105,2010,730,140,0.1917808219178082,27,0.036986301369863014,124,0.16986301369863013
I165390105,2011,998,161,0.16132264529058116,30,0.03006012024048096,135,0.13527054108216433
I165390105,2012,1331,184,0.1382419233658903,45,0.033809166040571,153,0.1149511645379414
I165390105,2013,1563,245,0.15674984005118361,74,0.04734484964811261,189,0.12092130518234165
I165390105,2014,1834,335,0.1826608505997819,79,0.0430752453653217,271,0.14776444929116686
I165390105,2015,1847,460,0.24905251759610178,137,0.07417433676231727,351,0.19003789929615592
I165390105,2016,1988,522,0.2625754527162978,153,0.07696177062374246,398,0.20020120724346077
I165390105,2017,2126,615,0.28927563499529635,234,0.11006585136406397,459,0.215898400752587
I165390105,2018,1929,583,0.3022291342664593,228,0.1181959564541213,417,0.2161741835147745
I165390105,2019,2334,839,0.35946872322193657,361,0.1546700942587832,574,0.24592973436161097
I165390105,2020,2614,1098,0.4200459066564652,475,0.18171384850803365,780,0.29839326702371843
I165390105,2021,2798,1148,0.41029306647605435,489,0.17476769120800573,833,0.29771265189421015
I165390105,2022,3091,1277,0.4131349077968295,583,0.18861209964412812,920,0.2976383047557425
I165390105,2023,3428,1379,0.40227537922987167,648,0.18903150525087514,965,0.2815052508751459
I165390105,2024,4169,1542,0.3698728711921324,719,0.17246342048452867,1076,0.2580954665387383
I165390105,2025,4680,1816,0.38803418803418804,786,0.16794871794871793,1353,0.28910256410256413
I4210110684,2006,0,0,NA,0,NA,0,NA
I4210110684,2007,0,0,NA,0,NA,0,NA
I4210110684,2008,0,0,NA,0,NA,0,NA
I4210110684,2009,0,0,NA,0,NA,0,NA
I4210110684,2010,0,0,NA,0,NA,0,NA
I4210110684,2011,0,0,NA,0,NA,0,NA
I4210110684,2012,0,0,NA,0,NA,0,NA
I4210110684,2013,0,0,NA,0,NA,0,NA
I4210110684,2014,0,0,NA,0,NA,0,NA
I4210110684,2015,1,0,0,0,0,0,0
I4210110684,2016,0,0,NA,0,NA,0,NA
I4210110684,2017,0,0,NA,0,NA,0,NA
I4210110684,2018,1,0,0,0,0,0,0
I4210110684,2019,0,0,NA,0,NA,0,NA
I4210110684,2020,2,2,1,1,0.5,2,1
I4210110684,2021,0,0,NA,0,NA,0,NA
I4210110684,2022,1,0,0,0,0,0,0
I4210110684,2023,0,0,NA,0,NA,0,NA
I4210110684,2024,3,3,1,1,0.3333333333333333,3,1
I4210110684,2025,10,4,0.4,3,0.3,4,0.4
I148561064,2006,80,54,0.675,50,0.625,4,0.05
I148561064,2007,63,32,0.5079365079365079,25,0.3968253968253968,7,0.1111111111111111
I148561064,2008,84,56,0.6666666666666666,50,0.5952380952380952,6,0.07142857142857142
I148561064,2009,97,64,0.6597938144329897,57,0.5876288659793815,8,0.08247422680412371
I148561064,2010,100,53,0.53,47,0.47,8,0.08
I148561064,2011,96,66,0.6875,42,0.4375,26,0.2708333333333333
I148561064,2012,114,79,0.6929824561403509,45,0.39473684210526316,35,0.30701754385964913
I148561064,2013,137,81,0.5912408759124088,40,0.291970802919708,41,0.29927007299270075
I148561064,2014,169,131,0.7751479289940828,45,0.26627218934911245,87,0.514792899408284
I148561064,2015,131,102,0.7786259541984732,22,0.16793893129770993,82,0.6259541984732825
I148561064,2016,160,134,0.8375,14,0.0875,126,0.7875
I148561064,2017,105,75,0.7142857142857143,18,0.17142857142857143,59,0.5619047619047619
I148561064,2018,92,77,0.8369565217391305,15,0.16304347826086957,64,0.6956521739130435
I148561064,2019,109,85,0.7798165137614679,31,0.28440366972477066,66,0.6055045871559633
I148561064,2020,118,87,0.7372881355932204,31,0.2627118644067797,70,0.5932203389830508
I148561064,2021,113,87,0.7699115044247787,30,0.26548672566371684,67,0.5929203539823009
I148561064,2022,94,62,0.6595744680851063,28,0.2978723404255319,50,0.5319148936170213
I148561064,2023,105,79,0.7523809523809524,35,0.3333333333333333,65,0.6190476190476191
I148561064,2024,114,93,0.8157894736842105,50,0.43859649122807015,64,0.5614035087719298
I148561064,2025,122,96,0.7868852459016393,49,0.4016393442622951,78,0.639344262295082
I2799873615,2006,1,0,0,0,0,0,0
I2799873615,2007,1,0,0,0,0,0,0
I2799873615,2008,1,0,0,0,0,0,0
I2799873615,2009,4,0,0,0,0,0,0
I2799873615,2010,9,1,0.1111111111111111,0,0,1,0.1111111111111111
I2799873615,2011,26,3,0.11538461538461539,0,0,3,0.11538461538461539
I2799873615,2012,29,16,0.5517241379310345,6,0.20689655172413793,13,0.4482758620689655
I2799873615,2013,38,27,0.7105263157894737,14,0.3684210526315789,21,0.5526315789473685
I2799873615,2014,83,67,0.8072289156626506,50,0.6024096385542169,22,0.26506024096385544
I2799873615,2015,82,54,0.6585365853658537,17,0.2073170731707317,41,0.5
I2799873615,2016,32,25,0.78125,6,0.1875,21,0.65625
I2799873615,2017,31,23,0.7419354838709677,13,0.41935483870967744,14,0.45161290322580644
I2799873615,2018,57,41,0.7192982456140351,22,0.38596491228070173,31,0.543859649122807
I2799873615,2019,73,44,0.6027397260273972,23,0.3150684931506849,32,0.4383561643835616
I2799873615,2020,103,72,0.6990291262135923,36,0.34951456310679613,61,0.5922330097087378
I2799873615,2021,140,107,0.7642857142857142,61,0.4357142857142857,95,0.6785714285714286
I2799873615,2022,99,75,0.7575757575757576,40,0.40404040404040403,65,0.6565656565656566
I2799873615,2023,99,59,0.5959595959595959,31,0.31313131313131315,47,0.47474747474747475
I2799873615,2024,107,72,0.6728971962616822,31,0.2897196261682243,59,0.5514018691588785
I2799873615,2025,127,89,0.7007874015748031,41,0.3228346456692913,76,0.5984251968503937
I4210121797,2006,118,88,0.7457627118644068,44,0.3728813559322034,64,0.5423728813559322
I4210121797,2007,110,84,0.7636363636363637,54,0.4909090909090909,52,0.4727272727272727
I4210121797,2008,95,67,0.7052631578947368,36,0.37894736842105264,49,0.5157894736842106
I4210121797,2009,101,68,0.6732673267326733,36,0.3564356435643564,56,0.5544554455445545
I4210121797,2010,89,70,0.7865168539325843,48,0.5393258426966292,48,0.5393258426966292
I4210121797,2011,85,63,0.7411764705882353,46,0.5411764705882353,43,0.5058823529411764
I4210121797,2012,126,100,0.7936507936507936,74,0.5873015873015873,61,0.48412698412698413
I4210121797,2013,97,64,0.6597938144329897,36,0.3711340206185567,40,0.41237113402061853
I4210121797,2014,162,120,0.7407407407407407,87,0.5370370370370371,71,0.4382716049382716
I4210121797,2015,50,41,0.82,23,0.46,31,0.62
I4210121797,2016,15,8,0.5333333333333333,6,0.4,6,0.4
I4210121797,2017,26,16,0.6153846153846154,8,0.3076923076923077,10,0.38461538461538464
I4210121797,2018,23,6,0.2608695652173913,3,0.13043478260869565,4,0.17391304347826086
I4210121797,2019,28,17,0.6071428571428571,9,0.32142857142857145,14,0.5
I4210121797,2020,32,23,0.71875,7,0.21875,22,0.6875
I4210121797,2021,41,21,0.5121951219512195,10,0.24390243902439024,16,0.3902439024390244
I4210121797,2022,31,24,0.7741935483870968,8,0.25806451612903225,21,0.6774193548387096
I4210121797,2023,30,20,0.6666666666666666,15,0.5,10,0.3333333333333333
I4210121797,2024,81,20,0.24691358024691357,12,0.14814814814814814,11,0.13580246913580246
I4210121797,2025,252,130,0.5158730158730159,36,0.14285714285714285,112,0.4444444444444444
I4405266581,2006,0,0,NA,0,NA,0,NA
I4405266581,2007,0,0,NA,0,NA,0,NA
I4405266581,2008,0,0,NA,0,NA,0,NA
I4405266581,2009,0,0,NA,0,NA,0,NA
I4405266581,2010,0,0,NA,0,NA,0,NA
I4405266581,2011,0,0,NA,0,NA,0,NA
I4405266581,2012,0,0,NA,0,NA,0,NA
I4405266581,2013,0,0,NA,0,NA,0,NA
I4405266581,2014,0,0,NA,0,NA,0,NA
I4405266581,2015,0,0,NA,0,NA,0,NA
I4405266581,2016,0,0,NA,0,NA,0,NA
I4405266581,2017,0,0,NA,0,NA,0,NA
I4405266581,2018,0,0,NA,0,NA,0,NA
I4405266581,2019,0,0,NA,0,NA,0,NA
I4405266581,2020,0,0,NA,0,NA,0,NA
I4405266581,2021,0,0,NA,0,NA,0,NA
I4405266581,2022,0,0,NA,0,NA,0,NA
I4405266581,2023,0,0,NA,0,NA,0,NA
I4405266581,2024,0,0,NA,0,NA,0,NA
I4405266581,2025,0,0,NA,0,NA,0,NA
I4210113241,2006,0,0,NA,0,NA,0,NA
I4210113241,2007,0,0,NA,0,NA,0,NA
I4210113241,2008,0,0,NA,0,NA,0,NA
I4210113241,2009,0,0,NA,0,NA,0,NA
I4210113241,2010,0,0,NA,0,NA,0,NA
I4210113241,2011,1,1,1,1,1,1,1
I4210113241,2012,0,0,NA,0,NA,0,NA
I4210113241,2013,1,1,1,0,0,1,1
I4210113241,2014,1,1,1,0,0,1,1
I4210113241,2015,0,0,NA,0,NA,0,NA
I4210113241,2016,0,0,NA,0,NA,0,NA
I4210113241,2017,0,0,NA,0,NA,0,NA
I4210113241,2018,1,1,1,1,1,1,1
I4210113241,2019,3,3,1,0,0,3,1
I4210113241,2020,0,0,NA,0,NA,0,NA
I4210113241,2021,0,0,NA,0,NA,0,NA
I4210113241,2022,7,4,0.5714285714285714,1,0.14285714285714285,4,0.5714285714285714
I4210113241,2023,17,14,0.8235294117647058,7,0.4117647058823529,10,0.5882352941176471
I4210113241,2024,14,10,0.7142857142857143,6,0.42857142857142855,8,0.5714285714285714
I4210113241,2025,11,10,0.9090909090909091,4,0.36363636363636365,9,0.8181818181818182
I4405259820,2006,0,0,NA,0,NA,0,NA
I4405259820,2007,0,0,NA,0,NA,0,NA
I4405259820,2008,0,0,NA,0,NA,0,NA
I4405259820,2009,0,0,NA,0,NA,0,NA
I4405259820,2010,0,0,NA,0,NA,0,NA
I4405259820,2011,0,0,NA,0,NA,0,NA
I4405259820,2012,0,0,NA,0,NA,0,NA
I4405259820,2013,0,0,NA,0,NA,0,NA
I4405259820,2014,0,0,NA,0,NA,0,NA
I4405259820,2015,0,0,NA,0,NA,0,NA
I4405259820,2016,0,0,NA,0,NA,0,NA
I4405259820,2017,0,0,NA,0,NA,0,NA
I4405259820,2018,0,0,NA,0,NA,0,NA
I4405259820,2019,0,0,NA,0,NA,0,NA
I4405259820,2020,0,0,NA,0,NA,0,NA
I4405259820,2021,0,0,NA,0,NA,0,NA
I4405259820,2022,0,0,NA,0,NA,0,NA
I4405259820,2023,0,0,NA,0,NA,0,NA
I4405259820,2024,0,0,NA,0,NA,0,NA
I4405259820,2025,0,0,NA,0,NA,0,NA
I3132520537,2006,0,0,NA,0,NA,0,NA
I3132520537,2007,0,0,NA,0,NA,0,NA
I3132520537,2008,0,0,NA,0,NA,0,NA
I3132520537,2009,0,0,NA,0,NA,0,NA
I3132520537,2010,0,0,NA,0,NA,0,NA
I3132520537,2011,1,1,1,0,0,1,1
I3132520537,2012,0,0,NA,0,NA,0,NA
I3132520537,2013,1,1,1,0,0,1,1
I3132520537,2014,0,0,NA,0,NA,0,NA
I3132520537,2015,2,2,1,0,0,2,1
I3132520537,2016,2,0,0,0,0,0,0
I3132520537,2017,0,0,NA,0,NA,0,NA
I3132520537,2018,0,0,NA,0,NA,0,NA
I3132520537,2019,0,0,NA,0,NA,0,NA
I3132520537,2020,3,1,0.3333333333333333,0,0,1,0.3333333333333333
I3132520537,2021,0,0,NA,0,NA,0,NA
I3132520537,2022,0,0,NA,0,NA,0,NA
I3132520537,2023,1,1,1,1,1,1,1
I3132520537,2024,4,2,0.5,1,0.25,2,0.5
I3132520537,2025,7,4,0.5714285714285714,0,0,4,0.5714285714285714
I2803027104,2006,1,0,0,0,0,0,0
I2803027104,2007,2,1,0.5,0,0,1,0.5
I2803027104,2008,2,1,0.5,1,0.5,0,0
I2803027104,2009,2,1,0.5,0,0,1,0.5
I2803027104,2010,3,2,0.6666666666666666,0,0,2,0.6666666666666666
I2803027104,2011,2,2,1,0,0,2,1
I2803027104,2012,1,0,0,0,0,0,0
I2803027104,2013,5,1,0.2,0,0,1,0.2
I2803027104,2014,4,1,0.25,1,0.25,0,0
I2803027104,2015,11,2,0.18181818181818182,1,0.09090909090909091,1,0.09090909090909091
I2803027104,2016,5,2,0.4,0,0,2,0.4
I2803027104,2017,7,6,0.8571428571428571,0,0,6,0.8571428571428571
I2803027104,2018,5,3,0.6,1,0.2,2,0.4
I2803027104,2019,8,6,0.75,1,0.125,5,0.625
I2803027104,2020,8,3,0.375,1,0.125,3,0.375
I2803027104,2021,13,7,0.5384615384615384,4,0.3076923076923077,6,0.46153846153846156
I2803027104,2022,11,8,0.7272727272727273,2,0.18181818181818182,6,0.5454545454545454
I2803027104,2023,20,12,0.6,5,0.25,10,0.5
I2803027104,2024,26,19,0.7307692307692307,3,0.11538461538461539,18,0.6923076923076923
I2803027104,2025,46,29,0.6304347826086957,7,0.15217391304347827,27,0.5869565217391305
I2801972722,2006,0,0,NA,0,NA,0,NA
I2801972722,2007,2,1,0.5,0,0,1,0.5
I2801972722,2008,0,0,NA,0,NA,0,NA
I2801972722,2009,0,0,NA,0,NA,0,NA
I2801972722,2010,1,0,0,0,0,0,0
I2801972722,2011,1,0,0,0,0,0,0
I2801972722,2012,1,0,0,0,0,0,0
I2801972722,2013,0,0,NA,0,NA,0,NA
I2801972722,2014,0,0,NA,0,NA,0,NA
I2801972722,2015,1,0,0,0,0,0,0
I2801972722,2016,0,0,NA,0,NA,0,NA
I2801972722,2017,2,1,0.5,0,0,1,0.5
I2801972722,2018,1,0,0,0,0,0,0
I2801972722,2019,1,1,1,1,1,1,1
I2801972722,2020,0,0,NA,0,NA,0,NA
I2801972722,2021,0,0,NA,0,NA,0,NA
I2801972722,2022,0,0,NA,0,NA,0,NA
I2801972722,2023,6,5,0.8333333333333334,2,0.3333333333333333,5,0.8333333333333334
I2801972722,2024,3,3,1,1,0.3333333333333333,3,1
I2801972722,2025,5,5,1,2,0.4,5,1
I4405258014,2006,0,0,NA,0,NA,0,NA
I4405258014,2007,0,0,NA,0,NA,0,NA
I4405258014,2008,0,0,NA,0,NA,0,NA
I4405258014,2009,0,0,NA,0,NA,0,NA
I4405258014,2010,0,0,NA,0,NA,0,NA
I4405258014,2011,0,0,NA,0,NA,0,NA
I4405258014,2012,0,0,NA,0,NA,0,NA
I4405258014,2013,0,0,NA,0,NA,0,NA
I4405258014,2014,0,0,NA,0,NA,0,NA
I4405258014,2015,0,0,NA,0,NA,0,NA
I4405258014,2016,0,0,NA,0,NA,0,NA
I4405258014,2017,0,0,NA,0,NA,0,NA
I4405258014,2018,0,0,NA,0,NA,0,NA
I4405258014,2019,0,0,NA,0,NA,0,NA
I4405258014,2020,0,0,NA,0,NA,0,NA
I4405258014,2021,0,0,NA,0,NA,0,NA
I4405258014,2022,0,0,NA,0,NA,0,NA
I4405258014,2023,0,0,NA,0,NA,0,NA
I4405258014,2024,0,0,NA,0,NA,0,NA
I4405258014,2025,0,0,NA,0,NA,0,NA
I4403928187,2006,0,0,NA,0,NA,0,NA
I4403928187,2007,0,0,NA,0,NA,0,NA
I4403928187,2008,0,0,NA,0,NA,0,NA
I4403928187,2009,0,0,NA,0,NA,0,NA
I4403928187,2010,0,0,NA,0,NA,0,NA
I4403928187,2011,0,0,NA,0,NA,0,NA
I4403928187,2012,0,0,NA,0,NA,0,NA
I4403928187,2013,0,0,NA,0,NA,0,NA
I4403928187,2014,0,0,NA,0,NA,0,NA
I4403928187,2015,0,0,NA,0,NA,0,NA
I4403928187,2016,0,0,NA,0,NA,0,NA
I4403928187,2017,0,0,NA,0,NA,0,NA
I4403928187,2018,0,0,NA,0,NA,0,NA
I4403928187,2019,0,0,NA,0,NA,0,NA
I4403928187,2020,0,0,NA,0,NA,0,NA
I4403928187,2021,0,0,NA,0,NA,0,NA
I4403928187,2022,1,1,1,0,0,1,1
I4403928187,2023,0,0,NA,0,NA,0,NA
I4403928187,2024,3,3,1,2,0.6666666666666666,2,0.6666666666666666
I4403928187,2025,2,0,0,0,0,0,0
I118185606,2006,234,90,0.38461538461538464,6,0.02564102564102564,90,0.38461538461538464
I118185606,2007,214,105,0.49065420560747663,2,0.009345794392523364,105,0.49065420560747663
I118185606,2008,247,115,0.46558704453441296,1,0.004048582995951417,115,0.46558704453441296
I118185606,2009,289,118,0.4083044982698962,5,0.01730103806228374,118,0.4083044982698962
I118185606,2010,315,134,0.4253968253968254,11,0.03492063492063492,134,0.4253968253968254
I118185606,2011,396,194,0.4898989898989899,11,0.027777777777777776,194,0.4898989898989899
I118185606,2012,370,166,0.4486486486486487,11,0.02972972972972973,166,0.4486486486486487
I118185606,2013,394,207,0.5253807106598984,27,0.06852791878172589,207,0.5253807106598984
I118185606,2014,458,222,0.4847161572052402,31,0.06768558951965066,222,0.4847161572052402
I118185606,2015,467,269,0.576017130620985,35,0.07494646680942184,269,0.576017130620985
I118185606,2016,563,329,0.5843694493783304,54,0.09591474245115453,329,0.5843694493783304
I118185606,2017,494,270,0.5465587044534413,47,0.0951417004048583,270,0.5465587044534413
I118185606,2018,558,344,0.6164874551971327,35,0.06272401433691756,344,0.6164874551971327
I118185606,2019,599,331,0.5525876460767947,44,0.07345575959933222,331,0.5525876460767947
I118185606,2020,1014,590,0.5818540433925049,87,0.08579881656804733,590,0.5818540433925049
I118185606,2021,1075,677,0.6297674418604651,74,0.06883720930232558,677,0.6297674418604651
I118185606,2022,1041,653,0.627281460134486,67,0.0643611911623439,653,0.627281460134486
I118185606,2023,1110,759,0.6837837837837838,74,0.06666666666666667,759,0.6837837837837838
I118185606,2024,1330,910,0.6842105263157895,91,0.06842105263157895,910,0.6842105263157895
I118185606,2025,1375,957,0.696,139,0.10109090909090909,957,0.696
I4210108070,2006,0,0,NA,0,NA,0,NA
I4210108070,2007,4,2,0.5,2,0.5,1,0.25
I4210108070,2008,27,12,0.4444444444444444,3,0.1111111111111111,12,0.4444444444444444
I4210108070,2009,24,11,0.4583333333333333,2,0.08333333333333333,11,0.4583333333333333
I4210108070,2010,33,13,0.3939393939393939,4,0.12121212121212122,12,0.36363636363636365
I4210108070,2011,51,28,0.5490196078431373,11,0.21568627450980393,27,0.5294117647058824
I4210108070,2012,37,19,0.5135135135135135,7,0.1891891891891892,18,0.4864864864864865
I4210108070,2013,51,34,0.6666666666666666,12,0.23529411764705882,31,0.6078431372549019
I4210108070,2014,57,39,0.6842105263157895,13,0.22807017543859648,35,0.6140350877192983
I4210108070,2015,50,38,0.76,10,0.2,37,0.74
I4210108070,2016,88,59,0.6704545454545454,23,0.26136363636363635,55,0.625
I4210108070,2017,100,81,0.81,32,0.32,77,0.77
I4210108070,2018,114,86,0.7543859649122807,30,0.2631578947368421,83,0.7280701754385965
I4210108070,2019,138,105,0.7608695652173914,37,0.26811594202898553,102,0.7391304347826086
I4210108070,2020,216,179,0.8287037037037037,77,0.35648148148148145,167,0.7731481481481481
I4210108070,2021,216,173,0.8009259259259259,68,0.3148148148148148,158,0.7314814814814815
I4210108070,2022,282,222,0.7872340425531915,118,0.41843971631205673,193,0.6843971631205674
I4210108070,2023,301,208,0.6910299003322259,114,0.3787375415282392,190,0.6312292358803987
I4210108070,2024,373,284,0.7613941018766756,147,0.3941018766756032,267,0.7158176943699732
I4210108070,2025,483,412,0.8530020703933747,224,0.463768115942029,393,0.8136645962732919
I4405260173,2006,0,0,NA,0,NA,0,NA
I4405260173,2007,0,0,NA,0,NA,0,NA
I4405260173,2008,0,0,NA,0,NA,0,NA
I4405260173,2009,0,0,NA,0,NA,0,NA
I4405260173,2010,0,0,NA,0,NA,0,NA
I4405260173,2011,0,0,NA,0,NA,0,NA
I4405260173,2012,0,0,NA,0,NA,0,NA
I4405260173,2013,0,0,NA,0,NA,0,NA
I4405260173,2014,0,0,NA,0,NA,0,NA
I4405260173,2015,0,0,NA,0,NA,0,NA
I4405260173,2016,0,0,NA,0,NA,0,NA
I4405260173,2017,0,0,NA,0,NA,0,NA
I4405260173,2018,0,0,NA,0,NA,0,NA
I4405260173,2019,0,0,NA,0,NA,0,NA
I4405260173,2020,0,0,NA,0,NA,0,NA
I4405260173,2021,0,0,NA,0,NA,0,NA
I4405260173,2022,0,0,NA,0,NA,0,NA
I4405260173,2023,0,0,NA,0,NA,0,NA
I4405260173,2024,0,0,NA,0,NA,0,NA
I4405260173,2025,0,0,NA,0,NA,0,NA
I4210098501,2006,0,0,NA,0,NA,0,NA
I4210098501,2007,0,0,NA,0,NA,0,NA
I4210098501,2008,0,0,NA,0,NA,0,NA
I4210098501,2009,0,0,NA,0,NA,0,NA
I4210098501,2010,0,0,NA,0,NA,0,NA
I4210098501,2011,0,0,NA,0,NA,0,NA
I4210098501,2012,0,0,NA,0,NA,0,NA
I4210098501,2013,0,0,NA,0,NA,0,NA
I4210098501,2014,0,0,NA,0,NA,0,NA
I4210098501,2015,0,0,NA,0,NA,0,NA
I4210098501,2016,0,0,NA,0,NA,0,NA
I4210098501,2017,0,0,NA,0,NA,0,NA
I4210098501,2018,1,1,1,1,1,1,1
I4210098501,2019,0,0,NA,0,NA,0,NA
I4210098501,2020,0,0,NA,0,NA,0,NA
I4210098501,2021,0,0,NA,0,NA,0,NA
I4210098501,2022,0,0,NA,0,NA,0,NA
I4210098501,2023,1,1,1,1,1,1,1
I4210098501,2024,0,0,NA,0,NA,0,NA
I4210098501,2025,0,0,NA,0,NA,0,NA
I3131883934,2006,22,14,0.6363636363636364,4,0.18181818181818182,13,0.5909090909090909
I3131883934,2007,24,12,0.5,0,0,12,0.5
I3131883934,2008,30,20,0.6666666666666666,2,0.06666666666666667,20,0.6666666666666666
I3131883934,2009,42,24,0.5714285714285714,1,0.023809523809523808,23,0.5476190476190477
I3131883934,2010,45,37,0.8222222222222222,3,0.06666666666666667,36,0.8
I3131883934,2011,48,35,0.7291666666666666,7,0.14583333333333334,32,0.6666666666666666
I3131883934,2012,68,46,0.6764705882352942,4,0.058823529411764705,46,0.6764705882352942
I3131883934,2013,87,57,0.6551724137931034,5,0.05747126436781609,57,0.6551724137931034
I3131883934,2014,212,88,0.41509433962264153,6,0.02830188679245283,85,0.4009433962264151
I3131883934,2015,159,99,0.6226415094339622,9,0.05660377358490566,99,0.6226415094339622
I3131883934,2016,165,114,0.6909090909090909,7,0.04242424242424243,113,0.6848484848484848
I3131883934,2017,192,131,0.6822916666666666,4,0.020833333333333332,131,0.6822916666666666
I3131883934,2018,182,135,0.7417582417582418,15,0.08241758241758242,132,0.7252747252747253
I3131883934,2019,240,177,0.7375,9,0.0375,177,0.7375
I3131883934,2020,429,256,0.5967365967365967,11,0.02564102564102564,253,0.5897435897435898
I3131883934,2021,512,336,0.65625,14,0.02734375,332,0.6484375
I3131883934,2022,498,332,0.6666666666666666,24,0.04819277108433735,327,0.6566265060240963
I3131883934,2023,386,261,0.6761658031088082,27,0.06994818652849741,254,0.6580310880829016
I3131883934,2024,385,279,0.7246753246753247,18,0.046753246753246755,279,0.7246753246753247
I3131883934,2025,602,416,0.6910299003322259,141,0.23421926910299004,415,0.6893687707641196
I53279716,2006,7,5,0.7142857142857143,0,0,5,0.7142857142857143
I53279716,2007,9,3,0.3333333333333333,0,0,3,0.3333333333333333
I53279716,2008,6,2,0.3333333333333333,0,0,2,0.3333333333333333
I53279716,2009,9,6,0.6666666666666666,0,0,6,0.6666666666666666
I53279716,2010,6,2,0.3333333333333333,0,0,2,0.3333333333333333
I53279716,2011,16,6,0.375,2,0.125,5,0.3125
I53279716,2012,14,10,0.7142857142857143,4,0.2857142857142857,10,0.7142857142857143
I53279716,2013,29,20,0.6896551724137931,7,0.2413793103448276,20,0.6896551724137931
I53279716,2014,27,14,0.5185185185185185,3,0.1111111111111111,14,0.5185185185185185
I53279716,2015,24,15,0.625,4,0.16666666666666666,15,0.625
I53279716,2016,34,21,0.6176470588235294,6,0.17647058823529413,21,0.6176470588235294
I53279716,2017,28,13,0.4642857142857143,1,0.03571428571428571,13,0.4642857142857143
I53279716,2018,19,13,0.6842105263157895,2,0.10526315789473684,12,0.631578947368421
I53279716,2019,46,30,0.6521739130434783,12,0.2608695652173913,24,0.5217391304347826
I53279716,2020,75,55,0.7333333333333333,10,0.13333333333333333,53,0.7066666666666667
I53279716,2021,63,31,0.49206349206349204,10,0.15873015873015872,29,0.4603174603174603
I53279716,2022,77,42,0.5454545454545454,11,0.14285714285714285,35,0.45454545454545453
I53279716,2023,61,43,0.7049180327868853,15,0.2459016393442623,38,0.6229508196721312
I53279716,2024,91,61,0.6703296703296703,14,0.15384615384615385,58,0.6373626373626373
I53279716,2025,108,88,0.8148148148148148,21,0.19444444444444445,84,0.7777777777777778
I12789410,2006,198,20,0.10101010101010101,8,0.04040404040404041,15,0.07575757575757576
I12789410,2007,129,26,0.20155038759689922,10,0.07751937984496124,19,0.14728682170542637
I12789410,2008,192,44,0.22916666666666666,23,0.11979166666666667,29,0.15104166666666666
I12789410,2009,186,39,0.20967741935483872,14,0.07526881720430108,27,0.14516129032258066
I12789410,2010,374,73,0.19518716577540107,30,0.08021390374331551,52,0.13903743315508021
I12789410,2011,377,68,0.18037135278514588,20,0.05305039787798409,54,0.14323607427055704
I12789410,2012,435,96,0.2206896551724138,38,0.08735632183908046,72,0.16551724137931034
I12789410,2013,572,108,0.1888111888111888,46,0.08041958041958042,78,0.13636363636363635
I12789410,2014,747,126,0.1686746987951807,33,0.04417670682730924,101,0.13520749665327977
I12789410,2015,682,141,0.20674486803519063,40,0.05865102639296188,118,0.17302052785923755
I12789410,2016,735,149,0.20272108843537415,48,0.0653061224489796,117,0.15918367346938775
I12789410,2017,838,195,0.23269689737470167,55,0.06563245823389022,162,0.19331742243436753
I12789410,2018,980,239,0.24387755102040817,48,0.04897959183673469,212,0.2163265306122449
I12789410,2019,1165,292,0.2506437768240343,76,0.06523605150214593,248,0.2128755364806867
I12789410,2020,1639,447,0.2727272727272727,129,0.0787065283709579,389,0.237339841366687
I12789410,2021,1753,538,0.30690245293782087,178,0.10154021677124929,477,0.27210496292070735
I12789410,2022,1598,589,0.3685857321652065,182,0.11389236545682102,518,0.3241551939924906
I12789410,2023,1722,762,0.4425087108013937,258,0.14982578397212543,679,0.3943089430894309
I12789410,2024,1555,709,0.45594855305466236,217,0.1395498392282958,643,0.4135048231511254
I12789410,2025,1856,830,0.44719827586206895,245,0.1320043103448276,754,0.40625
I22223346,2006,3,1,0.3333333333333333,0,0,1,0.3333333333333333
I22223346,2007,5,1,0.2,1,0.2,0,0
I22223346,2008,6,1,0.16666666666666666,0,0,1,0.16666666666666666
I22223346,2009,9,5,0.5555555555555556,1,0.1111111111111111,4,0.4444444444444444
I22223346,2010,10,2,0.2,0,0,2,0.2
I22223346,2011,15,3,0.2,0,0,3,0.2
I22223346,2012,21,6,0.2857142857142857,0,0,6,0.2857142857142857
I22223346,2013,31,5,0.16129032258064516,1,0.03225806451612903,4,0.12903225806451613
I22223346,2014,28,4,0.14285714285714285,1,0.03571428571428571,3,0.10714285714285714
I22223346,2015,39,11,0.28205128205128205,1,0.02564102564102564,11,0.28205128205128205
I22223346,2016,52,17,0.3269230769230769,3,0.057692307692307696,15,0.28846153846153844
I22223346,2017,81,22,0.2716049382716049,3,0.037037037037037035,21,0.25925925925925924
I22223346,2018,95,25,0.2631578947368421,4,0.042105263157894736,21,0.22105263157894736
I22223346,2019,141,39,0.2765957446808511,4,0.028368794326241134,36,0.2553191489361702
I22223346,2020,178,47,0.2640449438202247,11,0.06179775280898876,39,0.21910112359550563
I22223346,2021,185,67,0.3621621621621622,19,0.10270270270270271,58,0.31351351351351353
I22223346,2022,196,81,0.413265306122449,28,0.14285714285714285,75,0.3826530612244898
I22223346,2023,249,99,0.39759036144578314,39,0.1566265060240964,88,0.3534136546184739
I22223346,2024,248,121,0.4879032258064516,37,0.14919354838709678,114,0.4596774193548387
I22223346,2025,252,124,0.49206349206349204,35,0.1388888888888889,117,0.4642857142857143
I4210153799,2006,0,0,NA,0,NA,0,NA
I4210153799,2007,1,1,1,0,0,1,1
I4210153799,2008,1,1,1,0,0,1,1
I4210153799,2009,3,2,0.6666666666666666,0,0,2,0.6666666666666666
I4210153799,2010,1,0,0,0,0,0,0
I4210153799,2011,3,1,0.3333333333333333,0,0,1,0.3333333333333333
I4210153799,2012,11,3,0.2727272727272727,0,0,3,0.2727272727272727
I4210153799,2013,9,3,0.3333333333333333,0,0,3,0.3333333333333333
I4210153799,2014,11,3,0.2727272727272727,0,0,3,0.2727272727272727
I4210153799,2015,21,1,0.047619047619047616,0,0,1,0.047619047619047616
I4210153799,2016,27,4,0.14814814814814814,0,0,4,0.14814814814814814
I4210153799,2017,36,8,0.2222222222222222,2,0.05555555555555555,8,0.2222222222222222
I4210153799,2018,60,11,0.18333333333333332,2,0.03333333333333333,11,0.18333333333333332
I4210153799,2019,70,20,0.2857142857142857,1,0.014285714285714285,19,0.2714285714285714
I4210153799,2020,121,22,0.18181818181818182,2,0.01652892561983471,21,0.17355371900826447
I4210153799,2021,109,36,0.3302752293577982,11,0.10091743119266056,33,0.30275229357798167
I4210153799,2022,135,37,0.2740740740740741,11,0.08148148148148149,37,0.2740740740740741
I4210153799,2023,131,54,0.4122137404580153,8,0.061068702290076333,51,0.3893129770992366
I4210153799,2024,182,99,0.5439560439560439,14,0.07692307692307693,91,0.5
I4210153799,2025,181,77,0.425414364640884,15,0.08287292817679558,68,0.3756906077348066
I61869032,2006,1,0,0,0,0,0,0
I61869032,2007,0,0,NA,0,NA,0,NA
I61869032,2008,1,0,0,0,0,0,0
I61869032,2009,6,5,0.8333333333333334,0,0,5,0.8333333333333334
I61869032,2010,4,3,0.75,0,0,3,0.75
I61869032,2011,8,1,0.125,0,0,1,0.125
I61869032,2012,6,0,0,0,0,0,0
I61869032,2013,23,3,0.13043478260869565,0,0,3,0.13043478260869565
I61869032,2014,20,4,0.2,0,0,4,0.2
I61869032,2015,22,3,0.13636363636363635,1,0.045454545454545456,2,0.09090909090909091
I61869032,2016,24,4,0.16666666666666666,0,0,4,0.16666666666666666
I61869032,2017,52,11,0.21153846153846154,0,0,11,0.21153846153846154
I61869032,2018,106,28,0.2641509433962264,1,0.009433962264150943,28,0.2641509433962264
I61869032,2019,101,24,0.2376237623762376,0,0,24,0.2376237623762376
I61869032,2020,97,41,0.422680412371134,0,0,41,0.422680412371134
I61869032,2021,168,65,0.3869047619047619,3,0.017857142857142856,63,0.375
I61869032,2022,212,74,0.3490566037735849,8,0.03773584905660377,72,0.33962264150943394
I61869032,2023,253,122,0.48221343873517786,21,0.08300395256916997,115,0.45454545454545453
I61869032,2024,316,132,0.4177215189873418,10,0.03164556962025317,130,0.41139240506329117
I61869032,2025,288,153,0.53125,16,0.05555555555555555,145,0.5034722222222222
I107720978,2006,684,166,0.24269005847953215,3,0.0043859649122807015,164,0.23976608187134502
I107720978,2007,746,214,0.2868632707774799,6,0.00804289544235925,213,0.2855227882037534
I107720978,2008,848,242,0.28537735849056606,13,0.015330188679245283,237,0.2794811320754717
I107720978,2009,1077,325,0.30176415970287834,20,0.018570102135561744,320,0.2971216341689879
I107720978,2010,1217,397,0.32621199671322926,11,0.009038619556285949,392,0.32210353327855384
I107720978,2011,1374,435,0.3165938864628821,16,0.011644832605531296,427,0.31077147016011647
I107720978,2012,1706,530,0.3106682297772567,31,0.01817116060961313,522,0.305978898007034
I107720978,2013,1996,575,0.2880761523046092,21,0.010521042084168337,571,0.28607214428857713
I107720978,2014,2315,706,0.3049676025917927,31,0.013390928725701945,696,0.30064794816414686
I107720978,2015,2638,802,0.30401819560272936,37,0.014025777103866566,792,0.30022744503411675
I107720978,2016,2977,941,0.3160900235136043,47,0.015787705744037622,924,0.3103795767551226
I107720978,2017,3413,1054,0.30881922062701433,74,0.021681804863756225,1027,0.3009082918253736
I107720978,2018,4407,1283,0.29112775130474244,65,0.014749262536873156,1257,0.2852280462899932
I107720978,2019,4535,1383,0.3049614112458655,100,0.022050716648291068,1355,0.298787210584344
I107720978,2020,5648,1731,0.3064801699716714,180,0.03186968838526912,1679,0.2972733711048159
I107720978,2021,6516,2185,0.33532842234499693,230,0.035297728667894414,2134,0.3275015346838551
I107720978,2022,6320,2522,0.3990506329113924,257,0.04066455696202532,2471,0.3909810126582278
I107720978,2023,6822,2434,0.3567868660216945,241,0.03532688361184404,2382,0.3491644678979771
I107720978,2024,7786,2627,0.33740046236835347,232,0.029797071667094787,2580,0.331363986642692
I107720978,2025,5936,2674,0.45047169811320753,295,0.04969676549865229,2619,0.44120619946091644
I4405252852,2006,0,0,NA,0,NA,0,NA
I4405252852,2007,0,0,NA,0,NA,0,NA
I4405252852,2008,0,0,NA,0,NA,0,NA
I4405252852,2009,0,0,NA,0,NA,0,NA
I4405252852,2010,0,0,NA,0,NA,0,NA
I4405252852,2011,0,0,NA,0,NA,0,NA
I4405252852,2012,0,0,NA,0,NA,0,NA
I4405252852,2013,0,0,NA,0,NA,0,NA
I4405252852,2014,0,0,NA,0,NA,0,NA
I4405252852,2015,0,0,NA,0,NA,0,NA
I4405252852,2016,0,0,NA,0,NA,0,NA
I4405252852,2017,0,0,NA,0,NA,0,NA
I4405252852,2018,0,0,NA,0,NA,0,NA
I4405252852,2019,0,0,NA,0,NA,0,NA
I4405252852,2020,0,0,NA,0,NA,0,NA
I4405252852,2021,0,0,NA,0,NA,0,NA
I4405252852,2022,0,0,NA,0,NA,0,NA
I4405252852,2023,0,0,NA,0,NA,0,NA
I4405252852,2024,0,0,NA,0,NA,0,NA
I4405252852,2025,0,0,NA,0,NA,0,NA
I37490319,2006,1,0,0,0,0,0,0
I37490319,2007,2,2,1,0,0,2,1
I37490319,2008,1,0,0,0,0,0,0
I37490319,2009,5,1,0.2,0,0,1,0.2
I37490319,2010,8,1,0.125,0,0,1,0.125
I37490319,2011,15,1,0.06666666666666667,0,0,1,0.06666666666666667
I37490319,2012,11,2,0.18181818181818182,1,0.09090909090909091,1,0.09090909090909091
I37490319,2013,10,0,0,0,0,0,0
I37490319,2014,31,4,0.12903225806451613,0,0,4,0.12903225806451613
I37490319,2015,25,8,0.32,7,0.28,8,0.32
I37490319,2016,17,1,0.058823529411764705,0,0,1,0.058823529411764705
I37490319,2017,14,3,0.21428571428571427,0,0,3,0.21428571428571427
I37490319,2018,28,7,0.25,2,0.07142857142857142,7,0.25
I37490319,2019,38,8,0.21052631578947367,1,0.02631578947368421,7,0.18421052631578946
I37490319,2020,53,8,0.1509433962264151,1,0.018867924528301886,7,0.1320754716981132
I37490319,2021,90,23,0.25555555555555554,6,0.06666666666666667,19,0.2111111111111111
I37490319,2022,118,32,0.2711864406779661,9,0.07627118644067797,27,0.2288135593220339
I37490319,2023,197,44,0.2233502538071066,14,0.07106598984771574,34,0.17258883248730963
I37490319,2024,170,58,0.3411764705882353,19,0.11176470588235295,52,0.3058823529411765
I37490319,2025,293,67,0.22866894197952217,25,0.08532423208191127,51,0.17406143344709898
I99542240,2006,3147,1368,0.43469971401334606,1,3.1776294884016526e-4,1368,0.43469971401334606
I99542240,2007,2849,1224,0.42962442962442965,0,0,1224,0.42962442962442965
I99542240,2008,3019,1338,0.44319311030142433,0,0,1338,0.44319311030142433
I99542240,2009,3305,1305,0.394856278366112,0,0,1305,0.394856278366112
I99542240,2010,3142,1411,0.4490770210057288,1,3.1826861871419476e-4,1411,0.4490770210057288
I99542240,2011,3317,1369,0.4127223394633705,4,0.0012059089538739825,1369,0.4127223394633705
I99542240,2012,3486,1474,0.4228341939185313,2,5.737234652897303e-4,1474,0.4228341939185313
I99542240,2013,4100,1719,0.4192682926829268,2,4.878048780487805e-4,1719,0.4192682926829268
I99542240,2014,4399,1822,0.4141850420550125,1,2.2732439190725165e-4,1822,0.4141850420550125
I99542240,2015,4685,1794,0.38292422625400213,2,4.2689434364994664e-4,1794,0.38292422625400213
I99542240,2016,5337,2683,0.5027168821435263,3,5.621135469364812e-4,2683,0.5027168821435263
I99542240,2017,4870,2217,0.45523613963039017,9,0.0018480492813141684,2217,0.45523613963039017
I99542240,2018,4962,2362,0.47601773478436116,18,0.0036275695284159614,2362,0.47601773478436116
I99542240,2019,5087,2493,0.4900727344210733,16,0.003145272262630234,2493,0.4900727344210733
I99542240,2020,6075,3005,0.49465020576131685,16,0.0026337448559670784,3005,0.49465020576131685
I99542240,2021,6390,3221,0.5040688575899843,33,0.005164319248826291,3221,0.5040688575899843
I99542240,2022,5834,3017,0.5171408981830647,32,0.005485087418580734,3017,0.5171408981830647
I99542240,2023,6165,3380,0.5482562854825629,39,0.006326034063260341,3380,0.5482562854825629
I99542240,2024,5567,3037,0.545536195437399,33,0.005927788755164361,3037,0.545536195437399
I99542240,2025,4878,2776,0.5690856908569085,35,0.007175071750717507,2776,0.5690856908569085
I4210137511,2006,0,0,NA,0,NA,0,NA
I4210137511,2007,0,0,NA,0,NA,0,NA
I4210137511,2008,0,0,NA,0,NA,0,NA
I4210137511,2009,1,1,1,0,0,1,1
I4210137511,2010,3,1,0.3333333333333333,0,0,1,0.3333333333333333
I4210137511,2011,1,1,1,0,0,1,1
I4210137511,2012,4,3,0.75,0,0,3,0.75
I4210137511,2013,5,3,0.6,0,0,3,0.6
I4210137511,2014,4,1,0.25,1,0.25,1,0.25
I4210137511,2015,2,1,0.5,0,0,1,0.5
I4210137511,2016,1,0,0,0,0,0,0
I4210137511,2017,11,8,0.7272727272727273,0,0,8,0.7272727272727273
I4210137511,2018,6,4,0.6666666666666666,0,0,4,0.6666666666666666
I4210137511,2019,8,4,0.5,0,0,4,0.5
I4210137511,2020,4,2,0.5,1,0.25,2,0.5
I4210137511,2021,9,2,0.2222222222222222,0,0,2,0.2222222222222222
I4210137511,2022,4,3,0.75,1,0.25,3,0.75
I4210137511,2023,6,3,0.5,0,0,3,0.5
I4210137511,2024,12,4,0.3333333333333333,0,0,4,0.3333333333333333
I4210137511,2025,11,1,0.09090909090909091,0,0,1,0.09090909090909091
I4210127704,2006,4,2,0.5,0,0,2,0.5
I4210127704,2007,0,0,NA,0,NA,0,NA
I4210127704,2008,3,1,0.3333333333333333,0,0,1,0.3333333333333333
I4210127704,2009,9,1,0.1111111111111111,0,0,1,0.1111111111111111
I4210127704,2010,3,0,0,0,0,0,0
I4210127704,2011,0,0,NA,0,NA,0,NA
I4210127704,2012,5,0,0,0,0,0,0
I4210127704,2013,7,2,0.2857142857142857,0,0,2,0.2857142857142857
I4210127704,2014,5,1,0.2,0,0,1,0.2
I4210127704,2015,5,2,0.4,0,0,2,0.4
I4210127704,2016,15,4,0.26666666666666666,0,0,4,0.26666666666666666
I4210127704,2017,22,12,0.5454545454545454,0,0,12,0.5454545454545454
I4210127704,2018,35,20,0.5714285714285714,1,0.02857142857142857,20,0.5714285714285714
I4210127704,2019,14,5,0.35714285714285715,0,0,5,0.35714285714285715
I4210127704,2020,18,10,0.5555555555555556,0,0,10,0.5555555555555556
I4210127704,2021,17,15,0.8823529411764706,0,0,15,0.8823529411764706
I4210127704,2022,13,8,0.6153846153846154,0,0,8,0.6153846153846154
I4210127704,2023,24,17,0.7083333333333334,2,0.08333333333333333,17,0.7083333333333334
I4210127704,2024,9,2,0.2222222222222222,0,0,2,0.2222222222222222
I4210127704,2025,8,4,0.5,0,0,4,0.5
I4210167020,2006,0,0,NA,0,NA,0,NA
I4210167020,2007,0,0,NA,0,NA,0,NA
I4210167020,2008,0,0,NA,0,NA,0,NA
I4210167020,2009,0,0,NA,0,NA,0,NA
I4210167020,2010,0,0,NA,0,NA,0,NA
I4210167020,2011,0,0,NA,0,NA,0,NA
I4210167020,2012,0,0,NA,0,NA,0,NA
I4210167020,2013,0,0,NA,0,NA,0,NA
I4210167020,2014,0,0,NA,0,NA,0,NA
I4210167020,2015,0,0,NA,0,NA,0,NA
I4210167020,2016,0,0,NA,0,NA,0,NA
I4210167020,2017,1,1,1,1,1,1,1
I4210167020,2018,0,0,NA,0,NA,0,NA
I4210167020,2019,1,1,1,0,0,1,1
I4210167020,2020,0,0,NA,0,NA,0,NA
I4210167020,2021,0,0,NA,0,NA,0,NA
I4210167020,2022,0,0,NA,0,NA,0,NA
I4210167020,2023,0,0,NA,0,NA,0,NA
I4210167020,2024,0,0,NA,0,NA,0,NA
I4210167020,2025,2,2,1,2,1,0,0
I4210123141,2006,0,0,NA,0,NA,0,NA
I4210123141,2007,0,0,NA,0,NA,0,NA
I4210123141,2008,0,0,NA,0,NA,0,NA
I4210123141,2009,0,0,NA,0,NA,0,NA
I4210123141,2010,0,0,NA,0,NA,0,NA
I4210123141,2011,0,0,NA,0,NA,0,NA
I4210123141,2012,0,0,NA,0,NA,0,NA
I4210123141,2013,0,0,NA,0,NA,0,NA
I4210123141,2014,0,0,NA,0,NA,0,NA
I4210123141,2015,0,0,NA,0,NA,0,NA
I4210123141,2016,3,1,0.3333333333333333,1,0.3333333333333333,1,0.3333333333333333
I4210123141,2017,1,0,0,0,0,0,0
I4210123141,2018,2,0,0,0,0,0,0
I4210123141,2019,4,1,0.25,0,0,1,0.25
I4210123141,2020,11,1,0.09090909090909091,1,0.09090909090909091,1,0.09090909090909091
I4210123141,2021,11,4,0.36363636363636365,3,0.2727272727272727,4,0.36363636363636365
I4210123141,2022,7,1,0.14285714285714285,0,0,1,0.14285714285714285
I4210123141,2023,11,2,0.18181818181818182,1,0.09090909090909091,1,0.09090909090909091
I4210123141,2024,6,2,0.3333333333333333,0,0,2,0.3333333333333333
I4210123141,2025,9,4,0.4444444444444444,0,0,4,0.4444444444444444
I78545622,2006,1,1,1,0,0,1,1
I78545622,2007,0,0,NA,0,NA,0,NA
I78545622,2008,2,2,1,0,0,2,1
I78545622,2009,0,0,NA,0,NA,0,NA
I78545622,2010,2,0,0,0,0,0,0
I78545622,2011,6,4,0.6666666666666666,0,0,4,0.6666666666666666
I78545622,2012,7,2,0.2857142857142857,0,0,2,0.2857142857142857
I78545622,2013,19,9,0.47368421052631576,0,0,9,0.47368421052631576
I78545622,2014,35,12,0.34285714285714286,1,0.02857142857142857,11,0.3142857142857143
I78545622,2015,34,8,0.23529411764705882,1,0.029411764705882353,7,0.20588235294117646
I78545622,2016,32,14,0.4375,0,0,14,0.4375
I78545622,2017,61,15,0.2459016393442623,6,0.09836065573770492,9,0.14754098360655737
I78545622,2018,95,15,0.15789473684210525,1,0.010526315789473684,14,0.14736842105263157
I78545622,2019,190,48,0.25263157894736843,10,0.05263157894736842,42,0.22105263157894736
I78545622,2020,222,66,0.2972972972972973,16,0.07207207207207207,58,0.26126126126126126
I78545622,2021,125,49,0.392,3,0.024,48,0.384
I78545622,2022,58,33,0.5689655172413793,3,0.05172413793103448,33,0.5689655172413793
I78545622,2023,170,98,0.5764705882352941,21,0.12352941176470589,90,0.5294117647058824
I78545622,2024,236,152,0.6440677966101694,35,0.1483050847457627,148,0.6271186440677966
I78545622,2025,275,153,0.5563636363636364,40,0.14545454545454545,146,0.5309090909090909
I4405264861,2006,0,0,NA,0,NA,0,NA
I4405264861,2007,0,0,NA,0,NA,0,NA
I4405264861,2008,0,0,NA,0,NA,0,NA
I4405264861,2009,0,0,NA,0,NA,0,NA
I4405264861,2010,0,0,NA,0,NA,0,NA
I4405264861,2011,0,0,NA,0,NA,0,NA
I4405264861,2012,0,0,NA,0,NA,0,NA
I4405264861,2013,0,0,NA,0,NA,0,NA
I4405264861,2014,0,0,NA,0,NA,0,NA
I4405264861,2015,0,0,NA,0,NA,0,NA
I4405264861,2016,0,0,NA,0,NA,0,NA
I4405264861,2017,0,0,NA,0,NA,0,NA
I4405264861,2018,0,0,NA,0,NA,0,NA
I4405264861,2019,0,0,NA,0,NA,0,NA
I4405264861,2020,0,0,NA,0,NA,0,NA
I4405264861,2021,0,0,NA,0,NA,0,NA
I4405264861,2022,0,0,NA,0,NA,0,NA
I4405264861,2023,0,0,NA,0,NA,0,NA
I4405264861,2024,0,0,NA,0,NA,0,NA
I4405264861,2025,0,0,NA,0,NA,0,NA
I127206278,2006,1,0,0,0,0,0,0
I127206278,2007,5,1,0.2,0,0,1,0.2
I127206278,2008,6,2,0.3333333333333333,2,0.3333333333333333,0,0
I127206278,2009,12,1,0.08333333333333333,0,0,1,0.08333333333333333
I127206278,2010,20,1,0.05,0,0,1,0.05
I127206278,2011,7,1,0.14285714285714285,0,0,1,0.14285714285714285
I127206278,2012,25,3,0.12,2,0.08,1,0.04
I127206278,2013,69,8,0.11594202898550725,1,0.014492753623188406,7,0.10144927536231885
I127206278,2014,68,2,0.029411764705882353,0,0,2,0.029411764705882353
I127206278,2015,62,8,0.12903225806451613,0,0,8,0.12903225806451613
I127206278,2016,85,7,0.08235294117647059,0,0,7,0.08235294117647059
I127206278,2017,107,10,0.09345794392523364,1,0.009345794392523364,9,0.08411214953271028
I127206278,2018,116,9,0.07758620689655173,1,0.008620689655172414,8,0.06896551724137931
I127206278,2019,211,36,0.17061611374407584,11,0.052132701421800945,30,0.14218009478672985
I127206278,2020,277,54,0.19494584837545126,26,0.09386281588447654,42,0.15162454873646208
I127206278,2021,285,66,0.23157894736842105,38,0.13333333333333333,49,0.17192982456140352
I127206278,2022,402,90,0.22388059701492538,38,0.0945273631840796,75,0.1865671641791045
I127206278,2023,521,120,0.23032629558541268,43,0.08253358925143954,101,0.19385796545105566
I127206278,2024,580,142,0.24482758620689654,45,0.07758620689655173,120,0.20689655172413793
I127206278,2025,736,193,0.26222826086956524,64,0.08695652173913043,161,0.21875
I47844,2006,30,10,0.3333333333333333,0,0,10,0.3333333333333333
I47844,2007,39,17,0.4358974358974359,0,0,17,0.4358974358974359
I47844,2008,48,23,0.4791666666666667,0,0,23,0.4791666666666667
I47844,2009,42,19,0.4523809523809524,1,0.023809523809523808,19,0.4523809523809524
I47844,2010,32,12,0.375,1,0.03125,11,0.34375
I47844,2011,48,22,0.4583333333333333,0,0,22,0.4583333333333333
I47844,2012,76,32,0.42105263157894735,3,0.039473684210526314,30,0.39473684210526316
I47844,2013,108,34,0.3148148148148148,8,0.07407407407407407,28,0.25925925925925924
I47844,2014,82,26,0.3170731707317073,4,0.04878048780487805,24,0.2926829268292683
I47844,2015,78,34,0.4358974358974359,5,0.0641025641025641,31,0.3974358974358974
I47844,2016,74,34,0.4594594594594595,6,0.08108108108108109,29,0.3918918918918919
I47844,2017,76,31,0.40789473684210525,4,0.05263157894736842,28,0.3684210526315789
I47844,2018,98,29,0.29591836734693877,3,0.030612244897959183,27,0.2755102040816326
I47844,2019,96,27,0.28125,4,0.041666666666666664,25,0.2604166666666667
I47844,2020,92,51,0.5543478260869565,5,0.05434782608695652,47,0.5108695652173914
I47844,2021,120,71,0.5916666666666667,9,0.075,69,0.575
I47844,2022,143,87,0.6083916083916084,10,0.06993006993006994,80,0.5594405594405595
I47844,2023,162,65,0.4012345679012346,5,0.030864197530864196,64,0.3950617283950617
I47844,2024,185,84,0.4540540540540541,4,0.021621621621621623,83,0.4486486486486487
I47844,2025,189,68,0.35978835978835977,5,0.026455026455026454,68,0.35978835978835977
I3133329336,2006,0,0,NA,0,NA,0,NA
I3133329336,2007,2,0,0,0,0,0,0
I3133329336,2008,3,0,0,0,0,0,0
I3133329336,2009,4,1,0.25,1,0.25,0,0
I3133329336,2010,0,0,NA,0,NA,0,NA
I3133329336,2011,4,2,0.5,2,0.5,0,0
I3133329336,2012,2,2,1,2,1,1,0.5
I3133329336,2013,1,0,0,0,0,0,0
I3133329336,2014,1,1,1,0,0,1,1
I3133329336,2015,6,4,0.6666666666666666,2,0.3333333333333333,3,0.5
I3133329336,2016,6,4,0.6666666666666666,0,0,4,0.6666666666666666
I3133329336,2017,11,5,0.45454545454545453,1,0.09090909090909091,5,0.45454545454545453
I3133329336,2018,8,5,0.625,4,0.5,4,0.5
I3133329336,2019,21,11,0.5238095238095238,7,0.3333333333333333,5,0.23809523809523808
I3133329336,2020,14,6,0.42857142857142855,4,0.2857142857142857,4,0.2857142857142857
I3133329336,2021,37,17,0.4594594594594595,7,0.1891891891891892,11,0.2972972972972973
I3133329336,2022,22,8,0.36363636363636365,0,0,8,0.36363636363636365
I3133329336,2023,12,8,0.6666666666666666,3,0.25,7,0.5833333333333334
I3133329336,2024,26,23,0.8846153846153846,5,0.19230769230769232,22,0.8461538461538461
I3133329336,2025,35,29,0.8285714285714286,5,0.14285714285714285,28,0.8
I4405259928,2006,0,0,NA,0,NA,0,NA
I4405259928,2007,0,0,NA,0,NA,0,NA
I4405259928,2008,0,0,NA,0,NA,0,NA
I4405259928,2009,0,0,NA,0,NA,0,NA
I4405259928,2010,0,0,NA,0,NA,0,NA
I4405259928,2011,0,0,NA,0,NA,0,NA
I4405259928,2012,0,0,NA,0,NA,0,NA
I4405259928,2013,0,0,NA,0,NA,0,NA
I4405259928,2014,0,0,NA,0,NA,0,NA
I4405259928,2015,0,0,NA,0,NA,0,NA
I4405259928,2016,0,0,NA,0,NA,0,NA
I4405259928,2017,0,0,NA,0,NA,0,NA
I4405259928,2018,0,0,NA,0,NA,0,NA
I4405259928,2019,0,0,NA,0,NA,0,NA
I4405259928,2020,0,0,NA,0,NA,0,NA
I4405259928,2021,0,0,NA,0,NA,0,NA
I4405259928,2022,0,0,NA,0,NA,0,NA
I4405259928,2023,0,0,NA,0,NA,0,NA
I4405259928,2024,0,0,NA,0,NA,0,NA
I4405259928,2025,0,0,NA,0,NA,0,NA
I4405266414,2006,0,0,NA,0,NA,0,NA
I4405266414,2007,0,0,NA,0,NA,0,NA
I4405266414,2008,0,0,NA,0,NA,0,NA
I4405266414,2009,0,0,NA,0,NA,0,NA
I4405266414,2010,0,0,NA,0,NA,0,NA
I4405266414,2011,0,0,NA,0,NA,0,NA
I4405266414,2012,0,0,NA,0,NA,0,NA
I4405266414,2013,0,0,NA,0,NA,0,NA
I4405266414,2014,0,0,NA,0,NA,0,NA
I4405266414,2015,0,0,NA,0,NA,0,NA
I4405266414,2016,0,0,NA,0,NA,0,NA
I4405266414,2017,0,0,NA,0,NA,0,NA
I4405266414,2018,0,0,NA,0,NA,0,NA
I4405266414,2019,0,0,NA,0,NA,0,NA
I4405266414,2020,0,0,NA,0,NA,0,NA
I4405266414,2021,0,0,NA,0,NA,0,NA
I4405266414,2022,0,0,NA,0,NA,0,NA
I4405266414,2023,0,0,NA,0,NA,0,NA
I4405266414,2024,0,0,NA,0,NA,0,NA
I4405266414,2025,0,0,NA,0,NA,0,NA
I4405262992,2006,0,0,NA,0,NA,0,NA
I4405262992,2007,0,0,NA,0,NA,0,NA
I4405262992,2008,0,0,NA,0,NA,0,NA
I4405262992,2009,0,0,NA,0,NA,0,NA
I4405262992,2010,0,0,NA,0,NA,0,NA
I4405262992,2011,0,0,NA,0,NA,0,NA
I4405262992,2012,0,0,NA,0,NA,0,NA
I4405262992,2013,0,0,NA,0,NA,0,NA
I4405262992,2014,0,0,NA,0,NA,0,NA
I4405262992,2015,0,0,NA,0,NA,0,NA
I4405262992,2016,0,0,NA,0,NA,0,NA
I4405262992,2017,0,0,NA,0,NA,0,NA
I4405262992,2018,0,0,NA,0,NA,0,NA
I4405262992,2019,0,0,NA,0,NA,0,NA
I4405262992,2020,0,0,NA,0,NA,0,NA
I4405262992,2021,0,0,NA,0,NA,0,NA
I4405262992,2022,0,0,NA,0,NA,0,NA
I4405262992,2023,0,0,NA,0,NA,0,NA
I4405262992,2024,0,0,NA,0,NA,0,NA
I4405262992,2025,0,0,NA,0,NA,0,NA
I3130915990,2006,3,3,1,0,0,3,1
I3130915990,2007,9,0,0,0,0,0,0
I3130915990,2008,14,10,0.7142857142857143,4,0.2857142857142857,6,0.42857142857142855
I3130915990,2009,12,8,0.6666666666666666,2,0.16666666666666666,6,0.5
I3130915990,2010,19,14,0.7368421052631579,3,0.15789473684210525,11,0.5789473684210527
I3130915990,2011,12,9,0.75,1,0.08333333333333333,9,0.75
I3130915990,2012,15,6,0.4,1,0.06666666666666667,5,0.3333333333333333
I3130915990,2013,50,29,0.58,7,0.14,24,0.48
I3130915990,2014,65,36,0.5538461538461539,8,0.12307692307692308,31,0.47692307692307695
I3130915990,2015,54,32,0.5925925925925926,9,0.16666666666666666,24,0.4444444444444444
I3130915990,2016,72,46,0.6388888888888888,17,0.2361111111111111,34,0.4722222222222222
I3130915990,2017,61,36,0.5901639344262295,13,0.21311475409836064,28,0.45901639344262296
I3130915990,2018,61,38,0.6229508196721312,11,0.18032786885245902,30,0.4918032786885246
I3130915990,2019,85,48,0.5647058823529412,19,0.2235294117647059,33,0.38823529411764707
I3130915990,2020,117,55,0.4700854700854701,22,0.18803418803418803,41,0.3504273504273504
I3130915990,2021,139,55,0.39568345323741005,15,0.1079136690647482,45,0.3237410071942446
I3130915990,2022,147,78,0.5306122448979592,21,0.14285714285714285,64,0.43537414965986393
I3130915990,2023,155,97,0.6258064516129033,34,0.21935483870967742,80,0.5161290322580645
I3130915990,2024,217,119,0.5483870967741935,31,0.14285714285714285,101,0.46543778801843316
I3130915990,2025,500,224,0.448,53,0.106,204,0.408
I3129681422,2006,2,0,0,0,0,0,0
I3129681422,2007,1,0,0,0,0,0,0
I3129681422,2008,2,1,0.5,0,0,1,0.5
I3129681422,2009,0,0,NA,0,NA,0,NA
I3129681422,2010,2,2,1,0,0,2,1
I3129681422,2011,4,1,0.25,0,0,1,0.25
I3129681422,2012,2,0,0,0,0,0,0
I3129681422,2013,3,0,0,0,0,0,0
I3129681422,2014,1,0,0,0,0,0,0
I3129681422,2015,3,0,0,0,0,0,0
I3129681422,2016,5,0,0,0,0,0,0
I3129681422,2017,5,2,0.4,0,0,2,0.4
I3129681422,2018,3,1,0.3333333333333333,0,0,1,0.3333333333333333
I3129681422,2019,5,2,0.4,0,0,2,0.4
I3129681422,2020,5,2,0.4,1,0.2,1,0.2
I3129681422,2021,6,2,0.3333333333333333,0,0,2,0.3333333333333333
I3129681422,2022,10,5,0.5,1,0.1,5,0.5
I3129681422,2023,14,10,0.7142857142857143,2,0.14285714285714285,10,0.7142857142857143
I3129681422,2024,13,10,0.7692307692307693,1,0.07692307692307693,10,0.7692307692307693
I3129681422,2025,10,10,1,2,0.2,10,1
I149840157,2006,0,0,NA,0,NA,0,NA
I149840157,2007,0,0,NA,0,NA,0,NA
I149840157,2008,32,9,0.28125,0,0,9,0.28125
I149840157,2009,37,13,0.35135135135135137,3,0.08108108108108109,12,0.32432432432432434
I149840157,2010,32,18,0.5625,1,0.03125,18,0.5625
I149840157,2011,14,11,0.7857142857142857,0,0,11,0.7857142857142857
I149840157,2012,9,4,0.4444444444444444,0,0,4,0.4444444444444444
I149840157,2013,8,5,0.625,2,0.25,4,0.5
I149840157,2014,6,6,1,3,0.5,4,0.6666666666666666
I149840157,2015,2,2,1,1,0.5,2,1
I149840157,2016,4,0,0,0,0,0,0
I149840157,2017,4,4,1,2,0.5,2,0.5
I149840157,2018,2,1,0.5,0,0,1,0.5
I149840157,2019,3,1,0.3333333333333333,0,0,1,0.3333333333333333
I149840157,2020,9,1,0.1111111111111111,0,0,1,0.1111111111111111
I149840157,2021,6,5,0.8333333333333334,2,0.3333333333333333,5,0.8333333333333334
I149840157,2022,6,4,0.6666666666666666,1,0.16666666666666666,4,0.6666666666666666
I149840157,2023,10,4,0.4,0,0,4,0.4
I149840157,2024,17,10,0.5882352941176471,3,0.17647058823529413,8,0.47058823529411764
I149840157,2025,38,19,0.5,3,0.07894736842105263,18,0.47368421052631576
I184834183,2006,284,69,0.24295774647887325,3,0.01056338028169014,67,0.23591549295774647
I184834183,2007,323,100,0.30959752321981426,3,0.009287925696594427,98,0.30340557275541796
I184834183,2008,387,110,0.2842377260981912,5,0.012919896640826873,109,0.28165374677002586
I184834183,2009,450,137,0.30444444444444446,3,0.006666666666666667,136,0.3022222222222222
I184834183,2010,522,180,0.3448275862068966,9,0.017241379310344827,177,0.3390804597701149
I184834183,2011,620,264,0.4258064516129032,9,0.014516129032258065,261,0.42096774193548386
I184834183,2012,709,318,0.44851904090267986,8,0.011283497884344146,316,0.44569816643159377
I184834183,2013,877,455,0.5188141391106044,11,0.012542759407069556,450,0.5131128848346637
I184834183,2014,950,451,0.4747368421052632,9,0.009473684210526316,449,0.4726315789473684
I184834183,2015,1094,502,0.45886654478976235,14,0.012797074954296161,499,0.45612431444241314
I184834183,2016,1338,582,0.4349775784753363,18,0.013452914798206279,578,0.4319880418535127
I184834183,2017,1675,677,0.40417910447761196,33,0.019701492537313434,668,0.39880597014925373
I184834183,2018,2221,831,0.37415578568212515,52,0.02341287708239532,826,0.3719045475011256
I184834183,2019,2733,1109,0.4057811928283937,40,0.014635931211123308,1105,0.40431759970728137
I184834183,2020,3502,1644,0.4694460308395203,94,0.026841804683038265,1634,0.46659051970302684
I184834183,2021,4458,2304,0.5168236877523553,175,0.039255271422162404,2278,0.5109914759982055
I184834183,2022,4956,2655,0.5357142857142857,199,0.040153349475383376,2622,0.5290556900726392
I184834183,2023,4960,2662,0.5366935483870968,190,0.038306451612903226,2619,0.5280241935483871
I184834183,2024,4546,2787,0.6130664320281566,210,0.046194456665200175,2753,0.6055873295204576
I184834183,2025,4721,3011,0.6377886041092988,295,0.06248676127938996,2966,0.6282567252700699
I3131979588,2006,0,0,NA,0,NA,0,NA
I3131979588,2007,1,0,0,0,0,0,0
I3131979588,2008,1,0,0,0,0,0,0
I3131979588,2009,9,0,0,0,0,0,0
I3131979588,2010,0,0,NA,0,NA,0,NA
I3131979588,2011,3,0,0,0,0,0,0
I3131979588,2012,3,0,0,0,0,0,0
I3131979588,2013,24,2,0.08333333333333333,0,0,2,0.08333333333333333
I3131979588,2014,28,4,0.14285714285714285,2,0.07142857142857142,3,0.10714285714285714
I3131979588,2015,36,7,0.19444444444444445,1,0.027777777777777776,7,0.19444444444444445
I3131979588,2016,40,6,0.15,1,0.025,5,0.125
I3131979588,2017,58,13,0.22413793103448276,4,0.06896551724137931,9,0.15517241379310345
I3131979588,2018,46,11,0.2391304347826087,3,0.06521739130434782,8,0.17391304347826086
I3131979588,2019,65,17,0.26153846153846155,3,0.046153846153846156,15,0.23076923076923078
I3131979588,2020,100,25,0.25,7,0.07,19,0.19
I3131979588,2021,97,31,0.31958762886597936,7,0.07216494845360824,25,0.25773195876288657
I3131979588,2022,126,33,0.2619047619047619,10,0.07936507936507936,25,0.1984126984126984
I3131979588,2023,161,48,0.2981366459627329,14,0.08695652173913043,43,0.2670807453416149
I3131979588,2024,350,120,0.34285714285714286,18,0.05142857142857143,112,0.32
I3131979588,2025,353,118,0.3342776203966006,31,0.08781869688385269,107,0.3031161473087819
I224517680,2006,11,6,0.5454545454545454,0,0,6,0.5454545454545454
I224517680,2007,7,4,0.5714285714285714,1,0.14285714285714285,3,0.42857142857142855
I224517680,2008,17,7,0.4117647058823529,0,0,7,0.4117647058823529
I224517680,2009,19,11,0.5789473684210527,2,0.10526315789473684,11,0.5789473684210527
I224517680,2010,27,8,0.2962962962962963,1,0.037037037037037035,8,0.2962962962962963
I224517680,2011,147,11,0.07482993197278912,4,0.027210884353741496,11,0.07482993197278912
I224517680,2012,78,18,0.23076923076923078,3,0.038461538461538464,18,0.23076923076923078
I224517680,2013,66,29,0.4393939393939394,4,0.06060606060606061,27,0.4090909090909091
I224517680,2014,100,42,0.42,5,0.05,42,0.42
I224517680,2015,154,48,0.3116883116883117,9,0.05844155844155844,42,0.2727272727272727
I224517680,2016,166,60,0.3614457831325301,14,0.08433734939759036,58,0.3493975903614458
I224517680,2017,199,87,0.4371859296482412,15,0.07537688442211055,80,0.4020100502512563
I224517680,2018,164,74,0.45121951219512196,17,0.10365853658536585,69,0.42073170731707316
I224517680,2019,164,91,0.5548780487804879,18,0.10975609756097561,86,0.524390243902439
I224517680,2020,256,149,0.58203125,38,0.1484375,139,0.54296875
I224517680,2021,283,146,0.5159010600706714,34,0.12014134275618374,139,0.4911660777385159
I224517680,2022,279,169,0.6057347670250897,43,0.15412186379928317,160,0.5734767025089605
I224517680,2023,257,174,0.6770428015564203,36,0.14007782101167315,168,0.6536964980544747
I224517680,2024,245,180,0.7346938775510204,51,0.20816326530612245,166,0.6775510204081633
I224517680,2025,373,253,0.67828418230563,61,0.16353887399463807,232,0.6219839142091153
I4210147342,2006,0,0,NA,0,NA,0,NA
I4210147342,2007,0,0,NA,0,NA,0,NA
I4210147342,2008,0,0,NA,0,NA,0,NA
I4210147342,2009,0,0,NA,0,NA,0,NA
I4210147342,2010,1,0,0,0,0,0,0
I4210147342,2011,0,0,NA,0,NA,0,NA
I4210147342,2012,0,0,NA,0,NA,0,NA
I4210147342,2013,5,1,0.2,0,0,1,0.2
I4210147342,2014,4,0,0,0,0,0,0
I4210147342,2015,0,0,NA,0,NA,0,NA
I4210147342,2016,9,0,0,0,0,0,0
I4210147342,2017,11,2,0.18181818181818182,0,0,2,0.18181818181818182
I4210147342,2018,18,9,0.5,0,0,9,0.5
I4210147342,2019,22,7,0.3181818181818182,1,0.045454545454545456,7,0.3181818181818182
I4210147342,2020,31,13,0.41935483870967744,1,0.03225806451612903,13,0.41935483870967744
I4210147342,2021,73,27,0.3698630136986301,0,0,27,0.3698630136986301
I4210147342,2022,102,46,0.45098039215686275,3,0.029411764705882353,44,0.43137254901960786
I4210147342,2023,98,50,0.5102040816326531,4,0.04081632653061224,48,0.4897959183673469
I4210147342,2024,73,38,0.5205479452054794,5,0.0684931506849315,37,0.5068493150684932
I4210147342,2025,113,55,0.48672566371681414,5,0.04424778761061947,54,0.4778761061946903
I4210090507,2006,0,0,NA,0,NA,0,NA
I4210090507,2007,0,0,NA,0,NA,0,NA
I4210090507,2008,0,0,NA,0,NA,0,NA
I4210090507,2009,0,0,NA,0,NA,0,NA
I4210090507,2010,0,0,NA,0,NA,0,NA
I4210090507,2011,0,0,NA,0,NA,0,NA
I4210090507,2012,0,0,NA,0,NA,0,NA
I4210090507,2013,0,0,NA,0,NA,0,NA
I4210090507,2014,0,0,NA,0,NA,0,NA
I4210090507,2015,3,3,1,0,0,3,1
I4210090507,2016,2,2,1,0,0,2,1
I4210090507,2017,0,0,NA,0,NA,0,NA
I4210090507,2018,0,0,NA,0,NA,0,NA
I4210090507,2019,1,1,1,0,0,1,1
I4210090507,2020,5,5,1,0,0,5,1
I4210090507,2021,24,24,1,1,0.041666666666666664,23,0.9583333333333334
I4210090507,2022,42,31,0.7380952380952381,2,0.047619047619047616,30,0.7142857142857143
I4210090507,2023,53,41,0.7735849056603774,0,0,41,0.7735849056603774
I4210090507,2024,71,40,0.5633802816901409,1,0.014084507042253521,40,0.5633802816901409
I4210090507,2025,90,44,0.4888888888888889,7,0.07777777777777778,42,0.4666666666666667
I4405264345,2006,0,0,NA,0,NA,0,NA
I4405264345,2007,0,0,NA,0,NA,0,NA
I4405264345,2008,0,0,NA,0,NA,0,NA
I4405264345,2009,0,0,NA,0,NA,0,NA
I4405264345,2010,0,0,NA,0,NA,0,NA
I4405264345,2011,0,0,NA,0,NA,0,NA
I4405264345,2012,0,0,NA,0,NA,0,NA
I4405264345,2013,0,0,NA,0,NA,0,NA
I4405264345,2014,0,0,NA,0,NA,0,NA
I4405264345,2015,0,0,NA,0,NA,0,NA
I4405264345,2016,0,0,NA,0,NA,0,NA
I4405264345,2017,0,0,NA,0,NA,0,NA
I4405264345,2018,0,0,NA,0,NA,0,NA
I4405264345,2019,0,0,NA,0,NA,0,NA
I4405264345,2020,0,0,NA,0,NA,0,NA
I4405264345,2021,0,0,NA,0,NA,0,NA
I4405264345,2022,0,0,NA,0,NA,0,NA
I4405264345,2023,0,0,NA,0,NA,0,NA
I4405264345,2024,0,0,NA,0,NA,0,NA
I4405264345,2025,0,0,NA,0,NA,0,NA
I3129211915,2006,0,0,NA,0,NA,0,NA
I3129211915,2007,0,0,NA,0,NA,0,NA
I3129211915,2008,0,0,NA,0,NA,0,NA
I3129211915,2009,0,0,NA,0,NA,0,NA
I3129211915,2010,0,0,NA,0,NA,0,NA
I3129211915,2011,0,0,NA,0,NA,0,NA
I3129211915,2012,0,0,NA,0,NA,0,NA
I3129211915,2013,5,3,0.6,0,0,3,0.6
I3129211915,2014,2,1,0.5,0,0,1,0.5
I3129211915,2015,2,1,0.5,0,0,1,0.5
I3129211915,2016,5,3,0.6,0,0,3,0.6
I3129211915,2017,7,3,0.42857142857142855,0,0,3,0.42857142857142855
I3129211915,2018,5,0,0,0,0,0,0
I3129211915,2019,8,8,1,0,0,8,1
I3129211915,2020,16,8,0.5,2,0.125,8,0.5
I3129211915,2021,20,9,0.45,2,0.1,9,0.45
I3129211915,2022,17,6,0.35294117647058826,4,0.23529411764705882,6,0.35294117647058826
I3129211915,2023,24,14,0.5833333333333334,4,0.16666666666666666,14,0.5833333333333334
I3129211915,2024,24,13,0.5416666666666666,5,0.20833333333333334,11,0.4583333333333333
I3129211915,2025,30,22,0.7333333333333333,12,0.4,17,0.5666666666666667
I4405266407,2006,0,0,NA,0,NA,0,NA
I4405266407,2007,0,0,NA,0,NA,0,NA
I4405266407,2008,0,0,NA,0,NA,0,NA
I4405266407,2009,0,0,NA,0,NA,0,NA
I4405266407,2010,0,0,NA,0,NA,0,NA
I4405266407,2011,0,0,NA,0,NA,0,NA
I4405266407,2012,0,0,NA,0,NA,0,NA
I4405266407,2013,0,0,NA,0,NA,0,NA
I4405266407,2014,0,0,NA,0,NA,0,NA
I4405266407,2015,0,0,NA,0,NA,0,NA
I4405266407,2016,0,0,NA,0,NA,0,NA
I4405266407,2017,0,0,NA,0,NA,0,NA
I4405266407,2018,0,0,NA,0,NA,0,NA
I4405266407,2019,0,0,NA,0,NA,0,NA
I4405266407,2020,0,0,NA,0,NA,0,NA
I4405266407,2021,0,0,NA,0,NA,0,NA
I4405266407,2022,0,0,NA,0,NA,0,NA
I4405266407,2023,0,0,NA,0,NA,0,NA
I4405266407,2024,0,0,NA,0,NA,0,NA
I4405266407,2025,0,0,NA,0,NA,0,NA
I3132692309,2006,0,0,NA,0,NA,0,NA
I3132692309,2007,0,0,NA,0,NA,0,NA
I3132692309,2008,0,0,NA,0,NA,0,NA
I3132692309,2009,0,0,NA,0,NA,0,NA
I3132692309,2010,1,1,1,0,0,1,1
I3132692309,2011,0,0,NA,0,NA,0,NA
I3132692309,2012,1,0,0,0,0,0,0
I3132692309,2013,2,0,0,0,0,0,0
I3132692309,2014,8,1,0.125,0,0,1,0.125
I3132692309,2015,31,8,0.25806451612903225,4,0.12903225806451613,7,0.22580645161290322
I3132692309,2016,34,6,0.17647058823529413,2,0.058823529411764705,4,0.11764705882352941
I3132692309,2017,29,13,0.4482758620689655,5,0.1724137931034483,10,0.3448275862068966
I3132692309,2018,43,26,0.6046511627906976,14,0.32558139534883723,23,0.5348837209302325
I3132692309,2019,36,19,0.5277777777777778,4,0.1111111111111111,17,0.4722222222222222
I3132692309,2020,69,31,0.4492753623188406,12,0.17391304347826086,25,0.36231884057971014
I3132692309,2021,73,33,0.4520547945205479,12,0.1643835616438356,26,0.3561643835616438
I3132692309,2022,64,24,0.375,10,0.15625,19,0.296875
I3132692309,2023,66,29,0.4393939393939394,7,0.10606060606060606,26,0.3939393939393939
I3132692309,2024,91,44,0.4835164835164835,14,0.15384615384615385,37,0.4065934065934066
I3132692309,2025,168,79,0.47023809523809523,23,0.13690476190476192,71,0.4226190476190476
I3129754710,2006,9,1,0.1111111111111111,0,0,1,0.1111111111111111
I3129754710,2007,4,0,0,0,0,0,0
I3129754710,2008,18,3,0.16666666666666666,0,0,3,0.16666666666666666
I3129754710,2009,17,3,0.17647058823529413,0,0,3,0.17647058823529413
I3129754710,2010,8,0,0,0,0,0,0
I3129754710,2011,5,2,0.4,0,0,2,0.4
I3129754710,2012,37,1,0.02702702702702703,0,0,1,0.02702702702702703
I3129754710,2013,8,1,0.125,0,0,1,0.125
I3129754710,2014,7,0,0,0,0,0,0
I3129754710,2015,11,0,0,0,0,0,0
I3129754710,2016,14,1,0.07142857142857142,0,0,1,0.07142857142857142
I3129754710,2017,21,8,0.38095238095238093,0,0,8,0.38095238095238093
I3129754710,2018,40,16,0.4,0,0,16,0.4
I3129754710,2019,45,18,0.4,3,0.06666666666666667,18,0.4
I3129754710,2020,57,23,0.40350877192982454,0,0,23,0.40350877192982454
I3129754710,2021,87,30,0.3448275862068966,0,0,30,0.3448275862068966
I3129754710,2022,95,52,0.5473684210526316,7,0.07368421052631578,52,0.5473684210526316
I3129754710,2023,98,58,0.5918367346938775,6,0.061224489795918366,58,0.5918367346938775
I3129754710,2024,108,65,0.6018518518518519,7,0.06481481481481481,64,0.5925925925925926
I3129754710,2025,122,79,0.6475409836065574,8,0.06557377049180328,77,0.6311475409836066
I4405259617,2006,0,0,NA,0,NA,0,NA
I4405259617,2007,0,0,NA,0,NA,0,NA
I4405259617,2008,0,0,NA,0,NA,0,NA
I4405259617,2009,0,0,NA,0,NA,0,NA
I4405259617,2010,0,0,NA,0,NA,0,NA
I4405259617,2011,0,0,NA,0,NA,0,NA
I4405259617,2012,0,0,NA,0,NA,0,NA
I4405259617,2013,0,0,NA,0,NA,0,NA
I4405259617,2014,0,0,NA,0,NA,0,NA
I4405259617,2015,0,0,NA,0,NA,0,NA
I4405259617,2016,0,0,NA,0,NA,0,NA
I4405259617,2017,0,0,NA,0,NA,0,NA
I4405259617,2018,0,0,NA,0,NA,0,NA
I4405259617,2019,0,0,NA,0,NA,0,NA
I4405259617,2020,0,0,NA,0,NA,0,NA
I4405259617,2021,0,0,NA,0,NA,0,NA
I4405259617,2022,0,0,NA,0,NA,0,NA
I4405259617,2023,0,0,NA,0,NA,0,NA
I4405259617,2024,0,0,NA,0,NA,0,NA
I4405259617,2025,0,0,NA,0,NA,0,NA
I84524832,2006,571,146,0.25569176882662,5,0.008756567425569177,144,0.2521891418563923
I84524832,2007,570,190,0.3333333333333333,6,0.010526315789473684,188,0.3298245614035088
I84524832,2008,689,227,0.32946298984034833,12,0.01741654571843251,220,0.3193033381712627
I84524832,2009,692,262,0.3786127167630058,12,0.017341040462427744,257,0.3713872832369942
I84524832,2010,841,304,0.361474435196195,21,0.02497027348394768,291,0.3460166468489893
I84524832,2011,1087,447,0.41122355105795766,23,0.021159153633854646,437,0.40202391904323825
I84524832,2012,1276,526,0.4122257053291536,28,0.0219435736677116,513,0.40203761755485895
I84524832,2013,1444,648,0.4487534626038781,21,0.014542936288088643,642,0.4445983379501385
I84524832,2014,1753,822,0.46891043924700515,39,0.022247575584711923,811,0.46263548203080435
I84524832,2015,2051,891,0.43442223305704536,36,0.017552413456850317,882,0.4300341296928328
I84524832,2016,2439,996,0.40836408364083643,54,0.02214022140221402,982,0.4026240262402624
I84524832,2017,2361,1058,0.4481152054214316,67,0.028377806014400677,1031,0.43667937314697164
I84524832,2018,2544,1155,0.4540094339622642,88,0.03459119496855346,1127,0.4430031446540881
I84524832,2019,2900,1307,0.45068965517241377,102,0.03517241379310345,1276,0.44
I84524832,2020,3779,1827,0.4834612331304578,164,0.04339772426567875,1787,0.4728764223339508
I84524832,2021,4577,2240,0.489403539436312,221,0.04828490277474328,2195,0.4795717719029932
I84524832,2022,5237,2618,0.49990452549169373,311,0.059385144166507545,2552,0.48730189039526445
I84524832,2023,4881,2662,0.545380045072731,303,0.06207744314689613,2603,0.5332923581233354
I84524832,2024,5246,2844,0.5421273351124667,300,0.0571864277544796,2801,0.5339306138009913
I84524832,2025,5340,3247,0.6080524344569288,382,0.07153558052434457,3194,0.59812734082397
I2800493640,2006,0,0,NA,0,NA,0,NA
I2800493640,2007,0,0,NA,0,NA,0,NA
I2800493640,2008,1,1,1,0,0,1,1
I2800493640,2009,0,0,NA,0,NA,0,NA
I2800493640,2010,2,1,0.5,0,0,1,0.5
I2800493640,2011,3,3,1,0,0,3,1
I2800493640,2012,4,1,0.25,0,0,1,0.25
I2800493640,2013,6,5,0.8333333333333334,0,0,5,0.8333333333333334
I2800493640,2014,9,6,0.6666666666666666,0,0,6,0.6666666666666666
I2800493640,2015,3,3,1,0,0,3,1
I2800493640,2016,3,2,0.6666666666666666,0,0,2,0.6666666666666666
I2800493640,2017,6,2,0.3333333333333333,0,0,2,0.3333333333333333
I2800493640,2018,11,8,0.7272727272727273,1,0.09090909090909091,8,0.7272727272727273
I2800493640,2019,21,9,0.42857142857142855,1,0.047619047619047616,8,0.38095238095238093
I2800493640,2020,27,19,0.7037037037037037,7,0.25925925925925924,18,0.6666666666666666
I2800493640,2021,22,14,0.6363636363636364,3,0.13636363636363635,11,0.5
I2800493640,2022,18,12,0.6666666666666666,3,0.16666666666666666,11,0.6111111111111112
I2800493640,2023,12,7,0.5833333333333334,2,0.16666666666666666,6,0.5
I2800493640,2024,23,12,0.5217391304347826,2,0.08695652173913043,10,0.43478260869565216
I2800493640,2025,29,17,0.5862068965517241,4,0.13793103448275862,16,0.5517241379310345
I4210159855,2006,0,0,NA,0,NA,0,NA
I4210159855,2007,0,0,NA,0,NA,0,NA
I4210159855,2008,0,0,NA,0,NA,0,NA
I4210159855,2009,0,0,NA,0,NA,0,NA
I4210159855,2010,0,0,NA,0,NA,0,NA
I4210159855,2011,1,0,0,0,0,0,0
I4210159855,2012,0,0,NA,0,NA,0,NA
I4210159855,2013,0,0,NA,0,NA,0,NA
I4210159855,2014,1,1,1,1,1,1,1
I4210159855,2015,2,2,1,0,0,2,1
I4210159855,2016,1,1,1,0,0,1,1
I4210159855,2017,1,1,1,1,1,1,1
I4210159855,2018,5,5,1,2,0.4,4,0.8
I4210159855,2019,6,6,1,2,0.3333333333333333,5,0.8333333333333334
I4210159855,2020,12,11,0.9166666666666666,5,0.4166666666666667,11,0.9166666666666666
I4210159855,2021,8,7,0.875,5,0.625,7,0.875
I4210159855,2022,8,6,0.75,4,0.5,6,0.75
I4210159855,2023,9,9,1,7,0.7777777777777778,9,1
I4210159855,2024,6,6,1,6,1,6,1
I4210159855,2025,8,8,1,7,0.875,5,0.625
I4405256813,2006,0,0,NA,0,NA,0,NA
I4405256813,2007,0,0,NA,0,NA,0,NA
I4405256813,2008,0,0,NA,0,NA,0,NA
I4405256813,2009,0,0,NA,0,NA,0,NA
I4405256813,2010,0,0,NA,0,NA,0,NA
I4405256813,2011,0,0,NA,0,NA,0,NA
I4405256813,2012,0,0,NA,0,NA,0,NA
I4405256813,2013,0,0,NA,0,NA,0,NA
I4405256813,2014,0,0,NA,0,NA,0,NA
I4405256813,2015,0,0,NA,0,NA,0,NA
I4405256813,2016,0,0,NA,0,NA,0,NA
I4405256813,2017,0,0,NA,0,NA,0,NA
I4405256813,2018,0,0,NA,0,NA,0,NA
I4405256813,2019,0,0,NA,0,NA,0,NA
I4405256813,2020,0,0,NA,0,NA,0,NA
I4405256813,2021,0,0,NA,0,NA,0,NA
I4405256813,2022,0,0,NA,0,NA,0,NA
I4405256813,2023,0,0,NA,0,NA,0,NA
I4405256813,2024,0,0,NA,0,NA,0,NA
I4405256813,2025,0,0,NA,0,NA,0,NA
I4405254148,2006,0,0,NA,0,NA,0,NA
I4405254148,2007,0,0,NA,0,NA,0,NA
I4405254148,2008,0,0,NA,0,NA,0,NA
I4405254148,2009,0,0,NA,0,NA,0,NA
I4405254148,2010,0,0,NA,0,NA,0,NA
I4405254148,2011,0,0,NA,0,NA,0,NA
I4405254148,2012,0,0,NA,0,NA,0,NA
I4405254148,2013,0,0,NA,0,NA,0,NA
I4405254148,2014,0,0,NA,0,NA,0,NA
I4405254148,2015,0,0,NA,0,NA,0,NA
I4405254148,2016,0,0,NA,0,NA,0,NA
I4405254148,2017,0,0,NA,0,NA,0,NA
I4405254148,2018,0,0,NA,0,NA,0,NA
I4405254148,2019,0,0,NA,0,NA,0,NA
I4405254148,2020,0,0,NA,0,NA,0,NA
I4405254148,2021,0,0,NA,0,NA,0,NA
I4405254148,2022,0,0,NA,0,NA,0,NA
I4405254148,2023,0,0,NA,0,NA,0,NA
I4405254148,2024,0,0,NA,0,NA,0,NA
I4405254148,2025,0,0,NA,0,NA,0,NA
I181933706,2006,4,4,1,1,0.25,4,1
I181933706,2007,5,4,0.8,2,0.4,4,0.8
I181933706,2008,4,1,0.25,0,0,1,0.25
I181933706,2009,9,4,0.4444444444444444,1,0.1111111111111111,4,0.4444444444444444
I181933706,2010,12,4,0.3333333333333333,1,0.08333333333333333,4,0.3333333333333333
I181933706,2011,19,11,0.5789473684210527,3,0.15789473684210525,9,0.47368421052631576
I181933706,2012,16,9,0.5625,3,0.1875,8,0.5
I181933706,2013,35,20,0.5714285714285714,11,0.3142857142857143,17,0.4857142857142857
I181933706,2014,33,17,0.5151515151515151,3,0.09090909090909091,17,0.5151515151515151
I181933706,2015,27,13,0.48148148148148145,2,0.07407407407407407,12,0.4444444444444444
I181933706,2016,43,25,0.5813953488372093,3,0.06976744186046512,25,0.5813953488372093
I181933706,2017,52,28,0.5384615384615384,7,0.1346153846153846,25,0.4807692307692308
I181933706,2018,65,41,0.6307692307692307,8,0.12307692307692308,40,0.6153846153846154
I181933706,2019,87,51,0.5862068965517241,9,0.10344827586206896,45,0.5172413793103449
I181933706,2020,88,52,0.5909090909090909,14,0.1590909090909091,49,0.5568181818181818
I181933706,2021,138,75,0.5434782608695652,23,0.16666666666666666,70,0.5072463768115942
I181933706,2022,159,86,0.5408805031446541,31,0.1949685534591195,78,0.49056603773584906
I181933706,2023,180,111,0.6166666666666667,27,0.15,104,0.5777777777777777
I181933706,2024,142,83,0.5845070422535211,21,0.14788732394366197,80,0.5633802816901409
I181933706,2025,181,137,0.7569060773480663,32,0.17679558011049723,127,0.7016574585635359
I4210114632,2006,2,1,0.5,0,0,1,0.5
I4210114632,2007,5,5,1,0,0,5,1
I4210114632,2008,16,9,0.5625,3,0.1875,8,0.5
I4210114632,2009,6,5,0.8333333333333334,1,0.16666666666666666,5,0.8333333333333334
I4210114632,2010,6,1,0.16666666666666666,0,0,1,0.16666666666666666
I4210114632,2011,11,3,0.2727272727272727,1,0.09090909090909091,2,0.18181818181818182
I4210114632,2012,23,11,0.4782608695652174,4,0.17391304347826086,7,0.30434782608695654
I4210114632,2013,45,14,0.3111111111111111,2,0.044444444444444446,12,0.26666666666666666
I4210114632,2014,71,14,0.19718309859154928,3,0.04225352112676056,11,0.15492957746478872
I4210114632,2015,105,21,0.2,3,0.02857142857142857,19,0.18095238095238095
I4210114632,2016,90,30,0.3333333333333333,6,0.06666666666666667,24,0.26666666666666666
I4210114632,2017,105,29,0.2761904761904762,3,0.02857142857142857,27,0.2571428571428571
I4210114632,2018,127,46,0.36220472440944884,13,0.10236220472440945,39,0.30708661417322836
I4210114632,2019,288,67,0.2326388888888889,9,0.03125,62,0.2152777777777778
I4210114632,2020,431,100,0.23201856148491878,25,0.058004640371229696,88,0.20417633410672853
I4210114632,2021,410,116,0.28292682926829266,17,0.041463414634146344,105,0.25609756097560976
I4210114632,2022,573,213,0.3717277486910995,26,0.04537521815008726,200,0.34904013961605584
I4210114632,2023,427,122,0.2857142857142857,14,0.03278688524590164,115,0.2693208430913349
I4210114632,2024,422,123,0.2914691943127962,19,0.045023696682464455,116,0.27488151658767773
I4210114632,2025,476,193,0.4054621848739496,36,0.07563025210084033,183,0.38445378151260506
I54231130,2006,50,1,0.02,1,0.02,0,0
I54231130,2007,51,4,0.0784313725490196,4,0.0784313725490196,1,0.0196078431372549
I54231130,2008,45,3,0.06666666666666667,0,0,3,0.06666666666666667
I54231130,2009,69,11,0.15942028985507245,7,0.10144927536231885,5,0.07246376811594203
I54231130,2010,75,6,0.08,1,0.013333333333333334,5,0.06666666666666667
I54231130,2011,73,10,0.136986301369863,4,0.0547945205479452,7,0.0958904109589041
I54231130,2012,60,10,0.16666666666666666,7,0.11666666666666667,4,0.06666666666666667
I54231130,2013,85,13,0.15294117647058825,2,0.023529411764705882,12,0.1411764705882353
I54231130,2014,125,11,0.088,4,0.032,7,0.056
I54231130,2015,101,9,0.0891089108910891,2,0.019801980198019802,7,0.06930693069306931
I54231130,2016,108,21,0.19444444444444445,6,0.05555555555555555,18,0.16666666666666666
I54231130,2017,123,16,0.13008130081300814,5,0.04065040650406504,11,0.08943089430894309
I54231130,2018,157,20,0.12738853503184713,7,0.044585987261146494,16,0.10191082802547771
I54231130,2019,195,33,0.16923076923076924,11,0.05641025641025641,26,0.13333333333333333
I54231130,2020,237,40,0.16877637130801687,22,0.09282700421940929,31,0.1308016877637131
I54231130,2021,386,114,0.29533678756476683,46,0.11917098445595854,93,0.24093264248704663
I54231130,2022,429,140,0.32634032634032634,71,0.1655011655011655,108,0.2517482517482518
I54231130,2023,498,176,0.3534136546184739,77,0.15461847389558234,144,0.2891566265060241
I54231130,2024,644,258,0.40062111801242234,108,0.16770186335403728,197,0.3059006211180124
I54231130,2025,532,212,0.39849624060150374,95,0.17857142857142858,155,0.29135338345864664
I3130258093,2006,5,3,0.6,0,0,3,0.6
I3130258093,2007,3,1,0.3333333333333333,0,0,1,0.3333333333333333
I3130258093,2008,2,0,0,0,0,0,0
I3130258093,2009,1,0,0,0,0,0,0
I3130258093,2010,4,2,0.5,0,0,2,0.5
I3130258093,2011,2,0,0,0,0,0,0
I3130258093,2012,3,1,0.3333333333333333,0,0,1,0.3333333333333333
I3130258093,2013,5,1,0.2,0,0,1,0.2
I3130258093,2014,3,1,0.3333333333333333,0,0,1,0.3333333333333333
I3130258093,2015,1,1,1,0,0,1,1
I3130258093,2016,5,2,0.4,0,0,2,0.4
I3130258093,2017,6,1,0.16666666666666666,0,0,1,0.16666666666666666
I3130258093,2018,4,3,0.75,0,0,3,0.75
I3130258093,2019,5,2,0.4,0,0,2,0.4
I3130258093,2020,2,0,0,0,0,0,0
I3130258093,2021,8,2,0.25,0,0,2,0.25
I3130258093,2022,8,6,0.75,0,0,6,0.75
I3130258093,2023,11,8,0.7272727272727273,0,0,8,0.7272727272727273
I3130258093,2024,8,5,0.625,0,0,5,0.625
I3130258093,2025,21,16,0.7619047619047619,0,0,16,0.7619047619047619
I4210135199,2006,0,0,NA,0,NA,0,NA
I4210135199,2007,0,0,NA,0,NA,0,NA
I4210135199,2008,1,1,1,1,1,1,1
I4210135199,2009,1,1,1,1,1,1,1
I4210135199,2010,0,0,NA,0,NA,0,NA
I4210135199,2011,0,0,NA,0,NA,0,NA
I4210135199,2012,0,0,NA,0,NA,0,NA
I4210135199,2013,0,0,NA,0,NA,0,NA
I4210135199,2014,1,1,1,0,0,1,1
I4210135199,2015,1,1,1,0,0,1,1
I4210135199,2016,0,0,NA,0,NA,0,NA
I4210135199,2017,1,1,1,1,1,1,1
I4210135199,2018,0,0,NA,0,NA,0,NA
I4210135199,2019,2,2,1,0,0,2,1
I4210135199,2020,19,9,0.47368421052631576,4,0.21052631578947367,8,0.42105263157894735
I4210135199,2021,19,13,0.6842105263157895,6,0.3157894736842105,9,0.47368421052631576
I4210135199,2022,26,16,0.6153846153846154,9,0.34615384615384615,14,0.5384615384615384
I4210135199,2023,36,27,0.75,18,0.5,17,0.4722222222222222
I4210135199,2024,29,20,0.6896551724137931,10,0.3448275862068966,12,0.41379310344827586
I4210135199,2025,22,16,0.7272727272727273,10,0.45454545454545453,8,0.36363636363636365
I80693520,2006,187,82,0.4385026737967914,2,0.0106951871657754,81,0.43315508021390375
I80693520,2007,154,55,0.35714285714285715,1,0.006493506493506494,55,0.35714285714285715
I80693520,2008,201,71,0.35323383084577115,3,0.014925373134328358,71,0.35323383084577115
I80693520,2009,204,75,0.36764705882352944,1,0.004901960784313725,74,0.3627450980392157
I80693520,2010,256,109,0.42578125,2,0.0078125,108,0.421875
I80693520,2011,326,120,0.36809815950920244,3,0.009202453987730062,120,0.36809815950920244
I80693520,2012,391,158,0.4040920716112532,2,0.005115089514066497,157,0.40153452685422
I80693520,2013,431,203,0.4709976798143852,8,0.018561484918793503,197,0.45707656612529
I80693520,2014,461,177,0.3839479392624729,6,0.013015184381778741,175,0.3796095444685466
I80693520,2015,404,157,0.3886138613861386,9,0.022277227722772276,151,0.37376237623762376
I80693520,2016,458,166,0.3624454148471616,10,0.021834061135371178,161,0.35152838427947597
I80693520,2017,465,164,0.35268817204301073,8,0.017204301075268817,162,0.34838709677419355
I80693520,2018,450,189,0.42,9,0.02,187,0.41555555555555557
I80693520,2019,499,233,0.46693386773547096,16,0.03206412825651302,229,0.4589178356713427
I80693520,2020,645,304,0.47131782945736433,15,0.023255813953488372,302,0.4682170542635659
I80693520,2021,741,411,0.5546558704453441,38,0.05128205128205128,397,0.5357624831309041
I80693520,2022,777,413,0.5315315315315315,30,0.03861003861003861,407,0.5238095238095238
I80693520,2023,742,340,0.4582210242587601,42,0.05660377358490566,331,0.44609164420485176
I80693520,2024,767,355,0.46284224250325945,37,0.048239895697522815,350,0.45632333767926986
I80693520,2025,784,363,0.4630102040816326,53,0.06760204081632654,361,0.4604591836734694
I65734018,2006,33,10,0.30303030303030304,4,0.12121212121212122,6,0.18181818181818182
I65734018,2007,20,4,0.2,0,0,4,0.2
I65734018,2008,40,11,0.275,7,0.175,9,0.225
I65734018,2009,46,14,0.30434782608695654,6,0.13043478260869565,9,0.1956521739130435
I65734018,2010,51,8,0.1568627450980392,2,0.0392156862745098,6,0.11764705882352941
I65734018,2011,48,18,0.375,2,0.041666666666666664,16,0.3333333333333333
I65734018,2012,60,15,0.25,8,0.13333333333333333,8,0.13333333333333333
I65734018,2013,63,20,0.31746031746031744,9,0.14285714285714285,17,0.2698412698412698
I65734018,2014,44,19,0.4318181818181818,6,0.13636363636363635,15,0.3409090909090909
I65734018,2015,35,26,0.7428571428571429,7,0.2,21,0.6
I65734018,2016,79,25,0.31645569620253167,1,0.012658227848101266,24,0.3037974683544304
I65734018,2017,61,30,0.4918032786885246,3,0.04918032786885246,28,0.45901639344262296
I65734018,2018,61,19,0.3114754098360656,4,0.06557377049180328,16,0.26229508196721313
I65734018,2019,80,26,0.325,8,0.1,20,0.25
I65734018,2020,114,48,0.42105263157894735,13,0.11403508771929824,38,0.3333333333333333
I65734018,2021,122,60,0.4918032786885246,16,0.13114754098360656,50,0.4098360655737705
I65734018,2022,113,53,0.4690265486725664,13,0.11504424778761062,48,0.4247787610619469
I65734018,2023,96,44,0.4583333333333333,16,0.16666666666666666,33,0.34375
I65734018,2024,112,57,0.5089285714285714,18,0.16071428571428573,47,0.41964285714285715
I65734018,2025,91,52,0.5714285714285714,16,0.17582417582417584,45,0.4945054945054945
I3129592236,2006,6,1,0.16666666666666666,0,0,1,0.16666666666666666
I3129592236,2007,4,0,0,0,0,0,0
I3129592236,2008,4,1,0.25,1,0.25,1,0.25
I3129592236,2009,10,0,0,0,0,0,0
I3129592236,2010,9,2,0.2222222222222222,0,0,2,0.2222222222222222
I3129592236,2011,6,4,0.6666666666666666,1,0.16666666666666666,4,0.6666666666666666
I3129592236,2012,3,0,0,0,0,0,0
I3129592236,2013,12,1,0.08333333333333333,0,0,1,0.08333333333333333
I3129592236,2014,14,6,0.42857142857142855,0,0,6,0.42857142857142855
I3129592236,2015,3,3,1,1,0.3333333333333333,2,0.6666666666666666
I3129592236,2016,2,2,1,1,0.5,2,1
I3129592236,2017,6,5,0.8333333333333334,1,0.16666666666666666,5,0.8333333333333334
I3129592236,2018,5,4,0.8,1,0.2,4,0.8
I3129592236,2019,9,7,0.7777777777777778,0,0,7,0.7777777777777778
I3129592236,2020,10,9,0.9,4,0.4,7,0.7
I3129592236,2021,16,13,0.8125,7,0.4375,13,0.8125
I3129592236,2022,21,20,0.9523809523809523,9,0.42857142857142855,20,0.9523809523809523
I3129592236,2023,38,37,0.9736842105263158,20,0.5263157894736842,35,0.9210526315789473
I3129592236,2024,62,40,0.6451612903225806,19,0.3064516129032258,32,0.5161290322580645
I3129592236,2025,144,89,0.6180555555555556,47,0.3263888888888889,70,0.4861111111111111
I4405263046,2006,0,0,NA,0,NA,0,NA
I4405263046,2007,0,0,NA,0,NA,0,NA
I4405263046,2008,0,0,NA,0,NA,0,NA
I4405263046,2009,0,0,NA,0,NA,0,NA
I4405263046,2010,0,0,NA,0,NA,0,NA
I4405263046,2011,0,0,NA,0,NA,0,NA
I4405263046,2012,0,0,NA,0,NA,0,NA
I4405263046,2013,0,0,NA,0,NA,0,NA
I4405263046,2014,0,0,NA,0,NA,0,NA
I4405263046,2015,0,0,NA,0,NA,0,NA
I4405263046,2016,0,0,NA,0,NA,0,NA
I4405263046,2017,0,0,NA,0,NA,0,NA
I4405263046,2018,0,0,NA,0,NA,0,NA
I4405263046,2019,0,0,NA,0,NA,0,NA
I4405263046,2020,0,0,NA,0,NA,0,NA
I4405263046,2021,0,0,NA,0,NA,0,NA
I4405263046,2022,0,0,NA,0,NA,0,NA
I4405263046,2023,0,0,NA,0,NA,0,NA
I4405263046,2024,0,0,NA,0,NA,0,NA
I4405263046,2025,0,0,NA,0,NA,0,NA
I4405261401,2006,0,0,NA,0,NA,0,NA
I4405261401,2007,0,0,NA,0,NA,0,NA
I4405261401,2008,0,0,NA,0,NA,0,NA
I4405261401,2009,0,0,NA,0,NA,0,NA
I4405261401,2010,0,0,NA,0,NA,0,NA
I4405261401,2011,0,0,NA,0,NA,0,NA
I4405261401,2012,0,0,NA,0,NA,0,NA
I4405261401,2013,0,0,NA,0,NA,0,NA
I4405261401,2014,0,0,NA,0,NA,0,NA
I4405261401,2015,0,0,NA,0,NA,0,NA
I4405261401,2016,0,0,NA,0,NA,0,NA
I4405261401,2017,0,0,NA,0,NA,0,NA
I4405261401,2018,0,0,NA,0,NA,0,NA
I4405261401,2019,0,0,NA,0,NA,0,NA
I4405261401,2020,0,0,NA,0,NA,0,NA
I4405261401,2021,0,0,NA,0,NA,0,NA
I4405261401,2022,0,0,NA,0,NA,0,NA
I4405261401,2023,0,0,NA,0,NA,0,NA
I4405261401,2024,0,0,NA,0,NA,0,NA
I4405261401,2025,0,0,NA,0,NA,0,NA
I4210091427,2006,0,0,NA,0,NA,0,NA
I4210091427,2007,0,0,NA,0,NA,0,NA
I4210091427,2008,0,0,NA,0,NA,0,NA
I4210091427,2009,0,0,NA,0,NA,0,NA
I4210091427,2010,0,0,NA,0,NA,0,NA
I4210091427,2011,0,0,NA,0,NA,0,NA
I4210091427,2012,0,0,NA,0,NA,0,NA
I4210091427,2013,1,1,1,0,0,1,1
I4210091427,2014,1,1,1,0,0,1,1
I4210091427,2015,1,1,1,0,0,1,1
I4210091427,2016,1,1,1,0,0,1,1
I4210091427,2017,0,0,NA,0,NA,0,NA
I4210091427,2018,5,3,0.6,0,0,3,0.6
I4210091427,2019,1,0,0,0,0,0,0
I4210091427,2020,0,0,NA,0,NA,0,NA
I4210091427,2021,0,0,NA,0,NA,0,NA
I4210091427,2022,1,0,0,0,0,0,0
I4210091427,2023,3,1,0.3333333333333333,0,0,1,0.3333333333333333
I4210091427,2024,0,0,NA,0,NA,0,NA
I4210091427,2025,17,1,0.058823529411764705,0,0,1,0.058823529411764705
I4210132729,2006,3,3,1,0,0,3,1
I4210132729,2007,4,3,0.75,0,0,3,0.75
I4210132729,2008,14,12,0.8571428571428571,0,0,12,0.8571428571428571
I4210132729,2009,5,3,0.6,0,0,3,0.6
I4210132729,2010,9,6,0.6666666666666666,0,0,6,0.6666666666666666
I4210132729,2011,6,3,0.5,0,0,3,0.5
I4210132729,2012,4,2,0.5,0,0,2,0.5
I4210132729,2013,5,3,0.6,0,0,3,0.6
I4210132729,2014,3,2,0.6666666666666666,0,0,2,0.6666666666666666
I4210132729,2015,0,0,NA,0,NA,0,NA
I4210132729,2016,0,0,NA,0,NA,0,NA
I4210132729,2017,0,0,NA,0,NA,0,NA
I4210132729,2018,1,1,1,0,0,1,1
I4210132729,2019,2,0,0,0,0,0,0
I4210132729,2020,1,1,1,0,0,1,1
I4210132729,2021,3,0,0,0,0,0,0
I4210132729,2022,0,0,NA,0,NA,0,NA
I4210132729,2023,5,2,0.4,0,0,2,0.4
I4210132729,2024,8,3,0.375,0,0,3,0.375
I4210132729,2025,30,17,0.5666666666666667,3,0.1,16,0.5333333333333333
I59272784,2006,86,18,0.20930232558139536,2,0.023255813953488372,18,0.20930232558139536
I59272784,2007,99,37,0.37373737373737376,2,0.020202020202020204,35,0.35353535353535354
I59272784,2008,89,20,0.2247191011235955,0,0,20,0.2247191011235955
I59272784,2009,104,26,0.25,1,0.009615384615384616,26,0.25
I59272784,2010,154,37,0.24025974025974026,2,0.012987012987012988,37,0.24025974025974026
I59272784,2011,162,43,0.2654320987654321,1,0.006172839506172839,43,0.2654320987654321
I59272784,2012,174,40,0.22988505747126436,0,0,40,0.22988505747126436
I59272784,2013,249,66,0.26506024096385544,0,0,66,0.26506024096385544
I59272784,2014,258,72,0.27906976744186046,2,0.007751937984496124,71,0.2751937984496124
I59272784,2015,298,67,0.22483221476510068,2,0.006711409395973154,67,0.22483221476510068
I59272784,2016,371,85,0.22911051212938005,1,0.0026954177897574125,85,0.22911051212938005
I59272784,2017,327,101,0.308868501529052,4,0.012232415902140673,99,0.30275229357798167
I59272784,2018,384,129,0.3359375,4,0.010416666666666666,128,0.3333333333333333
I59272784,2019,446,157,0.35201793721973096,8,0.017937219730941704,157,0.35201793721973096
I59272784,2020,596,213,0.3573825503355705,10,0.016778523489932886,212,0.35570469798657717
I59272784,2021,721,279,0.3869625520110957,13,0.018030513176144243,276,0.3828016643550624
I59272784,2022,907,399,0.43991179713340683,30,0.03307607497243661,394,0.43439911797133407
I59272784,2023,983,438,0.44557477110885046,40,0.04069175991861648,433,0.4404883011190234
I59272784,2024,903,409,0.4529346622369878,44,0.048726467331118496,405,0.4485049833887043
I59272784,2025,548,326,0.5948905109489051,29,0.05291970802919708,322,0.5875912408759124
I124391630,2006,9,6,0.6666666666666666,0,0,6,0.6666666666666666
I124391630,2007,8,6,0.75,0,0,6,0.75
I124391630,2008,3,2,0.6666666666666666,0,0,2,0.6666666666666666
I124391630,2009,8,7,0.875,0,0,7,0.875
I124391630,2010,8,6,0.75,0,0,6,0.75
I124391630,2011,11,9,0.8181818181818182,0,0,9,0.8181818181818182
I124391630,2012,14,11,0.7857142857142857,0,0,11,0.7857142857142857
I124391630,2013,18,14,0.7777777777777778,0,0,14,0.7777777777777778
I124391630,2014,19,15,0.7894736842105263,0,0,15,0.7894736842105263
I124391630,2015,15,12,0.8,0,0,12,0.8
I124391630,2016,7,5,0.7142857142857143,0,0,5,0.7142857142857143
I124391630,2017,6,3,0.5,0,0,3,0.5
I124391630,2018,15,8,0.5333333333333333,0,0,8,0.5333333333333333
I124391630,2019,16,11,0.6875,0,0,11,0.6875
I124391630,2020,24,12,0.5,0,0,12,0.5
I124391630,2021,47,30,0.6382978723404256,0,0,30,0.6382978723404256
I124391630,2022,44,20,0.45454545454545453,0,0,20,0.45454545454545453
I124391630,2023,58,38,0.6551724137931034,0,0,38,0.6551724137931034
I124391630,2024,120,78,0.65,0,0,78,0.65
I124391630,2025,171,99,0.5789473684210527,1,0.005847953216374269,99,0.5789473684210527
I4210129615,2006,1,0,0,0,0,0,0
I4210129615,2007,1,1,1,0,0,1,1
I4210129615,2008,2,0,0,0,0,0,0
I4210129615,2009,1,0,0,0,0,0,0
I4210129615,2010,1,0,0,0,0,0,0
I4210129615,2011,0,0,NA,0,NA,0,NA
I4210129615,2012,1,1,1,0,0,1,1
I4210129615,2013,2,1,0.5,0,0,1,0.5
I4210129615,2014,2,1,0.5,0,0,1,0.5
I4210129615,2015,2,1,0.5,1,0.5,1,0.5
I4210129615,2016,1,1,1,0,0,1,1
I4210129615,2017,3,2,0.6666666666666666,0,0,2,0.6666666666666666
I4210129615,2018,5,3,0.6,1,0.2,3,0.6
I4210129615,2019,7,0,0,0,0,0,0
I4210129615,2020,4,3,0.75,0,0,3,0.75
I4210129615,2021,4,1,0.25,0,0,1,0.25
I4210129615,2022,4,1,0.25,0,0,1,0.25
I4210129615,2023,15,8,0.5333333333333333,3,0.2,7,0.4666666666666667
I4210129615,2024,11,6,0.5454545454545454,0,0,6,0.5454545454545454
I4210129615,2025,126,107,0.8492063492063492,0,0,107,0.8492063492063492
I42869670,2006,3,3,1,0,0,3,1
I42869670,2007,3,2,0.6666666666666666,1,0.3333333333333333,1,0.3333333333333333
I42869670,2008,5,4,0.8,0,0,4,0.8
I42869670,2009,9,6,0.6666666666666666,0,0,6,0.6666666666666666
I42869670,2010,10,8,0.8,2,0.2,8,0.8
I42869670,2011,8,4,0.5,0,0,4,0.5
I42869670,2012,24,10,0.4166666666666667,2,0.08333333333333333,9,0.375
I42869670,2013,62,21,0.3387096774193548,0,0,21,0.3387096774193548
I42869670,2014,85,18,0.21176470588235294,2,0.023529411764705882,18,0.21176470588235294
I42869670,2015,130,33,0.25384615384615383,5,0.038461538461538464,29,0.2230769230769231
I42869670,2016,109,43,0.3944954128440367,5,0.045871559633027525,41,0.3761467889908257
I42869670,2017,154,43,0.2792207792207792,6,0.03896103896103896,41,0.2662337662337662
I42869670,2018,204,71,0.3480392156862745,5,0.024509803921568627,68,0.3333333333333333
I42869670,2019,309,96,0.3106796116504854,20,0.06472491909385113,81,0.2621359223300971
I42869670,2020,514,160,0.311284046692607,47,0.0914396887159533,129,0.2509727626459144
I42869670,2021,636,269,0.4229559748427673,42,0.0660377358490566,241,0.3789308176100629
I42869670,2022,759,327,0.4308300395256917,55,0.07246376811594203,300,0.3952569169960474
I42869670,2023,747,276,0.36947791164658633,60,0.08032128514056225,251,0.3360107095046854
I42869670,2024,834,310,0.37170263788968827,60,0.07194244604316546,282,0.3381294964028777
I42869670,2025,780,370,0.47435897435897434,90,0.11538461538461539,338,0.43333333333333335
I4405265965,2006,0,0,NA,0,NA,0,NA
I4405265965,2007,0,0,NA,0,NA,0,NA
I4405265965,2008,0,0,NA,0,NA,0,NA
I4405265965,2009,0,0,NA,0,NA,0,NA
I4405265965,2010,0,0,NA,0,NA,0,NA
I4405265965,2011,0,0,NA,0,NA,0,NA
I4405265965,2012,0,0,NA,0,NA,0,NA
I4405265965,2013,0,0,NA,0,NA,0,NA
I4405265965,2014,0,0,NA,0,NA,0,NA
I4405265965,2015,0,0,NA,0,NA,0,NA
I4405265965,2016,0,0,NA,0,NA,0,NA
I4405265965,2017,0,0,NA,0,NA,0,NA
I4405265965,2018,0,0,NA,0,NA,0,NA
I4405265965,2019,0,0,NA,0,NA,0,NA
I4405265965,2020,0,0,NA,0,NA,0,NA
I4405265965,2021,0,0,NA,0,NA,0,NA
I4405265965,2022,0,0,NA,0,NA,0,NA
I4405265965,2023,0,0,NA,0,NA,0,NA
I4405265965,2024,0,0,NA,0,NA,0,NA
I4405265965,2025,0,0,NA,0,NA,0,NA
I140534913,2006,40,4,0.1,0,0,4,0.1
I140534913,2007,45,10,0.2222222222222222,0,0,10,0.2222222222222222
I140534913,2008,36,4,0.1111111111111111,2,0.05555555555555555,3,0.08333333333333333
I140534913,2009,63,11,0.1746031746031746,1,0.015873015873015872,11,0.1746031746031746
I140534913,2010,67,6,0.08955223880597014,1,0.014925373134328358,6,0.08955223880597014
I140534913,2011,69,7,0.10144927536231885,2,0.028985507246376812,6,0.08695652173913043
I140534913,2012,61,8,0.13114754098360656,1,0.01639344262295082,8,0.13114754098360656
I140534913,2013,58,14,0.2413793103448276,3,0.05172413793103448,13,0.22413793103448276
I140534913,2014,58,21,0.3620689655172414,7,0.1206896551724138,19,0.3275862068965517
I140534913,2015,49,17,0.3469387755102041,6,0.12244897959183673,17,0.3469387755102041
I140534913,2016,43,10,0.23255813953488372,3,0.06976744186046512,9,0.20930232558139536
I140534913,2017,44,14,0.3181818181818182,3,0.06818181818181818,14,0.3181818181818182
I140534913,2018,83,28,0.3373493975903614,2,0.024096385542168676,27,0.3253012048192771
I140534913,2019,75,22,0.29333333333333333,2,0.02666666666666667,22,0.29333333333333333
I140534913,2020,69,43,0.6231884057971014,13,0.18840579710144928,40,0.5797101449275363
I140534913,2021,68,24,0.35294117647058826,4,0.058823529411764705,22,0.3235294117647059
I140534913,2022,117,70,0.5982905982905983,36,0.3076923076923077,55,0.4700854700854701
I140534913,2023,142,60,0.4225352112676056,21,0.14788732394366197,51,0.3591549295774648
I140534913,2024,149,63,0.4228187919463087,24,0.1610738255033557,54,0.3624161073825503
I140534913,2025,145,64,0.4413793103448276,31,0.21379310344827587,47,0.32413793103448274
I4210101443,2006,0,0,NA,0,NA,0,NA
I4210101443,2007,8,0,0,0,0,0,0
I4210101443,2008,2,0,0,0,0,0,0
I4210101443,2009,6,2,0.3333333333333333,2,0.3333333333333333,0,0
I4210101443,2010,1,0,0,0,0,0,0
I4210101443,2011,4,0,0,0,0,0,0
I4210101443,2012,2,1,0.5,1,0.5,0,0
I4210101443,2013,0,0,NA,0,NA,0,NA
I4210101443,2014,0,0,NA,0,NA,0,NA
I4210101443,2015,2,1,0.5,1,0.5,0,0
I4210101443,2016,1,1,1,0,0,1,1
I4210101443,2017,2,1,0.5,0,0,1,0.5
I4210101443,2018,1,0,0,0,0,0,0
I4210101443,2019,7,3,0.42857142857142855,1,0.14285714285714285,2,0.2857142857142857
I4210101443,2020,1,1,1,0,0,1,1
I4210101443,2021,4,1,0.25,1,0.25,1,0.25
I4210101443,2022,5,1,0.2,0,0,1,0.2
I4210101443,2023,8,6,0.75,1,0.125,5,0.625
I4210101443,2024,5,3,0.6,1,0.2,2,0.4
I4210101443,2025,28,19,0.6785714285714286,6,0.21428571428571427,15,0.5357142857142857
I4405263049,2006,0,0,NA,0,NA,0,NA
I4405263049,2007,0,0,NA,0,NA,0,NA
I4405263049,2008,0,0,NA,0,NA,0,NA
I4405263049,2009,0,0,NA,0,NA,0,NA
I4405263049,2010,0,0,NA,0,NA,0,NA
I4405263049,2011,0,0,NA,0,NA,0,NA
I4405263049,2012,0,0,NA,0,NA,0,NA
I4405263049,2013,0,0,NA,0,NA,0,NA
I4405263049,2014,0,0,NA,0,NA,0,NA
I4405263049,2015,0,0,NA,0,NA,0,NA
I4405263049,2016,0,0,NA,0,NA,0,NA
I4405263049,2017,0,0,NA,0,NA,0,NA
I4405263049,2018,0,0,NA,0,NA,0,NA
I4405263049,2019,0,0,NA,0,NA,0,NA
I4405263049,2020,0,0,NA,0,NA,0,NA
I4405263049,2021,0,0,NA,0,NA,0,NA
I4405263049,2022,0,0,NA,0,NA,0,NA
I4405263049,2023,0,0,NA,0,NA,0,NA
I4405263049,2024,0,0,NA,0,NA,0,NA
I4405263049,2025,0,0,NA,0,NA,0,NA
I4210117796,2006,46,8,0.17391304347826086,0,0,8,0.17391304347826086
I4210117796,2007,35,17,0.4857142857142857,0,0,17,0.4857142857142857
I4210117796,2008,24,6,0.25,0,0,6,0.25
I4210117796,2009,43,8,0.18604651162790697,0,0,8,0.18604651162790697
I4210117796,2010,37,9,0.24324324324324326,1,0.02702702702702703,9,0.24324324324324326
I4210117796,2011,27,2,0.07407407407407407,0,0,2,0.07407407407407407
I4210117796,2012,34,8,0.23529411764705882,1,0.029411764705882353,7,0.20588235294117646
I4210117796,2013,50,10,0.2,0,0,10,0.2
I4210117796,2014,54,9,0.16666666666666666,1,0.018518518518518517,9,0.16666666666666666
I4210117796,2015,23,10,0.43478260869565216,2,0.08695652173913043,9,0.391304347826087
I4210117796,2016,7,2,0.2857142857142857,1,0.14285714285714285,2,0.2857142857142857
I4210117796,2017,6,3,0.5,1,0.16666666666666666,3,0.5
I4210117796,2018,16,7,0.4375,3,0.1875,6,0.375
I4210117796,2019,16,11,0.6875,4,0.25,8,0.5
I4210117796,2020,36,12,0.3333333333333333,3,0.08333333333333333,12,0.3333333333333333
I4210117796,2021,27,12,0.4444444444444444,5,0.18518518518518517,10,0.37037037037037035
I4210117796,2022,33,9,0.2727272727272727,4,0.12121212121212122,9,0.2727272727272727
I4210117796,2023,40,17,0.425,6,0.15,15,0.375
I4210117796,2024,75,30,0.4,12,0.16,25,0.3333333333333333
I4210117796,2025,75,41,0.5466666666666666,13,0.17333333333333334,38,0.5066666666666667
I4210122757,2006,0,0,NA,0,NA,0,NA
I4210122757,2007,1,0,0,0,0,0,0
I4210122757,2008,0,0,NA,0,NA,0,NA
I4210122757,2009,2,1,0.5,0,0,1,0.5
I4210122757,2010,3,3,1,2,0.6666666666666666,2,0.6666666666666666
I4210122757,2011,1,0,0,0,0,0,0
I4210122757,2012,0,0,NA,0,NA,0,NA
I4210122757,2013,0,0,NA,0,NA,0,NA
I4210122757,2014,6,2,0.3333333333333333,1,0.16666666666666666,2,0.3333333333333333
I4210122757,2015,21,6,0.2857142857142857,1,0.047619047619047616,5,0.23809523809523808
I4210122757,2016,35,16,0.45714285714285713,2,0.05714285714285714,14,0.4
I4210122757,2017,40,13,0.325,3,0.075,11,0.275
I4210122757,2018,48,16,0.3333333333333333,4,0.08333333333333333,15,0.3125
I4210122757,2019,86,30,0.3488372093023256,3,0.03488372093023256,30,0.3488372093023256
I4210122757,2020,130,33,0.25384615384615383,7,0.05384615384615385,31,0.23846153846153847
I4210122757,2021,196,59,0.3010204081632653,14,0.07142857142857142,52,0.2653061224489796
I4210122757,2022,207,77,0.3719806763285024,8,0.03864734299516908,73,0.3526570048309179
I4210122757,2023,208,80,0.38461538461538464,11,0.052884615384615384,76,0.36538461538461536
I4210122757,2024,188,63,0.3351063829787234,10,0.05319148936170213,62,0.32978723404255317
I4210122757,2025,193,66,0.34196891191709844,16,0.08290155440414508,61,0.3160621761658031
I91041137,2006,420,108,0.2571428571428571,8,0.01904761904761905,104,0.24761904761904763
I91041137,2007,438,127,0.2899543378995434,1,0.00228310502283105,126,0.2876712328767123
I91041137,2008,517,175,0.33849129593810445,7,0.013539651837524178,173,0.3346228239845261
I91041137,2009,564,197,0.34929078014184395,7,0.012411347517730497,195,0.34574468085106386
I91041137,2010,698,267,0.3825214899713467,12,0.017191977077363897,264,0.37822349570200575
I91041137,2011,768,330,0.4296875,12,0.015625,325,0.4231770833333333
I91041137,2012,893,377,0.4221724524076148,9,0.010078387458006719,377,0.4221724524076148
I91041137,2013,1202,501,0.4168053244592346,12,0.009983361064891847,496,0.41264559068219636
I91041137,2014,1240,566,0.45645161290322583,14,0.01129032258064516,561,0.45241935483870965
I91041137,2015,1445,727,0.5031141868512111,20,0.01384083044982699,723,0.5003460207612457
I91041137,2016,1664,773,0.4645432692307692,28,0.016826923076923076,770,0.46274038461538464
I91041137,2017,1710,732,0.4280701754385965,25,0.014619883040935672,728,0.4257309941520468
I91041137,2018,2173,894,0.41141279337321673,38,0.017487344684767602,880,0.4049700874367234
I91041137,2019,2389,1024,0.4286312264545835,49,0.020510673922143157,1002,0.41942235244872333
I91041137,2020,2829,1378,0.48709791445740547,86,0.0303994344291269,1363,0.4817956875220926
I91041137,2021,3180,1692,0.5320754716981132,106,0.03333333333333333,1679,0.5279874213836478
I91041137,2022,3350,1895,0.5656716417910448,139,0.04149253731343284,1873,0.5591044776119403
I91041137,2023,3296,1854,0.5625,141,0.042779126213592235,1823,0.5530946601941747
I91041137,2024,3153,1776,0.5632730732635585,174,0.05518553758325404,1749,0.5547098001902949
I91041137,2025,3435,1977,0.5755458515283843,168,0.04890829694323144,1950,0.5676855895196506
I4210123884,2006,17,9,0.5294117647058824,0,0,9,0.5294117647058824
I4210123884,2007,25,8,0.32,0,0,8,0.32
I4210123884,2008,28,10,0.35714285714285715,1,0.03571428571428571,9,0.32142857142857145
I4210123884,2009,30,10,0.3333333333333333,0,0,10,0.3333333333333333
I4210123884,2010,33,4,0.12121212121212122,0,0,4,0.12121212121212122
I4210123884,2011,30,10,0.3333333333333333,0,0,10,0.3333333333333333
I4210123884,2012,32,4,0.125,0,0,4,0.125
I4210123884,2013,40,15,0.375,0,0,15,0.375
I4210123884,2014,52,15,0.28846153846153844,0,0,15,0.28846153846153844
I4210123884,2015,49,15,0.30612244897959184,1,0.02040816326530612,14,0.2857142857142857
I4210123884,2016,63,29,0.4603174603174603,0,0,29,0.4603174603174603
I4210123884,2017,70,27,0.38571428571428573,0,0,27,0.38571428571428573
I4210123884,2018,71,33,0.4647887323943662,0,0,33,0.4647887323943662
I4210123884,2019,88,39,0.4431818181818182,1,0.011363636363636364,39,0.4431818181818182
I4210123884,2020,109,43,0.3944954128440367,1,0.009174311926605505,42,0.3853211009174312
I4210123884,2021,133,49,0.3684210526315789,2,0.015037593984962405,49,0.3684210526315789
I4210123884,2022,136,45,0.33088235294117646,1,0.007352941176470588,45,0.33088235294117646
I4210123884,2023,117,39,0.3333333333333333,3,0.02564102564102564,38,0.3247863247863248
I4210123884,2024,144,55,0.3819444444444444,5,0.034722222222222224,55,0.3819444444444444
I4210123884,2025,181,85,0.4696132596685083,20,0.11049723756906077,84,0.46408839779005523
I4405253822,2006,0,0,NA,0,NA,0,NA
I4405253822,2007,0,0,NA,0,NA,0,NA
I4405253822,2008,0,0,NA,0,NA,0,NA
I4405253822,2009,0,0,NA,0,NA,0,NA
I4405253822,2010,0,0,NA,0,NA,0,NA
I4405253822,2011,0,0,NA,0,NA,0,NA
I4405253822,2012,0,0,NA,0,NA,0,NA
I4405253822,2013,0,0,NA,0,NA,0,NA
I4405253822,2014,0,0,NA,0,NA,0,NA
I4405253822,2015,0,0,NA,0,NA,0,NA
I4405253822,2016,0,0,NA,0,NA,0,NA
I4405253822,2017,0,0,NA,0,NA,0,NA
I4405253822,2018,0,0,NA,0,NA,0,NA
I4405253822,2019,0,0,NA,0,NA,0,NA
I4405253822,2020,0,0,NA,0,NA,0,NA
I4405253822,2021,0,0,NA,0,NA,0,NA
I4405253822,2022,0,0,NA,0,NA,0,NA
I4405253822,2023,0,0,NA,0,NA,0,NA
I4405253822,2024,0,0,NA,0,NA,0,NA
I4405253822,2025,0,0,NA,0,NA,0,NA
I4405260557,2006,0,0,NA,0,NA,0,NA
I4405260557,2007,0,0,NA,0,NA,0,NA
I4405260557,2008,0,0,NA,0,NA,0,NA
I4405260557,2009,0,0,NA,0,NA,0,NA
I4405260557,2010,0,0,NA,0,NA,0,NA
I4405260557,2011,0,0,NA,0,NA,0,NA
I4405260557,2012,0,0,NA,0,NA,0,NA
I4405260557,2013,0,0,NA,0,NA,0,NA
I4405260557,2014,0,0,NA,0,NA,0,NA
I4405260557,2015,0,0,NA,0,NA,0,NA
I4405260557,2016,0,0,NA,0,NA,0,NA
I4405260557,2017,0,0,NA,0,NA,0,NA
I4405260557,2018,0,0,NA,0,NA,0,NA
I4405260557,2019,0,0,NA,0,NA,0,NA
I4405260557,2020,0,0,NA,0,NA,0,NA
I4405260557,2021,0,0,NA,0,NA,0,NA
I4405260557,2022,0,0,NA,0,NA,0,NA
I4405260557,2023,0,0,NA,0,NA,0,NA
I4405260557,2024,0,0,NA,0,NA,0,NA
I4405260557,2025,0,0,NA,0,NA,0,NA
I4210154431,2006,2,0,0,0,0,0,0
I4210154431,2007,1,0,0,0,0,0,0
I4210154431,2008,1,0,0,0,0,0,0
I4210154431,2009,2,1,0.5,0,0,1,0.5
I4210154431,2010,9,2,0.2222222222222222,0,0,2,0.2222222222222222
I4210154431,2011,4,1,0.25,1,0.25,1,0.25
I4210154431,2012,11,1,0.09090909090909091,0,0,1,0.09090909090909091
I4210154431,2013,18,2,0.1111111111111111,1,0.05555555555555555,1,0.05555555555555555
I4210154431,2014,19,5,0.2631578947368421,1,0.05263157894736842,4,0.21052631578947367
I4210154431,2015,23,5,0.21739130434782608,2,0.08695652173913043,4,0.17391304347826086
I4210154431,2016,18,5,0.2777777777777778,2,0.1111111111111111,3,0.16666666666666666
I4210154431,2017,23,3,0.13043478260869565,1,0.043478260869565216,3,0.13043478260869565
I4210154431,2018,42,3,0.07142857142857142,0,0,3,0.07142857142857142
I4210154431,2019,61,10,0.16393442622950818,2,0.03278688524590164,8,0.13114754098360656
I4210154431,2020,61,11,0.18032786885245902,0,0,11,0.18032786885245902
I4210154431,2021,103,14,0.13592233009708737,4,0.038834951456310676,11,0.10679611650485436
I4210154431,2022,94,18,0.19148936170212766,8,0.0851063829787234,17,0.18085106382978725
I4210154431,2023,108,34,0.3148148148148148,18,0.16666666666666666,27,0.25
I4210154431,2024,111,49,0.44144144144144143,29,0.26126126126126126,43,0.38738738738738737
I4210154431,2025,153,57,0.37254901960784315,34,0.2222222222222222,47,0.30718954248366015
I4405259080,2006,0,0,NA,0,NA,0,NA
I4405259080,2007,0,0,NA,0,NA,0,NA
I4405259080,2008,0,0,NA,0,NA,0,NA
I4405259080,2009,0,0,NA,0,NA,0,NA
I4405259080,2010,0,0,NA,0,NA,0,NA
I4405259080,2011,0,0,NA,0,NA,0,NA
I4405259080,2012,0,0,NA,0,NA,0,NA
I4405259080,2013,0,0,NA,0,NA,0,NA
I4405259080,2014,0,0,NA,0,NA,0,NA
I4405259080,2015,0,0,NA,0,NA,0,NA
I4405259080,2016,0,0,NA,0,NA,0,NA
I4405259080,2017,0,0,NA,0,NA,0,NA
I4405259080,2018,0,0,NA,0,NA,0,NA
I4405259080,2019,0,0,NA,0,NA,0,NA
I4405259080,2020,0,0,NA,0,NA,0,NA
I4405259080,2021,0,0,NA,0,NA,0,NA
I4405259080,2022,0,0,NA,0,NA,0,NA
I4405259080,2023,0,0,NA,0,NA,0,NA
I4405259080,2024,0,0,NA,0,NA,0,NA
I4405259080,2025,0,0,NA,0,NA,0,NA
I4405258300,2006,0,0,NA,0,NA,0,NA
I4405258300,2007,0,0,NA,0,NA,0,NA
I4405258300,2008,0,0,NA,0,NA,0,NA
I4405258300,2009,0,0,NA,0,NA,0,NA
I4405258300,2010,0,0,NA,0,NA,0,NA
I4405258300,2011,0,0,NA,0,NA,0,NA
I4405258300,2012,0,0,NA,0,NA,0,NA
I4405258300,2013,0,0,NA,0,NA,0,NA
I4405258300,2014,0,0,NA,0,NA,0,NA
I4405258300,2015,0,0,NA,0,NA,0,NA
I4405258300,2016,0,0,NA,0,NA,0,NA
I4405258300,2017,0,0,NA,0,NA,0,NA
I4405258300,2018,0,0,NA,0,NA,0,NA
I4405258300,2019,0,0,NA,0,NA,0,NA
I4405258300,2020,0,0,NA,0,NA,0,NA
I4405258300,2021,0,0,NA,0,NA,0,NA
I4405258300,2022,0,0,NA,0,NA,0,NA
I4405258300,2023,0,0,NA,0,NA,0,NA
I4405258300,2024,0,0,NA,0,NA,0,NA
I4405258300,2025,0,0,NA,0,NA,0,NA
I4405261080,2006,0,0,NA,0,NA,0,NA
I4405261080,2007,0,0,NA,0,NA,0,NA
I4405261080,2008,0,0,NA,0,NA,0,NA
I4405261080,2009,0,0,NA,0,NA,0,NA
I4405261080,2010,0,0,NA,0,NA,0,NA
I4405261080,2011,0,0,NA,0,NA,0,NA
I4405261080,2012,0,0,NA,0,NA,0,NA
I4405261080,2013,0,0,NA,0,NA,0,NA
I4405261080,2014,0,0,NA,0,NA,0,NA
I4405261080,2015,0,0,NA,0,NA,0,NA
I4405261080,2016,0,0,NA,0,NA,0,NA
I4405261080,2017,0,0,NA,0,NA,0,NA
I4405261080,2018,0,0,NA,0,NA,0,NA
I4405261080,2019,0,0,NA,0,NA,0,NA
I4405261080,2020,0,0,NA,0,NA,0,NA
I4405261080,2021,0,0,NA,0,NA,0,NA
I4405261080,2022,0,0,NA,0,NA,0,NA
I4405261080,2023,0,0,NA,0,NA,0,NA
I4405261080,2024,0,0,NA,0,NA,0,NA
I4405261080,2025,0,0,NA,0,NA,0,NA
I30887324,2006,30,15,0.5,4,0.13333333333333333,13,0.43333333333333335
I30887324,2007,52,29,0.5576923076923077,9,0.17307692307692307,25,0.4807692307692308
I30887324,2008,28,12,0.42857142857142855,2,0.07142857142857142,10,0.35714285714285715
I30887324,2009,54,23,0.42592592592592593,0,0,23,0.42592592592592593
I30887324,2010,57,26,0.45614035087719296,11,0.19298245614035087,18,0.3157894736842105
I30887324,2011,61,18,0.29508196721311475,6,0.09836065573770492,17,0.2786885245901639
I30887324,2012,82,30,0.36585365853658536,6,0.07317073170731707,24,0.2926829268292683
I30887324,2013,110,24,0.21818181818181817,6,0.05454545454545454,19,0.17272727272727273
I30887324,2014,139,28,0.2014388489208633,10,0.07194244604316546,23,0.16546762589928057
I30887324,2015,176,43,0.24431818181818182,20,0.11363636363636363,29,0.16477272727272727
I30887324,2016,220,37,0.16818181818181818,11,0.05,29,0.1318181818181818
I30887324,2017,256,47,0.18359375,26,0.1015625,28,0.109375
I30887324,2018,249,62,0.24899598393574296,25,0.10040160642570281,49,0.19678714859437751
I30887324,2019,398,62,0.15577889447236182,22,0.05527638190954774,51,0.12814070351758794
I30887324,2020,605,108,0.17851239669421487,41,0.06776859504132231,82,0.13553719008264462
I30887324,2021,643,128,0.19906687402799378,39,0.060653188180404355,106,0.16485225505443235
I30887324,2022,694,158,0.2276657060518732,56,0.08069164265129683,124,0.1786743515850144
I30887324,2023,666,184,0.27627627627627627,47,0.07057057057057058,162,0.24324324324324326
I30887324,2024,635,251,0.3952755905511811,89,0.14015748031496064,215,0.33858267716535434
I30887324,2025,803,353,0.4396014943960149,106,0.1320049813200498,312,0.38854296388542964
I108754898,2006,176,84,0.4772727272727273,2,0.011363636363636364,83,0.4715909090909091
I108754898,2007,178,93,0.5224719101123596,7,0.03932584269662921,89,0.5
I108754898,2008,210,102,0.4857142857142857,4,0.01904761904761905,100,0.47619047619047616
I108754898,2009,236,113,0.4788135593220339,3,0.012711864406779662,111,0.4703389830508475
I108754898,2010,275,138,0.5018181818181818,10,0.03636363636363636,134,0.48727272727272725
I108754898,2011,282,134,0.475177304964539,9,0.031914893617021274,129,0.4574468085106383
I108754898,2012,392,147,0.375,8,0.02040816326530612,144,0.3673469387755102
I108754898,2013,449,180,0.40089086859688194,14,0.031180400890868598,176,0.39198218262806234
I108754898,2014,485,208,0.4288659793814433,21,0.04329896907216495,200,0.41237113402061853
I108754898,2015,588,230,0.391156462585034,33,0.05612244897959184,211,0.358843537414966
I108754898,2016,638,252,0.3949843260188088,46,0.07210031347962383,228,0.3573667711598746
I108754898,2017,738,302,0.4092140921409214,86,0.11653116531165311,277,0.37533875338753386
I108754898,2018,722,265,0.3670360110803324,56,0.07756232686980609,248,0.34349030470914127
I108754898,2019,680,232,0.3411764705882353,52,0.07647058823529412,219,0.3220588235294118
I108754898,2020,801,301,0.3757802746566791,74,0.09238451935081149,277,0.34581772784019976
I108754898,2021,844,336,0.3981042654028436,81,0.09597156398104266,311,0.3684834123222749
I108754898,2022,771,353,0.4578469520103761,85,0.11024643320363164,333,0.43190661478599224
I108754898,2023,828,358,0.4323671497584541,93,0.11231884057971014,335,0.40458937198067635
I108754898,2024,815,413,0.5067484662576687,85,0.10429447852760736,394,0.4834355828220859
I108754898,2025,922,486,0.527114967462039,90,0.09761388286334056,466,0.5054229934924078
I57092466,2006,37,6,0.16216216216216217,0,0,6,0.16216216216216217
I57092466,2007,62,10,0.16129032258064516,0,0,10,0.16129032258064516
I57092466,2008,70,16,0.22857142857142856,1,0.014285714285714285,16,0.22857142857142856
I57092466,2009,67,15,0.22388059701492538,1,0.014925373134328358,14,0.208955223880597
I57092466,2010,86,33,0.38372093023255816,4,0.046511627906976744,31,0.36046511627906974
I57092466,2011,104,32,0.3076923076923077,6,0.057692307692307696,28,0.2692307692307692
I57092466,2012,96,29,0.3020833333333333,2,0.020833333333333332,29,0.3020833333333333
I57092466,2013,172,50,0.29069767441860467,9,0.05232558139534884,46,0.26744186046511625
I57092466,2014,279,86,0.30824372759856633,12,0.043010752688172046,83,0.2974910394265233
I57092466,2015,257,81,0.3151750972762646,13,0.05058365758754864,76,0.29571984435797666
I57092466,2016,284,104,0.36619718309859156,20,0.07042253521126761,95,0.3345070422535211
I57092466,2017,412,144,0.34951456310679613,37,0.08980582524271845,126,0.3058252427184466
I57092466,2018,527,138,0.2618595825426945,32,0.06072106261859583,116,0.22011385199240988
I57092466,2019,844,244,0.2890995260663507,49,0.058056872037914695,212,0.25118483412322273
I57092466,2020,1221,401,0.3284193284193284,88,0.07207207207207207,355,0.29074529074529076
I57092466,2021,1185,438,0.369620253164557,106,0.08945147679324894,386,0.32573839662447257
I57092466,2022,1330,444,0.33383458646616543,103,0.0774436090225564,384,0.2887218045112782
I57092466,2023,1459,553,0.37902673063742287,146,0.10006854009595613,493,0.3379026730637423
I57092466,2024,1882,665,0.35334750265674814,196,0.10414452709883103,583,0.3097768331562168
I57092466,2025,2026,845,0.41707798617966435,236,0.11648568608094768,756,0.37314906219151034
I4210087472,2006,11,8,0.7272727272727273,0,0,8,0.7272727272727273
I4210087472,2007,22,16,0.7272727272727273,0,0,16,0.7272727272727273
I4210087472,2008,13,10,0.7692307692307693,0,0,10,0.7692307692307693
I4210087472,2009,15,12,0.8,0,0,12,0.8
I4210087472,2010,10,7,0.7,0,0,7,0.7
I4210087472,2011,9,6,0.6666666666666666,0,0,6,0.6666666666666666
I4210087472,2012,16,13,0.8125,2,0.125,12,0.75
I4210087472,2013,18,12,0.6666666666666666,1,0.05555555555555555,12,0.6666666666666666
I4210087472,2014,24,16,0.6666666666666666,3,0.125,14,0.5833333333333334
I4210087472,2015,18,13,0.7222222222222222,0,0,13,0.7222222222222222
I4210087472,2016,34,20,0.5882352941176471,0,0,20,0.5882352941176471
I4210087472,2017,24,17,0.7083333333333334,3,0.125,15,0.625
I4210087472,2018,17,10,0.5882352941176471,2,0.11764705882352941,9,0.5294117647058824
I4210087472,2019,26,19,0.7307692307692307,2,0.07692307692307693,18,0.6923076923076923
I4210087472,2020,58,36,0.6206896551724138,7,0.1206896551724138,34,0.5862068965517241
I4210087472,2021,44,31,0.7045454545454546,4,0.09090909090909091,30,0.6818181818181818
I4210087472,2022,46,22,0.4782608695652174,7,0.15217391304347827,20,0.43478260869565216
I4210087472,2023,30,24,0.8,10,0.3333333333333333,22,0.7333333333333333
I4210087472,2024,53,33,0.6226415094339622,13,0.24528301886792453,28,0.5283018867924528
I4210087472,2025,87,37,0.42528735632183906,19,0.21839080459770116,32,0.367816091954023
I4405256297,2006,0,0,NA,0,NA,0,NA
I4405256297,2007,0,0,NA,0,NA,0,NA
I4405256297,2008,0,0,NA,0,NA,0,NA
I4405256297,2009,0,0,NA,0,NA,0,NA
I4405256297,2010,0,0,NA,0,NA,0,NA
I4405256297,2011,0,0,NA,0,NA,0,NA
I4405256297,2012,0,0,NA,0,NA,0,NA
I4405256297,2013,0,0,NA,0,NA,0,NA
I4405256297,2014,0,0,NA,0,NA,0,NA
I4405256297,2015,0,0,NA,0,NA,0,NA
I4405256297,2016,0,0,NA,0,NA,0,NA
I4405256297,2017,0,0,NA,0,NA,0,NA
I4405256297,2018,0,0,NA,0,NA,0,NA
I4405256297,2019,0,0,NA,0,NA,0,NA
I4405256297,2020,0,0,NA,0,NA,0,NA
I4405256297,2021,0,0,NA,0,NA,0,NA
I4405256297,2022,0,0,NA,0,NA,0,NA
I4405256297,2023,0,0,NA,0,NA,0,NA
I4405256297,2024,0,0,NA,0,NA,0,NA
I4405256297,2025,0,0,NA,0,NA,0,NA
I4405253782,2006,0,0,NA,0,NA,0,NA
I4405253782,2007,0,0,NA,0,NA,0,NA
I4405253782,2008,0,0,NA,0,NA,0,NA
I4405253782,2009,0,0,NA,0,NA,0,NA
I4405253782,2010,0,0,NA,0,NA,0,NA
I4405253782,2011,0,0,NA,0,NA,0,NA
I4405253782,2012,0,0,NA,0,NA,0,NA
I4405253782,2013,0,0,NA,0,NA,0,NA
I4405253782,2014,0,0,NA,0,NA,0,NA
I4405253782,2015,0,0,NA,0,NA,0,NA
I4405253782,2016,0,0,NA,0,NA,0,NA
I4405253782,2017,0,0,NA,0,NA,0,NA
I4405253782,2018,0,0,NA,0,NA,0,NA
I4405253782,2019,0,0,NA,0,NA,0,NA
I4405253782,2020,0,0,NA,0,NA,0,NA
I4405253782,2021,0,0,NA,0,NA,0,NA
I4405253782,2022,0,0,NA,0,NA,0,NA
I4405253782,2023,0,0,NA,0,NA,0,NA
I4405253782,2024,0,0,NA,0,NA,0,NA
I4405253782,2025,0,0,NA,0,NA,0,NA
I4405257947,2006,0,0,NA,0,NA,0,NA
I4405257947,2007,0,0,NA,0,NA,0,NA
I4405257947,2008,0,0,NA,0,NA,0,NA
I4405257947,2009,0,0,NA,0,NA,0,NA
I4405257947,2010,0,0,NA,0,NA,0,NA
I4405257947,2011,0,0,NA,0,NA,0,NA
I4405257947,2012,0,0,NA,0,NA,0,NA
I4405257947,2013,0,0,NA,0,NA,0,NA
I4405257947,2014,0,0,NA,0,NA,0,NA
I4405257947,2015,0,0,NA,0,NA,0,NA
I4405257947,2016,0,0,NA,0,NA,0,NA
I4405257947,2017,0,0,NA,0,NA,0,NA
I4405257947,2018,0,0,NA,0,NA,0,NA
I4405257947,2019,0,0,NA,0,NA,0,NA
I4405257947,2020,0,0,NA,0,NA,0,NA
I4405257947,2021,0,0,NA,0,NA,0,NA
I4405257947,2022,0,0,NA,0,NA,0,NA
I4405257947,2023,0,0,NA,0,NA,0,NA
I4405257947,2024,0,0,NA,0,NA,0,NA
I4405257947,2025,0,0,NA,0,NA,0,NA
I2801387305,2006,0,0,NA,0,NA,0,NA
I2801387305,2007,0,0,NA,0,NA,0,NA
I2801387305,2008,0,0,NA,0,NA,0,NA
I2801387305,2009,0,0,NA,0,NA,0,NA
I2801387305,2010,0,0,NA,0,NA,0,NA
I2801387305,2011,0,0,NA,0,NA,0,NA
I2801387305,2012,0,0,NA,0,NA,0,NA
I2801387305,2013,1,0,0,0,0,0,0
I2801387305,2014,0,0,NA,0,NA,0,NA
I2801387305,2015,2,0,0,0,0,0,0
I2801387305,2016,1,0,0,0,0,0,0
I2801387305,2017,0,0,NA,0,NA,0,NA
I2801387305,2018,1,0,0,0,0,0,0
I2801387305,2019,1,0,0,0,0,0,0
I2801387305,2020,1,0,0,0,0,0,0
I2801387305,2021,2,2,1,2,1,1,0.5
I2801387305,2022,2,0,0,0,0,0,0
I2801387305,2023,1,0,0,0,0,0,0
I2801387305,2024,0,0,NA,0,NA,0,NA
I2801387305,2025,6,4,0.6666666666666666,1,0.16666666666666666,4,0.6666666666666666
I3129370870,2006,0,0,NA,0,NA,0,NA
I3129370870,2007,0,0,NA,0,NA,0,NA
I3129370870,2008,0,0,NA,0,NA,0,NA
I3129370870,2009,1,1,1,0,0,1,1
I3129370870,2010,0,0,NA,0,NA,0,NA
I3129370870,2011,0,0,NA,0,NA,0,NA
I3129370870,2012,1,1,1,0,0,1,1
I3129370870,2013,1,1,1,0,0,1,1
I3129370870,2014,1,1,1,0,0,1,1
I3129370870,2015,3,1,0.3333333333333333,0,0,1,0.3333333333333333
I3129370870,2016,2,2,1,1,0.5,1,0.5
I3129370870,2017,3,0,0,0,0,0,0
I3129370870,2018,3,1,0.3333333333333333,0,0,1,0.3333333333333333
I3129370870,2019,3,0,0,0,0,0,0
I3129370870,2020,15,11,0.7333333333333333,2,0.13333333333333333,11,0.7333333333333333
I3129370870,2021,15,11,0.7333333333333333,1,0.06666666666666667,11,0.7333333333333333
I3129370870,2022,39,34,0.8717948717948718,26,0.6666666666666666,31,0.7948717948717948
I3129370870,2023,9,6,0.6666666666666666,3,0.3333333333333333,6,0.6666666666666666
I3129370870,2024,8,6,0.75,1,0.125,6,0.75
I3129370870,2025,16,10,0.625,6,0.375,10,0.625
I4405257310,2006,0,0,NA,0,NA,0,NA
I4405257310,2007,0,0,NA,0,NA,0,NA
I4405257310,2008,0,0,NA,0,NA,0,NA
I4405257310,2009,0,0,NA,0,NA,0,NA
I4405257310,2010,0,0,NA,0,NA,0,NA
I4405257310,2011,0,0,NA,0,NA,0,NA
I4405257310,2012,0,0,NA,0,NA,0,NA
I4405257310,2013,0,0,NA,0,NA,0,NA
I4405257310,2014,0,0,NA,0,NA,0,NA
I4405257310,2015,0,0,NA,0,NA,0,NA
I4405257310,2016,0,0,NA,0,NA,0,NA
I4405257310,2017,0,0,NA,0,NA,0,NA
I4405257310,2018,0,0,NA,0,NA,0,NA
I4405257310,2019,0,0,NA,0,NA,0,NA
I4405257310,2020,0,0,NA,0,NA,0,NA
I4405257310,2021,0,0,NA,0,NA,0,NA
I4405257310,2022,0,0,NA,0,NA,0,NA
I4405257310,2023,0,0,NA,0,NA,0,NA
I4405257310,2024,0,0,NA,0,NA,0,NA
I4405257310,2025,0,0,NA,0,NA,0,NA
I919958821,2006,34,5,0.14705882352941177,1,0.029411764705882353,4,0.11764705882352941
I919958821,2007,62,8,0.12903225806451613,1,0.016129032258064516,7,0.11290322580645161
I919958821,2008,77,13,0.16883116883116883,5,0.06493506493506493,9,0.11688311688311688
I919958821,2009,87,22,0.25287356321839083,9,0.10344827586206896,18,0.20689655172413793
I919958821,2010,174,21,0.1206896551724138,2,0.011494252873563218,19,0.10919540229885058
I919958821,2011,166,32,0.1927710843373494,4,0.024096385542168676,30,0.18072289156626506
I919958821,2012,193,45,0.23316062176165803,8,0.04145077720207254,37,0.19170984455958548
I919958821,2013,259,51,0.1969111969111969,14,0.05405405405405406,41,0.1583011583011583
I919958821,2014,327,53,0.1620795107033639,9,0.027522935779816515,50,0.1529051987767584
I919958821,2015,371,127,0.3423180592991914,24,0.0646900269541779,117,0.31536388140161725
I919958821,2016,438,135,0.3082191780821918,33,0.07534246575342465,122,0.2785388127853881
I919958821,2017,523,159,0.30401529636711283,31,0.05927342256214149,144,0.27533460803059273
I919958821,2018,713,257,0.36044880785413747,48,0.06732117812061711,229,0.3211781206171108
I919958821,2019,849,290,0.3415783274440518,64,0.07538280329799764,268,0.31566548881036516
I919958821,2020,1116,477,0.4274193548387097,98,0.08781362007168458,446,0.3996415770609319
I919958821,2021,1210,599,0.49504132231404957,150,0.12396694214876033,557,0.46033057851239667
I919958821,2022,1127,532,0.4720496894409938,145,0.12866015971606035,489,0.4338952972493345
I919958821,2023,1127,581,0.515527950310559,148,0.1313220940550133,537,0.4764862466725821
I919958821,2024,1210,607,0.5016528925619834,180,0.1487603305785124,557,0.46033057851239667
I919958821,2025,1393,717,0.5147164393395549,282,0.2024407753050969,661,0.4745154343144293
I3132818693,2006,2,2,1,0,0,2,1
I3132818693,2007,1,0,0,0,0,0,0
I3132818693,2008,9,8,0.8888888888888888,0,0,8,0.8888888888888888
I3132818693,2009,8,8,1,0,0,8,1
I3132818693,2010,12,12,1,0,0,12,1
I3132818693,2011,19,17,0.8947368421052632,0,0,17,0.8947368421052632
I3132818693,2012,15,13,0.8666666666666667,0,0,13,0.8666666666666667
I3132818693,2013,4,2,0.5,0,0,2,0.5
I3132818693,2014,6,3,0.5,0,0,3,0.5
I3132818693,2015,12,4,0.3333333333333333,1,0.08333333333333333,3,0.25
I3132818693,2016,23,6,0.2608695652173913,0,0,6,0.2608695652173913
I3132818693,2017,27,8,0.2962962962962963,5,0.18518518518518517,6,0.2222222222222222
I3132818693,2018,51,12,0.23529411764705882,2,0.0392156862745098,11,0.21568627450980393
I3132818693,2019,82,30,0.36585365853658536,2,0.024390243902439025,29,0.35365853658536583
I3132818693,2020,104,31,0.2980769230769231,9,0.08653846153846154,28,0.2692307692307692
I3132818693,2021,143,51,0.35664335664335667,12,0.08391608391608392,49,0.34265734265734266
I3132818693,2022,180,86,0.4777777777777778,29,0.16111111111111112,74,0.4111111111111111
I3132818693,2023,162,50,0.30864197530864196,21,0.12962962962962962,45,0.2777777777777778
I3132818693,2024,275,91,0.33090909090909093,32,0.11636363636363636,75,0.2727272727272727
I3132818693,2025,231,65,0.2813852813852814,24,0.1038961038961039,58,0.2510822510822511
I4210153062,2006,0,0,NA,0,NA,0,NA
I4210153062,2007,0,0,NA,0,NA,0,NA
I4210153062,2008,0,0,NA,0,NA,0,NA
I4210153062,2009,0,0,NA,0,NA,0,NA
I4210153062,2010,0,0,NA,0,NA,0,NA
I4210153062,2011,0,0,NA,0,NA,0,NA
I4210153062,2012,0,0,NA,0,NA,0,NA
I4210153062,2013,1,0,0,0,0,0,0
I4210153062,2014,1,1,1,1,1,0,0
I4210153062,2015,0,0,NA,0,NA,0,NA
I4210153062,2016,2,2,1,0,0,2,1
I4210153062,2017,1,1,1,0,0,1,1
I4210153062,2018,1,1,1,0,0,1,1
I4210153062,2019,4,2,0.5,1,0.25,2,0.5
I4210153062,2020,10,5,0.5,4,0.4,3,0.3
I4210153062,2021,15,6,0.4,4,0.26666666666666666,5,0.3333333333333333
I4210153062,2022,18,6,0.3333333333333333,4,0.2222222222222222,5,0.2777777777777778
I4210153062,2023,23,7,0.30434782608695654,7,0.30434782608695654,4,0.17391304347826086
I4210153062,2024,27,23,0.8518518518518519,8,0.2962962962962963,23,0.8518518518518519
I4210153062,2025,27,23,0.8518518518518519,10,0.37037037037037035,22,0.8148148148148148
I136632592,2006,3,1,0.3333333333333333,0,0,1,0.3333333333333333
I136632592,2007,7,1,0.14285714285714285,0,0,1,0.14285714285714285
I136632592,2008,10,3,0.3,0,0,3,0.3
I136632592,2009,14,2,0.14285714285714285,1,0.07142857142857142,2,0.14285714285714285
I136632592,2010,23,3,0.13043478260869565,0,0,3,0.13043478260869565
I136632592,2011,24,7,0.2916666666666667,1,0.041666666666666664,7,0.2916666666666667
I136632592,2012,18,6,0.3333333333333333,2,0.1111111111111111,6,0.3333333333333333
I136632592,2013,37,14,0.3783783783783784,0,0,14,0.3783783783783784
I136632592,2014,47,2,0.0425531914893617,0,0,2,0.0425531914893617
I136632592,2015,49,13,0.2653061224489796,3,0.061224489795918366,12,0.24489795918367346
I136632592,2016,70,12,0.17142857142857143,2,0.02857142857142857,10,0.14285714285714285
I136632592,2017,76,14,0.18421052631578946,2,0.02631578947368421,13,0.17105263157894737
I136632592,2018,103,19,0.18446601941747573,7,0.06796116504854369,13,0.1262135922330097
I136632592,2019,112,30,0.26785714285714285,15,0.13392857142857142,15,0.13392857142857142
I136632592,2020,143,25,0.17482517482517482,13,0.09090909090909091,14,0.0979020979020979
I136632592,2021,177,48,0.2711864406779661,30,0.1694915254237288,29,0.1638418079096045
I136632592,2022,212,85,0.4009433962264151,47,0.22169811320754718,56,0.2641509433962264
I136632592,2023,202,79,0.3910891089108911,44,0.21782178217821782,55,0.2722772277227723
I136632592,2024,355,103,0.29014084507042254,57,0.16056338028169015,60,0.16901408450704225
I136632592,2025,310,144,0.4645161290322581,87,0.2806451612903226,89,0.2870967741935484
I3129284699,2006,5,1,0.2,0,0,1,0.2
I3129284699,2007,2,0,0,0,0,0,0
I3129284699,2008,6,0,0,0,0,0,0
I3129284699,2009,8,0,0,0,0,0,0
I3129284699,2010,9,0,0,0,0,0,0
I3129284699,2011,7,1,0.14285714285714285,0,0,1,0.14285714285714285
I3129284699,2012,12,5,0.4166666666666667,0,0,5,0.4166666666666667
I3129284699,2013,5,1,0.2,0,0,1,0.2
I3129284699,2014,13,1,0.07692307692307693,0,0,1,0.07692307692307693
I3129284699,2015,2,1,0.5,0,0,1,0.5
I3129284699,2016,11,8,0.7272727272727273,2,0.18181818181818182,7,0.6363636363636364
I3129284699,2017,22,12,0.5454545454545454,2,0.09090909090909091,11,0.5
I3129284699,2018,12,4,0.3333333333333333,0,0,4,0.3333333333333333
I3129284699,2019,17,6,0.35294117647058826,1,0.058823529411764705,6,0.35294117647058826
I3129284699,2020,16,11,0.6875,0,0,11,0.6875
I3129284699,2021,21,12,0.5714285714285714,1,0.047619047619047616,11,0.5238095238095238
I3129284699,2022,17,14,0.8235294117647058,5,0.29411764705882354,11,0.6470588235294118
I3129284699,2023,22,18,0.8181818181818182,3,0.13636363636363635,15,0.6818181818181818
I3129284699,2024,33,18,0.5454545454545454,6,0.18181818181818182,18,0.5454545454545454
I3129284699,2025,63,44,0.6984126984126984,16,0.25396825396825395,38,0.6031746031746031
I4210150211,2006,0,0,NA,0,NA,0,NA
I4210150211,2007,0,0,NA,0,NA,0,NA
I4210150211,2008,0,0,NA,0,NA,0,NA
I4210150211,2009,0,0,NA,0,NA,0,NA
I4210150211,2010,0,0,NA,0,NA,0,NA
I4210150211,2011,0,0,NA,0,NA,0,NA
I4210150211,2012,0,0,NA,0,NA,0,NA
I4210150211,2013,0,0,NA,0,NA,0,NA
I4210150211,2014,0,0,NA,0,NA,0,NA
I4210150211,2015,0,0,NA,0,NA,0,NA
I4210150211,2016,0,0,NA,0,NA,0,NA
I4210150211,2017,0,0,NA,0,NA,0,NA
I4210150211,2018,0,0,NA,0,NA,0,NA
I4210150211,2019,1,1,1,0,0,1,1
I4210150211,2020,1,1,1,0,0,1,1
I4210150211,2021,0,0,NA,0,NA,0,NA
I4210150211,2022,1,0,0,0,0,0,0
I4210150211,2023,0,0,NA,0,NA,0,NA
I4210150211,2024,1,0,0,0,0,0,0
I4210150211,2025,8,1,0.125,0,0,1,0.125
I4405258936,2006,0,0,NA,0,NA,0,NA
I4405258936,2007,0,0,NA,0,NA,0,NA
I4405258936,2008,0,0,NA,0,NA,0,NA
I4405258936,2009,0,0,NA,0,NA,0,NA
I4405258936,2010,0,0,NA,0,NA,0,NA
I4405258936,2011,0,0,NA,0,NA,0,NA
I4405258936,2012,0,0,NA,0,NA,0,NA
I4405258936,2013,0,0,NA,0,NA,0,NA
I4405258936,2014,0,0,NA,0,NA,0,NA
I4405258936,2015,0,0,NA,0,NA,0,NA
I4405258936,2016,0,0,NA,0,NA,0,NA
I4405258936,2017,0,0,NA,0,NA,0,NA
I4405258936,2018,0,0,NA,0,NA,0,NA
I4405258936,2019,0,0,NA,0,NA,0,NA
I4405258936,2020,0,0,NA,0,NA,0,NA
I4405258936,2021,0,0,NA,0,NA,0,NA
I4405258936,2022,0,0,NA,0,NA,0,NA
I4405258936,2023,0,0,NA,0,NA,0,NA
I4405258936,2024,0,0,NA,0,NA,0,NA
I4405258936,2025,0,0,NA,0,NA,0,NA
I207547235,2006,181,52,0.287292817679558,11,0.06077348066298342,49,0.27071823204419887
I207547235,2007,231,109,0.47186147186147187,47,0.20346320346320346,96,0.4155844155844156
I207547235,2008,190,67,0.3526315789473684,18,0.09473684210526316,63,0.33157894736842103
I207547235,2009,252,94,0.373015873015873,24,0.09523809523809523,88,0.3492063492063492
I207547235,2010,326,114,0.3496932515337423,7,0.02147239263803681,110,0.3374233128834356
I207547235,2011,286,95,0.3321678321678322,2,0.006993006993006993,95,0.3321678321678322
I207547235,2012,415,131,0.3156626506024096,7,0.016867469879518072,127,0.3060240963855422
I207547235,2013,508,155,0.3051181102362205,4,0.007874015748031496,153,0.30118110236220474
I207547235,2014,665,211,0.3172932330827068,12,0.01804511278195489,205,0.3082706766917293
I207547235,2015,936,360,0.38461538461538464,13,0.013888888888888888,355,0.37927350427350426
I207547235,2016,1205,440,0.3651452282157676,35,0.029045643153526972,421,0.34937759336099583
I207547235,2017,1334,468,0.35082458770614694,49,0.03673163418290855,453,0.3395802098950525
I207547235,2018,1685,645,0.3827893175074184,48,0.028486646884272996,629,0.37329376854599405
I207547235,2019,1907,765,0.40115364446775037,58,0.030414263240692185,756,0.39643418982695333
I207547235,2020,2670,1038,0.3887640449438202,74,0.027715355805243445,1026,0.3842696629213483
I207547235,2021,3115,1308,0.41990369181380416,100,0.03210272873194221,1291,0.414446227929374
I207547235,2022,3259,1396,0.42835225529303467,100,0.03068425897514575,1377,0.42252224608775696
I207547235,2023,3369,1529,0.45384387058474324,131,0.03888394182249926,1511,0.4485010388839418
I207547235,2024,3359,1498,0.4459660613277761,136,0.04048824054778208,1489,0.4432866924679964
I207547235,2025,2885,1467,0.5084922010398614,127,0.0440207972270364,1439,0.49878682842287697
I113643904,2006,92,32,0.34782608695652173,1,0.010869565217391304,32,0.34782608695652173
I113643904,2007,119,23,0.19327731092436976,0,0,23,0.19327731092436976
I113643904,2008,122,42,0.3442622950819672,0,0,42,0.3442622950819672
I113643904,2009,148,52,0.35135135135135137,0,0,52,0.35135135135135137
I113643904,2010,192,73,0.3802083333333333,1,0.005208333333333333,73,0.3802083333333333
I113643904,2011,238,100,0.42016806722689076,0,0,100,0.42016806722689076
I113643904,2012,312,128,0.41025641025641024,3,0.009615384615384616,128,0.41025641025641024
I113643904,2013,389,187,0.480719794344473,7,0.017994858611825194,184,0.4730077120822622
I113643904,2014,476,233,0.4894957983193277,11,0.023109243697478993,231,0.4852941176470588
I113643904,2015,645,325,0.5038759689922481,17,0.02635658914728682,320,0.49612403100775193
I113643904,2016,689,297,0.4310595065312046,12,0.01741654571843251,293,0.42525399129172714
I113643904,2017,870,340,0.39080459770114945,18,0.020689655172413793,334,0.3839080459770115
I113643904,2018,1010,433,0.4287128712871287,20,0.019801980198019802,432,0.4277227722772277
I113643904,2019,1268,569,0.44873817034700314,31,0.02444794952681388,560,0.4416403785488959
I113643904,2020,1612,810,0.5024813895781638,41,0.02543424317617866,805,0.4993796526054591
I113643904,2021,1778,955,0.5371203599550056,66,0.03712035995500562,943,0.53037120359955
I113643904,2022,2116,1112,0.5255198487712666,92,0.043478260869565216,1101,0.5203213610586012
I113643904,2023,2086,1229,0.5891658676893576,91,0.0436241610738255,1219,0.5843720038350911
I113643904,2024,2133,1214,0.5691514299109236,82,0.03844350679793718,1204,0.5644631973745898
I113643904,2025,2109,1279,0.6064485538169748,124,0.05879563774300616,1267,0.6007586533902324
I171217772,2006,3,1,0.3333333333333333,0,0,1,0.3333333333333333
I171217772,2007,4,0,0,0,0,0,0
I171217772,2008,4,1,0.25,0,0,1,0.25
I171217772,2009,8,2,0.25,2,0.25,1,0.125
I171217772,2010,11,3,0.2727272727272727,1,0.09090909090909091,3,0.2727272727272727
I171217772,2011,23,8,0.34782608695652173,4,0.17391304347826086,6,0.2608695652173913
I171217772,2012,16,3,0.1875,1,0.0625,2,0.125
I171217772,2013,34,11,0.3235294117647059,3,0.08823529411764706,9,0.2647058823529412
I171217772,2014,21,1,0.047619047619047616,0,0,1,0.047619047619047616
I171217772,2015,19,5,0.2631578947368421,2,0.10526315789473684,3,0.15789473684210525
I171217772,2016,35,7,0.2,5,0.14285714285714285,2,0.05714285714285714
I171217772,2017,34,8,0.23529411764705882,4,0.11764705882352941,5,0.14705882352941177
I171217772,2018,45,7,0.15555555555555556,2,0.044444444444444446,5,0.1111111111111111
I171217772,2019,58,11,0.1896551724137931,4,0.06896551724137931,8,0.13793103448275862
I171217772,2020,57,10,0.17543859649122806,2,0.03508771929824561,9,0.15789473684210525
I171217772,2021,68,18,0.2647058823529412,7,0.10294117647058823,13,0.19117647058823528
I171217772,2022,74,20,0.2702702702702703,8,0.10810810810810811,15,0.20270270270270271
I171217772,2023,87,19,0.21839080459770116,10,0.11494252873563218,9,0.10344827586206896
I171217772,2024,82,16,0.1951219512195122,6,0.07317073170731707,12,0.14634146341463414
I171217772,2025,158,51,0.3227848101265823,27,0.17088607594936708,35,0.22151898734177214
I187152970,2006,9,2,0.2222222222222222,0,0,2,0.2222222222222222
I187152970,2007,7,1,0.14285714285714285,0,0,1,0.14285714285714285
I187152970,2008,17,1,0.058823529411764705,0,0,1,0.058823529411764705
I187152970,2009,21,4,0.19047619047619047,1,0.047619047619047616,3,0.14285714285714285
I187152970,2010,50,6,0.12,1,0.02,5,0.1
I187152970,2011,55,5,0.09090909090909091,2,0.03636363636363636,3,0.05454545454545454
I187152970,2012,81,10,0.12345679012345678,4,0.04938271604938271,7,0.08641975308641975
I187152970,2013,120,10,0.08333333333333333,3,0.025,7,0.058333333333333334
I187152970,2014,165,18,0.10909090909090909,5,0.030303030303030304,13,0.07878787878787878
I187152970,2015,139,12,0.08633093525179857,5,0.03597122302158273,9,0.06474820143884892
I187152970,2016,113,18,0.1592920353982301,6,0.05309734513274336,17,0.1504424778761062
I187152970,2017,225,27,0.12,7,0.03111111111111111,24,0.10666666666666667
I187152970,2018,259,32,0.12355212355212356,16,0.06177606177606178,21,0.08108108108108109
I187152970,2019,334,44,0.1317365269461078,10,0.029940119760479042,37,0.11077844311377245
I187152970,2020,423,76,0.17966903073286053,18,0.0425531914893617,63,0.14893617021276595
I187152970,2021,411,92,0.22384428223844283,27,0.06569343065693431,75,0.18248175182481752
I187152970,2022,408,114,0.27941176470588236,42,0.10294117647058823,88,0.21568627450980393
I187152970,2023,334,87,0.26047904191616766,35,0.10479041916167664,72,0.2155688622754491
I187152970,2024,477,154,0.3228511530398323,55,0.11530398322851153,134,0.2809224318658281
I187152970,2025,621,214,0.3446054750402576,65,0.10466988727858294,182,0.29307568438003223
I4405260339,2006,0,0,NA,0,NA,0,NA
I4405260339,2007,0,0,NA,0,NA,0,NA
I4405260339,2008,0,0,NA,0,NA,0,NA
I4405260339,2009,0,0,NA,0,NA,0,NA
I4405260339,2010,0,0,NA,0,NA,0,NA
I4405260339,2011,0,0,NA,0,NA,0,NA
I4405260339,2012,0,0,NA,0,NA,0,NA
I4405260339,2013,0,0,NA,0,NA,0,NA
I4405260339,2014,0,0,NA,0,NA,0,NA
I4405260339,2015,0,0,NA,0,NA,0,NA
I4405260339,2016,0,0,NA,0,NA,0,NA
I4405260339,2017,0,0,NA,0,NA,0,NA
I4405260339,2018,0,0,NA,0,NA,0,NA
I4405260339,2019,0,0,NA,0,NA,0,NA
I4405260339,2020,0,0,NA,0,NA,0,NA
I4405260339,2021,0,0,NA,0,NA,0,NA
I4405260339,2022,0,0,NA,0,NA,0,NA
I4405260339,2023,0,0,NA,0,NA,0,NA
I4405260339,2024,0,0,NA,0,NA,0,NA
I4405260339,2025,0,0,NA,0,NA,0,NA
I177651648,2006,18,5,0.2777777777777778,2,0.1111111111111111,4,0.2222222222222222
I177651648,2007,18,3,0.16666666666666666,2,0.1111111111111111,1,0.05555555555555555
I177651648,2008,13,7,0.5384615384615384,5,0.38461538461538464,4,0.3076923076923077
I177651648,2009,8,2,0.25,2,0.25,1,0.125
I177651648,2010,9,4,0.4444444444444444,3,0.3333333333333333,2,0.2222222222222222
I177651648,2011,24,9,0.375,7,0.2916666666666667,3,0.125
I177651648,2012,61,18,0.29508196721311475,8,0.13114754098360656,15,0.2459016393442623
I177651648,2013,86,26,0.3023255813953488,12,0.13953488372093023,17,0.19767441860465115
I177651648,2014,68,24,0.35294117647058826,13,0.19117647058823528,11,0.16176470588235295
I177651648,2015,73,36,0.4931506849315068,19,0.2602739726027397,21,0.2876712328767123
I177651648,2016,63,31,0.49206349206349204,19,0.30158730158730157,16,0.25396825396825395
I177651648,2017,89,44,0.4943820224719101,34,0.38202247191011235,18,0.20224719101123595
I177651648,2018,106,48,0.4528301886792453,42,0.39622641509433965,14,0.1320754716981132
I177651648,2019,144,52,0.3611111111111111,47,0.3263888888888889,10,0.06944444444444445
I177651648,2020,167,76,0.4550898203592814,61,0.3652694610778443,29,0.17365269461077845
I177651648,2021,157,68,0.43312101910828027,60,0.3821656050955414,14,0.08917197452229299
I177651648,2022,161,61,0.37888198757763975,50,0.3105590062111801,21,0.13043478260869565
I177651648,2023,143,70,0.48951048951048953,59,0.4125874125874126,27,0.1888111888111888
I177651648,2024,138,70,0.5072463768115942,59,0.427536231884058,39,0.2826086956521739
I177651648,2025,203,96,0.4729064039408867,78,0.3842364532019704,33,0.1625615763546798
I201292520,2006,3,2,0.6666666666666666,1,0.3333333333333333,1,0.3333333333333333
I201292520,2007,1,0,0,0,0,0,0
I201292520,2008,1,1,1,0,0,1,1
I201292520,2009,2,1,0.5,1,0.5,1,0.5
I201292520,2010,7,2,0.2857142857142857,0,0,2,0.2857142857142857
I201292520,2011,7,1,0.14285714285714285,0,0,1,0.14285714285714285
I201292520,2012,18,3,0.16666666666666666,1,0.05555555555555555,3,0.16666666666666666
I201292520,2013,23,0,0,0,0,0,0
I201292520,2014,58,4,0.06896551724137931,1,0.017241379310344827,3,0.05172413793103448
I201292520,2015,61,16,0.26229508196721313,4,0.06557377049180328,12,0.19672131147540983
I201292520,2016,68,11,0.16176470588235295,8,0.11764705882352941,8,0.11764705882352941
I201292520,2017,63,8,0.12698412698412698,2,0.031746031746031744,7,0.1111111111111111
I201292520,2018,73,26,0.3561643835616438,14,0.1917808219178082,19,0.2602739726027397
I201292520,2019,94,26,0.2765957446808511,17,0.18085106382978725,14,0.14893617021276595
I201292520,2020,108,37,0.3425925925925926,18,0.16666666666666666,27,0.25
I201292520,2021,163,63,0.38650306748466257,31,0.1901840490797546,41,0.25153374233128833
I201292520,2022,198,63,0.3181818181818182,34,0.1717171717171717,47,0.23737373737373738
I201292520,2023,230,87,0.3782608695652174,46,0.2,66,0.28695652173913044
I201292520,2024,227,75,0.3303964757709251,32,0.14096916299559473,63,0.2775330396475771
I201292520,2025,295,105,0.3559322033898305,39,0.13220338983050847,92,0.31186440677966104
I4405260568,2006,0,0,NA,0,NA,0,NA
I4405260568,2007,0,0,NA,0,NA,0,NA
I4405260568,2008,0,0,NA,0,NA,0,NA
I4405260568,2009,0,0,NA,0,NA,0,NA
I4405260568,2010,0,0,NA,0,NA,0,NA
I4405260568,2011,0,0,NA,0,NA,0,NA
I4405260568,2012,0,0,NA,0,NA,0,NA
I4405260568,2013,0,0,NA,0,NA,0,NA
I4405260568,2014,0,0,NA,0,NA,0,NA
I4405260568,2015,0,0,NA,0,NA,0,NA
I4405260568,2016,0,0,NA,0,NA,0,NA
I4405260568,2017,0,0,NA,0,NA,0,NA
I4405260568,2018,0,0,NA,0,NA,0,NA
I4405260568,2019,0,0,NA,0,NA,0,NA
I4405260568,2020,0,0,NA,0,NA,0,NA
I4405260568,2021,0,0,NA,0,NA,0,NA
I4405260568,2022,0,0,NA,0,NA,0,NA
I4405260568,2023,0,0,NA,0,NA,0,NA
I4405260568,2024,0,0,NA,0,NA,0,NA
I4405260568,2025,0,0,NA,0,NA,0,NA
I3131279189,2006,0,0,NA,0,NA,0,NA
I3131279189,2007,0,0,NA,0,NA,0,NA
I3131279189,2008,0,0,NA,0,NA,0,NA
I3131279189,2009,0,0,NA,0,NA,0,NA
I3131279189,2010,0,0,NA,0,NA,0,NA
I3131279189,2011,0,0,NA,0,NA,0,NA
I3131279189,2012,0,0,NA,0,NA,0,NA
I3131279189,2013,0,0,NA,0,NA,0,NA
I3131279189,2014,0,0,NA,0,NA,0,NA
I3131279189,2015,0,0,NA,0,NA,0,NA
I3131279189,2016,0,0,NA,0,NA,0,NA
I3131279189,2017,0,0,NA,0,NA,0,NA
I3131279189,2018,0,0,NA,0,NA,0,NA
I3131279189,2019,0,0,NA,0,NA,0,NA
I3131279189,2020,0,0,NA,0,NA,0,NA
I3131279189,2021,0,0,NA,0,NA,0,NA
I3131279189,2022,0,0,NA,0,NA,0,NA
I3131279189,2023,0,0,NA,0,NA,0,NA
I3131279189,2024,0,0,NA,0,NA,0,NA
I3131279189,2025,0,0,NA,0,NA,0,NA
I4210108437,2006,0,0,NA,0,NA,0,NA
I4210108437,2007,0,0,NA,0,NA,0,NA
I4210108437,2008,0,0,NA,0,NA,0,NA
I4210108437,2009,0,0,NA,0,NA,0,NA
I4210108437,2010,0,0,NA,0,NA,0,NA
I4210108437,2011,0,0,NA,0,NA,0,NA
I4210108437,2012,0,0,NA,0,NA,0,NA
I4210108437,2013,0,0,NA,0,NA,0,NA
I4210108437,2014,0,0,NA,0,NA,0,NA
I4210108437,2015,0,0,NA,0,NA,0,NA
I4210108437,2016,0,0,NA,0,NA,0,NA
I4210108437,2017,0,0,NA,0,NA,0,NA
I4210108437,2018,0,0,NA,0,NA,0,NA
I4210108437,2019,0,0,NA,0,NA,0,NA
I4210108437,2020,0,0,NA,0,NA,0,NA
I4210108437,2021,0,0,NA,0,NA,0,NA
I4210108437,2022,0,0,NA,0,NA,0,NA
I4210108437,2023,0,0,NA,0,NA,0,NA
I4210108437,2024,0,0,NA,0,NA,0,NA
I4210108437,2025,0,0,NA,0,NA,0,NA
I4210127722,2006,0,0,NA,0,NA,0,NA
I4210127722,2007,0,0,NA,0,NA,0,NA
I4210127722,2008,0,0,NA,0,NA,0,NA
I4210127722,2009,0,0,NA,0,NA,0,NA
I4210127722,2010,0,0,NA,0,NA,0,NA
I4210127722,2011,0,0,NA,0,NA,0,NA
I4210127722,2012,0,0,NA,0,NA,0,NA
I4210127722,2013,0,0,NA,0,NA,0,NA
I4210127722,2014,0,0,NA,0,NA,0,NA
I4210127722,2015,0,0,NA,0,NA,0,NA
I4210127722,2016,0,0,NA,0,NA,0,NA
I4210127722,2017,0,0,NA,0,NA,0,NA
I4210127722,2018,0,0,NA,0,NA,0,NA
I4210127722,2019,0,0,NA,0,NA,0,NA
I4210127722,2020,0,0,NA,0,NA,0,NA
I4210127722,2021,0,0,NA,0,NA,0,NA
I4210127722,2022,0,0,NA,0,NA,0,NA
I4210127722,2023,0,0,NA,0,NA,0,NA
I4210127722,2024,0,0,NA,0,NA,0,NA
I4210127722,2025,0,0,NA,0,NA,0,NA
I4405261293,2006,0,0,NA,0,NA,0,NA
I4405261293,2007,0,0,NA,0,NA,0,NA
I4405261293,2008,0,0,NA,0,NA,0,NA
I4405261293,2009,0,0,NA,0,NA,0,NA
I4405261293,2010,0,0,NA,0,NA,0,NA
I4405261293,2011,0,0,NA,0,NA,0,NA
I4405261293,2012,0,0,NA,0,NA,0,NA
I4405261293,2013,0,0,NA,0,NA,0,NA
I4405261293,2014,0,0,NA,0,NA,0,NA
I4405261293,2015,0,0,NA,0,NA,0,NA
I4405261293,2016,0,0,NA,0,NA,0,NA
I4405261293,2017,0,0,NA,0,NA,0,NA
I4405261293,2018,0,0,NA,0,NA,0,NA
I4405261293,2019,0,0,NA,0,NA,0,NA
I4405261293,2020,0,0,NA,0,NA,0,NA
I4405261293,2021,0,0,NA,0,NA,0,NA
I4405261293,2022,0,0,NA,0,NA,0,NA
I4405261293,2023,0,0,NA,0,NA,0,NA
I4405261293,2024,0,0,NA,0,NA,0,NA
I4405261293,2025,0,0,NA,0,NA,0,NA
I4387153060,2006,0,0,NA,0,NA,0,NA
I4387153060,2007,0,0,NA,0,NA,0,NA
I4387153060,2008,0,0,NA,0,NA,0,NA
I4387153060,2009,0,0,NA,0,NA,0,NA
I4387153060,2010,0,0,NA,0,NA,0,NA
I4387153060,2011,0,0,NA,0,NA,0,NA
I4387153060,2012,0,0,NA,0,NA,0,NA
I4387153060,2013,0,0,NA,0,NA,0,NA
I4387153060,2014,0,0,NA,0,NA,0,NA
I4387153060,2015,0,0,NA,0,NA,0,NA
I4387153060,2016,0,0,NA,0,NA,0,NA
I4387153060,2017,0,0,NA,0,NA,0,NA
I4387153060,2018,0,0,NA,0,NA,0,NA
I4387153060,2019,0,0,NA,0,NA,0,NA
I4387153060,2020,0,0,NA,0,NA,0,NA
I4387153060,2021,0,0,NA,0,NA,0,NA
I4387153060,2022,0,0,NA,0,NA,0,NA
I4387153060,2023,0,0,NA,0,NA,0,NA
I4387153060,2024,0,0,NA,0,NA,0,NA
I4387153060,2025,0,0,NA,0,NA,0,NA
I4405264926,2006,0,0,NA,0,NA,0,NA
I4405264926,2007,0,0,NA,0,NA,0,NA
I4405264926,2008,0,0,NA,0,NA,0,NA
I4405264926,2009,0,0,NA,0,NA,0,NA
I4405264926,2010,0,0,NA,0,NA,0,NA
I4405264926,2011,0,0,NA,0,NA,0,NA
I4405264926,2012,0,0,NA,0,NA,0,NA
I4405264926,2013,0,0,NA,0,NA,0,NA
I4405264926,2014,0,0,NA,0,NA,0,NA
I4405264926,2015,0,0,NA,0,NA,0,NA
I4405264926,2016,0,0,NA,0,NA,0,NA
I4405264926,2017,0,0,NA,0,NA,0,NA
I4405264926,2018,0,0,NA,0,NA,0,NA
I4405264926,2019,0,0,NA,0,NA,0,NA
I4405264926,2020,0,0,NA,0,NA,0,NA
I4405264926,2021,0,0,NA,0,NA,0,NA
I4405264926,2022,0,0,NA,0,NA,0,NA
I4405264926,2023,0,0,NA,0,NA,0,NA
I4405264926,2024,0,0,NA,0,NA,0,NA
I4405264926,2025,0,0,NA,0,NA,0,NA
I309707301,2006,0,0,NA,0,NA,0,NA
I309707301,2007,0,0,NA,0,NA,0,NA
I309707301,2008,0,0,NA,0,NA,0,NA
I309707301,2009,0,0,NA,0,NA,0,NA
I309707301,2010,0,0,NA,0,NA,0,NA
I309707301,2011,0,0,NA,0,NA,0,NA
I309707301,2012,0,0,NA,0,NA,0,NA
I309707301,2013,0,0,NA,0,NA,0,NA
I309707301,2014,0,0,NA,0,NA,0,NA
I309707301,2015,0,0,NA,0,NA,0,NA
I309707301,2016,0,0,NA,0,NA,0,NA
I309707301,2017,0,0,NA,0,NA,0,NA
I309707301,2018,0,0,NA,0,NA,0,NA
I309707301,2019,0,0,NA,0,NA,0,NA
I309707301,2020,0,0,NA,0,NA,0,NA
I309707301,2021,0,0,NA,0,NA,0,NA
I309707301,2022,0,0,NA,0,NA,0,NA
I309707301,2023,0,0,NA,0,NA,0,NA
I309707301,2024,0,0,NA,0,NA,0,NA
I309707301,2025,0,0,NA,0,NA,0,NA
I2800581689,2006,0,0,NA,0,NA,0,NA
I2800581689,2007,0,0,NA,0,NA,0,NA
I2800581689,2008,0,0,NA,0,NA,0,NA
I2800581689,2009,0,0,NA,0,NA,0,NA
I2800581689,2010,0,0,NA,0,NA,0,NA
I2800581689,2011,0,0,NA,0,NA,0,NA
I2800581689,2012,0,0,NA,0,NA,0,NA
I2800581689,2013,0,0,NA,0,NA,0,NA
I2800581689,2014,0,0,NA,0,NA,0,NA
I2800581689,2015,0,0,NA,0,NA,0,NA
I2800581689,2016,0,0,NA,0,NA,0,NA
I2800581689,2017,0,0,NA,0,NA,0,NA
I2800581689,2018,0,0,NA,0,NA,0,NA
I2800581689,2019,0,0,NA,0,NA,0,NA
I2800581689,2020,0,0,NA,0,NA,0,NA
I2800581689,2021,0,0,NA,0,NA,0,NA
I2800581689,2022,0,0,NA,0,NA,0,NA
I2800581689,2023,0,0,NA,0,NA,0,NA
I2800581689,2024,0,0,NA,0,NA,0,NA
I2800581689,2025,0,0,NA,0,NA,0,NA
I216286881,2006,0,0,NA,0,NA,0,NA
I216286881,2007,0,0,NA,0,NA,0,NA
I216286881,2008,0,0,NA,0,NA,0,NA
I216286881,2009,0,0,NA,0,NA,0,NA
I216286881,2010,0,0,NA,0,NA,0,NA
I216286881,2011,0,0,NA,0,NA,0,NA
I216286881,2012,0,0,NA,0,NA,0,NA
I216286881,2013,0,0,NA,0,NA,0,NA
I216286881,2014,0,0,NA,0,NA,0,NA
I216286881,2015,0,0,NA,0,NA,0,NA
I216286881,2016,0,0,NA,0,NA,0,NA
I216286881,2017,0,0,NA,0,NA,0,NA
I216286881,2018,0,0,NA,0,NA,0,NA
I216286881,2019,0,0,NA,0,NA,0,NA
I216286881,2020,0,0,NA,0,NA,0,NA
I216286881,2021,0,0,NA,0,NA,0,NA
I216286881,2022,0,0,NA,0,NA,0,NA
I216286881,2023,0,0,NA,0,NA,0,NA
I216286881,2024,0,0,NA,0,NA,0,NA
I216286881,2025,0,0,NA,0,NA,0,NA
I4210111441,2006,0,0,NA,0,NA,0,NA
I4210111441,2007,0,0,NA,0,NA,0,NA
I4210111441,2008,0,0,NA,0,NA,0,NA
I4210111441,2009,0,0,NA,0,NA,0,NA
I4210111441,2010,0,0,NA,0,NA,0,NA
I4210111441,2011,0,0,NA,0,NA,0,NA
I4210111441,2012,0,0,NA,0,NA,0,NA
I4210111441,2013,0,0,NA,0,NA,0,NA
I4210111441,2014,0,0,NA,0,NA,0,NA
I4210111441,2015,0,0,NA,0,NA,0,NA
I4210111441,2016,0,0,NA,0,NA,0,NA
I4210111441,2017,0,0,NA,0,NA,0,NA
I4210111441,2018,0,0,NA,0,NA,0,NA
I4210111441,2019,0,0,NA,0,NA,0,NA
I4210111441,2020,0,0,NA,0,NA,0,NA
I4210111441,2021,0,0,NA,0,NA,0,NA
I4210111441,2022,0,0,NA,0,NA,0,NA
I4210111441,2023,0,0,NA,0,NA,0,NA
I4210111441,2024,0,0,NA,0,NA,0,NA
I4210111441,2025,0,0,NA,0,NA,0,NA
I4399598453,2006,0,0,NA,0,NA,0,NA
I4399598453,2007,0,0,NA,0,NA,0,NA
I4399598453,2008,0,0,NA,0,NA,0,NA
I4399598453,2009,0,0,NA,0,NA,0,NA
I4399598453,2010,0,0,NA,0,NA,0,NA
I4399598453,2011,0,0,NA,0,NA,0,NA
I4399598453,2012,0,0,NA,0,NA,0,NA
I4399598453,2013,0,0,NA,0,NA,0,NA
I4399598453,2014,0,0,NA,0,NA,0,NA
I4399598453,2015,0,0,NA,0,NA,0,NA
I4399598453,2016,0,0,NA,0,NA,0,NA
I4399598453,2017,0,0,NA,0,NA,0,NA
I4399598453,2018,0,0,NA,0,NA,0,NA
I4399598453,2019,0,0,NA,0,NA,0,NA
I4399598453,2020,0,0,NA,0,NA,0,NA
I4399598453,2021,0,0,NA,0,NA,0,NA
I4399598453,2022,0,0,NA,0,NA,0,NA
I4399598453,2023,0,0,NA,0,NA,0,NA
I4399598453,2024,0,0,NA,0,NA,0,NA
I4399598453,2025,0,0,NA,0,NA,0,NA
I200433483,2006,0,0,NA,0,NA,0,NA
I200433483,2007,0,0,NA,0,NA,0,NA
I200433483,2008,0,0,NA,0,NA,0,NA
I200433483,2009,0,0,NA,0,NA,0,NA
I200433483,2010,0,0,NA,0,NA,0,NA
I200433483,2011,0,0,NA,0,NA,0,NA
I200433483,2012,0,0,NA,0,NA,0,NA
I200433483,2013,0,0,NA,0,NA,0,NA
I200433483,2014,0,0,NA,0,NA,0,NA
I200433483,2015,0,0,NA,0,NA,0,NA
I200433483,2016,0,0,NA,0,NA,0,NA
I200433483,2017,0,0,NA,0,NA,0,NA
I200433483,2018,0,0,NA,0,NA,0,NA
I200433483,2019,0,0,NA,0,NA,0,NA
I200433483,2020,0,0,NA,0,NA,0,NA
I200433483,2021,0,0,NA,0,NA,0,NA
I200433483,2022,0,0,NA,0,NA,0,NA
I200433483,2023,0,0,NA,0,NA,0,NA
I200433483,2024,0,0,NA,0,NA,0,NA
I200433483,2025,0,0,NA,0,NA,0,NA
I4210096386,2006,0,0,NA,0,NA,0,NA
I4210096386,2007,0,0,NA,0,NA,0,NA
I4210096386,2008,0,0,NA,0,NA,0,NA
I4210096386,2009,0,0,NA,0,NA,0,NA
I4210096386,2010,0,0,NA,0,NA,0,NA
I4210096386,2011,0,0,NA,0,NA,0,NA
I4210096386,2012,0,0,NA,0,NA,0,NA
I4210096386,2013,0,0,NA,0,NA,0,NA
I4210096386,2014,0,0,NA,0,NA,0,NA
I4210096386,2015,0,0,NA,0,NA,0,NA
I4210096386,2016,0,0,NA,0,NA,0,NA
I4210096386,2017,0,0,NA,0,NA,0,NA
I4210096386,2018,0,0,NA,0,NA,0,NA
I4210096386,2019,0,0,NA,0,NA,0,NA
I4210096386,2020,0,0,NA,0,NA,0,NA
I4210096386,2021,0,0,NA,0,NA,0,NA
I4210096386,2022,0,0,NA,0,NA,0,NA
I4210096386,2023,0,0,NA,0,NA,0,NA
I4210096386,2024,0,0,NA,0,NA,0,NA
I4210096386,2025,0,0,NA,0,NA,0,NA
I4210166320,2006,0,0,NA,0,NA,0,NA
I4210166320,2007,0,0,NA,0,NA,0,NA
I4210166320,2008,0,0,NA,0,NA,0,NA
I4210166320,2009,0,0,NA,0,NA,0,NA
I4210166320,2010,0,0,NA,0,NA,0,NA
I4210166320,2011,0,0,NA,0,NA,0,NA
I4210166320,2012,0,0,NA,0,NA,0,NA
I4210166320,2013,0,0,NA,0,NA,0,NA
I4210166320,2014,0,0,NA,0,NA,0,NA
I4210166320,2015,0,0,NA,0,NA,0,NA
I4210166320,2016,0,0,NA,0,NA,0,NA
I4210166320,2017,0,0,NA,0,NA,0,NA
I4210166320,2018,0,0,NA,0,NA,0,NA
I4210166320,2019,0,0,NA,0,NA,0,NA
I4210166320,2020,0,0,NA,0,NA,0,NA
I4210166320,2021,0,0,NA,0,NA,0,NA
I4210166320,2022,0,0,NA,0,NA,0,NA
I4210166320,2023,0,0,NA,0,NA,0,NA
I4210166320,2024,0,0,NA,0,NA,0,NA
I4210166320,2025,0,0,NA,0,NA,0,NA
I154023281,2006,0,0,NA,0,NA,0,NA
I154023281,2007,0,0,NA,0,NA,0,NA
I154023281,2008,0,0,NA,0,NA,0,NA
I154023281,2009,0,0,NA,0,NA,0,NA
I154023281,2010,0,0,NA,0,NA,0,NA
I154023281,2011,0,0,NA,0,NA,0,NA
I154023281,2012,0,0,NA,0,NA,0,NA
I154023281,2013,0,0,NA,0,NA,0,NA
I154023281,2014,0,0,NA,0,NA,0,NA
I154023281,2015,0,0,NA,0,NA,0,NA
I154023281,2016,0,0,NA,0,NA,0,NA
I154023281,2017,0,0,NA,0,NA,0,NA
I154023281,2018,0,0,NA,0,NA,0,NA
I154023281,2019,0,0,NA,0,NA,0,NA
I154023281,2020,0,0,NA,0,NA,0,NA
I154023281,2021,0,0,NA,0,NA,0,NA
I154023281,2022,0,0,NA,0,NA,0,NA
I154023281,2023,0,0,NA,0,NA,0,NA
I154023281,2024,0,0,NA,0,NA,0,NA
I154023281,2025,0,0,NA,0,NA,0,NA
I3132458453,2006,0,0,NA,0,NA,0,NA
I3132458453,2007,0,0,NA,0,NA,0,NA
I3132458453,2008,0,0,NA,0,NA,0,NA
I3132458453,2009,0,0,NA,0,NA,0,NA
I3132458453,2010,0,0,NA,0,NA,0,NA
I3132458453,2011,0,0,NA,0,NA,0,NA
I3132458453,2012,0,0,NA,0,NA,0,NA
I3132458453,2013,0,0,NA,0,NA,0,NA
I3132458453,2014,0,0,NA,0,NA,0,NA
I3132458453,2015,0,0,NA,0,NA,0,NA
I3132458453,2016,0,0,NA,0,NA,0,NA
I3132458453,2017,0,0,NA,0,NA,0,NA
I3132458453,2018,0,0,NA,0,NA,0,NA
I3132458453,2019,0,0,NA,0,NA,0,NA
I3132458453,2020,0,0,NA,0,NA,0,NA
I3132458453,2021,0,0,NA,0,NA,0,NA
I3132458453,2022,0,0,NA,0,NA,0,NA
I3132458453,2023,0,0,NA,0,NA,0,NA
I3132458453,2024,0,0,NA,0,NA,0,NA
I3132458453,2025,0,0,NA,0,NA,0,NA
I4405259374,2006,0,0,NA,0,NA,0,NA
I4405259374,2007,0,0,NA,0,NA,0,NA
I4405259374,2008,0,0,NA,0,NA,0,NA
I4405259374,2009,0,0,NA,0,NA,0,NA
I4405259374,2010,0,0,NA,0,NA,0,NA
I4405259374,2011,0,0,NA,0,NA,0,NA
I4405259374,2012,0,0,NA,0,NA,0,NA
I4405259374,2013,0,0,NA,0,NA,0,NA
I4405259374,2014,0,0,NA,0,NA,0,NA
I4405259374,2015,0,0,NA,0,NA,0,NA
I4405259374,2016,0,0,NA,0,NA,0,NA
I4405259374,2017,0,0,NA,0,NA,0,NA
I4405259374,2018,0,0,NA,0,NA,0,NA
I4405259374,2019,0,0,NA,0,NA,0,NA
I4405259374,2020,0,0,NA,0,NA,0,NA
I4405259374,2021,0,0,NA,0,NA,0,NA
I4405259374,2022,0,0,NA,0,NA,0,NA
I4405259374,2023,0,0,NA,0,NA,0,NA
I4405259374,2024,0,0,NA,0,NA,0,NA
I4405259374,2025,0,0,NA,0,NA,0,NA
I4405266298,2006,0,0,NA,0,NA,0,NA
I4405266298,2007,0,0,NA,0,NA,0,NA
I4405266298,2008,0,0,NA,0,NA,0,NA
I4405266298,2009,0,0,NA,0,NA,0,NA
I4405266298,2010,0,0,NA,0,NA,0,NA
I4405266298,2011,0,0,NA,0,NA,0,NA
I4405266298,2012,0,0,NA,0,NA,0,NA
I4405266298,2013,0,0,NA,0,NA,0,NA
I4405266298,2014,0,0,NA,0,NA,0,NA
I4405266298,2015,0,0,NA,0,NA,0,NA
I4405266298,2016,0,0,NA,0,NA,0,NA
I4405266298,2017,0,0,NA,0,NA,0,NA
I4405266298,2018,0,0,NA,0,NA,0,NA
I4405266298,2019,0,0,NA,0,NA,0,NA
I4405266298,2020,0,0,NA,0,NA,0,NA
I4405266298,2021,0,0,NA,0,NA,0,NA
I4405266298,2022,0,0,NA,0,NA,0,NA
I4405266298,2023,0,0,NA,0,NA,0,NA
I4405266298,2024,0,0,NA,0,NA,0,NA
I4405266298,2025,0,0,NA,0,NA,0,NA
I4210124021,2006,0,0,NA,0,NA,0,NA
I4210124021,2007,0,0,NA,0,NA,0,NA
I4210124021,2008,0,0,NA,0,NA,0,NA
I4210124021,2009,0,0,NA,0,NA,0,NA
I4210124021,2010,0,0,NA,0,NA,0,NA
I4210124021,2011,0,0,NA,0,NA,0,NA
I4210124021,2012,0,0,NA,0,NA,0,NA
I4210124021,2013,0,0,NA,0,NA,0,NA
I4210124021,2014,0,0,NA,0,NA,0,NA
I4210124021,2015,0,0,NA,0,NA,0,NA
I4210124021,2016,0,0,NA,0,NA,0,NA
I4210124021,2017,0,0,NA,0,NA,0,NA
I4210124021,2018,0,0,NA,0,NA,0,NA
I4210124021,2019,0,0,NA,0,NA,0,NA
I4210124021,2020,0,0,NA,0,NA,0,NA
I4210124021,2021,0,0,NA,0,NA,0,NA
I4210124021,2022,0,0,NA,0,NA,0,NA
I4210124021,2023,0,0,NA,0,NA,0,NA
I4210124021,2024,0,0,NA,0,NA,0,NA
I4210124021,2025,0,0,NA,0,NA,0,NA
I4210087577,2006,0,0,NA,0,NA,0,NA
I4210087577,2007,0,0,NA,0,NA,0,NA
I4210087577,2008,0,0,NA,0,NA,0,NA
I4210087577,2009,0,0,NA,0,NA,0,NA
I4210087577,2010,0,0,NA,0,NA,0,NA
I4210087577,2011,0,0,NA,0,NA,0,NA
I4210087577,2012,0,0,NA,0,NA,0,NA
I4210087577,2013,0,0,NA,0,NA,0,NA
I4210087577,2014,0,0,NA,0,NA,0,NA
I4210087577,2015,0,0,NA,0,NA,0,NA
I4210087577,2016,0,0,NA,0,NA,0,NA
I4210087577,2017,0,0,NA,0,NA,0,NA
I4210087577,2018,0,0,NA,0,NA,0,NA
I4210087577,2019,0,0,NA,0,NA,0,NA
I4210087577,2020,0,0,NA,0,NA,0,NA
I4210087577,2021,0,0,NA,0,NA,0,NA
I4210087577,2022,0,0,NA,0,NA,0,NA
I4210087577,2023,0,0,NA,0,NA,0,NA
I4210087577,2024,0,0,NA,0,NA,0,NA
I4210087577,2025,0,0,NA,0,NA,0,NA
I287756978,2006,0,0,NA,0,NA,0,NA
I287756978,2007,0,0,NA,0,NA,0,NA
I287756978,2008,0,0,NA,0,NA,0,NA
I287756978,2009,0,0,NA,0,NA,0,NA
I287756978,2010,0,0,NA,0,NA,0,NA
I287756978,2011,0,0,NA,0,NA,0,NA
I287756978,2012,0,0,NA,0,NA,0,NA
I287756978,2013,0,0,NA,0,NA,0,NA
I287756978,2014,0,0,NA,0,NA,0,NA
I287756978,2015,0,0,NA,0,NA,0,NA
I287756978,2016,0,0,NA,0,NA,0,NA
I287756978,2017,0,0,NA,0,NA,0,NA
I287756978,2018,0,0,NA,0,NA,0,NA
I287756978,2019,0,0,NA,0,NA,0,NA
I287756978,2020,0,0,NA,0,NA,0,NA
I287756978,2021,0,0,NA,0,NA,0,NA
I287756978,2022,0,0,NA,0,NA,0,NA
I287756978,2023,0,0,NA,0,NA,0,NA
I287756978,2024,0,0,NA,0,NA,0,NA
I287756978,2025,0,0,NA,0,NA,0,NA
I4210142055,2006,0,0,NA,0,NA,0,NA
I4210142055,2007,0,0,NA,0,NA,0,NA
I4210142055,2008,0,0,NA,0,NA,0,NA
I4210142055,2009,0,0,NA,0,NA,0,NA
I4210142055,2010,0,0,NA,0,NA,0,NA
I4210142055,2011,0,0,NA,0,NA,0,NA
I4210142055,2012,0,0,NA,0,NA,0,NA
I4210142055,2013,0,0,NA,0,NA,0,NA
I4210142055,2014,0,0,NA,0,NA,0,NA
I4210142055,2015,0,0,NA,0,NA,0,NA
I4210142055,2016,0,0,NA,0,NA,0,NA
I4210142055,2017,0,0,NA,0,NA,0,NA
I4210142055,2018,0,0,NA,0,NA,0,NA
I4210142055,2019,0,0,NA,0,NA,0,NA
I4210142055,2020,0,0,NA,0,NA,0,NA
I4210142055,2021,0,0,NA,0,NA,0,NA
I4210142055,2022,0,0,NA,0,NA,0,NA
I4210142055,2023,0,0,NA,0,NA,0,NA
I4210142055,2024,0,0,NA,0,NA,0,NA
I4210142055,2025,0,0,NA,0,NA,0,NA
I119856527,2006,0,0,NA,0,NA,0,NA
I119856527,2007,0,0,NA,0,NA,0,NA
I119856527,2008,0,0,NA,0,NA,0,NA
I119856527,2009,0,0,NA,0,NA,0,NA
I119856527,2010,0,0,NA,0,NA,0,NA
I119856527,2011,0,0,NA,0,NA,0,NA
I119856527,2012,0,0,NA,0,NA,0,NA
I119856527,2013,0,0,NA,0,NA,0,NA
I119856527,2014,0,0,NA,0,NA,0,NA
I119856527,2015,0,0,NA,0,NA,0,NA
I119856527,2016,0,0,NA,0,NA,0,NA
I119856527,2017,0,0,NA,0,NA,0,NA
I119856527,2018,0,0,NA,0,NA,0,NA
I119856527,2019,0,0,NA,0,NA,0,NA
I119856527,2020,0,0,NA,0,NA,0,NA
I119856527,2021,0,0,NA,0,NA,0,NA
I119856527,2022,0,0,NA,0,NA,0,NA
I119856527,2023,0,0,NA,0,NA,0,NA
I119856527,2024,0,0,NA,0,NA,0,NA
I119856527,2025,0,0,NA,0,NA,0,NA
I4210140988,2006,0,0,NA,0,NA,0,NA
I4210140988,2007,0,0,NA,0,NA,0,NA
I4210140988,2008,0,0,NA,0,NA,0,NA
I4210140988,2009,0,0,NA,0,NA,0,NA
I4210140988,2010,0,0,NA,0,NA,0,NA
I4210140988,2011,0,0,NA,0,NA,0,NA
I4210140988,2012,0,0,NA,0,NA,0,NA
I4210140988,2013,0,0,NA,0,NA,0,NA
I4210140988,2014,0,0,NA,0,NA,0,NA
I4210140988,2015,0,0,NA,0,NA,0,NA
I4210140988,2016,0,0,NA,0,NA,0,NA
I4210140988,2017,0,0,NA,0,NA,0,NA
I4210140988,2018,0,0,NA,0,NA,0,NA
I4210140988,2019,0,0,NA,0,NA,0,NA
I4210140988,2020,0,0,NA,0,NA,0,NA
I4210140988,2021,0,0,NA,0,NA,0,NA
I4210140988,2022,0,0,NA,0,NA,0,NA
I4210140988,2023,0,0,NA,0,NA,0,NA
I4210140988,2024,0,0,NA,0,NA,0,NA
I4210140988,2025,0,0,NA,0,NA,0,NA
I145487455,2006,0,0,NA,0,NA,0,NA
I145487455,2007,0,0,NA,0,NA,0,NA
I145487455,2008,0,0,NA,0,NA,0,NA
I145487455,2009,0,0,NA,0,NA,0,NA
I145487455,2010,0,0,NA,0,NA,0,NA
I145487455,2011,0,0,NA,0,NA,0,NA
I145487455,2012,0,0,NA,0,NA,0,NA
I145487455,2013,0,0,NA,0,NA,0,NA
I145487455,2014,0,0,NA,0,NA,0,NA
I145487455,2015,0,0,NA,0,NA,0,NA
I145487455,2016,0,0,NA,0,NA,0,NA
I145487455,2017,0,0,NA,0,NA,0,NA
I145487455,2018,0,0,NA,0,NA,0,NA
I145487455,2019,0,0,NA,0,NA,0,NA
I145487455,2020,0,0,NA,0,NA,0,NA
I145487455,2021,0,0,NA,0,NA,0,NA
I145487455,2022,0,0,NA,0,NA,0,NA
I145487455,2023,0,0,NA,0,NA,0,NA
I145487455,2024,0,0,NA,0,NA,0,NA
I145487455,2025,0,0,NA,0,NA,0,NA
I280533721,2006,0,0,NA,0,NA,0,NA
I280533721,2007,0,0,NA,0,NA,0,NA
I280533721,2008,0,0,NA,0,NA,0,NA
I280533721,2009,0,0,NA,0,NA,0,NA
I280533721,2010,0,0,NA,0,NA,0,NA
I280533721,2011,0,0,NA,0,NA,0,NA
I280533721,2012,0,0,NA,0,NA,0,NA
I280533721,2013,0,0,NA,0,NA,0,NA
I280533721,2014,0,0,NA,0,NA,0,NA
I280533721,2015,0,0,NA,0,NA,0,NA
I280533721,2016,0,0,NA,0,NA,0,NA
I280533721,2017,0,0,NA,0,NA,0,NA
I280533721,2018,0,0,NA,0,NA,0,NA
I280533721,2019,0,0,NA,0,NA,0,NA
I280533721,2020,0,0,NA,0,NA,0,NA
I280533721,2021,0,0,NA,0,NA,0,NA
I280533721,2022,0,0,NA,0,NA,0,NA
I280533721,2023,0,0,NA,0,NA,0,NA
I280533721,2024,0,0,NA,0,NA,0,NA
I280533721,2025,0,0,NA,0,NA,0,NA
I4405262979,2006,0,0,NA,0,NA,0,NA
I4405262979,2007,0,0,NA,0,NA,0,NA
I4405262979,2008,0,0,NA,0,NA,0,NA
I4405262979,2009,0,0,NA,0,NA,0,NA
I4405262979,2010,0,0,NA,0,NA,0,NA
I4405262979,2011,0,0,NA,0,NA,0,NA
I4405262979,2012,0,0,NA,0,NA,0,NA
I4405262979,2013,0,0,NA,0,NA,0,NA
I4405262979,2014,0,0,NA,0,NA,0,NA
I4405262979,2015,0,0,NA,0,NA,0,NA
I4405262979,2016,0,0,NA,0,NA,0,NA
I4405262979,2017,0,0,NA,0,NA,0,NA
I4405262979,2018,0,0,NA,0,NA,0,NA
I4405262979,2019,0,0,NA,0,NA,0,NA
I4405262979,2020,0,0,NA,0,NA,0,NA
I4405262979,2021,0,0,NA,0,NA,0,NA
I4405262979,2022,0,0,NA,0,NA,0,NA
I4405262979,2023,0,0,NA,0,NA,0,NA
I4405262979,2024,0,0,NA,0,NA,0,NA
I4405262979,2025,0,0,NA,0,NA,0,NA
I4210122785,2006,0,0,NA,0,NA,0,NA
I4210122785,2007,0,0,NA,0,NA,0,NA
I4210122785,2008,0,0,NA,0,NA,0,NA
I4210122785,2009,0,0,NA,0,NA,0,NA
I4210122785,2010,0,0,NA,0,NA,0,NA
I4210122785,2011,0,0,NA,0,NA,0,NA
I4210122785,2012,0,0,NA,0,NA,0,NA
I4210122785,2013,0,0,NA,0,NA,0,NA
I4210122785,2014,0,0,NA,0,NA,0,NA
I4210122785,2015,0,0,NA,0,NA,0,NA
I4210122785,2016,0,0,NA,0,NA,0,NA
I4210122785,2017,0,0,NA,0,NA,0,NA
I4210122785,2018,0,0,NA,0,NA,0,NA
I4210122785,2019,0,0,NA,0,NA,0,NA
I4210122785,2020,0,0,NA,0,NA,0,NA
I4210122785,2021,0,0,NA,0,NA,0,NA
I4210122785,2022,0,0,NA,0,NA,0,NA
I4210122785,2023,0,0,NA,0,NA,0,NA
I4210122785,2024,0,0,NA,0,NA,0,NA
I4210122785,2025,0,0,NA,0,NA,0,NA
I206509152,2006,0,0,NA,0,NA,0,NA
I206509152,2007,0,0,NA,0,NA,0,NA
I206509152,2008,0,0,NA,0,NA,0,NA
I206509152,2009,0,0,NA,0,NA,0,NA
I206509152,2010,0,0,NA,0,NA,0,NA
I206509152,2011,0,0,NA,0,NA,0,NA
I206509152,2012,0,0,NA,0,NA,0,NA
I206509152,2013,0,0,NA,0,NA,0,NA
I206509152,2014,0,0,NA,0,NA,0,NA
I206509152,2015,0,0,NA,0,NA,0,NA
I206509152,2016,0,0,NA,0,NA,0,NA
I206509152,2017,0,0,NA,0,NA,0,NA
I206509152,2018,0,0,NA,0,NA,0,NA
I206509152,2019,0,0,NA,0,NA,0,NA
I206509152,2020,0,0,NA,0,NA,0,NA
I206509152,2021,0,0,NA,0,NA,0,NA
I206509152,2022,0,0,NA,0,NA,0,NA
I206509152,2023,0,0,NA,0,NA,0,NA
I206509152,2024,0,0,NA,0,NA,0,NA
I206509152,2025,0,0,NA,0,NA,0,NA
I159253421,2006,0,0,NA,0,NA,0,NA
I159253421,2007,0,0,NA,0,NA,0,NA
I159253421,2008,0,0,NA,0,NA,0,NA
I159253421,2009,0,0,NA,0,NA,0,NA
I159253421,2010,0,0,NA,0,NA,0,NA
I159253421,2011,0,0,NA,0,NA,0,NA
I159253421,2012,0,0,NA,0,NA,0,NA
I159253421,2013,0,0,NA,0,NA,0,NA
I159253421,2014,0,0,NA,0,NA,0,NA
I159253421,2015,0,0,NA,0,NA,0,NA
I159253421,2016,0,0,NA,0,NA,0,NA
I159253421,2017,0,0,NA,0,NA,0,NA
I159253421,2018,0,0,NA,0,NA,0,NA
I159253421,2019,0,0,NA,0,NA,0,NA
I159253421,2020,0,0,NA,0,NA,0,NA
I159253421,2021,0,0,NA,0,NA,0,NA
I159253421,2022,0,0,NA,0,NA,0,NA
I159253421,2023,0,0,NA,0,NA,0,NA
I159253421,2024,0,0,NA,0,NA,0,NA
I159253421,2025,0,0,NA,0,NA,0,NA
I4405265890,2006,0,0,NA,0,NA,0,NA
I4405265890,2007,0,0,NA,0,NA,0,NA
I4405265890,2008,0,0,NA,0,NA,0,NA
I4405265890,2009,0,0,NA,0,NA,0,NA
I4405265890,2010,0,0,NA,0,NA,0,NA
I4405265890,2011,0,0,NA,0,NA,0,NA
I4405265890,2012,0,0,NA,0,NA,0,NA
I4405265890,2013,0,0,NA,0,NA,0,NA
I4405265890,2014,0,0,NA,0,NA,0,NA
I4405265890,2015,0,0,NA,0,NA,0,NA
I4405265890,2016,0,0,NA,0,NA,0,NA
I4405265890,2017,0,0,NA,0,NA,0,NA
I4405265890,2018,0,0,NA,0,NA,0,NA
I4405265890,2019,0,0,NA,0,NA,0,NA
I4405265890,2020,0,0,NA,0,NA,0,NA
I4405265890,2021,0,0,NA,0,NA,0,NA
I4405265890,2022,0,0,NA,0,NA,0,NA
I4405265890,2023,0,0,NA,0,NA,0,NA
I4405265890,2024,0,0,NA,0,NA,0,NA
I4405265890,2025,0,0,NA,0,NA,0,NA
I4405255440,2006,0,0,NA,0,NA,0,NA
I4405255440,2007,0,0,NA,0,NA,0,NA
I4405255440,2008,0,0,NA,0,NA,0,NA
I4405255440,2009,0,0,NA,0,NA,0,NA
I4405255440,2010,0,0,NA,0,NA,0,NA
I4405255440,2011,0,0,NA,0,NA,0,NA
I4405255440,2012,0,0,NA,0,NA,0,NA
I4405255440,2013,0,0,NA,0,NA,0,NA
I4405255440,2014,0,0,NA,0,NA,0,NA
I4405255440,2015,0,0,NA,0,NA,0,NA
I4405255440,2016,0,0,NA,0,NA,0,NA
I4405255440,2017,0,0,NA,0,NA,0,NA
I4405255440,2018,0,0,NA,0,NA,0,NA
I4405255440,2019,0,0,NA,0,NA,0,NA
I4405255440,2020,0,0,NA,0,NA,0,NA
I4405255440,2021,0,0,NA,0,NA,0,NA
I4405255440,2022,0,0,NA,0,NA,0,NA
I4405255440,2023,0,0,NA,0,NA,0,NA
I4405255440,2024,0,0,NA,0,NA,0,NA
I4405255440,2025,0,0,NA,0,NA,0,NA
I4405258506,2006,0,0,NA,0,NA,0,NA
I4405258506,2007,0,0,NA,0,NA,0,NA
I4405258506,2008,0,0,NA,0,NA,0,NA
I4405258506,2009,0,0,NA,0,NA,0,NA
I4405258506,2010,0,0,NA,0,NA,0,NA
I4405258506,2011,0,0,NA,0,NA,0,NA
I4405258506,2012,0,0,NA,0,NA,0,NA
I4405258506,2013,0,0,NA,0,NA,0,NA
I4405258506,2014,0,0,NA,0,NA,0,NA
I4405258506,2015,0,0,NA,0,NA,0,NA
I4405258506,2016,0,0,NA,0,NA,0,NA
I4405258506,2017,0,0,NA,0,NA,0,NA
I4405258506,2018,0,0,NA,0,NA,0,NA
I4405258506,2019,0,0,NA,0,NA,0,NA
I4405258506,2020,0,0,NA,0,NA,0,NA
I4405258506,2021,0,0,NA,0,NA,0,NA
I4405258506,2022,0,0,NA,0,NA,0,NA
I4405258506,2023,0,0,NA,0,NA,0,NA
I4405258506,2024,0,0,NA,0,NA,0,NA
I4405258506,2025,0,0,NA,0,NA,0,NA
I3131829890,2006,0,0,NA,0,NA,0,NA
I3131829890,2007,0,0,NA,0,NA,0,NA
I3131829890,2008,0,0,NA,0,NA,0,NA
I3131829890,2009,0,0,NA,0,NA,0,NA
I3131829890,2010,0,0,NA,0,NA,0,NA
I3131829890,2011,0,0,NA,0,NA,0,NA
I3131829890,2012,0,0,NA,0,NA,0,NA
I3131829890,2013,0,0,NA,0,NA,0,NA
I3131829890,2014,0,0,NA,0,NA,0,NA
I3131829890,2015,0,0,NA,0,NA,0,NA
I3131829890,2016,0,0,NA,0,NA,0,NA
I3131829890,2017,0,0,NA,0,NA,0,NA
I3131829890,2018,0,0,NA,0,NA,0,NA
I3131829890,2019,0,0,NA,0,NA,0,NA
I3131829890,2020,0,0,NA,0,NA,0,NA
I3131829890,2021,0,0,NA,0,NA,0,NA
I3131829890,2022,0,0,NA,0,NA,0,NA
I3131829890,2023,0,0,NA,0,NA,0,NA
I3131829890,2024,0,0,NA,0,NA,0,NA
I3131829890,2025,0,0,NA,0,NA,0,NA
I4210130200,2006,0,0,NA,0,NA,0,NA
I4210130200,2007,0,0,NA,0,NA,0,NA
I4210130200,2008,0,0,NA,0,NA,0,NA
I4210130200,2009,0,0,NA,0,NA,0,NA
I4210130200,2010,0,0,NA,0,NA,0,NA
I4210130200,2011,0,0,NA,0,NA,0,NA
I4210130200,2012,0,0,NA,0,NA,0,NA
I4210130200,2013,0,0,NA,0,NA,0,NA
I4210130200,2014,0,0,NA,0,NA,0,NA
I4210130200,2015,0,0,NA,0,NA,0,NA
I4210130200,2016,0,0,NA,0,NA,0,NA
I4210130200,2017,0,0,NA,0,NA,0,NA
I4210130200,2018,0,0,NA,0,NA,0,NA
I4210130200,2019,0,0,NA,0,NA,0,NA
I4210130200,2020,0,0,NA,0,NA,0,NA
I4210130200,2021,0,0,NA,0,NA,0,NA
I4210130200,2022,0,0,NA,0,NA,0,NA
I4210130200,2023,0,0,NA,0,NA,0,NA
I4210130200,2024,0,0,NA,0,NA,0,NA
I4210130200,2025,0,0,NA,0,NA,0,NA
I192535658,2006,0,0,NA,0,NA,0,NA
I192535658,2007,0,0,NA,0,NA,0,NA
I192535658,2008,0,0,NA,0,NA,0,NA
I192535658,2009,0,0,NA,0,NA,0,NA
I192535658,2010,0,0,NA,0,NA,0,NA
I192535658,2011,0,0,NA,0,NA,0,NA
I192535658,2012,0,0,NA,0,NA,0,NA
I192535658,2013,0,0,NA,0,NA,0,NA
I192535658,2014,0,0,NA,0,NA,0,NA
I192535658,2015,0,0,NA,0,NA,0,NA
I192535658,2016,0,0,NA,0,NA,0,NA
I192535658,2017,0,0,NA,0,NA,0,NA
I192535658,2018,0,0,NA,0,NA,0,NA
I192535658,2019,0,0,NA,0,NA,0,NA
I192535658,2020,0,0,NA,0,NA,0,NA
I192535658,2021,0,0,NA,0,NA,0,NA
I192535658,2022,0,0,NA,0,NA,0,NA
I192535658,2023,0,0,NA,0,NA,0,NA
I192535658,2024,0,0,NA,0,NA,0,NA
I192535658,2025,0,0,NA,0,NA,0,NA
I4210154964,2006,0,0,NA,0,NA,0,NA
I4210154964,2007,0,0,NA,0,NA,0,NA
I4210154964,2008,0,0,NA,0,NA,0,NA
I4210154964,2009,0,0,NA,0,NA,0,NA
I4210154964,2010,0,0,NA,0,NA,0,NA
I4210154964,2011,0,0,NA,0,NA,0,NA
I4210154964,2012,0,0,NA,0,NA,0,NA
I4210154964,2013,0,0,NA,0,NA,0,NA
I4210154964,2014,0,0,NA,0,NA,0,NA
I4210154964,2015,0,0,NA,0,NA,0,NA
I4210154964,2016,0,0,NA,0,NA,0,NA
I4210154964,2017,0,0,NA,0,NA,0,NA
I4210154964,2018,0,0,NA,0,NA,0,NA
I4210154964,2019,0,0,NA,0,NA,0,NA
I4210154964,2020,0,0,NA,0,NA,0,NA
I4210154964,2021,0,0,NA,0,NA,0,NA
I4210154964,2022,0,0,NA,0,NA,0,NA
I4210154964,2023,0,0,NA,0,NA,0,NA
I4210154964,2024,0,0,NA,0,NA,0,NA
I4210154964,2025,0,0,NA,0,NA,0,NA
I4210155522,2006,0,0,NA,0,NA,0,NA
I4210155522,2007,0,0,NA,0,NA,0,NA
I4210155522,2008,0,0,NA,0,NA,0,NA
I4210155522,2009,0,0,NA,0,NA,0,NA
I4210155522,2010,0,0,NA,0,NA,0,NA
I4210155522,2011,0,0,NA,0,NA,0,NA
I4210155522,2012,0,0,NA,0,NA,0,NA
I4210155522,2013,0,0,NA,0,NA,0,NA
I4210155522,2014,0,0,NA,0,NA,0,NA
I4210155522,2015,0,0,NA,0,NA,0,NA
I4210155522,2016,0,0,NA,0,NA,0,NA
I4210155522,2017,0,0,NA,0,NA,0,NA
I4210155522,2018,0,0,NA,0,NA,0,NA
I4210155522,2019,0,0,NA,0,NA,0,NA
I4210155522,2020,0,0,NA,0,NA,0,NA
I4210155522,2021,0,0,NA,0,NA,0,NA
I4210155522,2022,0,0,NA,0,NA,0,NA
I4210155522,2023,0,0,NA,0,NA,0,NA
I4210155522,2024,0,0,NA,0,NA,0,NA
I4210155522,2025,0,0,NA,0,NA,0,NA
I251854046,2006,0,0,NA,0,NA,0,NA
I251854046,2007,0,0,NA,0,NA,0,NA
I251854046,2008,0,0,NA,0,NA,0,NA
I251854046,2009,0,0,NA,0,NA,0,NA
I251854046,2010,0,0,NA,0,NA,0,NA
I251854046,2011,0,0,NA,0,NA,0,NA
I251854046,2012,0,0,NA,0,NA,0,NA
I251854046,2013,0,0,NA,0,NA,0,NA
I251854046,2014,0,0,NA,0,NA,0,NA
I251854046,2015,0,0,NA,0,NA,0,NA
I251854046,2016,0,0,NA,0,NA,0,NA
I251854046,2017,0,0,NA,0,NA,0,NA
I251854046,2018,0,0,NA,0,NA,0,NA
I251854046,2019,0,0,NA,0,NA,0,NA
I251854046,2020,0,0,NA,0,NA,0,NA
I251854046,2021,0,0,NA,0,NA,0,NA
I251854046,2022,0,0,NA,0,NA,0,NA
I251854046,2023,0,0,NA,0,NA,0,NA
I251854046,2024,0,0,NA,0,NA,0,NA
I251854046,2025,0,0,NA,0,NA,0,NA
I4210141093,2006,0,0,NA,0,NA,0,NA
I4210141093,2007,0,0,NA,0,NA,0,NA
I4210141093,2008,0,0,NA,0,NA,0,NA
I4210141093,2009,0,0,NA,0,NA,0,NA
I4210141093,2010,0,0,NA,0,NA,0,NA
I4210141093,2011,0,0,NA,0,NA,0,NA
I4210141093,2012,0,0,NA,0,NA,0,NA
I4210141093,2013,0,0,NA,0,NA,0,NA
I4210141093,2014,0,0,NA,0,NA,0,NA
I4210141093,2015,0,0,NA,0,NA,0,NA
I4210141093,2016,0,0,NA,0,NA,0,NA
I4210141093,2017,0,0,NA,0,NA,0,NA
I4210141093,2018,0,0,NA,0,NA,0,NA
I4210141093,2019,0,0,NA,0,NA,0,NA
I4210141093,2020,0,0,NA,0,NA,0,NA
I4210141093,2021,0,0,NA,0,NA,0,NA
I4210141093,2022,0,0,NA,0,NA,0,NA
I4210141093,2023,0,0,NA,0,NA,0,NA
I4210141093,2024,0,0,NA,0,NA,0,NA
I4210141093,2025,0,0,NA,0,NA,0,NA
I82889322,2006,0,0,NA,0,NA,0,NA
I82889322,2007,0,0,NA,0,NA,0,NA
I82889322,2008,0,0,NA,0,NA,0,NA
I82889322,2009,0,0,NA,0,NA,0,NA
I82889322,2010,0,0,NA,0,NA,0,NA
I82889322,2011,0,0,NA,0,NA,0,NA
I82889322,2012,0,0,NA,0,NA,0,NA
I82889322,2013,0,0,NA,0,NA,0,NA
I82889322,2014,0,0,NA,0,NA,0,NA
I82889322,2015,0,0,NA,0,NA,0,NA
I82889322,2016,0,0,NA,0,NA,0,NA
I82889322,2017,0,0,NA,0,NA,0,NA
I82889322,2018,0,0,NA,0,NA,0,NA
I82889322,2019,0,0,NA,0,NA,0,NA
I82889322,2020,0,0,NA,0,NA,0,NA
I82889322,2021,0,0,NA,0,NA,0,NA
I82889322,2022,0,0,NA,0,NA,0,NA
I82889322,2023,0,0,NA,0,NA,0,NA
I82889322,2024,0,0,NA,0,NA,0,NA
I82889322,2025,0,0,NA,0,NA,0,NA
I273065767,2006,0,0,NA,0,NA,0,NA
I273065767,2007,0,0,NA,0,NA,0,NA
I273065767,2008,0,0,NA,0,NA,0,NA
I273065767,2009,0,0,NA,0,NA,0,NA
I273065767,2010,0,0,NA,0,NA,0,NA
I273065767,2011,0,0,NA,0,NA,0,NA
I273065767,2012,0,0,NA,0,NA,0,NA
I273065767,2013,0,0,NA,0,NA,0,NA
I273065767,2014,0,0,NA,0,NA,0,NA
I273065767,2015,0,0,NA,0,NA,0,NA
I273065767,2016,0,0,NA,0,NA,0,NA
I273065767,2017,0,0,NA,0,NA,0,NA
I273065767,2018,0,0,NA,0,NA,0,NA
I273065767,2019,0,0,NA,0,NA,0,NA
I273065767,2020,0,0,NA,0,NA,0,NA
I273065767,2021,0,0,NA,0,NA,0,NA
I273065767,2022,0,0,NA,0,NA,0,NA
I273065767,2023,0,0,NA,0,NA,0,NA
I273065767,2024,0,0,NA,0,NA,0,NA
I273065767,2025,0,0,NA,0,NA,0,NA
I4210144434,2006,0,0,NA,0,NA,0,NA
I4210144434,2007,0,0,NA,0,NA,0,NA
I4210144434,2008,0,0,NA,0,NA,0,NA
I4210144434,2009,0,0,NA,0,NA,0,NA
I4210144434,2010,0,0,NA,0,NA,0,NA
I4210144434,2011,0,0,NA,0,NA,0,NA
I4210144434,2012,0,0,NA,0,NA,0,NA
I4210144434,2013,0,0,NA,0,NA,0,NA
I4210144434,2014,0,0,NA,0,NA,0,NA
I4210144434,2015,0,0,NA,0,NA,0,NA
I4210144434,2016,0,0,NA,0,NA,0,NA
I4210144434,2017,0,0,NA,0,NA,0,NA
I4210144434,2018,0,0,NA,0,NA,0,NA
I4210144434,2019,0,0,NA,0,NA,0,NA
I4210144434,2020,0,0,NA,0,NA,0,NA
I4210144434,2021,0,0,NA,0,NA,0,NA
I4210144434,2022,0,0,NA,0,NA,0,NA
I4210144434,2023,0,0,NA,0,NA,0,NA
I4210144434,2024,0,0,NA,0,NA,0,NA
I4210144434,2025,0,0,NA,0,NA,0,NA
I4210103367,2006,0,0,NA,0,NA,0,NA
I4210103367,2007,0,0,NA,0,NA,0,NA
I4210103367,2008,0,0,NA,0,NA,0,NA
I4210103367,2009,0,0,NA,0,NA,0,NA
I4210103367,2010,0,0,NA,0,NA,0,NA
I4210103367,2011,0,0,NA,0,NA,0,NA
I4210103367,2012,0,0,NA,0,NA,0,NA
I4210103367,2013,0,0,NA,0,NA,0,NA
I4210103367,2014,0,0,NA,0,NA,0,NA
I4210103367,2015,0,0,NA,0,NA,0,NA
I4210103367,2016,0,0,NA,0,NA,0,NA
I4210103367,2017,0,0,NA,0,NA,0,NA
I4210103367,2018,0,0,NA,0,NA,0,NA
I4210103367,2019,0,0,NA,0,NA,0,NA
I4210103367,2020,0,0,NA,0,NA,0,NA
I4210103367,2021,0,0,NA,0,NA,0,NA
I4210103367,2022,0,0,NA,0,NA,0,NA
I4210103367,2023,0,0,NA,0,NA,0,NA
I4210103367,2024,0,0,NA,0,NA,0,NA
I4210103367,2025,0,0,NA,0,NA,0,NA
I319786031,2006,0,0,NA,0,NA,0,NA
I319786031,2007,0,0,NA,0,NA,0,NA
I319786031,2008,0,0,NA,0,NA,0,NA
I319786031,2009,0,0,NA,0,NA,0,NA
I319786031,2010,0,0,NA,0,NA,0,NA
I319786031,2011,0,0,NA,0,NA,0,NA
I319786031,2012,0,0,NA,0,NA,0,NA
I319786031,2013,0,0,NA,0,NA,0,NA
I319786031,2014,0,0,NA,0,NA,0,NA
I319786031,2015,0,0,NA,0,NA,0,NA
I319786031,2016,0,0,NA,0,NA,0,NA
I319786031,2017,0,0,NA,0,NA,0,NA
I319786031,2018,0,0,NA,0,NA,0,NA
I319786031,2019,0,0,NA,0,NA,0,NA
I319786031,2020,0,0,NA,0,NA,0,NA
I319786031,2021,0,0,NA,0,NA,0,NA
I319786031,2022,0,0,NA,0,NA,0,NA
I319786031,2023,0,0,NA,0,NA,0,NA
I319786031,2024,0,0,NA,0,NA,0,NA
I319786031,2025,0,0,NA,0,NA,0,NA
I4210156635,2006,0,0,NA,0,NA,0,NA
I4210156635,2007,0,0,NA,0,NA,0,NA
I4210156635,2008,0,0,NA,0,NA,0,NA
I4210156635,2009,0,0,NA,0,NA,0,NA
I4210156635,2010,0,0,NA,0,NA,0,NA
I4210156635,2011,0,0,NA,0,NA,0,NA
I4210156635,2012,0,0,NA,0,NA,0,NA
I4210156635,2013,0,0,NA,0,NA,0,NA
I4210156635,2014,0,0,NA,0,NA,0,NA
I4210156635,2015,0,0,NA,0,NA,0,NA
I4210156635,2016,0,0,NA,0,NA,0,NA
I4210156635,2017,0,0,NA,0,NA,0,NA
I4210156635,2018,0,0,NA,0,NA,0,NA
I4210156635,2019,0,0,NA,0,NA,0,NA
I4210156635,2020,0,0,NA,0,NA,0,NA
I4210156635,2021,0,0,NA,0,NA,0,NA
I4210156635,2022,0,0,NA,0,NA,0,NA
I4210156635,2023,0,0,NA,0,NA,0,NA
I4210156635,2024,0,0,NA,0,NA,0,NA
I4210156635,2025,0,0,NA,0,NA,0,NA
I4210152980,2006,0,0,NA,0,NA,0,NA
I4210152980,2007,0,0,NA,0,NA,0,NA
I4210152980,2008,0,0,NA,0,NA,0,NA
I4210152980,2009,0,0,NA,0,NA,0,NA
I4210152980,2010,0,0,NA,0,NA,0,NA
I4210152980,2011,0,0,NA,0,NA,0,NA
I4210152980,2012,0,0,NA,0,NA,0,NA
I4210152980,2013,0,0,NA,0,NA,0,NA
I4210152980,2014,0,0,NA,0,NA,0,NA
I4210152980,2015,0,0,NA,0,NA,0,NA
I4210152980,2016,0,0,NA,0,NA,0,NA
I4210152980,2017,0,0,NA,0,NA,0,NA
I4210152980,2018,0,0,NA,0,NA,0,NA
I4210152980,2019,0,0,NA,0,NA,0,NA
I4210152980,2020,0,0,NA,0,NA,0,NA
I4210152980,2021,0,0,NA,0,NA,0,NA
I4210152980,2022,0,0,NA,0,NA,0,NA
I4210152980,2023,0,0,NA,0,NA,0,NA
I4210152980,2024,0,0,NA,0,NA,0,NA
I4210152980,2025,0,0,NA,0,NA,0,NA
I4210149345,2006,0,0,NA,0,NA,0,NA
I4210149345,2007,0,0,NA,0,NA,0,NA
I4210149345,2008,0,0,NA,0,NA,0,NA
I4210149345,2009,0,0,NA,0,NA,0,NA
I4210149345,2010,0,0,NA,0,NA,0,NA
I4210149345,2011,0,0,NA,0,NA,0,NA
I4210149345,2012,0,0,NA,0,NA,0,NA
I4210149345,2013,0,0,NA,0,NA,0,NA
I4210149345,2014,0,0,NA,0,NA,0,NA
I4210149345,2015,0,0,NA,0,NA,0,NA
I4210149345,2016,0,0,NA,0,NA,0,NA
I4210149345,2017,0,0,NA,0,NA,0,NA
I4210149345,2018,0,0,NA,0,NA,0,NA
I4210149345,2019,0,0,NA,0,NA,0,NA
I4210149345,2020,0,0,NA,0,NA,0,NA
I4210149345,2021,0,0,NA,0,NA,0,NA
I4210149345,2022,0,0,NA,0,NA,0,NA
I4210149345,2023,0,0,NA,0,NA,0,NA
I4210149345,2024,0,0,NA,0,NA,0,NA
I4210149345,2025,0,0,NA,0,NA,0,NA
I3130796309,2006,0,0,NA,0,NA,0,NA
I3130796309,2007,0,0,NA,0,NA,0,NA
I3130796309,2008,0,0,NA,0,NA,0,NA
I3130796309,2009,0,0,NA,0,NA,0,NA
I3130796309,2010,0,0,NA,0,NA,0,NA
I3130796309,2011,0,0,NA,0,NA,0,NA
I3130796309,2012,0,0,NA,0,NA,0,NA
I3130796309,2013,0,0,NA,0,NA,0,NA
I3130796309,2014,0,0,NA,0,NA,0,NA
I3130796309,2015,0,0,NA,0,NA,0,NA
I3130796309,2016,0,0,NA,0,NA,0,NA
I3130796309,2017,0,0,NA,0,NA,0,NA
I3130796309,2018,0,0,NA,0,NA,0,NA
I3130796309,2019,0,0,NA,0,NA,0,NA
I3130796309,2020,0,0,NA,0,NA,0,NA
I3130796309,2021,0,0,NA,0,NA,0,NA
I3130796309,2022,0,0,NA,0,NA,0,NA
I3130796309,2023,0,0,NA,0,NA,0,NA
I3130796309,2024,0,0,NA,0,NA,0,NA
I3130796309,2025,0,0,NA,0,NA,0,NA
I2799418772,2006,0,0,NA,0,NA,0,NA
I2799418772,2007,0,0,NA,0,NA,0,NA
I2799418772,2008,0,0,NA,0,NA,0,NA
I2799418772,2009,0,0,NA,0,NA,0,NA
I2799418772,2010,0,0,NA,0,NA,0,NA
I2799418772,2011,0,0,NA,0,NA,0,NA
I2799418772,2012,0,0,NA,0,NA,0,NA
I2799418772,2013,0,0,NA,0,NA,0,NA
I2799418772,2014,0,0,NA,0,NA,0,NA
I2799418772,2015,0,0,NA,0,NA,0,NA
I2799418772,2016,0,0,NA,0,NA,0,NA
I2799418772,2017,0,0,NA,0,NA,0,NA
I2799418772,2018,0,0,NA,0,NA,0,NA
I2799418772,2019,0,0,NA,0,NA,0,NA
I2799418772,2020,0,0,NA,0,NA,0,NA
I2799418772,2021,0,0,NA,0,NA,0,NA
I2799418772,2022,0,0,NA,0,NA,0,NA
I2799418772,2023,0,0,NA,0,NA,0,NA
I2799418772,2024,0,0,NA,0,NA,0,NA
I2799418772,2025,0,0,NA,0,NA,0,NA
I4405263625,2006,0,0,NA,0,NA,0,NA
I4405263625,2007,0,0,NA,0,NA,0,NA
I4405263625,2008,0,0,NA,0,NA,0,NA
I4405263625,2009,0,0,NA,0,NA,0,NA
I4405263625,2010,0,0,NA,0,NA,0,NA
I4405263625,2011,0,0,NA,0,NA,0,NA
I4405263625,2012,0,0,NA,0,NA,0,NA
I4405263625,2013,0,0,NA,0,NA,0,NA
I4405263625,2014,0,0,NA,0,NA,0,NA
I4405263625,2015,0,0,NA,0,NA,0,NA
I4405263625,2016,0,0,NA,0,NA,0,NA
I4405263625,2017,0,0,NA,0,NA,0,NA
I4405263625,2018,0,0,NA,0,NA,0,NA
I4405263625,2019,0,0,NA,0,NA,0,NA
I4405263625,2020,0,0,NA,0,NA,0,NA
I4405263625,2021,0,0,NA,0,NA,0,NA
I4405263625,2022,0,0,NA,0,NA,0,NA
I4405263625,2023,0,0,NA,0,NA,0,NA
I4405263625,2024,0,0,NA,0,NA,0,NA
I4405263625,2025,0,0,NA,0,NA,0,NA
I4405254307,2006,0,0,NA,0,NA,0,NA
I4405254307,2007,0,0,NA,0,NA,0,NA
I4405254307,2008,0,0,NA,0,NA,0,NA
I4405254307,2009,0,0,NA,0,NA,0,NA
I4405254307,2010,0,0,NA,0,NA,0,NA
I4405254307,2011,0,0,NA,0,NA,0,NA
I4405254307,2012,0,0,NA,0,NA,0,NA
I4405254307,2013,0,0,NA,0,NA,0,NA
I4405254307,2014,0,0,NA,0,NA,0,NA
I4405254307,2015,0,0,NA,0,NA,0,NA
I4405254307,2016,0,0,NA,0,NA,0,NA
I4405254307,2017,0,0,NA,0,NA,0,NA
I4405254307,2018,0,0,NA,0,NA,0,NA
I4405254307,2019,0,0,NA,0,NA,0,NA
I4405254307,2020,0,0,NA,0,NA,0,NA
I4405254307,2021,0,0,NA,0,NA,0,NA
I4405254307,2022,0,0,NA,0,NA,0,NA
I4405254307,2023,0,0,NA,0,NA,0,NA
I4405254307,2024,0,0,NA,0,NA,0,NA
I4405254307,2025,0,0,NA,0,NA,0,NA
I22265921,2006,0,0,NA,0,NA,0,NA
I22265921,2007,0,0,NA,0,NA,0,NA
I22265921,2008,0,0,NA,0,NA,0,NA
I22265921,2009,0,0,NA,0,NA,0,NA
I22265921,2010,0,0,NA,0,NA,0,NA
I22265921,2011,0,0,NA,0,NA,0,NA
I22265921,2012,0,0,NA,0,NA,0,NA
I22265921,2013,0,0,NA,0,NA,0,NA
I22265921,2014,0,0,NA,0,NA,0,NA
I22265921,2015,0,0,NA,0,NA,0,NA
I22265921,2016,0,0,NA,0,NA,0,NA
I22265921,2017,0,0,NA,0,NA,0,NA
I22265921,2018,0,0,NA,0,NA,0,NA
I22265921,2019,0,0,NA,0,NA,0,NA
I22265921,2020,0,0,NA,0,NA,0,NA
I22265921,2021,0,0,NA,0,NA,0,NA
I22265921,2022,0,0,NA,0,NA,0,NA
I22265921,2023,0,0,NA,0,NA,0,NA
I22265921,2024,0,0,NA,0,NA,0,NA
I22265921,2025,0,0,NA,0,NA,0,NA
I110603874,2006,0,0,NA,0,NA,0,NA
I110603874,2007,0,0,NA,0,NA,0,NA
I110603874,2008,0,0,NA,0,NA,0,NA
I110603874,2009,0,0,NA,0,NA,0,NA
I110603874,2010,0,0,NA,0,NA,0,NA
I110603874,2011,0,0,NA,0,NA,0,NA
I110603874,2012,0,0,NA,0,NA,0,NA
I110603874,2013,0,0,NA,0,NA,0,NA
I110603874,2014,0,0,NA,0,NA,0,NA
I110603874,2015,0,0,NA,0,NA,0,NA
I110603874,2016,0,0,NA,0,NA,0,NA
I110603874,2017,0,0,NA,0,NA,0,NA
I110603874,2018,0,0,NA,0,NA,0,NA
I110603874,2019,0,0,NA,0,NA,0,NA
I110603874,2020,0,0,NA,0,NA,0,NA
I110603874,2021,0,0,NA,0,NA,0,NA
I110603874,2022,0,0,NA,0,NA,0,NA
I110603874,2023,0,0,NA,0,NA,0,NA
I110603874,2024,0,0,NA,0,NA,0,NA
I110603874,2025,0,0,NA,0,NA,0,NA
I4210140978,2006,0,0,NA,0,NA,0,NA
I4210140978,2007,0,0,NA,0,NA,0,NA
I4210140978,2008,0,0,NA,0,NA,0,NA
I4210140978,2009,0,0,NA,0,NA,0,NA
I4210140978,2010,0,0,NA,0,NA,0,NA
I4210140978,2011,0,0,NA,0,NA,0,NA
I4210140978,2012,0,0,NA,0,NA,0,NA
I4210140978,2013,0,0,NA,0,NA,0,NA
I4210140978,2014,0,0,NA,0,NA,0,NA
I4210140978,2015,0,0,NA,0,NA,0,NA
I4210140978,2016,0,0,NA,0,NA,0,NA
I4210140978,2017,0,0,NA,0,NA,0,NA
I4210140978,2018,0,0,NA,0,NA,0,NA
I4210140978,2019,0,0,NA,0,NA,0,NA
I4210140978,2020,0,0,NA,0,NA,0,NA
I4210140978,2021,0,0,NA,0,NA,0,NA
I4210140978,2022,0,0,NA,0,NA,0,NA
I4210140978,2023,0,0,NA,0,NA,0,NA
I4210140978,2024,0,0,NA,0,NA,0,NA
I4210140978,2025,0,0,NA,0,NA,0,NA
I4405252898,2006,0,0,NA,0,NA,0,NA
I4405252898,2007,0,0,NA,0,NA,0,NA
I4405252898,2008,0,0,NA,0,NA,0,NA
I4405252898,2009,0,0,NA,0,NA,0,NA
I4405252898,2010,0,0,NA,0,NA,0,NA
I4405252898,2011,0,0,NA,0,NA,0,NA
I4405252898,2012,0,0,NA,0,NA,0,NA
I4405252898,2013,0,0,NA,0,NA,0,NA
I4405252898,2014,0,0,NA,0,NA,0,NA
I4405252898,2015,0,0,NA,0,NA,0,NA
I4405252898,2016,0,0,NA,0,NA,0,NA
I4405252898,2017,0,0,NA,0,NA,0,NA
I4405252898,2018,0,0,NA,0,NA,0,NA
I4405252898,2019,0,0,NA,0,NA,0,NA
I4405252898,2020,0,0,NA,0,NA,0,NA
I4405252898,2021,0,0,NA,0,NA,0,NA
I4405252898,2022,0,0,NA,0,NA,0,NA
I4405252898,2023,0,0,NA,0,NA,0,NA
I4405252898,2024,0,0,NA,0,NA,0,NA
I4405252898,2025,0,0,NA,0,NA,0,NA
I4210127484,2006,0,0,NA,0,NA,0,NA
I4210127484,2007,0,0,NA,0,NA,0,NA
I4210127484,2008,0,0,NA,0,NA,0,NA
I4210127484,2009,0,0,NA,0,NA,0,NA
I4210127484,2010,0,0,NA,0,NA,0,NA
I4210127484,2011,0,0,NA,0,NA,0,NA
I4210127484,2012,0,0,NA,0,NA,0,NA
I4210127484,2013,0,0,NA,0,NA,0,NA
I4210127484,2014,0,0,NA,0,NA,0,NA
I4210127484,2015,0,0,NA,0,NA,0,NA
I4210127484,2016,0,0,NA,0,NA,0,NA
I4210127484,2017,0,0,NA,0,NA,0,NA
I4210127484,2018,0,0,NA,0,NA,0,NA
I4210127484,2019,0,0,NA,0,NA,0,NA
I4210127484,2020,0,0,NA,0,NA,0,NA
I4210127484,2021,0,0,NA,0,NA,0,NA
I4210127484,2022,0,0,NA,0,NA,0,NA
I4210127484,2023,0,0,NA,0,NA,0,NA
I4210127484,2024,0,0,NA,0,NA,0,NA
I4210127484,2025,0,0,NA,0,NA,0,NA
I4210097318,2006,0,0,NA,0,NA,0,NA
I4210097318,2007,0,0,NA,0,NA,0,NA
I4210097318,2008,0,0,NA,0,NA,0,NA
I4210097318,2009,0,0,NA,0,NA,0,NA
I4210097318,2010,0,0,NA,0,NA,0,NA
I4210097318,2011,0,0,NA,0,NA,0,NA
I4210097318,2012,0,0,NA,0,NA,0,NA
I4210097318,2013,0,0,NA,0,NA,0,NA
I4210097318,2014,0,0,NA,0,NA,0,NA
I4210097318,2015,0,0,NA,0,NA,0,NA
I4210097318,2016,0,0,NA,0,NA,0,NA
I4210097318,2017,0,0,NA,0,NA,0,NA
I4210097318,2018,0,0,NA,0,NA,0,NA
I4210097318,2019,0,0,NA,0,NA,0,NA
I4210097318,2020,0,0,NA,0,NA,0,NA
I4210097318,2021,0,0,NA,0,NA,0,NA
I4210097318,2022,0,0,NA,0,NA,0,NA
I4210097318,2023,0,0,NA,0,NA,0,NA
I4210097318,2024,0,0,NA,0,NA,0,NA
I4210097318,2025,0,0,NA,0,NA,0,NA
I4210155582,2006,0,0,NA,0,NA,0,NA
I4210155582,2007,0,0,NA,0,NA,0,NA
I4210155582,2008,0,0,NA,0,NA,0,NA
I4210155582,2009,0,0,NA,0,NA,0,NA
I4210155582,2010,0,0,NA,0,NA,0,NA
I4210155582,2011,0,0,NA,0,NA,0,NA
I4210155582,2012,0,0,NA,0,NA,0,NA
I4210155582,2013,0,0,NA,0,NA,0,NA
I4210155582,2014,0,0,NA,0,NA,0,NA
I4210155582,2015,0,0,NA,0,NA,0,NA
I4210155582,2016,0,0,NA,0,NA,0,NA
I4210155582,2017,0,0,NA,0,NA,0,NA
I4210155582,2018,0,0,NA,0,NA,0,NA
I4210155582,2019,0,0,NA,0,NA,0,NA
I4210155582,2020,0,0,NA,0,NA,0,NA
I4210155582,2021,0,0,NA,0,NA,0,NA
I4210155582,2022,0,0,NA,0,NA,0,NA
I4210155582,2023,0,0,NA,0,NA,0,NA
I4210155582,2024,0,0,NA,0,NA,0,NA
I4210155582,2025,0,0,NA,0,NA,0,NA
I4405259455,2006,0,0,NA,0,NA,0,NA
I4405259455,2007,0,0,NA,0,NA,0,NA
I4405259455,2008,0,0,NA,0,NA,0,NA
I4405259455,2009,0,0,NA,0,NA,0,NA
I4405259455,2010,0,0,NA,0,NA,0,NA
I4405259455,2011,0,0,NA,0,NA,0,NA
I4405259455,2012,0,0,NA,0,NA,0,NA
I4405259455,2013,0,0,NA,0,NA,0,NA
I4405259455,2014,0,0,NA,0,NA,0,NA
I4405259455,2015,0,0,NA,0,NA,0,NA
I4405259455,2016,0,0,NA,0,NA,0,NA
I4405259455,2017,0,0,NA,0,NA,0,NA
I4405259455,2018,0,0,NA,0,NA,0,NA
I4405259455,2019,0,0,NA,0,NA,0,NA
I4405259455,2020,0,0,NA,0,NA,0,NA
I4405259455,2021,0,0,NA,0,NA,0,NA
I4405259455,2022,0,0,NA,0,NA,0,NA
I4405259455,2023,0,0,NA,0,NA,0,NA
I4405259455,2024,0,0,NA,0,NA,0,NA
I4405259455,2025,0,0,NA,0,NA,0,NA
I4405255456,2006,0,0,NA,0,NA,0,NA
I4405255456,2007,0,0,NA,0,NA,0,NA
I4405255456,2008,0,0,NA,0,NA,0,NA
I4405255456,2009,0,0,NA,0,NA,0,NA
I4405255456,2010,0,0,NA,0,NA,0,NA
I4405255456,2011,0,0,NA,0,NA,0,NA
I4405255456,2012,0,0,NA,0,NA,0,NA
I4405255456,2013,0,0,NA,0,NA,0,NA
I4405255456,2014,0,0,NA,0,NA,0,NA
I4405255456,2015,0,0,NA,0,NA,0,NA
I4405255456,2016,0,0,NA,0,NA,0,NA
I4405255456,2017,0,0,NA,0,NA,0,NA
I4405255456,2018,0,0,NA,0,NA,0,NA
I4405255456,2019,0,0,NA,0,NA,0,NA
I4405255456,2020,0,0,NA,0,NA,0,NA
I4405255456,2021,0,0,NA,0,NA,0,NA
I4405255456,2022,0,0,NA,0,NA,0,NA
I4405255456,2023,0,0,NA,0,NA,0,NA
I4405255456,2024,0,0,NA,0,NA,0,NA
I4405255456,2025,0,0,NA,0,NA,0,NA
I4405266622,2006,0,0,NA,0,NA,0,NA
I4405266622,2007,0,0,NA,0,NA,0,NA
I4405266622,2008,0,0,NA,0,NA,0,NA
I4405266622,2009,0,0,NA,0,NA,0,NA
I4405266622,2010,0,0,NA,0,NA,0,NA
I4405266622,2011,0,0,NA,0,NA,0,NA
I4405266622,2012,0,0,NA,0,NA,0,NA
I4405266622,2013,0,0,NA,0,NA,0,NA
I4405266622,2014,0,0,NA,0,NA,0,NA
I4405266622,2015,0,0,NA,0,NA,0,NA
I4405266622,2016,0,0,NA,0,NA,0,NA
I4405266622,2017,0,0,NA,0,NA,0,NA
I4405266622,2018,0,0,NA,0,NA,0,NA
I4405266622,2019,0,0,NA,0,NA,0,NA
I4405266622,2020,0,0,NA,0,NA,0,NA
I4405266622,2021,0,0,NA,0,NA,0,NA
I4405266622,2022,0,0,NA,0,NA,0,NA
I4405266622,2023,0,0,NA,0,NA,0,NA
I4405266622,2024,0,0,NA,0,NA,0,NA
I4405266622,2025,0,0,NA,0,NA,0,NA
I4405262752,2006,0,0,NA,0,NA,0,NA
I4405262752,2007,0,0,NA,0,NA,0,NA
I4405262752,2008,0,0,NA,0,NA,0,NA
I4405262752,2009,0,0,NA,0,NA,0,NA
I4405262752,2010,0,0,NA,0,NA,0,NA
I4405262752,2011,0,0,NA,0,NA,0,NA
I4405262752,2012,0,0,NA,0,NA,0,NA
I4405262752,2013,0,0,NA,0,NA,0,NA
I4405262752,2014,0,0,NA,0,NA,0,NA
I4405262752,2015,0,0,NA,0,NA,0,NA
I4405262752,2016,0,0,NA,0,NA,0,NA
I4405262752,2017,0,0,NA,0,NA,0,NA
I4405262752,2018,0,0,NA,0,NA,0,NA
I4405262752,2019,0,0,NA,0,NA,0,NA
I4405262752,2020,0,0,NA,0,NA,0,NA
I4405262752,2021,0,0,NA,0,NA,0,NA
I4405262752,2022,0,0,NA,0,NA,0,NA
I4405262752,2023,0,0,NA,0,NA,0,NA
I4405262752,2024,0,0,NA,0,NA,0,NA
I4405262752,2025,0,0,NA,0,NA,0,NA
I4405255384,2006,0,0,NA,0,NA,0,NA
I4405255384,2007,0,0,NA,0,NA,0,NA
I4405255384,2008,0,0,NA,0,NA,0,NA
I4405255384,2009,0,0,NA,0,NA,0,NA
I4405255384,2010,0,0,NA,0,NA,0,NA
I4405255384,2011,0,0,NA,0,NA,0,NA
I4405255384,2012,0,0,NA,0,NA,0,NA
I4405255384,2013,0,0,NA,0,NA,0,NA
I4405255384,2014,0,0,NA,0,NA,0,NA
I4405255384,2015,0,0,NA,0,NA,0,NA
I4405255384,2016,0,0,NA,0,NA,0,NA
I4405255384,2017,0,0,NA,0,NA,0,NA
I4405255384,2018,0,0,NA,0,NA,0,NA
I4405255384,2019,0,0,NA,0,NA,0,NA
I4405255384,2020,0,0,NA,0,NA,0,NA
I4405255384,2021,0,0,NA,0,NA,0,NA
I4405255384,2022,0,0,NA,0,NA,0,NA
I4405255384,2023,0,0,NA,0,NA,0,NA
I4405255384,2024,0,0,NA,0,NA,0,NA
I4405255384,2025,0,0,NA,0,NA,0,NA
I4405258622,2006,0,0,NA,0,NA,0,NA
I4405258622,2007,0,0,NA,0,NA,0,NA
I4405258622,2008,0,0,NA,0,NA,0,NA
I4405258622,2009,0,0,NA,0,NA,0,NA
I4405258622,2010,0,0,NA,0,NA,0,NA
I4405258622,2011,0,0,NA,0,NA,0,NA
I4405258622,2012,0,0,NA,0,NA,0,NA
I4405258622,2013,0,0,NA,0,NA,0,NA
I4405258622,2014,0,0,NA,0,NA,0,NA
I4405258622,2015,0,0,NA,0,NA,0,NA
I4405258622,2016,0,0,NA,0,NA,0,NA
I4405258622,2017,0,0,NA,0,NA,0,NA
I4405258622,2018,0,0,NA,0,NA,0,NA
I4405258622,2019,0,0,NA,0,NA,0,NA
I4405258622,2020,0,0,NA,0,NA,0,NA
I4405258622,2021,0,0,NA,0,NA,0,NA
I4405258622,2022,0,0,NA,0,NA,0,NA
I4405258622,2023,0,0,NA,0,NA,0,NA
I4405258622,2024,0,0,NA,0,NA,0,NA
I4405258622,2025,0,0,NA,0,NA,0,NA
I4210141701,2006,0,0,NA,0,NA,0,NA
I4210141701,2007,0,0,NA,0,NA,0,NA
I4210141701,2008,0,0,NA,0,NA,0,NA
I4210141701,2009,0,0,NA,0,NA,0,NA
I4210141701,2010,0,0,NA,0,NA,0,NA
I4210141701,2011,0,0,NA,0,NA,0,NA
I4210141701,2012,0,0,NA,0,NA,0,NA
I4210141701,2013,0,0,NA,0,NA,0,NA
I4210141701,2014,0,0,NA,0,NA,0,NA
I4210141701,2015,0,0,NA,0,NA,0,NA
I4210141701,2016,0,0,NA,0,NA,0,NA
I4210141701,2017,0,0,NA,0,NA,0,NA
I4210141701,2018,0,0,NA,0,NA,0,NA
I4210141701,2019,0,0,NA,0,NA,0,NA
I4210141701,2020,0,0,NA,0,NA,0,NA
I4210141701,2021,0,0,NA,0,NA,0,NA
I4210141701,2022,0,0,NA,0,NA,0,NA
I4210141701,2023,0,0,NA,0,NA,0,NA
I4210141701,2024,0,0,NA,0,NA,0,NA
I4210141701,2025,0,0,NA,0,NA,0,NA
I96840727,2006,0,0,NA,0,NA,0,NA
I96840727,2007,0,0,NA,0,NA,0,NA
I96840727,2008,0,0,NA,0,NA,0,NA
I96840727,2009,0,0,NA,0,NA,0,NA
I96840727,2010,0,0,NA,0,NA,0,NA
I96840727,2011,0,0,NA,0,NA,0,NA
I96840727,2012,0,0,NA,0,NA,0,NA
I96840727,2013,0,0,NA,0,NA,0,NA
I96840727,2014,0,0,NA,0,NA,0,NA
I96840727,2015,0,0,NA,0,NA,0,NA
I96840727,2016,0,0,NA,0,NA,0,NA
I96840727,2017,0,0,NA,0,NA,0,NA
I96840727,2018,0,0,NA,0,NA,0,NA
I96840727,2019,0,0,NA,0,NA,0,NA
I96840727,2020,0,0,NA,0,NA,0,NA
I96840727,2021,0,0,NA,0,NA,0,NA
I96840727,2022,0,0,NA,0,NA,0,NA
I96840727,2023,0,0,NA,0,NA,0,NA
I96840727,2024,0,0,NA,0,NA,0,NA
I96840727,2025,0,0,NA,0,NA,0,NA
I121645547,2006,0,0,NA,0,NA,0,NA
I121645547,2007,0,0,NA,0,NA,0,NA
I121645547,2008,0,0,NA,0,NA,0,NA
I121645547,2009,0,0,NA,0,NA,0,NA
I121645547,2010,0,0,NA,0,NA,0,NA
I121645547,2011,0,0,NA,0,NA,0,NA
I121645547,2012,0,0,NA,0,NA,0,NA
I121645547,2013,0,0,NA,0,NA,0,NA
I121645547,2014,0,0,NA,0,NA,0,NA
I121645547,2015,0,0,NA,0,NA,0,NA
I121645547,2016,0,0,NA,0,NA,0,NA
I121645547,2017,0,0,NA,0,NA,0,NA
I121645547,2018,0,0,NA,0,NA,0,NA
I121645547,2019,0,0,NA,0,NA,0,NA
I121645547,2020,0,0,NA,0,NA,0,NA
I121645547,2021,0,0,NA,0,NA,0,NA
I121645547,2022,0,0,NA,0,NA,0,NA
I121645547,2023,0,0,NA,0,NA,0,NA
I121645547,2024,0,0,NA,0,NA,0,NA
I121645547,2025,0,0,NA,0,NA,0,NA
I4210125507,2006,0,0,NA,0,NA,0,NA
I4210125507,2007,0,0,NA,0,NA,0,NA
I4210125507,2008,0,0,NA,0,NA,0,NA
I4210125507,2009,0,0,NA,0,NA,0,NA
I4210125507,2010,0,0,NA,0,NA,0,NA
I4210125507,2011,0,0,NA,0,NA,0,NA
I4210125507,2012,0,0,NA,0,NA,0,NA
I4210125507,2013,0,0,NA,0,NA,0,NA
I4210125507,2014,0,0,NA,0,NA,0,NA
I4210125507,2015,0,0,NA,0,NA,0,NA
I4210125507,2016,0,0,NA,0,NA,0,NA
I4210125507,2017,0,0,NA,0,NA,0,NA
I4210125507,2018,0,0,NA,0,NA,0,NA
I4210125507,2019,0,0,NA,0,NA,0,NA
I4210125507,2020,0,0,NA,0,NA,0,NA
I4210125507,2021,0,0,NA,0,NA,0,NA
I4210125507,2022,0,0,NA,0,NA,0,NA
I4210125507,2023,0,0,NA,0,NA,0,NA
I4210125507,2024,0,0,NA,0,NA,0,NA
I4210125507,2025,0,0,NA,0,NA,0,NA
I4405253191,2006,0,0,NA,0,NA,0,NA
I4405253191,2007,0,0,NA,0,NA,0,NA
I4405253191,2008,0,0,NA,0,NA,0,NA
I4405253191,2009,0,0,NA,0,NA,0,NA
I4405253191,2010,0,0,NA,0,NA,0,NA
I4405253191,2011,0,0,NA,0,NA,0,NA
I4405253191,2012,0,0,NA,0,NA,0,NA
I4405253191,2013,0,0,NA,0,NA,0,NA
I4405253191,2014,0,0,NA,0,NA,0,NA
I4405253191,2015,0,0,NA,0,NA,0,NA
I4405253191,2016,0,0,NA,0,NA,0,NA
I4405253191,2017,0,0,NA,0,NA,0,NA
I4405253191,2018,0,0,NA,0,NA,0,NA
I4405253191,2019,0,0,NA,0,NA,0,NA
I4405253191,2020,0,0,NA,0,NA,0,NA
I4405253191,2021,0,0,NA,0,NA,0,NA
I4405253191,2022,0,0,NA,0,NA,0,NA
I4405253191,2023,0,0,NA,0,NA,0,NA
I4405253191,2024,0,0,NA,0,NA,0,NA
I4405253191,2025,0,0,NA,0,NA,0,NA
I4210086733,2006,0,0,NA,0,NA,0,NA
I4210086733,2007,0,0,NA,0,NA,0,NA
I4210086733,2008,0,0,NA,0,NA,0,NA
I4210086733,2009,0,0,NA,0,NA,0,NA
I4210086733,2010,0,0,NA,0,NA,0,NA
I4210086733,2011,0,0,NA,0,NA,0,NA
I4210086733,2012,0,0,NA,0,NA,0,NA
I4210086733,2013,0,0,NA,0,NA,0,NA
I4210086733,2014,0,0,NA,0,NA,0,NA
I4210086733,2015,0,0,NA,0,NA,0,NA
I4210086733,2016,0,0,NA,0,NA,0,NA
I4210086733,2017,0,0,NA,0,NA,0,NA
I4210086733,2018,0,0,NA,0,NA,0,NA
I4210086733,2019,0,0,NA,0,NA,0,NA
I4210086733,2020,0,0,NA,0,NA,0,NA
I4210086733,2021,0,0,NA,0,NA,0,NA
I4210086733,2022,0,0,NA,0,NA,0,NA
I4210086733,2023,0,0,NA,0,NA,0,NA
I4210086733,2024,0,0,NA,0,NA,0,NA
I4210086733,2025,0,0,NA,0,NA,0,NA
I2802427971,2006,0,0,NA,0,NA,0,NA
I2802427971,2007,0,0,NA,0,NA,0,NA
I2802427971,2008,0,0,NA,0,NA,0,NA
I2802427971,2009,0,0,NA,0,NA,0,NA
I2802427971,2010,0,0,NA,0,NA,0,NA
I2802427971,2011,0,0,NA,0,NA,0,NA
I2802427971,2012,0,0,NA,0,NA,0,NA
I2802427971,2013,0,0,NA,0,NA,0,NA
I2802427971,2014,0,0,NA,0,NA,0,NA
I2802427971,2015,0,0,NA,0,NA,0,NA
I2802427971,2016,0,0,NA,0,NA,0,NA
I2802427971,2017,0,0,NA,0,NA,0,NA
I2802427971,2018,0,0,NA,0,NA,0,NA
I2802427971,2019,0,0,NA,0,NA,0,NA
I2802427971,2020,0,0,NA,0,NA,0,NA
I2802427971,2021,0,0,NA,0,NA,0,NA
I2802427971,2022,0,0,NA,0,NA,0,NA
I2802427971,2023,0,0,NA,0,NA,0,NA
I2802427971,2024,0,0,NA,0,NA,0,NA
I2802427971,2025,0,0,NA,0,NA,0,NA
I3132944300,2006,0,0,NA,0,NA,0,NA
I3132944300,2007,0,0,NA,0,NA,0,NA
I3132944300,2008,0,0,NA,0,NA,0,NA
I3132944300,2009,0,0,NA,0,NA,0,NA
I3132944300,2010,0,0,NA,0,NA,0,NA
I3132944300,2011,0,0,NA,0,NA,0,NA
I3132944300,2012,0,0,NA,0,NA,0,NA
I3132944300,2013,0,0,NA,0,NA,0,NA
I3132944300,2014,0,0,NA,0,NA,0,NA
I3132944300,2015,0,0,NA,0,NA,0,NA
I3132944300,2016,0,0,NA,0,NA,0,NA
I3132944300,2017,0,0,NA,0,NA,0,NA
I3132944300,2018,0,0,NA,0,NA,0,NA
I3132944300,2019,0,0,NA,0,NA,0,NA
I3132944300,2020,0,0,NA,0,NA,0,NA
I3132944300,2021,0,0,NA,0,NA,0,NA
I3132944300,2022,0,0,NA,0,NA,0,NA
I3132944300,2023,0,0,NA,0,NA,0,NA
I3132944300,2024,0,0,NA,0,NA,0,NA
I3132944300,2025,0,0,NA,0,NA,0,NA
I121708413,2006,0,0,NA,0,NA,0,NA
I121708413,2007,0,0,NA,0,NA,0,NA
I121708413,2008,0,0,NA,0,NA,0,NA
I121708413,2009,0,0,NA,0,NA,0,NA
I121708413,2010,0,0,NA,0,NA,0,NA
I121708413,2011,0,0,NA,0,NA,0,NA
I121708413,2012,0,0,NA,0,NA,0,NA
I121708413,2013,0,0,NA,0,NA,0,NA
I121708413,2014,0,0,NA,0,NA,0,NA
I121708413,2015,0,0,NA,0,NA,0,NA
I121708413,2016,0,0,NA,0,NA,0,NA
I121708413,2017,0,0,NA,0,NA,0,NA
I121708413,2018,0,0,NA,0,NA,0,NA
I121708413,2019,0,0,NA,0,NA,0,NA
I121708413,2020,0,0,NA,0,NA,0,NA
I121708413,2021,0,0,NA,0,NA,0,NA
I121708413,2022,0,0,NA,0,NA,0,NA
I121708413,2023,0,0,NA,0,NA,0,NA
I121708413,2024,0,0,NA,0,NA,0,NA
I121708413,2025,0,0,NA,0,NA,0,NA
I4405259477,2006,0,0,NA,0,NA,0,NA
I4405259477,2007,0,0,NA,0,NA,0,NA
I4405259477,2008,0,0,NA,0,NA,0,NA
I4405259477,2009,0,0,NA,0,NA,0,NA
I4405259477,2010,0,0,NA,0,NA,0,NA
I4405259477,2011,0,0,NA,0,NA,0,NA
I4405259477,2012,0,0,NA,0,NA,0,NA
I4405259477,2013,0,0,NA,0,NA,0,NA
I4405259477,2014,0,0,NA,0,NA,0,NA
I4405259477,2015,0,0,NA,0,NA,0,NA
I4405259477,2016,0,0,NA,0,NA,0,NA
I4405259477,2017,0,0,NA,0,NA,0,NA
I4405259477,2018,0,0,NA,0,NA,0,NA
I4405259477,2019,0,0,NA,0,NA,0,NA
I4405259477,2020,0,0,NA,0,NA,0,NA
I4405259477,2021,0,0,NA,0,NA,0,NA
I4405259477,2022,0,0,NA,0,NA,0,NA
I4405259477,2023,0,0,NA,0,NA,0,NA
I4405259477,2024,0,0,NA,0,NA,0,NA
I4405259477,2025,0,0,NA,0,NA,0,NA
I4405258325,2006,0,0,NA,0,NA,0,NA
I4405258325,2007,0,0,NA,0,NA,0,NA
I4405258325,2008,0,0,NA,0,NA,0,NA
I4405258325,2009,0,0,NA,0,NA,0,NA
I4405258325,2010,0,0,NA,0,NA,0,NA
I4405258325,2011,0,0,NA,0,NA,0,NA
I4405258325,2012,0,0,NA,0,NA,0,NA
I4405258325,2013,0,0,NA,0,NA,0,NA
I4405258325,2014,0,0,NA,0,NA,0,NA
I4405258325,2015,0,0,NA,0,NA,0,NA
I4405258325,2016,0,0,NA,0,NA,0,NA
I4405258325,2017,0,0,NA,0,NA,0,NA
I4405258325,2018,0,0,NA,0,NA,0,NA
I4405258325,2019,0,0,NA,0,NA,0,NA
I4405258325,2020,0,0,NA,0,NA,0,NA
I4405258325,2021,0,0,NA,0,NA,0,NA
I4405258325,2022,0,0,NA,0,NA,0,NA
I4405258325,2023,0,0,NA,0,NA,0,NA
I4405258325,2024,0,0,NA,0,NA,0,NA
I4405258325,2025,0,0,NA,0,NA,0,NA
I4210120173,2006,0,0,NA,0,NA,0,NA
I4210120173,2007,0,0,NA,0,NA,0,NA
I4210120173,2008,0,0,NA,0,NA,0,NA
I4210120173,2009,0,0,NA,0,NA,0,NA
I4210120173,2010,0,0,NA,0,NA,0,NA
I4210120173,2011,0,0,NA,0,NA,0,NA
I4210120173,2012,0,0,NA,0,NA,0,NA
I4210120173,2013,0,0,NA,0,NA,0,NA
I4210120173,2014,0,0,NA,0,NA,0,NA
I4210120173,2015,0,0,NA,0,NA,0,NA
I4210120173,2016,0,0,NA,0,NA,0,NA
I4210120173,2017,0,0,NA,0,NA,0,NA
I4210120173,2018,0,0,NA,0,NA,0,NA
I4210120173,2019,0,0,NA,0,NA,0,NA
I4210120173,2020,0,0,NA,0,NA,0,NA
I4210120173,2021,0,0,NA,0,NA,0,NA
I4210120173,2022,0,0,NA,0,NA,0,NA
I4210120173,2023,0,0,NA,0,NA,0,NA
I4210120173,2024,0,0,NA,0,NA,0,NA
I4210120173,2025,0,0,NA,0,NA,0,NA
I3129551310,2006,0,0,NA,0,NA,0,NA
I3129551310,2007,0,0,NA,0,NA,0,NA
I3129551310,2008,0,0,NA,0,NA,0,NA
I3129551310,2009,0,0,NA,0,NA,0,NA
I3129551310,2010,0,0,NA,0,NA,0,NA
I3129551310,2011,0,0,NA,0,NA,0,NA
I3129551310,2012,0,0,NA,0,NA,0,NA
I3129551310,2013,0,0,NA,0,NA,0,NA
I3129551310,2014,0,0,NA,0,NA,0,NA
I3129551310,2015,0,0,NA,0,NA,0,NA
I3129551310,2016,0,0,NA,0,NA,0,NA
I3129551310,2017,0,0,NA,0,NA,0,NA
I3129551310,2018,0,0,NA,0,NA,0,NA
I3129551310,2019,0,0,NA,0,NA,0,NA
I3129551310,2020,0,0,NA,0,NA,0,NA
I3129551310,2021,0,0,NA,0,NA,0,NA
I3129551310,2022,0,0,NA,0,NA,0,NA
I3129551310,2023,0,0,NA,0,NA,0,NA
I3129551310,2024,0,0,NA,0,NA,0,NA
I3129551310,2025,0,0,NA,0,NA,0,NA
I4210143625,2006,0,0,NA,0,NA,0,NA
I4210143625,2007,0,0,NA,0,NA,0,NA
I4210143625,2008,0,0,NA,0,NA,0,NA
I4210143625,2009,0,0,NA,0,NA,0,NA
I4210143625,2010,0,0,NA,0,NA,0,NA
I4210143625,2011,0,0,NA,0,NA,0,NA
I4210143625,2012,0,0,NA,0,NA,0,NA
I4210143625,2013,0,0,NA,0,NA,0,NA
I4210143625,2014,0,0,NA,0,NA,0,NA
I4210143625,2015,0,0,NA,0,NA,0,NA
I4210143625,2016,0,0,NA,0,NA,0,NA
I4210143625,2017,0,0,NA,0,NA,0,NA
I4210143625,2018,0,0,NA,0,NA,0,NA
I4210143625,2019,0,0,NA,0,NA,0,NA
I4210143625,2020,0,0,NA,0,NA,0,NA
I4210143625,2021,0,0,NA,0,NA,0,NA
I4210143625,2022,0,0,NA,0,NA,0,NA
I4210143625,2023,0,0,NA,0,NA,0,NA
I4210143625,2024,0,0,NA,0,NA,0,NA
I4210143625,2025,0,0,NA,0,NA,0,NA
I4210161264,2006,0,0,NA,0,NA,0,NA
I4210161264,2007,0,0,NA,0,NA,0,NA
I4210161264,2008,0,0,NA,0,NA,0,NA
I4210161264,2009,0,0,NA,0,NA,0,NA
I4210161264,2010,0,0,NA,0,NA,0,NA
I4210161264,2011,0,0,NA,0,NA,0,NA
I4210161264,2012,0,0,NA,0,NA,0,NA
I4210161264,2013,0,0,NA,0,NA,0,NA
I4210161264,2014,0,0,NA,0,NA,0,NA
I4210161264,2015,0,0,NA,0,NA,0,NA
I4210161264,2016,0,0,NA,0,NA,0,NA
I4210161264,2017,0,0,NA,0,NA,0,NA
I4210161264,2018,0,0,NA,0,NA,0,NA
I4210161264,2019,0,0,NA,0,NA,0,NA
I4210161264,2020,0,0,NA,0,NA,0,NA
I4210161264,2021,0,0,NA,0,NA,0,NA
I4210161264,2022,0,0,NA,0,NA,0,NA
I4210161264,2023,0,0,NA,0,NA,0,NA
I4210161264,2024,0,0,NA,0,NA,0,NA
I4210161264,2025,0,0,NA,0,NA,0,NA
I4405260319,2006,0,0,NA,0,NA,0,NA
I4405260319,2007,0,0,NA,0,NA,0,NA
I4405260319,2008,0,0,NA,0,NA,0,NA
I4405260319,2009,0,0,NA,0,NA,0,NA
I4405260319,2010,0,0,NA,0,NA,0,NA
I4405260319,2011,0,0,NA,0,NA,0,NA
I4405260319,2012,0,0,NA,0,NA,0,NA
I4405260319,2013,0,0,NA,0,NA,0,NA
I4405260319,2014,0,0,NA,0,NA,0,NA
I4405260319,2015,0,0,NA,0,NA,0,NA
I4405260319,2016,0,0,NA,0,NA,0,NA
I4405260319,2017,0,0,NA,0,NA,0,NA
I4405260319,2018,0,0,NA,0,NA,0,NA
I4405260319,2019,0,0,NA,0,NA,0,NA
I4405260319,2020,0,0,NA,0,NA,0,NA
I4405260319,2021,0,0,NA,0,NA,0,NA
I4405260319,2022,0,0,NA,0,NA,0,NA
I4405260319,2023,0,0,NA,0,NA,0,NA
I4405260319,2024,0,0,NA,0,NA,0,NA
I4405260319,2025,0,0,NA,0,NA,0,NA
I4405264338,2006,0,0,NA,0,NA,0,NA
I4405264338,2007,0,0,NA,0,NA,0,NA
I4405264338,2008,0,0,NA,0,NA,0,NA
I4405264338,2009,0,0,NA,0,NA,0,NA
I4405264338,2010,0,0,NA,0,NA,0,NA
I4405264338,2011,0,0,NA,0,NA,0,NA
I4405264338,2012,0,0,NA,0,NA,0,NA
I4405264338,2013,0,0,NA,0,NA,0,NA
I4405264338,2014,0,0,NA,0,NA,0,NA
I4405264338,2015,0,0,NA,0,NA,0,NA
I4405264338,2016,0,0,NA,0,NA,0,NA
I4405264338,2017,0,0,NA,0,NA,0,NA
I4405264338,2018,0,0,NA,0,NA,0,NA
I4405264338,2019,0,0,NA,0,NA,0,NA
I4405264338,2020,0,0,NA,0,NA,0,NA
I4405264338,2021,0,0,NA,0,NA,0,NA
I4405264338,2022,0,0,NA,0,NA,0,NA
I4405264338,2023,0,0,NA,0,NA,0,NA
I4405264338,2024,0,0,NA,0,NA,0,NA
I4405264338,2025,0,0,NA,0,NA,0,NA
I4405266314,2006,0,0,NA,0,NA,0,NA
I4405266314,2007,0,0,NA,0,NA,0,NA
I4405266314,2008,0,0,NA,0,NA,0,NA
I4405266314,2009,0,0,NA,0,NA,0,NA
I4405266314,2010,0,0,NA,0,NA,0,NA
I4405266314,2011,0,0,NA,0,NA,0,NA
I4405266314,2012,0,0,NA,0,NA,0,NA
I4405266314,2013,0,0,NA,0,NA,0,NA
I4405266314,2014,0,0,NA,0,NA,0,NA
I4405266314,2015,0,0,NA,0,NA,0,NA
I4405266314,2016,0,0,NA,0,NA,0,NA
I4405266314,2017,0,0,NA,0,NA,0,NA
I4405266314,2018,0,0,NA,0,NA,0,NA
I4405266314,2019,0,0,NA,0,NA,0,NA
I4405266314,2020,0,0,NA,0,NA,0,NA
I4405266314,2021,0,0,NA,0,NA,0,NA
I4405266314,2022,0,0,NA,0,NA,0,NA
I4405266314,2023,0,0,NA,0,NA,0,NA
I4405266314,2024,0,0,NA,0,NA,0,NA
I4405266314,2025,0,0,NA,0,NA,0,NA
I4405261331,2006,0,0,NA,0,NA,0,NA
I4405261331,2007,0,0,NA,0,NA,0,NA
I4405261331,2008,0,0,NA,0,NA,0,NA
I4405261331,2009,0,0,NA,0,NA,0,NA
I4405261331,2010,0,0,NA,0,NA,0,NA
I4405261331,2011,0,0,NA,0,NA,0,NA
I4405261331,2012,0,0,NA,0,NA,0,NA
I4405261331,2013,0,0,NA,0,NA,0,NA
I4405261331,2014,0,0,NA,0,NA,0,NA
I4405261331,2015,0,0,NA,0,NA,0,NA
I4405261331,2016,0,0,NA,0,NA,0,NA
I4405261331,2017,0,0,NA,0,NA,0,NA
I4405261331,2018,0,0,NA,0,NA,0,NA
I4405261331,2019,0,0,NA,0,NA,0,NA
I4405261331,2020,0,0,NA,0,NA,0,NA
I4405261331,2021,0,0,NA,0,NA,0,NA
I4405261331,2022,0,0,NA,0,NA,0,NA
I4405261331,2023,0,0,NA,0,NA,0,NA
I4405261331,2024,0,0,NA,0,NA,0,NA
I4405261331,2025,0,0,NA,0,NA,0,NA
I4405257988,2006,0,0,NA,0,NA,0,NA
I4405257988,2007,0,0,NA,0,NA,0,NA
I4405257988,2008,0,0,NA,0,NA,0,NA
I4405257988,2009,0,0,NA,0,NA,0,NA
I4405257988,2010,0,0,NA,0,NA,0,NA
I4405257988,2011,0,0,NA,0,NA,0,NA
I4405257988,2012,0,0,NA,0,NA,0,NA
I4405257988,2013,0,0,NA,0,NA,0,NA
I4405257988,2014,0,0,NA,0,NA,0,NA
I4405257988,2015,0,0,NA,0,NA,0,NA
I4405257988,2016,0,0,NA,0,NA,0,NA
I4405257988,2017,0,0,NA,0,NA,0,NA
I4405257988,2018,0,0,NA,0,NA,0,NA
I4405257988,2019,0,0,NA,0,NA,0,NA
I4405257988,2020,0,0,NA,0,NA,0,NA
I4405257988,2021,0,0,NA,0,NA,0,NA
I4405257988,2022,0,0,NA,0,NA,0,NA
I4405257988,2023,0,0,NA,0,NA,0,NA
I4405257988,2024,0,0,NA,0,NA,0,NA
I4405257988,2025,0,0,NA,0,NA,0,NA
I2799983529,2006,0,0,NA,0,NA,0,NA
I2799983529,2007,0,0,NA,0,NA,0,NA
I2799983529,2008,0,0,NA,0,NA,0,NA
I2799983529,2009,0,0,NA,0,NA,0,NA
I2799983529,2010,0,0,NA,0,NA,0,NA
I2799983529,2011,0,0,NA,0,NA,0,NA
I2799983529,2012,0,0,NA,0,NA,0,NA
I2799983529,2013,0,0,NA,0,NA,0,NA
I2799983529,2014,0,0,NA,0,NA,0,NA
I2799983529,2015,0,0,NA,0,NA,0,NA
I2799983529,2016,0,0,NA,0,NA,0,NA
I2799983529,2017,0,0,NA,0,NA,0,NA
I2799983529,2018,0,0,NA,0,NA,0,NA
I2799983529,2019,0,0,NA,0,NA,0,NA
I2799983529,2020,0,0,NA,0,NA,0,NA
I2799983529,2021,0,0,NA,0,NA,0,NA
I2799983529,2022,0,0,NA,0,NA,0,NA
I2799983529,2023,0,0,NA,0,NA,0,NA
I2799983529,2024,0,0,NA,0,NA,0,NA
I2799983529,2025,0,0,NA,0,NA,0,NA
I4405259310,2006,0,0,NA,0,NA,0,NA
I4405259310,2007,0,0,NA,0,NA,0,NA
I4405259310,2008,0,0,NA,0,NA,0,NA
I4405259310,2009,0,0,NA,0,NA,0,NA
I4405259310,2010,0,0,NA,0,NA,0,NA
I4405259310,2011,0,0,NA,0,NA,0,NA
I4405259310,2012,0,0,NA,0,NA,0,NA
I4405259310,2013,0,0,NA,0,NA,0,NA
I4405259310,2014,0,0,NA,0,NA,0,NA
I4405259310,2015,0,0,NA,0,NA,0,NA
I4405259310,2016,0,0,NA,0,NA,0,NA
I4405259310,2017,0,0,NA,0,NA,0,NA
I4405259310,2018,0,0,NA,0,NA,0,NA
I4405259310,2019,0,0,NA,0,NA,0,NA
I4405259310,2020,0,0,NA,0,NA,0,NA
I4405259310,2021,0,0,NA,0,NA,0,NA
I4405259310,2022,0,0,NA,0,NA,0,NA
I4405259310,2023,0,0,NA,0,NA,0,NA
I4405259310,2024,0,0,NA,0,NA,0,NA
I4405259310,2025,0,0,NA,0,NA,0,NA
I32284924,2006,0,0,NA,0,NA,0,NA
I32284924,2007,0,0,NA,0,NA,0,NA
I32284924,2008,0,0,NA,0,NA,0,NA
I32284924,2009,0,0,NA,0,NA,0,NA
I32284924,2010,0,0,NA,0,NA,0,NA
I32284924,2011,0,0,NA,0,NA,0,NA
I32284924,2012,0,0,NA,0,NA,0,NA
I32284924,2013,0,0,NA,0,NA,0,NA
I32284924,2014,0,0,NA,0,NA,0,NA
I32284924,2015,0,0,NA,0,NA,0,NA
I32284924,2016,0,0,NA,0,NA,0,NA
I32284924,2017,0,0,NA,0,NA,0,NA
I32284924,2018,0,0,NA,0,NA,0,NA
I32284924,2019,0,0,NA,0,NA,0,NA
I32284924,2020,0,0,NA,0,NA,0,NA
I32284924,2021,0,0,NA,0,NA,0,NA
I32284924,2022,0,0,NA,0,NA,0,NA
I32284924,2023,0,0,NA,0,NA,0,NA
I32284924,2024,0,0,NA,0,NA,0,NA
I32284924,2025,0,0,NA,0,NA,0,NA
I4210087798,2006,0,0,NA,0,NA,0,NA
I4210087798,2007,0,0,NA,0,NA,0,NA
I4210087798,2008,0,0,NA,0,NA,0,NA
I4210087798,2009,0,0,NA,0,NA,0,NA
I4210087798,2010,0,0,NA,0,NA,0,NA
I4210087798,2011,0,0,NA,0,NA,0,NA
I4210087798,2012,0,0,NA,0,NA,0,NA
I4210087798,2013,0,0,NA,0,NA,0,NA
I4210087798,2014,0,0,NA,0,NA,0,NA
I4210087798,2015,0,0,NA,0,NA,0,NA
I4210087798,2016,0,0,NA,0,NA,0,NA
I4210087798,2017,0,0,NA,0,NA,0,NA
I4210087798,2018,0,0,NA,0,NA,0,NA
I4210087798,2019,0,0,NA,0,NA,0,NA
I4210087798,2020,0,0,NA,0,NA,0,NA
I4210087798,2021,0,0,NA,0,NA,0,NA
I4210087798,2022,0,0,NA,0,NA,0,NA
I4210087798,2023,0,0,NA,0,NA,0,NA
I4210087798,2024,0,0,NA,0,NA,0,NA
I4210087798,2025,0,0,NA,0,NA,0,NA
I4405258823,2006,0,0,NA,0,NA,0,NA
I4405258823,2007,0,0,NA,0,NA,0,NA
I4405258823,2008,0,0,NA,0,NA,0,NA
I4405258823,2009,0,0,NA,0,NA,0,NA
I4405258823,2010,0,0,NA,0,NA,0,NA
I4405258823,2011,0,0,NA,0,NA,0,NA
I4405258823,2012,0,0,NA,0,NA,0,NA
I4405258823,2013,0,0,NA,0,NA,0,NA
I4405258823,2014,0,0,NA,0,NA,0,NA
I4405258823,2015,0,0,NA,0,NA,0,NA
I4405258823,2016,0,0,NA,0,NA,0,NA
I4405258823,2017,0,0,NA,0,NA,0,NA
I4405258823,2018,0,0,NA,0,NA,0,NA
I4405258823,2019,0,0,NA,0,NA,0,NA
I4405258823,2020,0,0,NA,0,NA,0,NA
I4405258823,2021,0,0,NA,0,NA,0,NA
I4405258823,2022,0,0,NA,0,NA,0,NA
I4405258823,2023,0,0,NA,0,NA,0,NA
I4405258823,2024,0,0,NA,0,NA,0,NA
I4405258823,2025,0,0,NA,0,NA,0,NA
I186771145,2006,0,0,NA,0,NA,0,NA
I186771145,2007,0,0,NA,0,NA,0,NA
I186771145,2008,0,0,NA,0,NA,0,NA
I186771145,2009,0,0,NA,0,NA,0,NA
I186771145,2010,0,0,NA,0,NA,0,NA
I186771145,2011,0,0,NA,0,NA,0,NA
I186771145,2012,0,0,NA,0,NA,0,NA
I186771145,2013,0,0,NA,0,NA,0,NA
I186771145,2014,0,0,NA,0,NA,0,NA
I186771145,2015,0,0,NA,0,NA,0,NA
I186771145,2016,0,0,NA,0,NA,0,NA
I186771145,2017,0,0,NA,0,NA,0,NA
I186771145,2018,0,0,NA,0,NA,0,NA
I186771145,2019,0,0,NA,0,NA,0,NA
I186771145,2020,0,0,NA,0,NA,0,NA
I186771145,2021,0,0,NA,0,NA,0,NA
I186771145,2022,0,0,NA,0,NA,0,NA
I186771145,2023,0,0,NA,0,NA,0,NA
I186771145,2024,0,0,NA,0,NA,0,NA
I186771145,2025,0,0,NA,0,NA,0,NA
I4210097695,2006,0,0,NA,0,NA,0,NA
I4210097695,2007,0,0,NA,0,NA,0,NA
I4210097695,2008,0,0,NA,0,NA,0,NA
I4210097695,2009,0,0,NA,0,NA,0,NA
I4210097695,2010,0,0,NA,0,NA,0,NA
I4210097695,2011,0,0,NA,0,NA,0,NA
I4210097695,2012,0,0,NA,0,NA,0,NA
I4210097695,2013,0,0,NA,0,NA,0,NA
I4210097695,2014,0,0,NA,0,NA,0,NA
I4210097695,2015,0,0,NA,0,NA,0,NA
I4210097695,2016,0,0,NA,0,NA,0,NA
I4210097695,2017,0,0,NA,0,NA,0,NA
I4210097695,2018,0,0,NA,0,NA,0,NA
I4210097695,2019,0,0,NA,0,NA,0,NA
I4210097695,2020,0,0,NA,0,NA,0,NA
I4210097695,2021,0,0,NA,0,NA,0,NA
I4210097695,2022,0,0,NA,0,NA,0,NA
I4210097695,2023,0,0,NA,0,NA,0,NA
I4210097695,2024,0,0,NA,0,NA,0,NA
I4210097695,2025,0,0,NA,0,NA,0,NA
I3131076172,2006,0,0,NA,0,NA,0,NA
I3131076172,2007,0,0,NA,0,NA,0,NA
I3131076172,2008,0,0,NA,0,NA,0,NA
I3131076172,2009,0,0,NA,0,NA,0,NA
I3131076172,2010,0,0,NA,0,NA,0,NA
I3131076172,2011,0,0,NA,0,NA,0,NA
I3131076172,2012,0,0,NA,0,NA,0,NA
I3131076172,2013,0,0,NA,0,NA,0,NA
I3131076172,2014,0,0,NA,0,NA,0,NA
I3131076172,2015,0,0,NA,0,NA,0,NA
I3131076172,2016,0,0,NA,0,NA,0,NA
I3131076172,2017,0,0,NA,0,NA,0,NA
I3131076172,2018,0,0,NA,0,NA,0,NA
I3131076172,2019,0,0,NA,0,NA,0,NA
I3131076172,2020,0,0,NA,0,NA,0,NA
I3131076172,2021,0,0,NA,0,NA,0,NA
I3131076172,2022,0,0,NA,0,NA,0,NA
I3131076172,2023,0,0,NA,0,NA,0,NA
I3131076172,2024,0,0,NA,0,NA,0,NA
I3131076172,2025,0,0,NA,0,NA,0,NA
I172614708,2006,0,0,NA,0,NA,0,NA
I172614708,2007,0,0,NA,0,NA,0,NA
I172614708,2008,0,0,NA,0,NA,0,NA
I172614708,2009,0,0,NA,0,NA,0,NA
I172614708,2010,0,0,NA,0,NA,0,NA
I172614708,2011,0,0,NA,0,NA,0,NA
I172614708,2012,0,0,NA,0,NA,0,NA
I172614708,2013,0,0,NA,0,NA,0,NA
I172614708,2014,0,0,NA,0,NA,0,NA
I172614708,2015,0,0,NA,0,NA,0,NA
I172614708,2016,0,0,NA,0,NA,0,NA
I172614708,2017,0,0,NA,0,NA,0,NA
I172614708,2018,0,0,NA,0,NA,0,NA
I172614708,2019,0,0,NA,0,NA,0,NA
I172614708,2020,0,0,NA,0,NA,0,NA
I172614708,2021,0,0,NA,0,NA,0,NA
I172614708,2022,0,0,NA,0,NA,0,NA
I172614708,2023,0,0,NA,0,NA,0,NA
I172614708,2024,0,0,NA,0,NA,0,NA
I172614708,2025,0,0,NA,0,NA,0,NA
I3132763504,2006,0,0,NA,0,NA,0,NA
I3132763504,2007,0,0,NA,0,NA,0,NA
I3132763504,2008,0,0,NA,0,NA,0,NA
I3132763504,2009,0,0,NA,0,NA,0,NA
I3132763504,2010,0,0,NA,0,NA,0,NA
I3132763504,2011,0,0,NA,0,NA,0,NA
I3132763504,2012,0,0,NA,0,NA,0,NA
I3132763504,2013,0,0,NA,0,NA,0,NA
I3132763504,2014,0,0,NA,0,NA,0,NA
I3132763504,2015,0,0,NA,0,NA,0,NA
I3132763504,2016,0,0,NA,0,NA,0,NA
I3132763504,2017,0,0,NA,0,NA,0,NA
I3132763504,2018,0,0,NA,0,NA,0,NA
I3132763504,2019,0,0,NA,0,NA,0,NA
I3132763504,2020,0,0,NA,0,NA,0,NA
I3132763504,2021,0,0,NA,0,NA,0,NA
I3132763504,2022,0,0,NA,0,NA,0,NA
I3132763504,2023,0,0,NA,0,NA,0,NA
I3132763504,2024,0,0,NA,0,NA,0,NA
I3132763504,2025,0,0,NA,0,NA,0,NA
I4405260115,2006,0,0,NA,0,NA,0,NA
I4405260115,2007,0,0,NA,0,NA,0,NA
I4405260115,2008,0,0,NA,0,NA,0,NA
I4405260115,2009,0,0,NA,0,NA,0,NA
I4405260115,2010,0,0,NA,0,NA,0,NA
I4405260115,2011,0,0,NA,0,NA,0,NA
I4405260115,2012,0,0,NA,0,NA,0,NA
I4405260115,2013,0,0,NA,0,NA,0,NA
I4405260115,2014,0,0,NA,0,NA,0,NA
I4405260115,2015,0,0,NA,0,NA,0,NA
I4405260115,2016,0,0,NA,0,NA,0,NA
I4405260115,2017,0,0,NA,0,NA,0,NA
I4405260115,2018,0,0,NA,0,NA,0,NA
I4405260115,2019,0,0,NA,0,NA,0,NA
I4405260115,2020,0,0,NA,0,NA,0,NA
I4405260115,2021,0,0,NA,0,NA,0,NA
I4405260115,2022,0,0,NA,0,NA,0,NA
I4405260115,2023,0,0,NA,0,NA,0,NA
I4405260115,2024,0,0,NA,0,NA,0,NA
I4405260115,2025,0,0,NA,0,NA,0,NA
I4210110797,2006,0,0,NA,0,NA,0,NA
I4210110797,2007,0,0,NA,0,NA,0,NA
I4210110797,2008,0,0,NA,0,NA,0,NA
I4210110797,2009,0,0,NA,0,NA,0,NA
I4210110797,2010,0,0,NA,0,NA,0,NA
I4210110797,2011,0,0,NA,0,NA,0,NA
I4210110797,2012,0,0,NA,0,NA,0,NA
I4210110797,2013,0,0,NA,0,NA,0,NA
I4210110797,2014,0,0,NA,0,NA,0,NA
I4210110797,2015,0,0,NA,0,NA,0,NA
I4210110797,2016,0,0,NA,0,NA,0,NA
I4210110797,2017,0,0,NA,0,NA,0,NA
I4210110797,2018,0,0,NA,0,NA,0,NA
I4210110797,2019,0,0,NA,0,NA,0,NA
I4210110797,2020,0,0,NA,0,NA,0,NA
I4210110797,2021,0,0,NA,0,NA,0,NA
I4210110797,2022,0,0,NA,0,NA,0,NA
I4210110797,2023,0,0,NA,0,NA,0,NA
I4210110797,2024,0,0,NA,0,NA,0,NA
I4210110797,2025,0,0,NA,0,NA,0,NA
I4210122687,2006,0,0,NA,0,NA,0,NA
I4210122687,2007,0,0,NA,0,NA,0,NA
I4210122687,2008,0,0,NA,0,NA,0,NA
I4210122687,2009,0,0,NA,0,NA,0,NA
I4210122687,2010,0,0,NA,0,NA,0,NA
I4210122687,2011,0,0,NA,0,NA,0,NA
I4210122687,2012,0,0,NA,0,NA,0,NA
I4210122687,2013,0,0,NA,0,NA,0,NA
I4210122687,2014,0,0,NA,0,NA,0,NA
I4210122687,2015,0,0,NA,0,NA,0,NA
I4210122687,2016,0,0,NA,0,NA,0,NA
I4210122687,2017,0,0,NA,0,NA,0,NA
I4210122687,2018,0,0,NA,0,NA,0,NA
I4210122687,2019,0,0,NA,0,NA,0,NA
I4210122687,2020,0,0,NA,0,NA,0,NA
I4210122687,2021,0,0,NA,0,NA,0,NA
I4210122687,2022,0,0,NA,0,NA,0,NA
I4210122687,2023,0,0,NA,0,NA,0,NA
I4210122687,2024,0,0,NA,0,NA,0,NA
I4210122687,2025,0,0,NA,0,NA,0,NA
I4210104267,2006,0,0,NA,0,NA,0,NA
I4210104267,2007,0,0,NA,0,NA,0,NA
I4210104267,2008,0,0,NA,0,NA,0,NA
I4210104267,2009,0,0,NA,0,NA,0,NA
I4210104267,2010,0,0,NA,0,NA,0,NA
I4210104267,2011,0,0,NA,0,NA,0,NA
I4210104267,2012,0,0,NA,0,NA,0,NA
I4210104267,2013,0,0,NA,0,NA,0,NA
I4210104267,2014,0,0,NA,0,NA,0,NA
I4210104267,2015,0,0,NA,0,NA,0,NA
I4210104267,2016,0,0,NA,0,NA,0,NA
I4210104267,2017,0,0,NA,0,NA,0,NA
I4210104267,2018,0,0,NA,0,NA,0,NA
I4210104267,2019,0,0,NA,0,NA,0,NA
I4210104267,2020,0,0,NA,0,NA,0,NA
I4210104267,2021,0,0,NA,0,NA,0,NA
I4210104267,2022,0,0,NA,0,NA,0,NA
I4210104267,2023,0,0,NA,0,NA,0,NA
I4210104267,2024,0,0,NA,0,NA,0,NA
I4210104267,2025,0,0,NA,0,NA,0,NA
I4210113743,2006,0,0,NA,0,NA,0,NA
I4210113743,2007,0,0,NA,0,NA,0,NA
I4210113743,2008,0,0,NA,0,NA,0,NA
I4210113743,2009,0,0,NA,0,NA,0,NA
I4210113743,2010,0,0,NA,0,NA,0,NA
I4210113743,2011,0,0,NA,0,NA,0,NA
I4210113743,2012,0,0,NA,0,NA,0,NA
I4210113743,2013,0,0,NA,0,NA,0,NA
I4210113743,2014,0,0,NA,0,NA,0,NA
I4210113743,2015,0,0,NA,0,NA,0,NA
I4210113743,2016,0,0,NA,0,NA,0,NA
I4210113743,2017,0,0,NA,0,NA,0,NA
I4210113743,2018,0,0,NA,0,NA,0,NA
I4210113743,2019,0,0,NA,0,NA,0,NA
I4210113743,2020,0,0,NA,0,NA,0,NA
I4210113743,2021,0,0,NA,0,NA,0,NA
I4210113743,2022,0,0,NA,0,NA,0,NA
I4210113743,2023,0,0,NA,0,NA,0,NA
I4210113743,2024,0,0,NA,0,NA,0,NA
I4210113743,2025,0,0,NA,0,NA,0,NA
I4405259479,2006,0,0,NA,0,NA,0,NA
I4405259479,2007,0,0,NA,0,NA,0,NA
I4405259479,2008,0,0,NA,0,NA,0,NA
I4405259479,2009,0,0,NA,0,NA,0,NA
I4405259479,2010,0,0,NA,0,NA,0,NA
I4405259479,2011,0,0,NA,0,NA,0,NA
I4405259479,2012,0,0,NA,0,NA,0,NA
I4405259479,2013,0,0,NA,0,NA,0,NA
I4405259479,2014,0,0,NA,0,NA,0,NA
I4405259479,2015,0,0,NA,0,NA,0,NA
I4405259479,2016,0,0,NA,0,NA,0,NA
I4405259479,2017,0,0,NA,0,NA,0,NA
I4405259479,2018,0,0,NA,0,NA,0,NA
I4405259479,2019,0,0,NA,0,NA,0,NA
I4405259479,2020,0,0,NA,0,NA,0,NA
I4405259479,2021,0,0,NA,0,NA,0,NA
I4405259479,2022,0,0,NA,0,NA,0,NA
I4405259479,2023,0,0,NA,0,NA,0,NA
I4405259479,2024,0,0,NA,0,NA,0,NA
I4405259479,2025,0,0,NA,0,NA,0,NA
I169744251,2006,0,0,NA,0,NA,0,NA
I169744251,2007,0,0,NA,0,NA,0,NA
I169744251,2008,0,0,NA,0,NA,0,NA
I169744251,2009,0,0,NA,0,NA,0,NA
I169744251,2010,0,0,NA,0,NA,0,NA
I169744251,2011,0,0,NA,0,NA,0,NA
I169744251,2012,0,0,NA,0,NA,0,NA
I169744251,2013,0,0,NA,0,NA,0,NA
I169744251,2014,0,0,NA,0,NA,0,NA
I169744251,2015,0,0,NA,0,NA,0,NA
I169744251,2016,0,0,NA,0,NA,0,NA
I169744251,2017,0,0,NA,0,NA,0,NA
I169744251,2018,0,0,NA,0,NA,0,NA
I169744251,2019,0,0,NA,0,NA,0,NA
I169744251,2020,0,0,NA,0,NA,0,NA
I169744251,2021,0,0,NA,0,NA,0,NA
I169744251,2022,0,0,NA,0,NA,0,NA
I169744251,2023,0,0,NA,0,NA,0,NA
I169744251,2024,0,0,NA,0,NA,0,NA
I169744251,2025,0,0,NA,0,NA,0,NA
I3130154354,2006,0,0,NA,0,NA,0,NA
I3130154354,2007,0,0,NA,0,NA,0,NA
I3130154354,2008,0,0,NA,0,NA,0,NA
I3130154354,2009,0,0,NA,0,NA,0,NA
I3130154354,2010,0,0,NA,0,NA,0,NA
I3130154354,2011,0,0,NA,0,NA,0,NA
I3130154354,2012,0,0,NA,0,NA,0,NA
I3130154354,2013,0,0,NA,0,NA,0,NA
I3130154354,2014,0,0,NA,0,NA,0,NA
I3130154354,2015,0,0,NA,0,NA,0,NA
I3130154354,2016,0,0,NA,0,NA,0,NA
I3130154354,2017,0,0,NA,0,NA,0,NA
I3130154354,2018,0,0,NA,0,NA,0,NA
I3130154354,2019,0,0,NA,0,NA,0,NA
I3130154354,2020,0,0,NA,0,NA,0,NA
I3130154354,2021,0,0,NA,0,NA,0,NA
I3130154354,2022,0,0,NA,0,NA,0,NA
I3130154354,2023,0,0,NA,0,NA,0,NA
I3130154354,2024,0,0,NA,0,NA,0,NA
I3130154354,2025,0,0,NA,0,NA,0,NA
I195608997,2006,0,0,NA,0,NA,0,NA
I195608997,2007,0,0,NA,0,NA,0,NA
I195608997,2008,0,0,NA,0,NA,0,NA
I195608997,2009,0,0,NA,0,NA,0,NA
I195608997,2010,0,0,NA,0,NA,0,NA
I195608997,2011,0,0,NA,0,NA,0,NA
I195608997,2012,0,0,NA,0,NA,0,NA
I195608997,2013,0,0,NA,0,NA,0,NA
I195608997,2014,0,0,NA,0,NA,0,NA
I195608997,2015,0,0,NA,0,NA,0,NA
I195608997,2016,0,0,NA,0,NA,0,NA
I195608997,2017,0,0,NA,0,NA,0,NA
I195608997,2018,0,0,NA,0,NA,0,NA
I195608997,2019,0,0,NA,0,NA,0,NA
I195608997,2020,0,0,NA,0,NA,0,NA
I195608997,2021,0,0,NA,0,NA,0,NA
I195608997,2022,0,0,NA,0,NA,0,NA
I195608997,2023,0,0,NA,0,NA,0,NA
I195608997,2024,0,0,NA,0,NA,0,NA
I195608997,2025,0,0,NA,0,NA,0,NA
I4405255170,2006,0,0,NA,0,NA,0,NA
I4405255170,2007,0,0,NA,0,NA,0,NA
I4405255170,2008,0,0,NA,0,NA,0,NA
I4405255170,2009,0,0,NA,0,NA,0,NA
I4405255170,2010,0,0,NA,0,NA,0,NA
I4405255170,2011,0,0,NA,0,NA,0,NA
I4405255170,2012,0,0,NA,0,NA,0,NA
I4405255170,2013,0,0,NA,0,NA,0,NA
I4405255170,2014,0,0,NA,0,NA,0,NA
I4405255170,2015,0,0,NA,0,NA,0,NA
I4405255170,2016,0,0,NA,0,NA,0,NA
I4405255170,2017,0,0,NA,0,NA,0,NA
I4405255170,2018,0,0,NA,0,NA,0,NA
I4405255170,2019,0,0,NA,0,NA,0,NA
I4405255170,2020,0,0,NA,0,NA,0,NA
I4405255170,2021,0,0,NA,0,NA,0,NA
I4405255170,2022,0,0,NA,0,NA,0,NA
I4405255170,2023,0,0,NA,0,NA,0,NA
I4405255170,2024,0,0,NA,0,NA,0,NA
I4405255170,2025,0,0,NA,0,NA,0,NA
I44288286,2006,0,0,NA,0,NA,0,NA
I44288286,2007,0,0,NA,0,NA,0,NA
I44288286,2008,0,0,NA,0,NA,0,NA
I44288286,2009,0,0,NA,0,NA,0,NA
I44288286,2010,0,0,NA,0,NA,0,NA
I44288286,2011,0,0,NA,0,NA,0,NA
I44288286,2012,0,0,NA,0,NA,0,NA
I44288286,2013,0,0,NA,0,NA,0,NA
I44288286,2014,0,0,NA,0,NA,0,NA
I44288286,2015,0,0,NA,0,NA,0,NA
I44288286,2016,0,0,NA,0,NA,0,NA
I44288286,2017,0,0,NA,0,NA,0,NA
I44288286,2018,0,0,NA,0,NA,0,NA
I44288286,2019,0,0,NA,0,NA,0,NA
I44288286,2020,0,0,NA,0,NA,0,NA
I44288286,2021,0,0,NA,0,NA,0,NA
I44288286,2022,0,0,NA,0,NA,0,NA
I44288286,2023,0,0,NA,0,NA,0,NA
I44288286,2024,0,0,NA,0,NA,0,NA
I44288286,2025,0,0,NA,0,NA,0,NA
I1282700336,2006,0,0,NA,0,NA,0,NA
I1282700336,2007,0,0,NA,0,NA,0,NA
I1282700336,2008,0,0,NA,0,NA,0,NA
I1282700336,2009,0,0,NA,0,NA,0,NA
I1282700336,2010,0,0,NA,0,NA,0,NA
I1282700336,2011,0,0,NA,0,NA,0,NA
I1282700336,2012,0,0,NA,0,NA,0,NA
I1282700336,2013,0,0,NA,0,NA,0,NA
I1282700336,2014,0,0,NA,0,NA,0,NA
I1282700336,2015,0,0,NA,0,NA,0,NA
I1282700336,2016,0,0,NA,0,NA,0,NA
I1282700336,2017,0,0,NA,0,NA,0,NA
I1282700336,2018,0,0,NA,0,NA,0,NA
I1282700336,2019,0,0,NA,0,NA,0,NA
I1282700336,2020,0,0,NA,0,NA,0,NA
I1282700336,2021,0,0,NA,0,NA,0,NA
I1282700336,2022,0,0,NA,0,NA,0,NA
I1282700336,2023,0,0,NA,0,NA,0,NA
I1282700336,2024,0,0,NA,0,NA,0,NA
I1282700336,2025,0,0,NA,0,NA,0,NA
I916065895,2006,0,0,NA,0,NA,0,NA
I916065895,2007,0,0,NA,0,NA,0,NA
I916065895,2008,0,0,NA,0,NA,0,NA
I916065895,2009,0,0,NA,0,NA,0,NA
I916065895,2010,0,0,NA,0,NA,0,NA
I916065895,2011,0,0,NA,0,NA,0,NA
I916065895,2012,0,0,NA,0,NA,0,NA
I916065895,2013,0,0,NA,0,NA,0,NA
I916065895,2014,0,0,NA,0,NA,0,NA
I916065895,2015,0,0,NA,0,NA,0,NA
I916065895,2016,0,0,NA,0,NA,0,NA
I916065895,2017,0,0,NA,0,NA,0,NA
I916065895,2018,0,0,NA,0,NA,0,NA
I916065895,2019,0,0,NA,0,NA,0,NA
I916065895,2020,0,0,NA,0,NA,0,NA
I916065895,2021,0,0,NA,0,NA,0,NA
I916065895,2022,0,0,NA,0,NA,0,NA
I916065895,2023,0,0,NA,0,NA,0,NA
I916065895,2024,0,0,NA,0,NA,0,NA
I916065895,2025,0,0,NA,0,NA,0,NA
I4210117424,2006,0,0,NA,0,NA,0,NA
I4210117424,2007,0,0,NA,0,NA,0,NA
I4210117424,2008,0,0,NA,0,NA,0,NA
I4210117424,2009,0,0,NA,0,NA,0,NA
I4210117424,2010,0,0,NA,0,NA,0,NA
I4210117424,2011,0,0,NA,0,NA,0,NA
I4210117424,2012,0,0,NA,0,NA,0,NA
I4210117424,2013,0,0,NA,0,NA,0,NA
I4210117424,2014,0,0,NA,0,NA,0,NA
I4210117424,2015,0,0,NA,0,NA,0,NA
I4210117424,2016,0,0,NA,0,NA,0,NA
I4210117424,2017,0,0,NA,0,NA,0,NA
I4210117424,2018,0,0,NA,0,NA,0,NA
I4210117424,2019,0,0,NA,0,NA,0,NA
I4210117424,2020,0,0,NA,0,NA,0,NA
I4210117424,2021,0,0,NA,0,NA,0,NA
I4210117424,2022,0,0,NA,0,NA,0,NA
I4210117424,2023,0,0,NA,0,NA,0,NA
I4210117424,2024,0,0,NA,0,NA,0,NA
I4210117424,2025,0,0,NA,0,NA,0,NA
I344018163,2006,0,0,NA,0,NA,0,NA
I344018163,2007,0,0,NA,0,NA,0,NA
I344018163,2008,0,0,NA,0,NA,0,NA
I344018163,2009,0,0,NA,0,NA,0,NA
I344018163,2010,0,0,NA,0,NA,0,NA
I344018163,2011,0,0,NA,0,NA,0,NA
I344018163,2012,0,0,NA,0,NA,0,NA
I344018163,2013,0,0,NA,0,NA,0,NA
I344018163,2014,0,0,NA,0,NA,0,NA
I344018163,2015,0,0,NA,0,NA,0,NA
I344018163,2016,0,0,NA,0,NA,0,NA
I344018163,2017,0,0,NA,0,NA,0,NA
I344018163,2018,0,0,NA,0,NA,0,NA
I344018163,2019,0,0,NA,0,NA,0,NA
I344018163,2020,0,0,NA,0,NA,0,NA
I344018163,2021,0,0,NA,0,NA,0,NA
I344018163,2022,0,0,NA,0,NA,0,NA
I344018163,2023,0,0,NA,0,NA,0,NA
I344018163,2024,0,0,NA,0,NA,0,NA
I344018163,2025,0,0,NA,0,NA,0,NA
I4405259924,2006,0,0,NA,0,NA,0,NA
I4405259924,2007,0,0,NA,0,NA,0,NA
I4405259924,2008,0,0,NA,0,NA,0,NA
I4405259924,2009,0,0,NA,0,NA,0,NA
I4405259924,2010,0,0,NA,0,NA,0,NA
I4405259924,2011,0,0,NA,0,NA,0,NA
I4405259924,2012,0,0,NA,0,NA,0,NA
I4405259924,2013,0,0,NA,0,NA,0,NA
I4405259924,2014,0,0,NA,0,NA,0,NA
I4405259924,2015,0,0,NA,0,NA,0,NA
I4405259924,2016,0,0,NA,0,NA,0,NA
I4405259924,2017,0,0,NA,0,NA,0,NA
I4405259924,2018,0,0,NA,0,NA,0,NA
I4405259924,2019,0,0,NA,0,NA,0,NA
I4405259924,2020,0,0,NA,0,NA,0,NA
I4405259924,2021,0,0,NA,0,NA,0,NA
I4405259924,2022,0,0,NA,0,NA,0,NA
I4405259924,2023,0,0,NA,0,NA,0,NA
I4405259924,2024,0,0,NA,0,NA,0,NA
I4405259924,2025,0,0,NA,0,NA,0,NA
I2802029997,2006,0,0,NA,0,NA,0,NA
I2802029997,2007,0,0,NA,0,NA,0,NA
I2802029997,2008,0,0,NA,0,NA,0,NA
I2802029997,2009,0,0,NA,0,NA,0,NA
I2802029997,2010,0,0,NA,0,NA,0,NA
I2802029997,2011,0,0,NA,0,NA,0,NA
I2802029997,2012,0,0,NA,0,NA,0,NA
I2802029997,2013,0,0,NA,0,NA,0,NA
I2802029997,2014,0,0,NA,0,NA,0,NA
I2802029997,2015,0,0,NA,0,NA,0,NA
I2802029997,2016,0,0,NA,0,NA,0,NA
I2802029997,2017,0,0,NA,0,NA,0,NA
I2802029997,2018,0,0,NA,0,NA,0,NA
I2802029997,2019,0,0,NA,0,NA,0,NA
I2802029997,2020,0,0,NA,0,NA,0,NA
I2802029997,2021,0,0,NA,0,NA,0,NA
I2802029997,2022,0,0,NA,0,NA,0,NA
I2802029997,2023,0,0,NA,0,NA,0,NA
I2802029997,2024,0,0,NA,0,NA,0,NA
I2802029997,2025,0,0,NA,0,NA,0,NA
I4405256528,2006,0,0,NA,0,NA,0,NA
I4405256528,2007,0,0,NA,0,NA,0,NA
I4405256528,2008,0,0,NA,0,NA,0,NA
I4405256528,2009,0,0,NA,0,NA,0,NA
I4405256528,2010,0,0,NA,0,NA,0,NA
I4405256528,2011,0,0,NA,0,NA,0,NA
I4405256528,2012,0,0,NA,0,NA,0,NA
I4405256528,2013,0,0,NA,0,NA,0,NA
I4405256528,2014,0,0,NA,0,NA,0,NA
I4405256528,2015,0,0,NA,0,NA,0,NA
I4405256528,2016,0,0,NA,0,NA,0,NA
I4405256528,2017,0,0,NA,0,NA,0,NA
I4405256528,2018,0,0,NA,0,NA,0,NA
I4405256528,2019,0,0,NA,0,NA,0,NA
I4405256528,2020,0,0,NA,0,NA,0,NA
I4405256528,2021,0,0,NA,0,NA,0,NA
I4405256528,2022,0,0,NA,0,NA,0,NA
I4405256528,2023,0,0,NA,0,NA,0,NA
I4405256528,2024,0,0,NA,0,NA,0,NA
I4405256528,2025,0,0,NA,0,NA,0,NA
I193555791,2006,0,0,NA,0,NA,0,NA
I193555791,2007,0,0,NA,0,NA,0,NA
I193555791,2008,0,0,NA,0,NA,0,NA
I193555791,2009,0,0,NA,0,NA,0,NA
I193555791,2010,0,0,NA,0,NA,0,NA
I193555791,2011,0,0,NA,0,NA,0,NA
I193555791,2012,0,0,NA,0,NA,0,NA
I193555791,2013,0,0,NA,0,NA,0,NA
I193555791,2014,0,0,NA,0,NA,0,NA
I193555791,2015,0,0,NA,0,NA,0,NA
I193555791,2016,0,0,NA,0,NA,0,NA
I193555791,2017,0,0,NA,0,NA,0,NA
I193555791,2018,0,0,NA,0,NA,0,NA
I193555791,2019,0,0,NA,0,NA,0,NA
I193555791,2020,0,0,NA,0,NA,0,NA
I193555791,2021,0,0,NA,0,NA,0,NA
I193555791,2022,0,0,NA,0,NA,0,NA
I193555791,2023,0,0,NA,0,NA,0,NA
I193555791,2024,0,0,NA,0,NA,0,NA
I193555791,2025,0,0,NA,0,NA,0,NA
I4405254558,2006,0,0,NA,0,NA,0,NA
I4405254558,2007,0,0,NA,0,NA,0,NA
I4405254558,2008,0,0,NA,0,NA,0,NA
I4405254558,2009,0,0,NA,0,NA,0,NA
I4405254558,2010,0,0,NA,0,NA,0,NA
I4405254558,2011,0,0,NA,0,NA,0,NA
I4405254558,2012,0,0,NA,0,NA,0,NA
I4405254558,2013,0,0,NA,0,NA,0,NA
I4405254558,2014,0,0,NA,0,NA,0,NA
I4405254558,2015,0,0,NA,0,NA,0,NA
I4405254558,2016,0,0,NA,0,NA,0,NA
I4405254558,2017,0,0,NA,0,NA,0,NA
I4405254558,2018,0,0,NA,0,NA,0,NA
I4405254558,2019,0,0,NA,0,NA,0,NA
I4405254558,2020,0,0,NA,0,NA,0,NA
I4405254558,2021,0,0,NA,0,NA,0,NA
I4405254558,2022,0,0,NA,0,NA,0,NA
I4405254558,2023,0,0,NA,0,NA,0,NA
I4405254558,2024,0,0,NA,0,NA,0,NA
I4405254558,2025,0,0,NA,0,NA,0,NA
I882248123,2006,0,0,NA,0,NA,0,NA
I882248123,2007,0,0,NA,0,NA,0,NA
I882248123,2008,0,0,NA,0,NA,0,NA
I882248123,2009,0,0,NA,0,NA,0,NA
I882248123,2010,0,0,NA,0,NA,0,NA
I882248123,2011,0,0,NA,0,NA,0,NA
I882248123,2012,0,0,NA,0,NA,0,NA
I882248123,2013,0,0,NA,0,NA,0,NA
I882248123,2014,0,0,NA,0,NA,0,NA
I882248123,2015,0,0,NA,0,NA,0,NA
I882248123,2016,0,0,NA,0,NA,0,NA
I882248123,2017,0,0,NA,0,NA,0,NA
I882248123,2018,0,0,NA,0,NA,0,NA
I882248123,2019,0,0,NA,0,NA,0,NA
I882248123,2020,0,0,NA,0,NA,0,NA
I882248123,2021,0,0,NA,0,NA,0,NA
I882248123,2022,0,0,NA,0,NA,0,NA
I882248123,2023,0,0,NA,0,NA,0,NA
I882248123,2024,0,0,NA,0,NA,0,NA
I882248123,2025,0,0,NA,0,NA,0,NA
I4405264709,2006,0,0,NA,0,NA,0,NA
I4405264709,2007,0,0,NA,0,NA,0,NA
I4405264709,2008,0,0,NA,0,NA,0,NA
I4405264709,2009,0,0,NA,0,NA,0,NA
I4405264709,2010,0,0,NA,0,NA,0,NA
I4405264709,2011,0,0,NA,0,NA,0,NA
I4405264709,2012,0,0,NA,0,NA,0,NA
I4405264709,2013,0,0,NA,0,NA,0,NA
I4405264709,2014,0,0,NA,0,NA,0,NA
I4405264709,2015,0,0,NA,0,NA,0,NA
I4405264709,2016,0,0,NA,0,NA,0,NA
I4405264709,2017,0,0,NA,0,NA,0,NA
I4405264709,2018,0,0,NA,0,NA,0,NA
I4405264709,2019,0,0,NA,0,NA,0,NA
I4405264709,2020,0,0,NA,0,NA,0,NA
I4405264709,2021,0,0,NA,0,NA,0,NA
I4405264709,2022,0,0,NA,0,NA,0,NA
I4405264709,2023,0,0,NA,0,NA,0,NA
I4405264709,2024,0,0,NA,0,NA,0,NA
I4405264709,2025,0,0,NA,0,NA,0,NA
I4210102760,2006,0,0,NA,0,NA,0,NA
I4210102760,2007,0,0,NA,0,NA,0,NA
I4210102760,2008,0,0,NA,0,NA,0,NA
I4210102760,2009,0,0,NA,0,NA,0,NA
I4210102760,2010,0,0,NA,0,NA,0,NA
I4210102760,2011,0,0,NA,0,NA,0,NA
I4210102760,2012,0,0,NA,0,NA,0,NA
I4210102760,2013,0,0,NA,0,NA,0,NA
I4210102760,2014,0,0,NA,0,NA,0,NA
I4210102760,2015,0,0,NA,0,NA,0,NA
I4210102760,2016,0,0,NA,0,NA,0,NA
I4210102760,2017,0,0,NA,0,NA,0,NA
I4210102760,2018,0,0,NA,0,NA,0,NA
I4210102760,2019,0,0,NA,0,NA,0,NA
I4210102760,2020,0,0,NA,0,NA,0,NA
I4210102760,2021,0,0,NA,0,NA,0,NA
I4210102760,2022,0,0,NA,0,NA,0,NA
I4210102760,2023,0,0,NA,0,NA,0,NA
I4210102760,2024,0,0,NA,0,NA,0,NA
I4210102760,2025,0,0,NA,0,NA,0,NA
I4210136909,2006,0,0,NA,0,NA,0,NA
I4210136909,2007,0,0,NA,0,NA,0,NA
I4210136909,2008,0,0,NA,0,NA,0,NA
I4210136909,2009,0,0,NA,0,NA,0,NA
I4210136909,2010,0,0,NA,0,NA,0,NA
I4210136909,2011,0,0,NA,0,NA,0,NA
I4210136909,2012,0,0,NA,0,NA,0,NA
I4210136909,2013,0,0,NA,0,NA,0,NA
I4210136909,2014,0,0,NA,0,NA,0,NA
I4210136909,2015,0,0,NA,0,NA,0,NA
I4210136909,2016,0,0,NA,0,NA,0,NA
I4210136909,2017,0,0,NA,0,NA,0,NA
I4210136909,2018,0,0,NA,0,NA,0,NA
I4210136909,2019,0,0,NA,0,NA,0,NA
I4210136909,2020,0,0,NA,0,NA,0,NA
I4210136909,2021,0,0,NA,0,NA,0,NA
I4210136909,2022,0,0,NA,0,NA,0,NA
I4210136909,2023,0,0,NA,0,NA,0,NA
I4210136909,2024,0,0,NA,0,NA,0,NA
I4210136909,2025,0,0,NA,0,NA,0,NA
I3131880829,2006,0,0,NA,0,NA,0,NA
I3131880829,2007,0,0,NA,0,NA,0,NA
I3131880829,2008,0,0,NA,0,NA,0,NA
I3131880829,2009,0,0,NA,0,NA,0,NA
I3131880829,2010,0,0,NA,0,NA,0,NA
I3131880829,2011,0,0,NA,0,NA,0,NA
I3131880829,2012,0,0,NA,0,NA,0,NA
I3131880829,2013,0,0,NA,0,NA,0,NA
I3131880829,2014,0,0,NA,0,NA,0,NA
I3131880829,2015,0,0,NA,0,NA,0,NA
I3131880829,2016,0,0,NA,0,NA,0,NA
I3131880829,2017,0,0,NA,0,NA,0,NA
I3131880829,2018,0,0,NA,0,NA,0,NA
I3131880829,2019,0,0,NA,0,NA,0,NA
I3131880829,2020,0,0,NA,0,NA,0,NA
I3131880829,2021,0,0,NA,0,NA,0,NA
I3131880829,2022,0,0,NA,0,NA,0,NA
I3131880829,2023,0,0,NA,0,NA,0,NA
I3131880829,2024,0,0,NA,0,NA,0,NA
I3131880829,2025,0,0,NA,0,NA,0,NA
I4405258287,2006,0,0,NA,0,NA,0,NA
I4405258287,2007,0,0,NA,0,NA,0,NA
I4405258287,2008,0,0,NA,0,NA,0,NA
I4405258287,2009,0,0,NA,0,NA,0,NA
I4405258287,2010,0,0,NA,0,NA,0,NA
I4405258287,2011,0,0,NA,0,NA,0,NA
I4405258287,2012,0,0,NA,0,NA,0,NA
I4405258287,2013,0,0,NA,0,NA,0,NA
I4405258287,2014,0,0,NA,0,NA,0,NA
I4405258287,2015,0,0,NA,0,NA,0,NA
I4405258287,2016,0,0,NA,0,NA,0,NA
I4405258287,2017,0,0,NA,0,NA,0,NA
I4405258287,2018,0,0,NA,0,NA,0,NA
I4405258287,2019,0,0,NA,0,NA,0,NA
I4405258287,2020,0,0,NA,0,NA,0,NA
I4405258287,2021,0,0,NA,0,NA,0,NA
I4405258287,2022,0,0,NA,0,NA,0,NA
I4405258287,2023,0,0,NA,0,NA,0,NA
I4405258287,2024,0,0,NA,0,NA,0,NA
I4405258287,2025,0,0,NA,0,NA,0,NA
I4210092569,2006,0,0,NA,0,NA,0,NA
I4210092569,2007,0,0,NA,0,NA,0,NA
I4210092569,2008,0,0,NA,0,NA,0,NA
I4210092569,2009,0,0,NA,0,NA,0,NA
I4210092569,2010,0,0,NA,0,NA,0,NA
I4210092569,2011,0,0,NA,0,NA,0,NA
I4210092569,2012,0,0,NA,0,NA,0,NA
I4210092569,2013,0,0,NA,0,NA,0,NA
I4210092569,2014,0,0,NA,0,NA,0,NA
I4210092569,2015,0,0,NA,0,NA,0,NA
I4210092569,2016,0,0,NA,0,NA,0,NA
I4210092569,2017,0,0,NA,0,NA,0,NA
I4210092569,2018,0,0,NA,0,NA,0,NA
I4210092569,2019,0,0,NA,0,NA,0,NA
I4210092569,2020,0,0,NA,0,NA,0,NA
I4210092569,2021,0,0,NA,0,NA,0,NA
I4210092569,2022,0,0,NA,0,NA,0,NA
I4210092569,2023,0,0,NA,0,NA,0,NA
I4210092569,2024,0,0,NA,0,NA,0,NA
I4210092569,2025,0,0,NA,0,NA,0,NA
I4405260474,2006,0,0,NA,0,NA,0,NA
I4405260474,2007,0,0,NA,0,NA,0,NA
I4405260474,2008,0,0,NA,0,NA,0,NA
I4405260474,2009,0,0,NA,0,NA,0,NA
I4405260474,2010,0,0,NA,0,NA,0,NA
I4405260474,2011,0,0,NA,0,NA,0,NA
I4405260474,2012,0,0,NA,0,NA,0,NA
I4405260474,2013,0,0,NA,0,NA,0,NA
I4405260474,2014,0,0,NA,0,NA,0,NA
I4405260474,2015,0,0,NA,0,NA,0,NA
I4405260474,2016,0,0,NA,0,NA,0,NA
I4405260474,2017,0,0,NA,0,NA,0,NA
I4405260474,2018,0,0,NA,0,NA,0,NA
I4405260474,2019,0,0,NA,0,NA,0,NA
I4405260474,2020,0,0,NA,0,NA,0,NA
I4405260474,2021,0,0,NA,0,NA,0,NA
I4405260474,2022,0,0,NA,0,NA,0,NA
I4405260474,2023,0,0,NA,0,NA,0,NA
I4405260474,2024,0,0,NA,0,NA,0,NA
I4405260474,2025,0,0,NA,0,NA,0,NA
I4399657967,2006,0,0,NA,0,NA,0,NA
I4399657967,2007,0,0,NA,0,NA,0,NA
I4399657967,2008,0,0,NA,0,NA,0,NA
I4399657967,2009,0,0,NA,0,NA,0,NA
I4399657967,2010,0,0,NA,0,NA,0,NA
I4399657967,2011,0,0,NA,0,NA,0,NA
I4399657967,2012,0,0,NA,0,NA,0,NA
I4399657967,2013,0,0,NA,0,NA,0,NA
I4399657967,2014,0,0,NA,0,NA,0,NA
I4399657967,2015,0,0,NA,0,NA,0,NA
I4399657967,2016,0,0,NA,0,NA,0,NA
I4399657967,2017,0,0,NA,0,NA,0,NA
I4399657967,2018,0,0,NA,0,NA,0,NA
I4399657967,2019,0,0,NA,0,NA,0,NA
I4399657967,2020,0,0,NA,0,NA,0,NA
I4399657967,2021,0,0,NA,0,NA,0,NA
I4399657967,2022,0,0,NA,0,NA,0,NA
I4399657967,2023,0,0,NA,0,NA,0,NA
I4399657967,2024,0,0,NA,0,NA,0,NA
I4399657967,2025,0,0,NA,0,NA,0,NA
I177181097,2006,0,0,NA,0,NA,0,NA
I177181097,2007,0,0,NA,0,NA,0,NA
I177181097,2008,0,0,NA,0,NA,0,NA
I177181097,2009,0,0,NA,0,NA,0,NA
I177181097,2010,0,0,NA,0,NA,0,NA
I177181097,2011,0,0,NA,0,NA,0,NA
I177181097,2012,0,0,NA,0,NA,0,NA
I177181097,2013,0,0,NA,0,NA,0,NA
I177181097,2014,0,0,NA,0,NA,0,NA
I177181097,2015,0,0,NA,0,NA,0,NA
I177181097,2016,0,0,NA,0,NA,0,NA
I177181097,2017,0,0,NA,0,NA,0,NA
I177181097,2018,0,0,NA,0,NA,0,NA
I177181097,2019,0,0,NA,0,NA,0,NA
I177181097,2020,0,0,NA,0,NA,0,NA
I177181097,2021,0,0,NA,0,NA,0,NA
I177181097,2022,0,0,NA,0,NA,0,NA
I177181097,2023,0,0,NA,0,NA,0,NA
I177181097,2024,0,0,NA,0,NA,0,NA
I177181097,2025,0,0,NA,0,NA,0,NA
I4405254846,2006,0,0,NA,0,NA,0,NA
I4405254846,2007,0,0,NA,0,NA,0,NA
I4405254846,2008,0,0,NA,0,NA,0,NA
I4405254846,2009,0,0,NA,0,NA,0,NA
I4405254846,2010,0,0,NA,0,NA,0,NA
I4405254846,2011,0,0,NA,0,NA,0,NA
I4405254846,2012,0,0,NA,0,NA,0,NA
I4405254846,2013,0,0,NA,0,NA,0,NA
I4405254846,2014,0,0,NA,0,NA,0,NA
I4405254846,2015,0,0,NA,0,NA,0,NA
I4405254846,2016,0,0,NA,0,NA,0,NA
I4405254846,2017,0,0,NA,0,NA,0,NA
I4405254846,2018,0,0,NA,0,NA,0,NA
I4405254846,2019,0,0,NA,0,NA,0,NA
I4405254846,2020,0,0,NA,0,NA,0,NA
I4405254846,2021,0,0,NA,0,NA,0,NA
I4405254846,2022,0,0,NA,0,NA,0,NA
I4405254846,2023,0,0,NA,0,NA,0,NA
I4405254846,2024,0,0,NA,0,NA,0,NA
I4405254846,2025,0,0,NA,0,NA,0,NA
I4210161322,2006,0,0,NA,0,NA,0,NA
I4210161322,2007,0,0,NA,0,NA,0,NA
I4210161322,2008,0,0,NA,0,NA,0,NA
I4210161322,2009,0,0,NA,0,NA,0,NA
I4210161322,2010,0,0,NA,0,NA,0,NA
I4210161322,2011,0,0,NA,0,NA,0,NA
I4210161322,2012,0,0,NA,0,NA,0,NA
I4210161322,2013,0,0,NA,0,NA,0,NA
I4210161322,2014,0,0,NA,0,NA,0,NA
I4210161322,2015,0,0,NA,0,NA,0,NA
I4210161322,2016,0,0,NA,0,NA,0,NA
I4210161322,2017,0,0,NA,0,NA,0,NA
I4210161322,2018,0,0,NA,0,NA,0,NA
I4210161322,2019,0,0,NA,0,NA,0,NA
I4210161322,2020,0,0,NA,0,NA,0,NA
I4210161322,2021,0,0,NA,0,NA,0,NA
I4210161322,2022,0,0,NA,0,NA,0,NA
I4210161322,2023,0,0,NA,0,NA,0,NA
I4210161322,2024,0,0,NA,0,NA,0,NA
I4210161322,2025,0,0,NA,0,NA,0,NA
I4210136036,2006,0,0,NA,0,NA,0,NA
I4210136036,2007,0,0,NA,0,NA,0,NA
I4210136036,2008,0,0,NA,0,NA,0,NA
I4210136036,2009,0,0,NA,0,NA,0,NA
I4210136036,2010,0,0,NA,0,NA,0,NA
I4210136036,2011,0,0,NA,0,NA,0,NA
I4210136036,2012,0,0,NA,0,NA,0,NA
I4210136036,2013,0,0,NA,0,NA,0,NA
I4210136036,2014,0,0,NA,0,NA,0,NA
I4210136036,2015,0,0,NA,0,NA,0,NA
I4210136036,2016,0,0,NA,0,NA,0,NA
I4210136036,2017,0,0,NA,0,NA,0,NA
I4210136036,2018,0,0,NA,0,NA,0,NA
I4210136036,2019,0,0,NA,0,NA,0,NA
I4210136036,2020,0,0,NA,0,NA,0,NA
I4210136036,2021,0,0,NA,0,NA,0,NA
I4210136036,2022,0,0,NA,0,NA,0,NA
I4210136036,2023,0,0,NA,0,NA,0,NA
I4210136036,2024,0,0,NA,0,NA,0,NA
I4210136036,2025,0,0,NA,0,NA,0,NA
I4405258526,2006,0,0,NA,0,NA,0,NA
I4405258526,2007,0,0,NA,0,NA,0,NA
I4405258526,2008,0,0,NA,0,NA,0,NA
I4405258526,2009,0,0,NA,0,NA,0,NA
I4405258526,2010,0,0,NA,0,NA,0,NA
I4405258526,2011,0,0,NA,0,NA,0,NA
I4405258526,2012,0,0,NA,0,NA,0,NA
I4405258526,2013,0,0,NA,0,NA,0,NA
I4405258526,2014,0,0,NA,0,NA,0,NA
I4405258526,2015,0,0,NA,0,NA,0,NA
I4405258526,2016,0,0,NA,0,NA,0,NA
I4405258526,2017,0,0,NA,0,NA,0,NA
I4405258526,2018,0,0,NA,0,NA,0,NA
I4405258526,2019,0,0,NA,0,NA,0,NA
I4405258526,2020,0,0,NA,0,NA,0,NA
I4405258526,2021,0,0,NA,0,NA,0,NA
I4405258526,2022,0,0,NA,0,NA,0,NA
I4405258526,2023,0,0,NA,0,NA,0,NA
I4405258526,2024,0,0,NA,0,NA,0,NA
I4405258526,2025,0,0,NA,0,NA,0,NA
I4210153503,2006,0,0,NA,0,NA,0,NA
I4210153503,2007,0,0,NA,0,NA,0,NA
I4210153503,2008,0,0,NA,0,NA,0,NA
I4210153503,2009,0,0,NA,0,NA,0,NA
I4210153503,2010,0,0,NA,0,NA,0,NA
I4210153503,2011,0,0,NA,0,NA,0,NA
I4210153503,2012,0,0,NA,0,NA,0,NA
I4210153503,2013,0,0,NA,0,NA,0,NA
I4210153503,2014,0,0,NA,0,NA,0,NA
I4210153503,2015,0,0,NA,0,NA,0,NA
I4210153503,2016,0,0,NA,0,NA,0,NA
I4210153503,2017,0,0,NA,0,NA,0,NA
I4210153503,2018,0,0,NA,0,NA,0,NA
I4210153503,2019,0,0,NA,0,NA,0,NA
I4210153503,2020,0,0,NA,0,NA,0,NA
I4210153503,2021,0,0,NA,0,NA,0,NA
I4210153503,2022,0,0,NA,0,NA,0,NA
I4210153503,2023,0,0,NA,0,NA,0,NA
I4210153503,2024,0,0,NA,0,NA,0,NA
I4210153503,2025,0,0,NA,0,NA,0,NA
I4210147335,2006,0,0,NA,0,NA,0,NA
I4210147335,2007,0,0,NA,0,NA,0,NA
I4210147335,2008,0,0,NA,0,NA,0,NA
I4210147335,2009,0,0,NA,0,NA,0,NA
I4210147335,2010,0,0,NA,0,NA,0,NA
I4210147335,2011,0,0,NA,0,NA,0,NA
I4210147335,2012,0,0,NA,0,NA,0,NA
I4210147335,2013,0,0,NA,0,NA,0,NA
I4210147335,2014,0,0,NA,0,NA,0,NA
I4210147335,2015,0,0,NA,0,NA,0,NA
I4210147335,2016,0,0,NA,0,NA,0,NA
I4210147335,2017,0,0,NA,0,NA,0,NA
I4210147335,2018,0,0,NA,0,NA,0,NA
I4210147335,2019,0,0,NA,0,NA,0,NA
I4210147335,2020,0,0,NA,0,NA,0,NA
I4210147335,2021,0,0,NA,0,NA,0,NA
I4210147335,2022,0,0,NA,0,NA,0,NA
I4210147335,2023,0,0,NA,0,NA,0,NA
I4210147335,2024,0,0,NA,0,NA,0,NA
I4210147335,2025,0,0,NA,0,NA,0,NA
I4405261030,2006,0,0,NA,0,NA,0,NA
I4405261030,2007,0,0,NA,0,NA,0,NA
I4405261030,2008,0,0,NA,0,NA,0,NA
I4405261030,2009,0,0,NA,0,NA,0,NA
I4405261030,2010,0,0,NA,0,NA,0,NA
I4405261030,2011,0,0,NA,0,NA,0,NA
I4405261030,2012,0,0,NA,0,NA,0,NA
I4405261030,2013,0,0,NA,0,NA,0,NA
I4405261030,2014,0,0,NA,0,NA,0,NA
I4405261030,2015,0,0,NA,0,NA,0,NA
I4405261030,2016,0,0,NA,0,NA,0,NA
I4405261030,2017,0,0,NA,0,NA,0,NA
I4405261030,2018,0,0,NA,0,NA,0,NA
I4405261030,2019,0,0,NA,0,NA,0,NA
I4405261030,2020,0,0,NA,0,NA,0,NA
I4405261030,2021,0,0,NA,0,NA,0,NA
I4405261030,2022,0,0,NA,0,NA,0,NA
I4405261030,2023,0,0,NA,0,NA,0,NA
I4405261030,2024,0,0,NA,0,NA,0,NA
I4405261030,2025,0,0,NA,0,NA,0,NA
I4405258066,2006,0,0,NA,0,NA,0,NA
I4405258066,2007,0,0,NA,0,NA,0,NA
I4405258066,2008,0,0,NA,0,NA,0,NA
I4405258066,2009,0,0,NA,0,NA,0,NA
I4405258066,2010,0,0,NA,0,NA,0,NA
I4405258066,2011,0,0,NA,0,NA,0,NA
I4405258066,2012,0,0,NA,0,NA,0,NA
I4405258066,2013,0,0,NA,0,NA,0,NA
I4405258066,2014,0,0,NA,0,NA,0,NA
I4405258066,2015,0,0,NA,0,NA,0,NA
I4405258066,2016,0,0,NA,0,NA,0,NA
I4405258066,2017,0,0,NA,0,NA,0,NA
I4405258066,2018,0,0,NA,0,NA,0,NA
I4405258066,2019,0,0,NA,0,NA,0,NA
I4405258066,2020,0,0,NA,0,NA,0,NA
I4405258066,2021,0,0,NA,0,NA,0,NA
I4405258066,2022,0,0,NA,0,NA,0,NA
I4405258066,2023,0,0,NA,0,NA,0,NA
I4405258066,2024,0,0,NA,0,NA,0,NA
I4405258066,2025,0,0,NA,0,NA,0,NA
I3130103452,2006,0,0,NA,0,NA,0,NA
I3130103452,2007,0,0,NA,0,NA,0,NA
I3130103452,2008,0,0,NA,0,NA,0,NA
I3130103452,2009,0,0,NA,0,NA,0,NA
I3130103452,2010,0,0,NA,0,NA,0,NA
I3130103452,2011,0,0,NA,0,NA,0,NA
I3130103452,2012,0,0,NA,0,NA,0,NA
I3130103452,2013,0,0,NA,0,NA,0,NA
I3130103452,2014,0,0,NA,0,NA,0,NA
I3130103452,2015,0,0,NA,0,NA,0,NA
I3130103452,2016,0,0,NA,0,NA,0,NA
I3130103452,2017,0,0,NA,0,NA,0,NA
I3130103452,2018,0,0,NA,0,NA,0,NA
I3130103452,2019,0,0,NA,0,NA,0,NA
I3130103452,2020,0,0,NA,0,NA,0,NA
I3130103452,2021,0,0,NA,0,NA,0,NA
I3130103452,2022,0,0,NA,0,NA,0,NA
I3130103452,2023,0,0,NA,0,NA,0,NA
I3130103452,2024,0,0,NA,0,NA,0,NA
I3130103452,2025,0,0,NA,0,NA,0,NA
I96009557,2006,0,0,NA,0,NA,0,NA
I96009557,2007,0,0,NA,0,NA,0,NA
I96009557,2008,0,0,NA,0,NA,0,NA
I96009557,2009,0,0,NA,0,NA,0,NA
I96009557,2010,0,0,NA,0,NA,0,NA
I96009557,2011,0,0,NA,0,NA,0,NA
I96009557,2012,0,0,NA,0,NA,0,NA
I96009557,2013,0,0,NA,0,NA,0,NA
I96009557,2014,0,0,NA,0,NA,0,NA
I96009557,2015,0,0,NA,0,NA,0,NA
I96009557,2016,0,0,NA,0,NA,0,NA
I96009557,2017,0,0,NA,0,NA,0,NA
I96009557,2018,0,0,NA,0,NA,0,NA
I96009557,2019,0,0,NA,0,NA,0,NA
I96009557,2020,0,0,NA,0,NA,0,NA
I96009557,2021,0,0,NA,0,NA,0,NA
I96009557,2022,0,0,NA,0,NA,0,NA
I96009557,2023,0,0,NA,0,NA,0,NA
I96009557,2024,0,0,NA,0,NA,0,NA
I96009557,2025,0,0,NA,0,NA,0,NA
I3129563930,2006,0,0,NA,0,NA,0,NA
I3129563930,2007,0,0,NA,0,NA,0,NA
I3129563930,2008,0,0,NA,0,NA,0,NA
I3129563930,2009,0,0,NA,0,NA,0,NA
I3129563930,2010,0,0,NA,0,NA,0,NA
I3129563930,2011,0,0,NA,0,NA,0,NA
I3129563930,2012,0,0,NA,0,NA,0,NA
I3129563930,2013,0,0,NA,0,NA,0,NA
I3129563930,2014,0,0,NA,0,NA,0,NA
I3129563930,2015,0,0,NA,0,NA,0,NA
I3129563930,2016,0,0,NA,0,NA,0,NA
I3129563930,2017,0,0,NA,0,NA,0,NA
I3129563930,2018,0,0,NA,0,NA,0,NA
I3129563930,2019,0,0,NA,0,NA,0,NA
I3129563930,2020,0,0,NA,0,NA,0,NA
I3129563930,2021,0,0,NA,0,NA,0,NA
I3129563930,2022,0,0,NA,0,NA,0,NA
I3129563930,2023,0,0,NA,0,NA,0,NA
I3129563930,2024,0,0,NA,0,NA,0,NA
I3129563930,2025,0,0,NA,0,NA,0,NA
I4387153621,2006,0,0,NA,0,NA,0,NA
I4387153621,2007,0,0,NA,0,NA,0,NA
I4387153621,2008,0,0,NA,0,NA,0,NA
I4387153621,2009,0,0,NA,0,NA,0,NA
I4387153621,2010,0,0,NA,0,NA,0,NA
I4387153621,2011,0,0,NA,0,NA,0,NA
I4387153621,2012,0,0,NA,0,NA,0,NA
I4387153621,2013,0,0,NA,0,NA,0,NA
I4387153621,2014,0,0,NA,0,NA,0,NA
I4387153621,2015,0,0,NA,0,NA,0,NA
I4387153621,2016,0,0,NA,0,NA,0,NA
I4387153621,2017,0,0,NA,0,NA,0,NA
I4387153621,2018,0,0,NA,0,NA,0,NA
I4387153621,2019,0,0,NA,0,NA,0,NA
I4387153621,2020,0,0,NA,0,NA,0,NA
I4387153621,2021,0,0,NA,0,NA,0,NA
I4387153621,2022,0,0,NA,0,NA,0,NA
I4387153621,2023,0,0,NA,0,NA,0,NA
I4387153621,2024,0,0,NA,0,NA,0,NA
I4387153621,2025,0,0,NA,0,NA,0,NA
I127336678,2006,0,0,NA,0,NA,0,NA
I127336678,2007,0,0,NA,0,NA,0,NA
I127336678,2008,0,0,NA,0,NA,0,NA
I127336678,2009,0,0,NA,0,NA,0,NA
I127336678,2010,0,0,NA,0,NA,0,NA
I127336678,2011,0,0,NA,0,NA,0,NA
I127336678,2012,0,0,NA,0,NA,0,NA
I127336678,2013,0,0,NA,0,NA,0,NA
I127336678,2014,0,0,NA,0,NA,0,NA
I127336678,2015,0,0,NA,0,NA,0,NA
I127336678,2016,0,0,NA,0,NA,0,NA
I127336678,2017,0,0,NA,0,NA,0,NA
I127336678,2018,0,0,NA,0,NA,0,NA
I127336678,2019,0,0,NA,0,NA,0,NA
I127336678,2020,0,0,NA,0,NA,0,NA
I127336678,2021,0,0,NA,0,NA,0,NA
I127336678,2022,0,0,NA,0,NA,0,NA
I127336678,2023,0,0,NA,0,NA,0,NA
I127336678,2024,0,0,NA,0,NA,0,NA
I127336678,2025,0,0,NA,0,NA,0,NA
I4405253128,2006,0,0,NA,0,NA,0,NA
I4405253128,2007,0,0,NA,0,NA,0,NA
I4405253128,2008,0,0,NA,0,NA,0,NA
I4405253128,2009,0,0,NA,0,NA,0,NA
I4405253128,2010,0,0,NA,0,NA,0,NA
I4405253128,2011,0,0,NA,0,NA,0,NA
I4405253128,2012,0,0,NA,0,NA,0,NA
I4405253128,2013,0,0,NA,0,NA,0,NA
I4405253128,2014,0,0,NA,0,NA,0,NA
I4405253128,2015,0,0,NA,0,NA,0,NA
I4405253128,2016,0,0,NA,0,NA,0,NA
I4405253128,2017,0,0,NA,0,NA,0,NA
I4405253128,2018,0,0,NA,0,NA,0,NA
I4405253128,2019,0,0,NA,0,NA,0,NA
I4405253128,2020,0,0,NA,0,NA,0,NA
I4405253128,2021,0,0,NA,0,NA,0,NA
I4405253128,2022,0,0,NA,0,NA,0,NA
I4405253128,2023,0,0,NA,0,NA,0,NA
I4405253128,2024,0,0,NA,0,NA,0,NA
I4405253128,2025,0,0,NA,0,NA,0,NA
I4210116811,2006,0,0,NA,0,NA,0,NA
I4210116811,2007,0,0,NA,0,NA,0,NA
I4210116811,2008,0,0,NA,0,NA,0,NA
I4210116811,2009,0,0,NA,0,NA,0,NA
I4210116811,2010,0,0,NA,0,NA,0,NA
I4210116811,2011,0,0,NA,0,NA,0,NA
I4210116811,2012,0,0,NA,0,NA,0,NA
I4210116811,2013,0,0,NA,0,NA,0,NA
I4210116811,2014,0,0,NA,0,NA,0,NA
I4210116811,2015,0,0,NA,0,NA,0,NA
I4210116811,2016,0,0,NA,0,NA,0,NA
I4210116811,2017,0,0,NA,0,NA,0,NA
I4210116811,2018,0,0,NA,0,NA,0,NA
I4210116811,2019,0,0,NA,0,NA,0,NA
I4210116811,2020,0,0,NA,0,NA,0,NA
I4210116811,2021,0,0,NA,0,NA,0,NA
I4210116811,2022,0,0,NA,0,NA,0,NA
I4210116811,2023,0,0,NA,0,NA,0,NA
I4210116811,2024,0,0,NA,0,NA,0,NA
I4210116811,2025,0,0,NA,0,NA,0,NA
I4405255789,2006,0,0,NA,0,NA,0,NA
I4405255789,2007,0,0,NA,0,NA,0,NA
I4405255789,2008,0,0,NA,0,NA,0,NA
I4405255789,2009,0,0,NA,0,NA,0,NA
I4405255789,2010,0,0,NA,0,NA,0,NA
I4405255789,2011,0,0,NA,0,NA,0,NA
I4405255789,2012,0,0,NA,0,NA,0,NA
I4405255789,2013,0,0,NA,0,NA,0,NA
I4405255789,2014,0,0,NA,0,NA,0,NA
I4405255789,2015,0,0,NA,0,NA,0,NA
I4405255789,2016,0,0,NA,0,NA,0,NA
I4405255789,2017,0,0,NA,0,NA,0,NA
I4405255789,2018,0,0,NA,0,NA,0,NA
I4405255789,2019,0,0,NA,0,NA,0,NA
I4405255789,2020,0,0,NA,0,NA,0,NA
I4405255789,2021,0,0,NA,0,NA,0,NA
I4405255789,2022,0,0,NA,0,NA,0,NA
I4405255789,2023,0,0,NA,0,NA,0,NA
I4405255789,2024,0,0,NA,0,NA,0,NA
I4405255789,2025,0,0,NA,0,NA,0,NA
I4405261793,2006,0,0,NA,0,NA,0,NA
I4405261793,2007,0,0,NA,0,NA,0,NA
I4405261793,2008,0,0,NA,0,NA,0,NA
I4405261793,2009,0,0,NA,0,NA,0,NA
I4405261793,2010,0,0,NA,0,NA,0,NA
I4405261793,2011,0,0,NA,0,NA,0,NA
I4405261793,2012,0,0,NA,0,NA,0,NA
I4405261793,2013,0,0,NA,0,NA,0,NA
I4405261793,2014,0,0,NA,0,NA,0,NA
I4405261793,2015,0,0,NA,0,NA,0,NA
I4405261793,2016,0,0,NA,0,NA,0,NA
I4405261793,2017,0,0,NA,0,NA,0,NA
I4405261793,2018,0,0,NA,0,NA,0,NA
I4405261793,2019,0,0,NA,0,NA,0,NA
I4405261793,2020,0,0,NA,0,NA,0,NA
I4405261793,2021,0,0,NA,0,NA,0,NA
I4405261793,2022,0,0,NA,0,NA,0,NA
I4405261793,2023,0,0,NA,0,NA,0,NA
I4405261793,2024,0,0,NA,0,NA,0,NA
I4405261793,2025,0,0,NA,0,NA,0,NA
I4210143099,2006,0,0,NA,0,NA,0,NA
I4210143099,2007,0,0,NA,0,NA,0,NA
I4210143099,2008,0,0,NA,0,NA,0,NA
I4210143099,2009,0,0,NA,0,NA,0,NA
I4210143099,2010,0,0,NA,0,NA,0,NA
I4210143099,2011,0,0,NA,0,NA,0,NA
I4210143099,2012,0,0,NA,0,NA,0,NA
I4210143099,2013,0,0,NA,0,NA,0,NA
I4210143099,2014,0,0,NA,0,NA,0,NA
I4210143099,2015,0,0,NA,0,NA,0,NA
I4210143099,2016,0,0,NA,0,NA,0,NA
I4210143099,2017,0,0,NA,0,NA,0,NA
I4210143099,2018,0,0,NA,0,NA,0,NA
I4210143099,2019,0,0,NA,0,NA,0,NA
I4210143099,2020,0,0,NA,0,NA,0,NA
I4210143099,2021,0,0,NA,0,NA,0,NA
I4210143099,2022,0,0,NA,0,NA,0,NA
I4210143099,2023,0,0,NA,0,NA,0,NA
I4210143099,2024,0,0,NA,0,NA,0,NA
I4210143099,2025,0,0,NA,0,NA,0,NA
I4405259037,2006,0,0,NA,0,NA,0,NA
I4405259037,2007,0,0,NA,0,NA,0,NA
I4405259037,2008,0,0,NA,0,NA,0,NA
I4405259037,2009,0,0,NA,0,NA,0,NA
I4405259037,2010,0,0,NA,0,NA,0,NA
I4405259037,2011,0,0,NA,0,NA,0,NA
I4405259037,2012,0,0,NA,0,NA,0,NA
I4405259037,2013,0,0,NA,0,NA,0,NA
I4405259037,2014,0,0,NA,0,NA,0,NA
I4405259037,2015,0,0,NA,0,NA,0,NA
I4405259037,2016,0,0,NA,0,NA,0,NA
I4405259037,2017,0,0,NA,0,NA,0,NA
I4405259037,2018,0,0,NA,0,NA,0,NA
I4405259037,2019,0,0,NA,0,NA,0,NA
I4405259037,2020,0,0,NA,0,NA,0,NA
I4405259037,2021,0,0,NA,0,NA,0,NA
I4405259037,2022,0,0,NA,0,NA,0,NA
I4405259037,2023,0,0,NA,0,NA,0,NA
I4405259037,2024,0,0,NA,0,NA,0,NA
I4405259037,2025,0,0,NA,0,NA,0,NA
I4405259365,2006,0,0,NA,0,NA,0,NA
I4405259365,2007,0,0,NA,0,NA,0,NA
I4405259365,2008,0,0,NA,0,NA,0,NA
I4405259365,2009,0,0,NA,0,NA,0,NA
I4405259365,2010,0,0,NA,0,NA,0,NA
I4405259365,2011,0,0,NA,0,NA,0,NA
I4405259365,2012,0,0,NA,0,NA,0,NA
I4405259365,2013,0,0,NA,0,NA,0,NA
I4405259365,2014,0,0,NA,0,NA,0,NA
I4405259365,2015,0,0,NA,0,NA,0,NA
I4405259365,2016,0,0,NA,0,NA,0,NA
I4405259365,2017,0,0,NA,0,NA,0,NA
I4405259365,2018,0,0,NA,0,NA,0,NA
I4405259365,2019,0,0,NA,0,NA,0,NA
I4405259365,2020,0,0,NA,0,NA,0,NA
I4405259365,2021,0,0,NA,0,NA,0,NA
I4405259365,2022,0,0,NA,0,NA,0,NA
I4405259365,2023,0,0,NA,0,NA,0,NA
I4405259365,2024,0,0,NA,0,NA,0,NA
I4405259365,2025,0,0,NA,0,NA,0,NA
I4405265479,2006,0,0,NA,0,NA,0,NA
I4405265479,2007,0,0,NA,0,NA,0,NA
I4405265479,2008,0,0,NA,0,NA,0,NA
I4405265479,2009,0,0,NA,0,NA,0,NA
I4405265479,2010,0,0,NA,0,NA,0,NA
I4405265479,2011,0,0,NA,0,NA,0,NA
I4405265479,2012,0,0,NA,0,NA,0,NA
I4405265479,2013,0,0,NA,0,NA,0,NA
I4405265479,2014,0,0,NA,0,NA,0,NA
I4405265479,2015,0,0,NA,0,NA,0,NA
I4405265479,2016,0,0,NA,0,NA,0,NA
I4405265479,2017,0,0,NA,0,NA,0,NA
I4405265479,2018,0,0,NA,0,NA,0,NA
I4405265479,2019,0,0,NA,0,NA,0,NA
I4405265479,2020,0,0,NA,0,NA,0,NA
I4405265479,2021,0,0,NA,0,NA,0,NA
I4405265479,2022,0,0,NA,0,NA,0,NA
I4405265479,2023,0,0,NA,0,NA,0,NA
I4405265479,2024,0,0,NA,0,NA,0,NA
I4405265479,2025,0,0,NA,0,NA,0,NA
I4405252934,2006,0,0,NA,0,NA,0,NA
I4405252934,2007,0,0,NA,0,NA,0,NA
I4405252934,2008,0,0,NA,0,NA,0,NA
I4405252934,2009,0,0,NA,0,NA,0,NA
I4405252934,2010,0,0,NA,0,NA,0,NA
I4405252934,2011,0,0,NA,0,NA,0,NA
I4405252934,2012,0,0,NA,0,NA,0,NA
I4405252934,2013,0,0,NA,0,NA,0,NA
I4405252934,2014,0,0,NA,0,NA,0,NA
I4405252934,2015,0,0,NA,0,NA,0,NA
I4405252934,2016,0,0,NA,0,NA,0,NA
I4405252934,2017,0,0,NA,0,NA,0,NA
I4405252934,2018,0,0,NA,0,NA,0,NA
I4405252934,2019,0,0,NA,0,NA,0,NA
I4405252934,2020,0,0,NA,0,NA,0,NA
I4405252934,2021,0,0,NA,0,NA,0,NA
I4405252934,2022,0,0,NA,0,NA,0,NA
I4405252934,2023,0,0,NA,0,NA,0,NA
I4405252934,2024,0,0,NA,0,NA,0,NA
I4405252934,2025,0,0,NA,0,NA,0,NA
I4391767903,2006,0,0,NA,0,NA,0,NA
I4391767903,2007,0,0,NA,0,NA,0,NA
I4391767903,2008,0,0,NA,0,NA,0,NA
I4391767903,2009,0,0,NA,0,NA,0,NA
I4391767903,2010,0,0,NA,0,NA,0,NA
I4391767903,2011,0,0,NA,0,NA,0,NA
I4391767903,2012,0,0,NA,0,NA,0,NA
I4391767903,2013,0,0,NA,0,NA,0,NA
I4391767903,2014,0,0,NA,0,NA,0,NA
I4391767903,2015,0,0,NA,0,NA,0,NA
I4391767903,2016,0,0,NA,0,NA,0,NA
I4391767903,2017,0,0,NA,0,NA,0,NA
I4391767903,2018,0,0,NA,0,NA,0,NA
I4391767903,2019,0,0,NA,0,NA,0,NA
I4391767903,2020,0,0,NA,0,NA,0,NA
I4391767903,2021,0,0,NA,0,NA,0,NA
I4391767903,2022,0,0,NA,0,NA,0,NA
I4391767903,2023,0,0,NA,0,NA,0,NA
I4391767903,2024,0,0,NA,0,NA,0,NA
I4391767903,2025,0,0,NA,0,NA,0,NA
I4405259637,2006,0,0,NA,0,NA,0,NA
I4405259637,2007,0,0,NA,0,NA,0,NA
I4405259637,2008,0,0,NA,0,NA,0,NA
I4405259637,2009,0,0,NA,0,NA,0,NA
I4405259637,2010,0,0,NA,0,NA,0,NA
I4405259637,2011,0,0,NA,0,NA,0,NA
I4405259637,2012,0,0,NA,0,NA,0,NA
I4405259637,2013,0,0,NA,0,NA,0,NA
I4405259637,2014,0,0,NA,0,NA,0,NA
I4405259637,2015,0,0,NA,0,NA,0,NA
I4405259637,2016,0,0,NA,0,NA,0,NA
I4405259637,2017,0,0,NA,0,NA,0,NA
I4405259637,2018,0,0,NA,0,NA,0,NA
I4405259637,2019,0,0,NA,0,NA,0,NA
I4405259637,2020,0,0,NA,0,NA,0,NA
I4405259637,2021,0,0,NA,0,NA,0,NA
I4405259637,2022,0,0,NA,0,NA,0,NA
I4405259637,2023,0,0,NA,0,NA,0,NA
I4405259637,2024,0,0,NA,0,NA,0,NA
I4405259637,2025,0,0,NA,0,NA,0,NA
I4391012564,2006,0,0,NA,0,NA,0,NA
I4391012564,2007,0,0,NA,0,NA,0,NA
I4391012564,2008,0,0,NA,0,NA,0,NA
I4391012564,2009,0,0,NA,0,NA,0,NA
I4391012564,2010,0,0,NA,0,NA,0,NA
I4391012564,2011,0,0,NA,0,NA,0,NA
I4391012564,2012,0,0,NA,0,NA,0,NA
I4391012564,2013,0,0,NA,0,NA,0,NA
I4391012564,2014,0,0,NA,0,NA,0,NA
I4391012564,2015,0,0,NA,0,NA,0,NA
I4391012564,2016,0,0,NA,0,NA,0,NA
I4391012564,2017,0,0,NA,0,NA,0,NA
I4391012564,2018,0,0,NA,0,NA,0,NA
I4391012564,2019,0,0,NA,0,NA,0,NA
I4391012564,2020,0,0,NA,0,NA,0,NA
I4391012564,2021,0,0,NA,0,NA,0,NA
I4391012564,2022,0,0,NA,0,NA,0,NA
I4391012564,2023,0,0,NA,0,NA,0,NA
I4391012564,2024,0,0,NA,0,NA,0,NA
I4391012564,2025,0,0,NA,0,NA,0,NA
I4405256428,2006,0,0,NA,0,NA,0,NA
I4405256428,2007,0,0,NA,0,NA,0,NA
I4405256428,2008,0,0,NA,0,NA,0,NA
I4405256428,2009,0,0,NA,0,NA,0,NA
I4405256428,2010,0,0,NA,0,NA,0,NA
I4405256428,2011,0,0,NA,0,NA,0,NA
I4405256428,2012,0,0,NA,0,NA,0,NA
I4405256428,2013,0,0,NA,0,NA,0,NA
I4405256428,2014,0,0,NA,0,NA,0,NA
I4405256428,2015,0,0,NA,0,NA,0,NA
I4405256428,2016,0,0,NA,0,NA,0,NA
I4405256428,2017,0,0,NA,0,NA,0,NA
I4405256428,2018,0,0,NA,0,NA,0,NA
I4405256428,2019,0,0,NA,0,NA,0,NA
I4405256428,2020,0,0,NA,0,NA,0,NA
I4405256428,2021,0,0,NA,0,NA,0,NA
I4405256428,2022,0,0,NA,0,NA,0,NA
I4405256428,2023,0,0,NA,0,NA,0,NA
I4405256428,2024,0,0,NA,0,NA,0,NA
I4405256428,2025,0,0,NA,0,NA,0,NA
I4210124049,2006,0,0,NA,0,NA,0,NA
I4210124049,2007,0,0,NA,0,NA,0,NA
I4210124049,2008,0,0,NA,0,NA,0,NA
I4210124049,2009,0,0,NA,0,NA,0,NA
I4210124049,2010,0,0,NA,0,NA,0,NA
I4210124049,2011,0,0,NA,0,NA,0,NA
I4210124049,2012,0,0,NA,0,NA,0,NA
I4210124049,2013,0,0,NA,0,NA,0,NA
I4210124049,2014,0,0,NA,0,NA,0,NA
I4210124049,2015,0,0,NA,0,NA,0,NA
I4210124049,2016,0,0,NA,0,NA,0,NA
I4210124049,2017,0,0,NA,0,NA,0,NA
I4210124049,2018,0,0,NA,0,NA,0,NA
I4210124049,2019,0,0,NA,0,NA,0,NA
I4210124049,2020,0,0,NA,0,NA,0,NA
I4210124049,2021,0,0,NA,0,NA,0,NA
I4210124049,2022,0,0,NA,0,NA,0,NA
I4210124049,2023,0,0,NA,0,NA,0,NA
I4210124049,2024,0,0,NA,0,NA,0,NA
I4210124049,2025,0,0,NA,0,NA,0,NA
I4210146631,2006,0,0,NA,0,NA,0,NA
I4210146631,2007,0,0,NA,0,NA,0,NA
I4210146631,2008,0,0,NA,0,NA,0,NA
I4210146631,2009,0,0,NA,0,NA,0,NA
I4210146631,2010,0,0,NA,0,NA,0,NA
I4210146631,2011,0,0,NA,0,NA,0,NA
I4210146631,2012,0,0,NA,0,NA,0,NA
I4210146631,2013,0,0,NA,0,NA,0,NA
I4210146631,2014,0,0,NA,0,NA,0,NA
I4210146631,2015,0,0,NA,0,NA,0,NA
I4210146631,2016,0,0,NA,0,NA,0,NA
I4210146631,2017,0,0,NA,0,NA,0,NA
I4210146631,2018,0,0,NA,0,NA,0,NA
I4210146631,2019,0,0,NA,0,NA,0,NA
I4210146631,2020,0,0,NA,0,NA,0,NA
I4210146631,2021,0,0,NA,0,NA,0,NA
I4210146631,2022,0,0,NA,0,NA,0,NA
I4210146631,2023,0,0,NA,0,NA,0,NA
I4210146631,2024,0,0,NA,0,NA,0,NA
I4210146631,2025,0,0,NA,0,NA,0,NA
I16904388,2006,0,0,NA,0,NA,0,NA
I16904388,2007,0,0,NA,0,NA,0,NA
I16904388,2008,0,0,NA,0,NA,0,NA
I16904388,2009,0,0,NA,0,NA,0,NA
I16904388,2010,0,0,NA,0,NA,0,NA
I16904388,2011,0,0,NA,0,NA,0,NA
I16904388,2012,0,0,NA,0,NA,0,NA
I16904388,2013,0,0,NA,0,NA,0,NA
I16904388,2014,0,0,NA,0,NA,0,NA
I16904388,2015,0,0,NA,0,NA,0,NA
I16904388,2016,0,0,NA,0,NA,0,NA
I16904388,2017,0,0,NA,0,NA,0,NA
I16904388,2018,0,0,NA,0,NA,0,NA
I16904388,2019,0,0,NA,0,NA,0,NA
I16904388,2020,0,0,NA,0,NA,0,NA
I16904388,2021,0,0,NA,0,NA,0,NA
I16904388,2022,0,0,NA,0,NA,0,NA
I16904388,2023,0,0,NA,0,NA,0,NA
I16904388,2024,0,0,NA,0,NA,0,NA
I16904388,2025,0,0,NA,0,NA,0,NA
I4405262501,2006,0,0,NA,0,NA,0,NA
I4405262501,2007,0,0,NA,0,NA,0,NA
I4405262501,2008,0,0,NA,0,NA,0,NA
I4405262501,2009,0,0,NA,0,NA,0,NA
I4405262501,2010,0,0,NA,0,NA,0,NA
I4405262501,2011,0,0,NA,0,NA,0,NA
I4405262501,2012,0,0,NA,0,NA,0,NA
I4405262501,2013,0,0,NA,0,NA,0,NA
I4405262501,2014,0,0,NA,0,NA,0,NA
I4405262501,2015,0,0,NA,0,NA,0,NA
I4405262501,2016,0,0,NA,0,NA,0,NA
I4405262501,2017,0,0,NA,0,NA,0,NA
I4405262501,2018,0,0,NA,0,NA,0,NA
I4405262501,2019,0,0,NA,0,NA,0,NA
I4405262501,2020,0,0,NA,0,NA,0,NA
I4405262501,2021,0,0,NA,0,NA,0,NA
I4405262501,2022,0,0,NA,0,NA,0,NA
I4405262501,2023,0,0,NA,0,NA,0,NA
I4405262501,2024,0,0,NA,0,NA,0,NA
I4405262501,2025,0,0,NA,0,NA,0,NA
I4405257722,2006,0,0,NA,0,NA,0,NA
I4405257722,2007,0,0,NA,0,NA,0,NA
I4405257722,2008,0,0,NA,0,NA,0,NA
I4405257722,2009,0,0,NA,0,NA,0,NA
I4405257722,2010,0,0,NA,0,NA,0,NA
I4405257722,2011,0,0,NA,0,NA,0,NA
I4405257722,2012,0,0,NA,0,NA,0,NA
I4405257722,2013,0,0,NA,0,NA,0,NA
I4405257722,2014,0,0,NA,0,NA,0,NA
I4405257722,2015,0,0,NA,0,NA,0,NA
I4405257722,2016,0,0,NA,0,NA,0,NA
I4405257722,2017,0,0,NA,0,NA,0,NA
I4405257722,2018,0,0,NA,0,NA,0,NA
I4405257722,2019,0,0,NA,0,NA,0,NA
I4405257722,2020,0,0,NA,0,NA,0,NA
I4405257722,2021,0,0,NA,0,NA,0,NA
I4405257722,2022,0,0,NA,0,NA,0,NA
I4405257722,2023,0,0,NA,0,NA,0,NA
I4405257722,2024,0,0,NA,0,NA,0,NA
I4405257722,2025,0,0,NA,0,NA,0,NA
I195931504,2006,0,0,NA,0,NA,0,NA
I195931504,2007,0,0,NA,0,NA,0,NA
I195931504,2008,0,0,NA,0,NA,0,NA
I195931504,2009,0,0,NA,0,NA,0,NA
I195931504,2010,0,0,NA,0,NA,0,NA
I195931504,2011,0,0,NA,0,NA,0,NA
I195931504,2012,0,0,NA,0,NA,0,NA
I195931504,2013,0,0,NA,0,NA,0,NA
I195931504,2014,0,0,NA,0,NA,0,NA
I195931504,2015,0,0,NA,0,NA,0,NA
I195931504,2016,0,0,NA,0,NA,0,NA
I195931504,2017,0,0,NA,0,NA,0,NA
I195931504,2018,0,0,NA,0,NA,0,NA
I195931504,2019,0,0,NA,0,NA,0,NA
I195931504,2020,0,0,NA,0,NA,0,NA
I195931504,2021,0,0,NA,0,NA,0,NA
I195931504,2022,0,0,NA,0,NA,0,NA
I195931504,2023,0,0,NA,0,NA,0,NA
I195931504,2024,0,0,NA,0,NA,0,NA
I195931504,2025,0,0,NA,0,NA,0,NA
I32619867,2006,0,0,NA,0,NA,0,NA
I32619867,2007,0,0,NA,0,NA,0,NA
I32619867,2008,0,0,NA,0,NA,0,NA
I32619867,2009,0,0,NA,0,NA,0,NA
I32619867,2010,0,0,NA,0,NA,0,NA
I32619867,2011,0,0,NA,0,NA,0,NA
I32619867,2012,0,0,NA,0,NA,0,NA
I32619867,2013,0,0,NA,0,NA,0,NA
I32619867,2014,0,0,NA,0,NA,0,NA
I32619867,2015,0,0,NA,0,NA,0,NA
I32619867,2016,0,0,NA,0,NA,0,NA
I32619867,2017,0,0,NA,0,NA,0,NA
I32619867,2018,0,0,NA,0,NA,0,NA
I32619867,2019,0,0,NA,0,NA,0,NA
I32619867,2020,0,0,NA,0,NA,0,NA
I32619867,2021,0,0,NA,0,NA,0,NA
I32619867,2022,0,0,NA,0,NA,0,NA
I32619867,2023,0,0,NA,0,NA,0,NA
I32619867,2024,0,0,NA,0,NA,0,NA
I32619867,2025,0,0,NA,0,NA,0,NA
I4210147990,2006,0,0,NA,0,NA,0,NA
I4210147990,2007,0,0,NA,0,NA,0,NA
I4210147990,2008,0,0,NA,0,NA,0,NA
I4210147990,2009,0,0,NA,0,NA,0,NA
I4210147990,2010,0,0,NA,0,NA,0,NA
I4210147990,2011,0,0,NA,0,NA,0,NA
I4210147990,2012,0,0,NA,0,NA,0,NA
I4210147990,2013,0,0,NA,0,NA,0,NA
I4210147990,2014,0,0,NA,0,NA,0,NA
I4210147990,2015,0,0,NA,0,NA,0,NA
I4210147990,2016,0,0,NA,0,NA,0,NA
I4210147990,2017,0,0,NA,0,NA,0,NA
I4210147990,2018,0,0,NA,0,NA,0,NA
I4210147990,2019,0,0,NA,0,NA,0,NA
I4210147990,2020,0,0,NA,0,NA,0,NA
I4210147990,2021,0,0,NA,0,NA,0,NA
I4210147990,2022,0,0,NA,0,NA,0,NA
I4210147990,2023,0,0,NA,0,NA,0,NA
I4210147990,2024,0,0,NA,0,NA,0,NA
I4210147990,2025,0,0,NA,0,NA,0,NA
I4405264406,2006,0,0,NA,0,NA,0,NA
I4405264406,2007,0,0,NA,0,NA,0,NA
I4405264406,2008,0,0,NA,0,NA,0,NA
I4405264406,2009,0,0,NA,0,NA,0,NA
I4405264406,2010,0,0,NA,0,NA,0,NA
I4405264406,2011,0,0,NA,0,NA,0,NA
I4405264406,2012,0,0,NA,0,NA,0,NA
I4405264406,2013,0,0,NA,0,NA,0,NA
I4405264406,2014,0,0,NA,0,NA,0,NA
I4405264406,2015,0,0,NA,0,NA,0,NA
I4405264406,2016,0,0,NA,0,NA,0,NA
I4405264406,2017,0,0,NA,0,NA,0,NA
I4405264406,2018,0,0,NA,0,NA,0,NA
I4405264406,2019,0,0,NA,0,NA,0,NA
I4405264406,2020,0,0,NA,0,NA,0,NA
I4405264406,2021,0,0,NA,0,NA,0,NA
I4405264406,2022,0,0,NA,0,NA,0,NA
I4405264406,2023,0,0,NA,0,NA,0,NA
I4405264406,2024,0,0,NA,0,NA,0,NA
I4405264406,2025,0,0,NA,0,NA,0,NA
I4210110768,2006,0,0,NA,0,NA,0,NA
I4210110768,2007,0,0,NA,0,NA,0,NA
I4210110768,2008,0,0,NA,0,NA,0,NA
I4210110768,2009,0,0,NA,0,NA,0,NA
I4210110768,2010,0,0,NA,0,NA,0,NA
I4210110768,2011,0,0,NA,0,NA,0,NA
I4210110768,2012,0,0,NA,0,NA,0,NA
I4210110768,2013,0,0,NA,0,NA,0,NA
I4210110768,2014,0,0,NA,0,NA,0,NA
I4210110768,2015,0,0,NA,0,NA,0,NA
I4210110768,2016,0,0,NA,0,NA,0,NA
I4210110768,2017,0,0,NA,0,NA,0,NA
I4210110768,2018,0,0,NA,0,NA,0,NA
I4210110768,2019,0,0,NA,0,NA,0,NA
I4210110768,2020,0,0,NA,0,NA,0,NA
I4210110768,2021,0,0,NA,0,NA,0,NA
I4210110768,2022,0,0,NA,0,NA,0,NA
I4210110768,2023,0,0,NA,0,NA,0,NA
I4210110768,2024,0,0,NA,0,NA,0,NA
I4210110768,2025,0,0,NA,0,NA,0,NA
I4210136155,2006,0,0,NA,0,NA,0,NA
I4210136155,2007,0,0,NA,0,NA,0,NA
I4210136155,2008,0,0,NA,0,NA,0,NA
I4210136155,2009,0,0,NA,0,NA,0,NA
I4210136155,2010,0,0,NA,0,NA,0,NA
I4210136155,2011,0,0,NA,0,NA,0,NA
I4210136155,2012,0,0,NA,0,NA,0,NA
I4210136155,2013,0,0,NA,0,NA,0,NA
I4210136155,2014,0,0,NA,0,NA,0,NA
I4210136155,2015,0,0,NA,0,NA,0,NA
I4210136155,2016,0,0,NA,0,NA,0,NA
I4210136155,2017,0,0,NA,0,NA,0,NA
I4210136155,2018,0,0,NA,0,NA,0,NA
I4210136155,2019,0,0,NA,0,NA,0,NA
I4210136155,2020,0,0,NA,0,NA,0,NA
I4210136155,2021,0,0,NA,0,NA,0,NA
I4210136155,2022,0,0,NA,0,NA,0,NA
I4210136155,2023,0,0,NA,0,NA,0,NA
I4210136155,2024,0,0,NA,0,NA,0,NA
I4210136155,2025,0,0,NA,0,NA,0,NA
I67337280,2006,0,0,NA,0,NA,0,NA
I67337280,2007,0,0,NA,0,NA,0,NA
I67337280,2008,0,0,NA,0,NA,0,NA
I67337280,2009,0,0,NA,0,NA,0,NA
I67337280,2010,0,0,NA,0,NA,0,NA
I67337280,2011,0,0,NA,0,NA,0,NA
I67337280,2012,0,0,NA,0,NA,0,NA
I67337280,2013,0,0,NA,0,NA,0,NA
I67337280,2014,0,0,NA,0,NA,0,NA
I67337280,2015,0,0,NA,0,NA,0,NA
I67337280,2016,0,0,NA,0,NA,0,NA
I67337280,2017,0,0,NA,0,NA,0,NA
I67337280,2018,0,0,NA,0,NA,0,NA
I67337280,2019,0,0,NA,0,NA,0,NA
I67337280,2020,0,0,NA,0,NA,0,NA
I67337280,2021,0,0,NA,0,NA,0,NA
I67337280,2022,0,0,NA,0,NA,0,NA
I67337280,2023,0,0,NA,0,NA,0,NA
I67337280,2024,0,0,NA,0,NA,0,NA
I67337280,2025,0,0,NA,0,NA,0,NA
I4210125922,2006,0,0,NA,0,NA,0,NA
I4210125922,2007,0,0,NA,0,NA,0,NA
I4210125922,2008,0,0,NA,0,NA,0,NA
I4210125922,2009,0,0,NA,0,NA,0,NA
I4210125922,2010,0,0,NA,0,NA,0,NA
I4210125922,2011,0,0,NA,0,NA,0,NA
I4210125922,2012,0,0,NA,0,NA,0,NA
I4210125922,2013,0,0,NA,0,NA,0,NA
I4210125922,2014,0,0,NA,0,NA,0,NA
I4210125922,2015,0,0,NA,0,NA,0,NA
I4210125922,2016,0,0,NA,0,NA,0,NA
I4210125922,2017,0,0,NA,0,NA,0,NA
I4210125922,2018,0,0,NA,0,NA,0,NA
I4210125922,2019,0,0,NA,0,NA,0,NA
I4210125922,2020,0,0,NA,0,NA,0,NA
I4210125922,2021,0,0,NA,0,NA,0,NA
I4210125922,2022,0,0,NA,0,NA,0,NA
I4210125922,2023,0,0,NA,0,NA,0,NA
I4210125922,2024,0,0,NA,0,NA,0,NA
I4210125922,2025,0,0,NA,0,NA,0,NA
I2801005815,2006,0,0,NA,0,NA,0,NA
I2801005815,2007,0,0,NA,0,NA,0,NA
I2801005815,2008,0,0,NA,0,NA,0,NA
I2801005815,2009,0,0,NA,0,NA,0,NA
I2801005815,2010,0,0,NA,0,NA,0,NA
I2801005815,2011,0,0,NA,0,NA,0,NA
I2801005815,2012,0,0,NA,0,NA,0,NA
I2801005815,2013,0,0,NA,0,NA,0,NA
I2801005815,2014,0,0,NA,0,NA,0,NA
I2801005815,2015,0,0,NA,0,NA,0,NA
I2801005815,2016,0,0,NA,0,NA,0,NA
I2801005815,2017,0,0,NA,0,NA,0,NA
I2801005815,2018,0,0,NA,0,NA,0,NA
I2801005815,2019,0,0,NA,0,NA,0,NA
I2801005815,2020,0,0,NA,0,NA,0,NA
I2801005815,2021,0,0,NA,0,NA,0,NA
I2801005815,2022,0,0,NA,0,NA,0,NA
I2801005815,2023,0,0,NA,0,NA,0,NA
I2801005815,2024,0,0,NA,0,NA,0,NA
I2801005815,2025,0,0,NA,0,NA,0,NA
I13144388,2006,0,0,NA,0,NA,0,NA
I13144388,2007,0,0,NA,0,NA,0,NA
I13144388,2008,0,0,NA,0,NA,0,NA
I13144388,2009,0,0,NA,0,NA,0,NA
I13144388,2010,0,0,NA,0,NA,0,NA
I13144388,2011,0,0,NA,0,NA,0,NA
I13144388,2012,0,0,NA,0,NA,0,NA
I13144388,2013,0,0,NA,0,NA,0,NA
I13144388,2014,0,0,NA,0,NA,0,NA
I13144388,2015,0,0,NA,0,NA,0,NA
I13144388,2016,0,0,NA,0,NA,0,NA
I13144388,2017,0,0,NA,0,NA,0,NA
I13144388,2018,0,0,NA,0,NA,0,NA
I13144388,2019,0,0,NA,0,NA,0,NA
I13144388,2020,0,0,NA,0,NA,0,NA
I13144388,2021,0,0,NA,0,NA,0,NA
I13144388,2022,0,0,NA,0,NA,0,NA
I13144388,2023,0,0,NA,0,NA,0,NA
I13144388,2024,0,0,NA,0,NA,0,NA
I13144388,2025,0,0,NA,0,NA,0,NA
I2800746572,2006,0,0,NA,0,NA,0,NA
I2800746572,2007,0,0,NA,0,NA,0,NA
I2800746572,2008,0,0,NA,0,NA,0,NA
I2800746572,2009,0,0,NA,0,NA,0,NA
I2800746572,2010,0,0,NA,0,NA,0,NA
I2800746572,2011,0,0,NA,0,NA,0,NA
I2800746572,2012,0,0,NA,0,NA,0,NA
I2800746572,2013,0,0,NA,0,NA,0,NA
I2800746572,2014,0,0,NA,0,NA,0,NA
I2800746572,2015,0,0,NA,0,NA,0,NA
I2800746572,2016,0,0,NA,0,NA,0,NA
I2800746572,2017,0,0,NA,0,NA,0,NA
I2800746572,2018,0,0,NA,0,NA,0,NA
I2800746572,2019,0,0,NA,0,NA,0,NA
I2800746572,2020,0,0,NA,0,NA,0,NA
I2800746572,2021,0,0,NA,0,NA,0,NA
I2800746572,2022,0,0,NA,0,NA,0,NA
I2800746572,2023,0,0,NA,0,NA,0,NA
I2800746572,2024,0,0,NA,0,NA,0,NA
I2800746572,2025,0,0,NA,0,NA,0,NA
I27367753,2006,0,0,NA,0,NA,0,NA
I27367753,2007,0,0,NA,0,NA,0,NA
I27367753,2008,0,0,NA,0,NA,0,NA
I27367753,2009,0,0,NA,0,NA,0,NA
I27367753,2010,0,0,NA,0,NA,0,NA
I27367753,2011,0,0,NA,0,NA,0,NA
I27367753,2012,0,0,NA,0,NA,0,NA
I27367753,2013,0,0,NA,0,NA,0,NA
I27367753,2014,0,0,NA,0,NA,0,NA
I27367753,2015,0,0,NA,0,NA,0,NA
I27367753,2016,0,0,NA,0,NA,0,NA
I27367753,2017,0,0,NA,0,NA,0,NA
I27367753,2018,0,0,NA,0,NA,0,NA
I27367753,2019,0,0,NA,0,NA,0,NA
I27367753,2020,0,0,NA,0,NA,0,NA
I27367753,2021,0,0,NA,0,NA,0,NA
I27367753,2022,0,0,NA,0,NA,0,NA
I27367753,2023,0,0,NA,0,NA,0,NA
I27367753,2024,0,0,NA,0,NA,0,NA
I27367753,2025,0,0,NA,0,NA,0,NA
I4405257719,2006,0,0,NA,0,NA,0,NA
I4405257719,2007,0,0,NA,0,NA,0,NA
I4405257719,2008,0,0,NA,0,NA,0,NA
I4405257719,2009,0,0,NA,0,NA,0,NA
I4405257719,2010,0,0,NA,0,NA,0,NA
I4405257719,2011,0,0,NA,0,NA,0,NA
I4405257719,2012,0,0,NA,0,NA,0,NA
I4405257719,2013,0,0,NA,0,NA,0,NA
I4405257719,2014,0,0,NA,0,NA,0,NA
I4405257719,2015,0,0,NA,0,NA,0,NA
I4405257719,2016,0,0,NA,0,NA,0,NA
I4405257719,2017,0,0,NA,0,NA,0,NA
I4405257719,2018,0,0,NA,0,NA,0,NA
I4405257719,2019,0,0,NA,0,NA,0,NA
I4405257719,2020,0,0,NA,0,NA,0,NA
I4405257719,2021,0,0,NA,0,NA,0,NA
I4405257719,2022,0,0,NA,0,NA,0,NA
I4405257719,2023,0,0,NA,0,NA,0,NA
I4405257719,2024,0,0,NA,0,NA,0,NA
I4405257719,2025,0,0,NA,0,NA,0,NA
I4405262271,2006,0,0,NA,0,NA,0,NA
I4405262271,2007,0,0,NA,0,NA,0,NA
I4405262271,2008,0,0,NA,0,NA,0,NA
I4405262271,2009,0,0,NA,0,NA,0,NA
I4405262271,2010,0,0,NA,0,NA,0,NA
I4405262271,2011,0,0,NA,0,NA,0,NA
I4405262271,2012,0,0,NA,0,NA,0,NA
I4405262271,2013,0,0,NA,0,NA,0,NA
I4405262271,2014,0,0,NA,0,NA,0,NA
I4405262271,2015,0,0,NA,0,NA,0,NA
I4405262271,2016,0,0,NA,0,NA,0,NA
I4405262271,2017,0,0,NA,0,NA,0,NA
I4405262271,2018,0,0,NA,0,NA,0,NA
I4405262271,2019,0,0,NA,0,NA,0,NA
I4405262271,2020,0,0,NA,0,NA,0,NA
I4405262271,2021,0,0,NA,0,NA,0,NA
I4405262271,2022,0,0,NA,0,NA,0,NA
I4405262271,2023,0,0,NA,0,NA,0,NA
I4405262271,2024,0,0,NA,0,NA,0,NA
I4405262271,2025,0,0,NA,0,NA,0,NA
I4387154848,2006,0,0,NA,0,NA,0,NA
I4387154848,2007,0,0,NA,0,NA,0,NA
I4387154848,2008,0,0,NA,0,NA,0,NA
I4387154848,2009,0,0,NA,0,NA,0,NA
I4387154848,2010,0,0,NA,0,NA,0,NA
I4387154848,2011,0,0,NA,0,NA,0,NA
I4387154848,2012,0,0,NA,0,NA,0,NA
I4387154848,2013,0,0,NA,0,NA,0,NA
I4387154848,2014,0,0,NA,0,NA,0,NA
I4387154848,2015,0,0,NA,0,NA,0,NA
I4387154848,2016,0,0,NA,0,NA,0,NA
I4387154848,2017,0,0,NA,0,NA,0,NA
I4387154848,2018,0,0,NA,0,NA,0,NA
I4387154848,2019,0,0,NA,0,NA,0,NA
I4387154848,2020,0,0,NA,0,NA,0,NA
I4387154848,2021,0,0,NA,0,NA,0,NA
I4387154848,2022,0,0,NA,0,NA,0,NA
I4387154848,2023,0,0,NA,0,NA,0,NA
I4387154848,2024,0,0,NA,0,NA,0,NA
I4387154848,2025,0,0,NA,0,NA,0,NA
I4210132801,2006,0,0,NA,0,NA,0,NA
I4210132801,2007,0,0,NA,0,NA,0,NA
I4210132801,2008,0,0,NA,0,NA,0,NA
I4210132801,2009,0,0,NA,0,NA,0,NA
I4210132801,2010,0,0,NA,0,NA,0,NA
I4210132801,2011,0,0,NA,0,NA,0,NA
I4210132801,2012,0,0,NA,0,NA,0,NA
I4210132801,2013,0,0,NA,0,NA,0,NA
I4210132801,2014,0,0,NA,0,NA,0,NA
I4210132801,2015,0,0,NA,0,NA,0,NA
I4210132801,2016,0,0,NA,0,NA,0,NA
I4210132801,2017,0,0,NA,0,NA,0,NA
I4210132801,2018,0,0,NA,0,NA,0,NA
I4210132801,2019,0,0,NA,0,NA,0,NA
I4210132801,2020,0,0,NA,0,NA,0,NA
I4210132801,2021,0,0,NA,0,NA,0,NA
I4210132801,2022,0,0,NA,0,NA,0,NA
I4210132801,2023,0,0,NA,0,NA,0,NA
I4210132801,2024,0,0,NA,0,NA,0,NA
I4210132801,2025,0,0,NA,0,NA,0,NA
I4405254776,2006,0,0,NA,0,NA,0,NA
I4405254776,2007,0,0,NA,0,NA,0,NA
I4405254776,2008,0,0,NA,0,NA,0,NA
I4405254776,2009,0,0,NA,0,NA,0,NA
I4405254776,2010,0,0,NA,0,NA,0,NA
I4405254776,2011,0,0,NA,0,NA,0,NA
I4405254776,2012,0,0,NA,0,NA,0,NA
I4405254776,2013,0,0,NA,0,NA,0,NA
I4405254776,2014,0,0,NA,0,NA,0,NA
I4405254776,2015,0,0,NA,0,NA,0,NA
I4405254776,2016,0,0,NA,0,NA,0,NA
I4405254776,2017,0,0,NA,0,NA,0,NA
I4405254776,2018,0,0,NA,0,NA,0,NA
I4405254776,2019,0,0,NA,0,NA,0,NA
I4405254776,2020,0,0,NA,0,NA,0,NA
I4405254776,2021,0,0,NA,0,NA,0,NA
I4405254776,2022,0,0,NA,0,NA,0,NA
I4405254776,2023,0,0,NA,0,NA,0,NA
I4405254776,2024,0,0,NA,0,NA,0,NA
I4405254776,2025,0,0,NA,0,NA,0,NA
I4405258591,2006,0,0,NA,0,NA,0,NA
I4405258591,2007,0,0,NA,0,NA,0,NA
I4405258591,2008,0,0,NA,0,NA,0,NA
I4405258591,2009,0,0,NA,0,NA,0,NA
I4405258591,2010,0,0,NA,0,NA,0,NA
I4405258591,2011,0,0,NA,0,NA,0,NA
I4405258591,2012,0,0,NA,0,NA,0,NA
I4405258591,2013,0,0,NA,0,NA,0,NA
I4405258591,2014,0,0,NA,0,NA,0,NA
I4405258591,2015,0,0,NA,0,NA,0,NA
I4405258591,2016,0,0,NA,0,NA,0,NA
I4405258591,2017,0,0,NA,0,NA,0,NA
I4405258591,2018,0,0,NA,0,NA,0,NA
I4405258591,2019,0,0,NA,0,NA,0,NA
I4405258591,2020,0,0,NA,0,NA,0,NA
I4405258591,2021,0,0,NA,0,NA,0,NA
I4405258591,2022,0,0,NA,0,NA,0,NA
I4405258591,2023,0,0,NA,0,NA,0,NA
I4405258591,2024,0,0,NA,0,NA,0,NA
I4405258591,2025,0,0,NA,0,NA,0,NA
I131561025,2006,0,0,NA,0,NA,0,NA
I131561025,2007,0,0,NA,0,NA,0,NA
I131561025,2008,0,0,NA,0,NA,0,NA
I131561025,2009,0,0,NA,0,NA,0,NA
I131561025,2010,0,0,NA,0,NA,0,NA
I131561025,2011,0,0,NA,0,NA,0,NA
I131561025,2012,0,0,NA,0,NA,0,NA
I131561025,2013,0,0,NA,0,NA,0,NA
I131561025,2014,0,0,NA,0,NA,0,NA
I131561025,2015,0,0,NA,0,NA,0,NA
I131561025,2016,0,0,NA,0,NA,0,NA
I131561025,2017,0,0,NA,0,NA,0,NA
I131561025,2018,0,0,NA,0,NA,0,NA
I131561025,2019,0,0,NA,0,NA,0,NA
I131561025,2020,0,0,NA,0,NA,0,NA
I131561025,2021,0,0,NA,0,NA,0,NA
I131561025,2022,0,0,NA,0,NA,0,NA
I131561025,2023,0,0,NA,0,NA,0,NA
I131561025,2024,0,0,NA,0,NA,0,NA
I131561025,2025,0,0,NA,0,NA,0,NA
I4405257387,2006,0,0,NA,0,NA,0,NA
I4405257387,2007,0,0,NA,0,NA,0,NA
I4405257387,2008,0,0,NA,0,NA,0,NA
I4405257387,2009,0,0,NA,0,NA,0,NA
I4405257387,2010,0,0,NA,0,NA,0,NA
I4405257387,2011,0,0,NA,0,NA,0,NA
I4405257387,2012,0,0,NA,0,NA,0,NA
I4405257387,2013,0,0,NA,0,NA,0,NA
I4405257387,2014,0,0,NA,0,NA,0,NA
I4405257387,2015,0,0,NA,0,NA,0,NA
I4405257387,2016,0,0,NA,0,NA,0,NA
I4405257387,2017,0,0,NA,0,NA,0,NA
I4405257387,2018,0,0,NA,0,NA,0,NA
I4405257387,2019,0,0,NA,0,NA,0,NA
I4405257387,2020,0,0,NA,0,NA,0,NA
I4405257387,2021,0,0,NA,0,NA,0,NA
I4405257387,2022,0,0,NA,0,NA,0,NA
I4405257387,2023,0,0,NA,0,NA,0,NA
I4405257387,2024,0,0,NA,0,NA,0,NA
I4405257387,2025,0,0,NA,0,NA,0,NA
I4405259962,2006,0,0,NA,0,NA,0,NA
I4405259962,2007,0,0,NA,0,NA,0,NA
I4405259962,2008,0,0,NA,0,NA,0,NA
I4405259962,2009,0,0,NA,0,NA,0,NA
I4405259962,2010,0,0,NA,0,NA,0,NA
I4405259962,2011,0,0,NA,0,NA,0,NA
I4405259962,2012,0,0,NA,0,NA,0,NA
I4405259962,2013,0,0,NA,0,NA,0,NA
I4405259962,2014,0,0,NA,0,NA,0,NA
I4405259962,2015,0,0,NA,0,NA,0,NA
I4405259962,2016,0,0,NA,0,NA,0,NA
I4405259962,2017,0,0,NA,0,NA,0,NA
I4405259962,2018,0,0,NA,0,NA,0,NA
I4405259962,2019,0,0,NA,0,NA,0,NA
I4405259962,2020,0,0,NA,0,NA,0,NA
I4405259962,2021,0,0,NA,0,NA,0,NA
I4405259962,2022,0,0,NA,0,NA,0,NA
I4405259962,2023,0,0,NA,0,NA,0,NA
I4405259962,2024,0,0,NA,0,NA,0,NA
I4405259962,2025,0,0,NA,0,NA,0,NA
I4405255509,2006,0,0,NA,0,NA,0,NA
I4405255509,2007,0,0,NA,0,NA,0,NA
I4405255509,2008,0,0,NA,0,NA,0,NA
I4405255509,2009,0,0,NA,0,NA,0,NA
I4405255509,2010,0,0,NA,0,NA,0,NA
I4405255509,2011,0,0,NA,0,NA,0,NA
I4405255509,2012,0,0,NA,0,NA,0,NA
I4405255509,2013,0,0,NA,0,NA,0,NA
I4405255509,2014,0,0,NA,0,NA,0,NA
I4405255509,2015,0,0,NA,0,NA,0,NA
I4405255509,2016,0,0,NA,0,NA,0,NA
I4405255509,2017,0,0,NA,0,NA,0,NA
I4405255509,2018,0,0,NA,0,NA,0,NA
I4405255509,2019,0,0,NA,0,NA,0,NA
I4405255509,2020,0,0,NA,0,NA,0,NA
I4405255509,2021,0,0,NA,0,NA,0,NA
I4405255509,2022,0,0,NA,0,NA,0,NA
I4405255509,2023,0,0,NA,0,NA,0,NA
I4405255509,2024,0,0,NA,0,NA,0,NA
I4405255509,2025,0,0,NA,0,NA,0,NA
I4210095136,2006,0,0,NA,0,NA,0,NA
I4210095136,2007,0,0,NA,0,NA,0,NA
I4210095136,2008,0,0,NA,0,NA,0,NA
I4210095136,2009,0,0,NA,0,NA,0,NA
I4210095136,2010,0,0,NA,0,NA,0,NA
I4210095136,2011,0,0,NA,0,NA,0,NA
I4210095136,2012,0,0,NA,0,NA,0,NA
I4210095136,2013,0,0,NA,0,NA,0,NA
I4210095136,2014,0,0,NA,0,NA,0,NA
I4210095136,2015,0,0,NA,0,NA,0,NA
I4210095136,2016,0,0,NA,0,NA,0,NA
I4210095136,2017,0,0,NA,0,NA,0,NA
I4210095136,2018,0,0,NA,0,NA,0,NA
I4210095136,2019,0,0,NA,0,NA,0,NA
I4210095136,2020,0,0,NA,0,NA,0,NA
I4210095136,2021,0,0,NA,0,NA,0,NA
I4210095136,2022,0,0,NA,0,NA,0,NA
I4210095136,2023,0,0,NA,0,NA,0,NA
I4210095136,2024,0,0,NA,0,NA,0,NA
I4210095136,2025,0,0,NA,0,NA,0,NA
I4210100249,2006,0,0,NA,0,NA,0,NA
I4210100249,2007,0,0,NA,0,NA,0,NA
I4210100249,2008,0,0,NA,0,NA,0,NA
I4210100249,2009,0,0,NA,0,NA,0,NA
I4210100249,2010,0,0,NA,0,NA,0,NA
I4210100249,2011,0,0,NA,0,NA,0,NA
I4210100249,2012,0,0,NA,0,NA,0,NA
I4210100249,2013,0,0,NA,0,NA,0,NA
I4210100249,2014,0,0,NA,0,NA,0,NA
I4210100249,2015,0,0,NA,0,NA,0,NA
I4210100249,2016,0,0,NA,0,NA,0,NA
I4210100249,2017,0,0,NA,0,NA,0,NA
I4210100249,2018,0,0,NA,0,NA,0,NA
I4210100249,2019,0,0,NA,0,NA,0,NA
I4210100249,2020,0,0,NA,0,NA,0,NA
I4210100249,2021,0,0,NA,0,NA,0,NA
I4210100249,2022,0,0,NA,0,NA,0,NA
I4210100249,2023,0,0,NA,0,NA,0,NA
I4210100249,2024,0,0,NA,0,NA,0,NA
I4210100249,2025,0,0,NA,0,NA,0,NA
I4210088351,2006,0,0,NA,0,NA,0,NA
I4210088351,2007,0,0,NA,0,NA,0,NA
I4210088351,2008,0,0,NA,0,NA,0,NA
I4210088351,2009,0,0,NA,0,NA,0,NA
I4210088351,2010,0,0,NA,0,NA,0,NA
I4210088351,2011,0,0,NA,0,NA,0,NA
I4210088351,2012,0,0,NA,0,NA,0,NA
I4210088351,2013,0,0,NA,0,NA,0,NA
I4210088351,2014,0,0,NA,0,NA,0,NA
I4210088351,2015,0,0,NA,0,NA,0,NA
I4210088351,2016,0,0,NA,0,NA,0,NA
I4210088351,2017,0,0,NA,0,NA,0,NA
I4210088351,2018,0,0,NA,0,NA,0,NA
I4210088351,2019,0,0,NA,0,NA,0,NA
I4210088351,2020,0,0,NA,0,NA,0,NA
I4210088351,2021,0,0,NA,0,NA,0,NA
I4210088351,2022,0,0,NA,0,NA,0,NA
I4210088351,2023,0,0,NA,0,NA,0,NA
I4210088351,2024,0,0,NA,0,NA,0,NA
I4210088351,2025,0,0,NA,0,NA,0,NA
I4210147662,2006,0,0,NA,0,NA,0,NA
I4210147662,2007,0,0,NA,0,NA,0,NA
I4210147662,2008,0,0,NA,0,NA,0,NA
I4210147662,2009,0,0,NA,0,NA,0,NA
I4210147662,2010,0,0,NA,0,NA,0,NA
I4210147662,2011,0,0,NA,0,NA,0,NA
I4210147662,2012,0,0,NA,0,NA,0,NA
I4210147662,2013,0,0,NA,0,NA,0,NA
I4210147662,2014,0,0,NA,0,NA,0,NA
I4210147662,2015,0,0,NA,0,NA,0,NA
I4210147662,2016,0,0,NA,0,NA,0,NA
I4210147662,2017,0,0,NA,0,NA,0,NA
I4210147662,2018,0,0,NA,0,NA,0,NA
I4210147662,2019,0,0,NA,0,NA,0,NA
I4210147662,2020,0,0,NA,0,NA,0,NA
I4210147662,2021,0,0,NA,0,NA,0,NA
I4210147662,2022,0,0,NA,0,NA,0,NA
I4210147662,2023,0,0,NA,0,NA,0,NA
I4210147662,2024,0,0,NA,0,NA,0,NA
I4210147662,2025,0,0,NA,0,NA,0,NA
I49595703,2006,0,0,NA,0,NA,0,NA
I49595703,2007,0,0,NA,0,NA,0,NA
I49595703,2008,0,0,NA,0,NA,0,NA
I49595703,2009,0,0,NA,0,NA,0,NA
I49595703,2010,0,0,NA,0,NA,0,NA
I49595703,2011,0,0,NA,0,NA,0,NA
I49595703,2012,0,0,NA,0,NA,0,NA
I49595703,2013,0,0,NA,0,NA,0,NA
I49595703,2014,0,0,NA,0,NA,0,NA
I49595703,2015,0,0,NA,0,NA,0,NA
I49595703,2016,0,0,NA,0,NA,0,NA
I49595703,2017,0,0,NA,0,NA,0,NA
I49595703,2018,0,0,NA,0,NA,0,NA
I49595703,2019,0,0,NA,0,NA,0,NA
I49595703,2020,0,0,NA,0,NA,0,NA
I49595703,2021,0,0,NA,0,NA,0,NA
I49595703,2022,0,0,NA,0,NA,0,NA
I49595703,2023,0,0,NA,0,NA,0,NA
I49595703,2024,0,0,NA,0,NA,0,NA
I49595703,2025,0,0,NA,0,NA,0,NA
I4387155736,2006,0,0,NA,0,NA,0,NA
I4387155736,2007,0,0,NA,0,NA,0,NA
I4387155736,2008,0,0,NA,0,NA,0,NA
I4387155736,2009,0,0,NA,0,NA,0,NA
I4387155736,2010,0,0,NA,0,NA,0,NA
I4387155736,2011,0,0,NA,0,NA,0,NA
I4387155736,2012,0,0,NA,0,NA,0,NA
I4387155736,2013,0,0,NA,0,NA,0,NA
I4387155736,2014,0,0,NA,0,NA,0,NA
I4387155736,2015,0,0,NA,0,NA,0,NA
I4387155736,2016,0,0,NA,0,NA,0,NA
I4387155736,2017,0,0,NA,0,NA,0,NA
I4387155736,2018,0,0,NA,0,NA,0,NA
I4387155736,2019,0,0,NA,0,NA,0,NA
I4387155736,2020,0,0,NA,0,NA,0,NA
I4387155736,2021,0,0,NA,0,NA,0,NA
I4387155736,2022,0,0,NA,0,NA,0,NA
I4387155736,2023,0,0,NA,0,NA,0,NA
I4387155736,2024,0,0,NA,0,NA,0,NA
I4387155736,2025,0,0,NA,0,NA,0,NA
I2801867916,2006,0,0,NA,0,NA,0,NA
I2801867916,2007,0,0,NA,0,NA,0,NA
I2801867916,2008,0,0,NA,0,NA,0,NA
I2801867916,2009,0,0,NA,0,NA,0,NA
I2801867916,2010,0,0,NA,0,NA,0,NA
I2801867916,2011,0,0,NA,0,NA,0,NA
I2801867916,2012,0,0,NA,0,NA,0,NA
I2801867916,2013,0,0,NA,0,NA,0,NA
I2801867916,2014,0,0,NA,0,NA,0,NA
I2801867916,2015,0,0,NA,0,NA,0,NA
I2801867916,2016,0,0,NA,0,NA,0,NA
I2801867916,2017,0,0,NA,0,NA,0,NA
I2801867916,2018,0,0,NA,0,NA,0,NA
I2801867916,2019,0,0,NA,0,NA,0,NA
I2801867916,2020,0,0,NA,0,NA,0,NA
I2801867916,2021,0,0,NA,0,NA,0,NA
I2801867916,2022,0,0,NA,0,NA,0,NA
I2801867916,2023,0,0,NA,0,NA,0,NA
I2801867916,2024,0,0,NA,0,NA,0,NA
I2801867916,2025,0,0,NA,0,NA,0,NA
I2891818910,2006,0,0,NA,0,NA,0,NA
I2891818910,2007,0,0,NA,0,NA,0,NA
I2891818910,2008,0,0,NA,0,NA,0,NA
I2891818910,2009,0,0,NA,0,NA,0,NA
I2891818910,2010,0,0,NA,0,NA,0,NA
I2891818910,2011,0,0,NA,0,NA,0,NA
I2891818910,2012,0,0,NA,0,NA,0,NA
I2891818910,2013,0,0,NA,0,NA,0,NA
I2891818910,2014,0,0,NA,0,NA,0,NA
I2891818910,2015,0,0,NA,0,NA,0,NA
I2891818910,2016,0,0,NA,0,NA,0,NA
I2891818910,2017,0,0,NA,0,NA,0,NA
I2891818910,2018,0,0,NA,0,NA,0,NA
I2891818910,2019,0,0,NA,0,NA,0,NA
I2891818910,2020,0,0,NA,0,NA,0,NA
I2891818910,2021,0,0,NA,0,NA,0,NA
I2891818910,2022,0,0,NA,0,NA,0,NA
I2891818910,2023,0,0,NA,0,NA,0,NA
I2891818910,2024,0,0,NA,0,NA,0,NA
I2891818910,2025,0,0,NA,0,NA,0,NA
I4210110204,2006,0,0,NA,0,NA,0,NA
I4210110204,2007,0,0,NA,0,NA,0,NA
I4210110204,2008,0,0,NA,0,NA,0,NA
I4210110204,2009,0,0,NA,0,NA,0,NA
I4210110204,2010,0,0,NA,0,NA,0,NA
I4210110204,2011,0,0,NA,0,NA,0,NA
I4210110204,2012,0,0,NA,0,NA,0,NA
I4210110204,2013,0,0,NA,0,NA,0,NA
I4210110204,2014,0,0,NA,0,NA,0,NA
I4210110204,2015,0,0,NA,0,NA,0,NA
I4210110204,2016,0,0,NA,0,NA,0,NA
I4210110204,2017,0,0,NA,0,NA,0,NA
I4210110204,2018,0,0,NA,0,NA,0,NA
I4210110204,2019,0,0,NA,0,NA,0,NA
I4210110204,2020,0,0,NA,0,NA,0,NA
I4210110204,2021,0,0,NA,0,NA,0,NA
I4210110204,2022,0,0,NA,0,NA,0,NA
I4210110204,2023,0,0,NA,0,NA,0,NA
I4210110204,2024,0,0,NA,0,NA,0,NA
I4210110204,2025,0,0,NA,0,NA,0,NA
I4405255857,2006,0,0,NA,0,NA,0,NA
I4405255857,2007,0,0,NA,0,NA,0,NA
I4405255857,2008,0,0,NA,0,NA,0,NA
I4405255857,2009,0,0,NA,0,NA,0,NA
I4405255857,2010,0,0,NA,0,NA,0,NA
I4405255857,2011,0,0,NA,0,NA,0,NA
I4405255857,2012,0,0,NA,0,NA,0,NA
I4405255857,2013,0,0,NA,0,NA,0,NA
I4405255857,2014,0,0,NA,0,NA,0,NA
I4405255857,2015,0,0,NA,0,NA,0,NA
I4405255857,2016,0,0,NA,0,NA,0,NA
I4405255857,2017,0,0,NA,0,NA,0,NA
I4405255857,2018,0,0,NA,0,NA,0,NA
I4405255857,2019,0,0,NA,0,NA,0,NA
I4405255857,2020,0,0,NA,0,NA,0,NA
I4405255857,2021,0,0,NA,0,NA,0,NA
I4405255857,2022,0,0,NA,0,NA,0,NA
I4405255857,2023,0,0,NA,0,NA,0,NA
I4405255857,2024,0,0,NA,0,NA,0,NA
I4405255857,2025,0,0,NA,0,NA,0,NA
I4405260477,2006,0,0,NA,0,NA,0,NA
I4405260477,2007,0,0,NA,0,NA,0,NA
I4405260477,2008,0,0,NA,0,NA,0,NA
I4405260477,2009,0,0,NA,0,NA,0,NA
I4405260477,2010,0,0,NA,0,NA,0,NA
I4405260477,2011,0,0,NA,0,NA,0,NA
I4405260477,2012,0,0,NA,0,NA,0,NA
I4405260477,2013,0,0,NA,0,NA,0,NA
I4405260477,2014,0,0,NA,0,NA,0,NA
I4405260477,2015,0,0,NA,0,NA,0,NA
I4405260477,2016,0,0,NA,0,NA,0,NA
I4405260477,2017,0,0,NA,0,NA,0,NA
I4405260477,2018,0,0,NA,0,NA,0,NA
I4405260477,2019,0,0,NA,0,NA,0,NA
I4405260477,2020,0,0,NA,0,NA,0,NA
I4405260477,2021,0,0,NA,0,NA,0,NA
I4405260477,2022,0,0,NA,0,NA,0,NA
I4405260477,2023,0,0,NA,0,NA,0,NA
I4405260477,2024,0,0,NA,0,NA,0,NA
I4405260477,2025,0,0,NA,0,NA,0,NA
I4405258056,2006,0,0,NA,0,NA,0,NA
I4405258056,2007,0,0,NA,0,NA,0,NA
I4405258056,2008,0,0,NA,0,NA,0,NA
I4405258056,2009,0,0,NA,0,NA,0,NA
I4405258056,2010,0,0,NA,0,NA,0,NA
I4405258056,2011,0,0,NA,0,NA,0,NA
I4405258056,2012,0,0,NA,0,NA,0,NA
I4405258056,2013,0,0,NA,0,NA,0,NA
I4405258056,2014,0,0,NA,0,NA,0,NA
I4405258056,2015,0,0,NA,0,NA,0,NA
I4405258056,2016,0,0,NA,0,NA,0,NA
I4405258056,2017,0,0,NA,0,NA,0,NA
I4405258056,2018,0,0,NA,0,NA,0,NA
I4405258056,2019,0,0,NA,0,NA,0,NA
I4405258056,2020,0,0,NA,0,NA,0,NA
I4405258056,2021,0,0,NA,0,NA,0,NA
I4405258056,2022,0,0,NA,0,NA,0,NA
I4405258056,2023,0,0,NA,0,NA,0,NA
I4405258056,2024,0,0,NA,0,NA,0,NA
I4405258056,2025,0,0,NA,0,NA,0,NA
I3131082147,2006,0,0,NA,0,NA,0,NA
I3131082147,2007,0,0,NA,0,NA,0,NA
I3131082147,2008,0,0,NA,0,NA,0,NA
I3131082147,2009,0,0,NA,0,NA,0,NA
I3131082147,2010,0,0,NA,0,NA,0,NA
I3131082147,2011,0,0,NA,0,NA,0,NA
I3131082147,2012,0,0,NA,0,NA,0,NA
I3131082147,2013,0,0,NA,0,NA,0,NA
I3131082147,2014,0,0,NA,0,NA,0,NA
I3131082147,2015,0,0,NA,0,NA,0,NA
I3131082147,2016,0,0,NA,0,NA,0,NA
I3131082147,2017,0,0,NA,0,NA,0,NA
I3131082147,2018,0,0,NA,0,NA,0,NA
I3131082147,2019,0,0,NA,0,NA,0,NA
I3131082147,2020,0,0,NA,0,NA,0,NA
I3131082147,2021,0,0,NA,0,NA,0,NA
I3131082147,2022,0,0,NA,0,NA,0,NA
I3131082147,2023,0,0,NA,0,NA,0,NA
I3131082147,2024,0,0,NA,0,NA,0,NA
I3131082147,2025,0,0,NA,0,NA,0,NA
