inst_id,year,n_citations
I4210130929,2006,71
I4210130929,2007,61
I4210130929,2008,14
I4210130929,2009,54
I4210130929,2010,82
I4210130929,2011,67
I4210130929,2012,114
I4210130929,2013,206
I4210130929,2014,540
I4210130929,2015,818
I4210130929,2016,352
I4210130929,2017,553
I4210130929,2018,751
I4210130929,2019,967
I4210130929,2020,1013
I4210130929,2021,1092
I4210130929,2022,1111
I4210130929,2023,1428
I4210130929,2024,1720
I4210130929,2025,728
I4210130929,2026,27
I240042149,2006,1825
I240042149,2007,9571
I240042149,2008,1910
I240042149,2009,2174
I240042149,2010,3059
I240042149,2011,2881
I240042149,2012,2264
I240042149,2013,2349
I240042149,2014,2522
I240042149,2015,3875
I240042149,2016,5037
I240042149,2017,5973
I240042149,2018,7323
I240042149,2019,8076
I240042149,2020,11858
I240042149,2021,12181
I240042149,2022,11245
I240042149,2023,11346
I240042149,2024,8471
I240042149,2025,3048
I240042149,2026,76
I100352790,2006,475
I100352790,2007,1667
I100352790,2008,1297
I100352790,2009,362
I100352790,2010,836
I100352790,2011,736
I100352790,2012,911
I100352790,2013,810
I100352790,2014,899
I100352790,2015,976
I100352790,2016,1160
I100352790,2017,929
I100352790,2018,1119
I100352790,2019,1934
I100352790,2020,1929
I100352790,2021,1942
I100352790,2022,2642
I100352790,2023,1704
I100352790,2024,1001
I100352790,2025,309
I100352790,2026,4
I4210161785,2006,325
I4210161785,2007,1352
I4210161785,2008,348
I4210161785,2009,826
I4210161785,2010,395
I4210161785,2011,117
I4210161785,2012,112
I4210161785,2013,55
I4210161785,2014,289
I4210161785,2015,192
I4210161785,2016,1348
I4210161785,2017,155
I4210161785,2018,274
I4210161785,2019,912
I4210161785,2020,1866
I4210161785,2021,969
I4210161785,2022,1042
I4210161785,2023,1758
I4210161785,2024,1815
I4210161785,2025,1791
I4210161785,2026,11
I4210130625,2008,14
I4210130625,2009,1
I4210130625,2011,0
I4210130625,2012,29
I4210130625,2015,8
I4210130625,2016,0
I4210130625,2020,0
I4210130625,2021,1
I4210130625,2022,10
I4210130625,2025,7
I4210130625,2026,1
I4210140896,2006,3
I4210140896,2007,7
I4210140896,2008,163
I4210140896,2009,65
I4210140896,2010,42
I4210140896,2011,70
I4210140896,2012,60
I4210140896,2013,222
I4210140896,2014,49
I4210140896,2015,106
I4210140896,2016,97
I4210140896,2017,50
I4210140896,2018,228
I4210140896,2019,70
I4210140896,2020,50
I4210140896,2021,345
I4210140896,2022,173
I4210140896,2023,110
I4210140896,2024,114
I4210140896,2025,66
I4210140896,2026,1
I169864488,2006,312
I169864488,2007,297
I169864488,2008,400
I169864488,2009,526
I169864488,2010,977
I169864488,2011,796
I169864488,2012,601
I169864488,2013,938
I169864488,2014,1020
I169864488,2015,1652
I169864488,2016,1733
I169864488,2017,2223
I169864488,2018,2209
I169864488,2019,2967
I169864488,2020,4330
I169864488,2021,5728
I169864488,2022,3612
I169864488,2023,3268
I169864488,2024,1577
I169864488,2025,602
I169864488,2026,18
I4210134055,2016,0
I4210134055,2017,6
I4210134055,2018,6
I4210134055,2019,131
I4210134055,2020,75
I4210134055,2021,76
I4210134055,2022,114
I4210134055,2023,153
I4210134055,2024,115
I4210134055,2025,42
I4210134055,2026,0
I1328943360,2006,201
I1328943360,2007,212
I1328943360,2008,886
I1328943360,2009,867
I1328943360,2010,1422
I1328943360,2011,1276
I1328943360,2012,28541
I1328943360,2013,16442
I1328943360,2014,8137
I1328943360,2015,3147
I1328943360,2016,2817
I1328943360,2017,4197
I1328943360,2018,2173
I1328943360,2019,2273
I1328943360,2020,1716
I1328943360,2021,994
I1328943360,2022,572
I1328943360,2023,470
I1328943360,2024,242
I1328943360,2025,43
I1328943360,2026,1
I4210131124,2006,103
I4210131124,2007,6
I4210131124,2008,38
I4210131124,2009,1413
I4210131124,2010,121
I4210131124,2011,94
I4210131124,2012,22
I4210131124,2013,320
I4210131124,2014,36
I4210131124,2015,58
I4210131124,2016,62
I4210131124,2017,2
I4210131124,2018,3
I4210131124,2019,22
I4210131124,2020,146
I4210131124,2021,0
I4210131124,2022,74
I4210131124,2023,89
I4210131124,2024,17
I4210131124,2025,2
I4210131124,2026,1
I1322597698,2006,4889
I1322597698,2007,7295
I1322597698,2008,13057
I1322597698,2009,9204
I1322597698,2010,13809
I1322597698,2011,16403
I1322597698,2012,21597
I1322597698,2013,27249
I1322597698,2014,29592
I1322597698,2015,22359
I1322597698,2016,22099
I1322597698,2017,27200
I1322597698,2018,25361
I1322597698,2019,20079
I1322597698,2020,20140
I1322597698,2021,9713
I1322597698,2022,5834
I1322597698,2023,4706
I1322597698,2024,2450
I1322597698,2025,768
I1322597698,2026,20
I2800664390,2006,11
I2800664390,2007,24
I2800664390,2009,18
I2800664390,2010,28
I2800664390,2011,75
I2800664390,2012,293
I2800664390,2013,31
I2800664390,2014,1
I2800664390,2015,460
I2800664390,2016,95
I2800664390,2017,1212
I2800664390,2019,10
I2800664390,2020,170
I2800664390,2021,258
I2800664390,2022,44
I2800664390,2023,6
I2800664390,2024,18
I2800664390,2025,6
I2800664390,2026,0
I3129459759,2006,47
I3129459759,2007,9
I3129459759,2008,4
I3129459759,2009,4
I3129459759,2010,32
I3129459759,2011,1
I3129459759,2012,27
I3129459759,2013,26
I3129459759,2014,179
I3129459759,2015,126
I3129459759,2016,18
I3129459759,2017,0
I3129459759,2018,119
I3129459759,2019,40
I3129459759,2020,153
I3129459759,2021,69
I3129459759,2022,336
I3129459759,2023,231
I3129459759,2024,114
I3129459759,2025,54
I3129459759,2026,2
I24835296,2006,0
I24835296,2007,25
I24835296,2008,33
I24835296,2009,0
I24835296,2010,121
I24835296,2011,45
I24835296,2012,280
I24835296,2013,167
I24835296,2014,176
I24835296,2015,139
I24835296,2016,290
I24835296,2017,202
I24835296,2018,295
I24835296,2019,328
I24835296,2020,1347
I24835296,2021,743
I24835296,2022,872
I24835296,2023,576
I24835296,2024,654
I24835296,2025,251
I24835296,2026,9
I3130155654,2007,199
I3130155654,2008,37
I3130155654,2009,2
I3130155654,2010,0
I3130155654,2011,7
I3130155654,2012,177
I3130155654,2013,75
I3130155654,2014,67
I3130155654,2015,29
I3130155654,2016,69
I3130155654,2017,146
I3130155654,2018,128
I3130155654,2019,222
I3130155654,2020,418
I3130155654,2021,503
I3130155654,2022,659
I3130155654,2023,665
I3130155654,2024,492
I3130155654,2025,88
I3130155654,2026,6
I865572129,2006,0
I865572129,2007,146
I865572129,2008,51
I865572129,2009,103
I865572129,2010,66
I865572129,2011,76
I865572129,2012,284
I865572129,2013,661
I865572129,2014,850
I865572129,2015,1107
I865572129,2016,979
I865572129,2017,1109
I865572129,2018,2853
I865572129,2019,2917
I865572129,2020,9001
I865572129,2021,10830
I865572129,2022,9544
I865572129,2023,8426
I865572129,2024,5989
I865572129,2025,2194
I865572129,2026,37
I106980716,2006,63
I106980716,2007,66
I106980716,2008,53
I106980716,2009,12
I106980716,2010,163
I106980716,2011,203
I106980716,2012,179
I106980716,2013,299
I106980716,2014,190
I106980716,2015,367
I106980716,2016,961
I106980716,2017,316
I106980716,2018,372
I106980716,2019,514
I106980716,2020,506
I106980716,2021,375
I106980716,2022,331
I106980716,2023,201
I106980716,2024,146
I106980716,2025,125
I106980716,2026,1
I4210129636,2006,2
I4210129636,2007,5
I4210129636,2008,0
I4210129636,2009,105
I4210129636,2010,0
I4210129636,2011,487
I4210129636,2012,182
I4210129636,2013,760
I4210129636,2014,1284
I4210129636,2015,888
I4210129636,2016,1410
I4210129636,2017,2130
I4210129636,2018,2345
I4210129636,2019,5027
I4210129636,2020,5893
I4210129636,2021,7819
I4210129636,2022,9933
I4210129636,2023,7936
I4210129636,2024,6030
I4210129636,2025,2353
I4210129636,2026,59
I4537092,2006,12927
I4537092,2007,17547
I4537092,2008,9714
I4537092,2009,14235
I4537092,2010,15137
I4537092,2011,15988
I4537092,2012,18845
I4537092,2013,24620
I4537092,2014,35447
I4537092,2015,39607
I4537092,2016,42401
I4537092,2017,40735
I4537092,2018,36660
I4537092,2019,42871
I4537092,2020,43438
I4537092,2021,43388
I4537092,2022,37102
I4537092,2023,25430
I4537092,2024,15199
I4537092,2025,5852
I4537092,2026,125
I28653996,2006,534
I28653996,2007,611
I28653996,2008,862
I28653996,2009,548
I28653996,2010,767
I28653996,2011,1408
I28653996,2012,1503
I28653996,2013,2969
I28653996,2014,1368
I28653996,2015,1952
I28653996,2016,1435
I28653996,2017,2633
I28653996,2018,2029
I28653996,2019,2398
I28653996,2020,4476
I28653996,2021,4248
I28653996,2022,4656
I28653996,2023,2777
I28653996,2024,1393
I28653996,2025,598
I28653996,2026,22
I2799835767,2007,0
I2799835767,2009,11
I2799835767,2010,36
I2799835767,2012,20
I2799835767,2013,50
I2799835767,2014,158
I2799835767,2015,14
I2799835767,2016,19
I2799835767,2017,158
I2799835767,2018,300
I2799835767,2019,613
I2799835767,2020,1740
I2799835767,2021,1228
I2799835767,2022,1200
I2799835767,2023,1089
I2799835767,2024,880
I2799835767,2025,736
I2799835767,2026,8
I3132429795,2006,161
I3132429795,2009,266
I3132429795,2010,2
I3132429795,2011,33
I3132429795,2013,93
I3132429795,2014,490
I3132429795,2015,649
I3132429795,2016,434
I3132429795,2017,2666
I3132429795,2018,1816
I3132429795,2019,4832
I3132429795,2020,7982
I3132429795,2021,2311
I3132429795,2022,703
I3132429795,2023,1005
I3132429795,2024,1338
I3132429795,2025,1198
I3132429795,2026,21
I4210121139,2009,23
I4210121139,2010,0
I4210121139,2013,0
I4210121139,2014,0
I4210121139,2015,2
I4210121139,2016,1
I4210121139,2018,1
I4210121139,2019,0
I4210121139,2020,25
I4210121139,2021,1
I4210121139,2022,3
I4210121139,2023,6
I4210121139,2024,2
I4210121139,2025,2
I4210121139,2026,0
I4210155196,2013,0
I4210155196,2014,12
I4210155196,2015,27
I4210155196,2016,1
I4210155196,2018,1
I4210155196,2019,21
I4210155196,2020,41
I4210155196,2022,4
I4210155196,2023,33
I4210155196,2024,7
I4210155196,2025,1
I4210155196,2026,0
I2799887408,2008,11
I2799887408,2013,0
I2799887408,2014,34
I2799887408,2015,61
I2799887408,2016,22
I2799887408,2017,51
I2799887408,2018,21
I2799887408,2019,508
I2799887408,2020,124
I2799887408,2021,93
I2799887408,2022,73
I2799887408,2023,25
I2799887408,2024,33
I2799887408,2025,39
I2799887408,2026,0
I3132105718,2006,1
I3132105718,2009,52
I3132105718,2010,2
I3132105718,2011,4
I3132105718,2013,69
I3132105718,2014,7
I3132105718,2015,2
I3132105718,2016,9
I3132105718,2017,256
I3132105718,2018,7
I3132105718,2019,1
I3132105718,2020,192
I3132105718,2021,7
I3132105718,2022,23
I3132105718,2023,26
I3132105718,2024,45
I3132105718,2025,33
I3132105718,2026,0
I4210155251,2009,203
I4210155251,2013,181
I4210155251,2014,9
I4210155251,2015,6
I4210155251,2016,69
I4210155251,2017,31
I4210155251,2019,48
I4210155251,2020,511
I4210155251,2021,61
I4210155251,2022,12
I4210155251,2023,7
I4210155251,2024,15
I4210155251,2025,5
I4210155251,2026,0
I29787537,2007,61
I29787537,2008,0
I29787537,2009,0
I29787537,2010,2
I29787537,2011,17
I29787537,2012,448
I29787537,2013,1268
I29787537,2014,769
I29787537,2015,1927
I29787537,2016,2496
I29787537,2017,3585
I29787537,2018,4041
I29787537,2019,4805
I29787537,2020,4174
I29787537,2021,4224
I29787537,2022,5808
I29787537,2023,5966
I29787537,2024,3781
I29787537,2025,1220
I29787537,2026,37
I2802393258,2006,197
I2802393258,2007,900
I2802393258,2008,1088
I2802393258,2009,460
I2802393258,2010,403
I2802393258,2011,503
I2802393258,2012,225
I2802393258,2013,317
I2802393258,2014,882
I2802393258,2015,1829
I2802393258,2016,1957
I2802393258,2017,3057
I2802393258,2018,4575
I2802393258,2019,5327
I2802393258,2020,5265
I2802393258,2021,10252
I2802393258,2022,9100
I2802393258,2023,6858
I2802393258,2024,3458
I2802393258,2025,1546
I2802393258,2026,50
I2800483928,2006,0
I2800483928,2007,48
I2800483928,2008,21
I2800483928,2009,14
I2800483928,2010,122
I2800483928,2011,25
I2800483928,2012,182
I2800483928,2013,34
I2800483928,2014,1
I2800483928,2015,290
I2800483928,2016,72
I2800483928,2017,162
I2800483928,2018,239
I2800483928,2019,211
I2800483928,2020,131
I2800483928,2021,147
I2800483928,2022,161
I2800483928,2023,400
I2800483928,2024,180
I2800483928,2025,120
I2800483928,2026,3
I4210165634,2006,0
I4210165634,2007,207
I4210165634,2008,95
I4210165634,2009,1
I4210165634,2010,72
I4210165634,2011,251
I4210165634,2012,144
I4210165634,2013,7
I4210165634,2014,87
I4210165634,2015,113
I4210165634,2016,384
I4210165634,2017,48
I4210165634,2018,44
I4210165634,2019,82
I4210165634,2020,114
I4210165634,2021,59
I4210165634,2022,44
I4210165634,2023,51
I4210165634,2024,11
I4210165634,2025,5
I4210165634,2026,0
I165390105,2006,4523
I165390105,2007,5335
I165390105,2008,8088
I165390105,2009,8827
I165390105,2010,12260
I165390105,2011,11620
I165390105,2012,44634
I165390105,2013,17670
I165390105,2014,19398
I165390105,2015,27027
I165390105,2016,32614
I165390105,2017,40996
I165390105,2018,31420
I165390105,2019,39394
I165390105,2020,48799
I165390105,2021,34467
I165390105,2022,31658
I165390105,2023,25354
I165390105,2024,19325
I165390105,2025,8181
I165390105,2026,332
I4210110684,2015,4
I4210110684,2018,21
I4210110684,2020,54
I4210110684,2022,10
I4210110684,2024,8
I4210110684,2025,17
I4210110684,2026,1
I148561064,2006,421
I148561064,2007,414
I148561064,2008,16
I148561064,2009,19
I148561064,2010,476
I148561064,2011,511
I148561064,2012,1062
I148561064,2013,3360
I148561064,2014,22753
I148561064,2015,10227
I148561064,2016,33111
I148561064,2017,3583
I148561064,2018,3543
I148561064,2019,8765
I148561064,2020,18038
I148561064,2021,3525
I148561064,2022,1179
I148561064,2023,1301
I148561064,2024,1031
I148561064,2025,379
I148561064,2026,10
I2799873615,2006,0
I2799873615,2007,10
I2799873615,2008,1
I2799873615,2009,14
I2799873615,2010,110
I2799873615,2011,327
I2799873615,2012,303
I2799873615,2013,396
I2799873615,2014,1001
I2799873615,2015,992
I2799873615,2016,491
I2799873615,2017,533
I2799873615,2018,576
I2799873615,2019,811
I2799873615,2020,1923
I2799873615,2021,2320
I2799873615,2022,1196
I2799873615,2023,853
I2799873615,2024,771
I2799873615,2025,307
I2799873615,2026,4
I4210121797,2006,0
I4210121797,2007,0
I4210121797,2008,0
I4210121797,2009,11
I4210121797,2010,0
I4210121797,2011,39
I4210121797,2012,15
I4210121797,2013,49
I4210121797,2014,22
I4210121797,2015,24
I4210121797,2016,271
I4210121797,2017,113
I4210121797,2018,85
I4210121797,2019,208
I4210121797,2020,329
I4210121797,2021,514
I4210121797,2022,294
I4210121797,2023,810
I4210121797,2024,135
I4210121797,2025,200
I4210121797,2026,32
I4210113241,2011,0
I4210113241,2013,0
I4210113241,2014,28
I4210113241,2018,4
I4210113241,2019,20
I4210113241,2022,10
I4210113241,2023,27
I4210113241,2024,37
I4210113241,2025,21
I4210113241,2026,0
I3132520537,2011,59
I3132520537,2013,172
I3132520537,2015,2
I3132520537,2016,16
I3132520537,2020,14
I3132520537,2023,44
I3132520537,2024,11
I3132520537,2025,2
I2803027104,2006,9
I2803027104,2007,83
I2803027104,2008,21
I2803027104,2009,166
I2803027104,2010,11
I2803027104,2011,8
I2803027104,2012,11
I2803027104,2013,141
I2803027104,2014,44
I2803027104,2015,198
I2803027104,2016,40
I2803027104,2017,121
I2803027104,2018,22
I2803027104,2019,130
I2803027104,2020,96
I2803027104,2021,116
I2803027104,2022,91
I2803027104,2023,39
I2803027104,2024,223
I2803027104,2025,39
I2803027104,2026,2
I2801972722,2007,6
I2801972722,2010,3
I2801972722,2011,0
I2801972722,2012,1
I2801972722,2015,1
I2801972722,2017,0
I2801972722,2018,0
I2801972722,2019,6
I2801972722,2023,33
I2801972722,2024,8
I2801972722,2025,7
I2801972722,2026,0
I4403928187,2022,0
I4403928187,2024,44
I4403928187,2025,0
I4403928187,2026,0
I118185606,2006,10039
I118185606,2007,9398
I118185606,2008,20139
I118185606,2009,11804
I118185606,2010,20598
I118185606,2011,19962
I118185606,2012,32228
I118185606,2013,41593
I118185606,2014,40641
I118185606,2015,28017
I118185606,2016,53427
I118185606,2017,28723
I118185606,2018,17182
I118185606,2019,18229
I118185606,2020,32818
I118185606,2021,21604
I118185606,2022,13494
I118185606,2023,11233
I118185606,2024,6285
I118185606,2025,3006
I118185606,2026,70
I4210108070,2007,203
I4210108070,2008,529
I4210108070,2009,338
I4210108070,2010,1071
I4210108070,2011,1385
I4210108070,2012,1171
I4210108070,2013,2047
I4210108070,2014,5828
I4210108070,2015,2447
I4210108070,2016,2653
I4210108070,2017,4402
I4210108070,2018,7743
I4210108070,2019,2941
I4210108070,2020,5772
I4210108070,2021,6034
I4210108070,2022,11352
I4210108070,2023,3091
I4210108070,2024,2920
I4210108070,2025,1889
I4210108070,2026,34
I4210098501,2018,7
I4210098501,2023,1
I3131883934,2006,150
I3131883934,2007,266
I3131883934,2008,249
I3131883934,2009,212
I3131883934,2010,346
I3131883934,2011,570
I3131883934,2012,839
I3131883934,2013,463
I3131883934,2014,571
I3131883934,2015,582
I3131883934,2016,679
I3131883934,2017,953
I3131883934,2018,709
I3131883934,2019,1337
I3131883934,2020,1492
I3131883934,2021,1695
I3131883934,2022,1421
I3131883934,2023,595
I3131883934,2024,506
I3131883934,2025,300
I3131883934,2026,8
I53279716,2006,77
I53279716,2007,322
I53279716,2008,178
I53279716,2009,279
I53279716,2010,75
I53279716,2011,364
I53279716,2012,234
I53279716,2013,526
I53279716,2014,257
I53279716,2015,706
I53279716,2016,602
I53279716,2017,295
I53279716,2018,146
I53279716,2019,423
I53279716,2020,813
I53279716,2021,1237
I53279716,2022,335
I53279716,2023,268
I53279716,2024,302
I53279716,2025,99
I53279716,2026,5
I12789410,2006,2365
I12789410,2007,1868
I12789410,2008,2620
I12789410,2009,3330
I12789410,2010,6984
I12789410,2011,5541
I12789410,2012,5329
I12789410,2013,7622
I12789410,2014,8882
I12789410,2015,13246
I12789410,2016,22248
I12789410,2017,12558
I12789410,2018,15790
I12789410,2019,14479
I12789410,2020,16142
I12789410,2021,16930
I12789410,2022,13657
I12789410,2023,10971
I12789410,2024,7557
I12789410,2025,3297
I12789410,2026,94
I22223346,2006,1
I22223346,2007,114
I22223346,2008,58
I22223346,2009,137
I22223346,2010,214
I22223346,2011,156
I22223346,2012,220
I22223346,2013,288
I22223346,2014,436
I22223346,2015,754
I22223346,2016,496
I22223346,2017,945
I22223346,2018,860
I22223346,2019,1428
I22223346,2020,1441
I22223346,2021,2997
I22223346,2022,2299
I22223346,2023,1748
I22223346,2024,1332
I22223346,2025,271
I22223346,2026,9
I4210153799,2007,46
I4210153799,2008,19
I4210153799,2009,189
I4210153799,2010,0
I4210153799,2011,39
I4210153799,2012,328
I4210153799,2013,140
I4210153799,2014,83
I4210153799,2015,163
I4210153799,2016,32
I4210153799,2017,124
I4210153799,2018,331
I4210153799,2019,1064
I4210153799,2020,1398
I4210153799,2021,1596
I4210153799,2022,848
I4210153799,2023,992
I4210153799,2024,1389
I4210153799,2025,331
I4210153799,2026,4
I61869032,2006,0
I61869032,2008,5
I61869032,2009,5
I61869032,2010,28
I61869032,2011,114
I61869032,2012,122
I61869032,2013,328
I61869032,2014,272
I61869032,2015,446
I61869032,2016,282
I61869032,2017,1102
I61869032,2018,2076
I61869032,2019,2030
I61869032,2020,1502
I61869032,2021,2848
I61869032,2022,2284
I61869032,2023,3541
I61869032,2024,1982
I61869032,2025,805
I61869032,2026,21
I107720978,2006,15489
I107720978,2007,15787
I107720978,2008,20835
I107720978,2009,28136
I107720978,2010,28519
I107720978,2011,30114
I107720978,2012,39652
I107720978,2013,41314
I107720978,2014,42181
I107720978,2015,43908
I107720978,2016,48331
I107720978,2017,57479
I107720978,2018,55134
I107720978,2019,63339
I107720978,2020,75328
I107720978,2021,76440
I107720978,2022,63196
I107720978,2023,46925
I107720978,2024,31011
I107720978,2025,12626
I107720978,2026,363
I4210130625,2006,0
I4210130625,2007,0
I4210130625,2010,0
I4210130625,2013,0
I4210130625,2014,0
I4210130625,2017,0
I4210130625,2018,0
I4210130625,2019,0
I4210130625,2023,0
I4210130625,2024,0
I4405261291,2006,0
I4405261291,2007,0
I4405261291,2008,0
I4405261291,2009,0
I4405261291,2010,0
I4405261291,2011,0
I4405261291,2012,0
I4405261291,2013,0
I4405261291,2014,0
I4405261291,2015,0
I4405261291,2016,0
I4405261291,2017,0
I4405261291,2018,0
I4405261291,2019,0
I4405261291,2020,0
I4405261291,2021,0
I4405261291,2022,0
I4405261291,2023,0
I4405261291,2024,0
I4405261291,2025,0
I4405257764,2006,0
I4405257764,2007,0
I4405257764,2008,0
I4405257764,2009,0
I4405257764,2010,0
I4405257764,2011,0
I4405257764,2012,0
I4405257764,2013,0
I4405257764,2014,0
I4405257764,2015,0
I4405257764,2016,0
I4405257764,2017,0
I4405257764,2018,0
I4405257764,2019,0
I4405257764,2020,0
I4405257764,2021,0
I4405257764,2022,0
I4405257764,2023,0
I4405257764,2024,0
I4405257764,2025,0
I4405266575,2006,0
I4405266575,2007,0
I4405266575,2008,0
I4405266575,2009,0
I4405266575,2010,0
I4405266575,2011,0
I4405266575,2012,0
I4405266575,2013,0
I4405266575,2014,0
I4405266575,2015,0
I4405266575,2016,0
I4405266575,2017,0
I4405266575,2018,0
I4405266575,2019,0
I4405266575,2020,0
I4405266575,2021,0
I4405266575,2022,0
I4405266575,2023,0
I4405266575,2024,0
I4405266575,2025,0
I4210134055,2006,0
I4210134055,2007,0
I4210134055,2008,0
I4210134055,2009,0
I4210134055,2010,0
I4210134055,2011,0
I4210134055,2012,0
I4210134055,2013,0
I4210134055,2014,1
I4210134055,2015,0
I2800664390,2008,0
I2800664390,2018,1
I3130155654,2006,0
I4405261048,2006,0
I4405261048,2007,0
I4405261048,2008,0
I4405261048,2009,0
I4405261048,2010,0
I4405261048,2011,0
I4405261048,2012,0
I4405261048,2013,0
I4405261048,2014,0
I4405261048,2015,0
I4405261048,2016,0
I4405261048,2017,0
I4405261048,2018,0
I4405261048,2019,0
I4405261048,2020,0
I4405261048,2021,0
I4405261048,2022,0
I4405261048,2023,0
I4405261048,2024,0
I4405261048,2025,0
I2799835767,2006,0
I2799835767,2008,0
I2799835767,2011,0
I3132429795,2007,0
I3132429795,2008,0
I3132429795,2012,0
I4210121139,2006,0
I4210121139,2007,0
I4210121139,2008,0
I4210121139,2011,0
I4210121139,2012,0
I4210121139,2017,0
I4405255364,2006,0
I4405255364,2007,0
I4405255364,2008,0
I4405255364,2009,0
I4405255364,2010,0
I4405255364,2011,0
I4405255364,2012,0
I4405255364,2013,0
I4405255364,2014,0
I4405255364,2015,0
I4405255364,2016,0
I4405255364,2017,0
I4405255364,2018,0
I4405255364,2019,0
I4405255364,2020,0
I4405255364,2021,0
I4405255364,2022,0
I4405255364,2023,0
I4405255364,2024,0
I4405255364,2025,0
I4210155196,2006,0
I4210155196,2007,0
I4210155196,2008,0
I4210155196,2009,0
I4210155196,2010,0
I4210155196,2011,0
I4210155196,2012,0
I4210155196,2017,0
I4210155196,2021,0
I2799887408,2006,0
I2799887408,2007,0
I2799887408,2009,0
I2799887408,2010,0
I2799887408,2011,0
I2799887408,2012,0
I3132105718,2007,0
I3132105718,2008,0
I3132105718,2012,0
I4210155251,2006,0
I4210155251,2007,0
I4210155251,2008,0
I4210155251,2010,0
I4210155251,2011,0
I4210155251,2012,0
I4210155251,2018,0
I29787537,2006,0
I4210110684,2006,0
I4210110684,2007,0
I4210110684,2008,0
I4210110684,2009,0
I4210110684,2010,0
I4210110684,2011,0
I4210110684,2012,0
I4210110684,2013,0
I4210110684,2014,0
I4210110684,2016,0
I4210110684,2017,0
I4210110684,2019,0
I4210110684,2021,0
I4210110684,2023,0
I4405266581,2006,0
I4405266581,2007,0
I4405266581,2008,0
I4405266581,2009,0
I4405266581,2010,0
I4405266581,2011,0
I4405266581,2012,0
I4405266581,2013,0
I4405266581,2014,0
I4405266581,2015,0
I4405266581,2016,0
I4405266581,2017,0
I4405266581,2018,0
I4405266581,2019,0
I4405266581,2020,0
I4405266581,2021,0
I4405266581,2022,0
I4405266581,2023,0
I4405266581,2024,0
I4405266581,2025,0
I4210113241,2006,0
I4210113241,2007,0
I4210113241,2008,0
I4210113241,2009,0
I4210113241,2010,0
I4210113241,2012,0
I4210113241,2015,0
I4210113241,2016,0
I4210113241,2017,0
I4210113241,2020,0
I4210113241,2021,0
I4405259820,2006,0
I4405259820,2007,0
I4405259820,2008,0
I4405259820,2009,0
I4405259820,2010,0
I4405259820,2011,0
I4405259820,2012,0
I4405259820,2013,0
I4405259820,2014,0
I4405259820,2015,0
I4405259820,2016,0
I4405259820,2017,0
I4405259820,2018,0
I4405259820,2019,0
I4405259820,2020,0
I4405259820,2021,0
I4405259820,2022,0
I4405259820,2023,0
I4405259820,2024,0
I4405259820,2025,0
I3132520537,2006,0
I3132520537,2007,0
I3132520537,2008,0
I3132520537,2009,0
I3132520537,2010,0
I3132520537,2012,0
I3132520537,2014,0
I3132520537,2017,0
I3132520537,2018,0
I3132520537,2019,0
I3132520537,2021,0
I3132520537,2022,0
I2801972722,2006,0
I2801972722,2008,0
I2801972722,2009,0
I2801972722,2013,0
I2801972722,2014,0
I2801972722,2016,0
I2801972722,2020,0
I2801972722,2021,0
I2801972722,2022,0
I4405258014,2006,0
I4405258014,2007,0
I4405258014,2008,0
I4405258014,2009,0
I4405258014,2010,0
I4405258014,2011,0
I4405258014,2012,0
I4405258014,2013,0
I4405258014,2014,0
I4405258014,2015,0
I4405258014,2016,0
I4405258014,2017,0
I4405258014,2018,0
I4405258014,2019,0
I4405258014,2020,0
I4405258014,2021,0
I4405258014,2022,0
I4405258014,2023,0
I4405258014,2024,0
I4405258014,2025,0
I4403928187,2006,0
I4403928187,2007,0
I4403928187,2008,0
I4403928187,2009,0
I4403928187,2010,0
I4403928187,2011,0
I4403928187,2012,0
I4403928187,2013,0
I4403928187,2014,0
I4403928187,2015,0
I4403928187,2016,0
I4403928187,2017,0
I4403928187,2018,0
I4403928187,2019,0
I4403928187,2020,0
I4403928187,2021,0
I4403928187,2023,0
I4210108070,2006,0
I4405260173,2006,0
I4405260173,2007,0
I4405260173,2008,0
I4405260173,2009,0
I4405260173,2010,0
I4405260173,2011,0
I4405260173,2012,0
I4405260173,2013,0
I4405260173,2014,0
I4405260173,2015,0
I4405260173,2016,0
I4405260173,2017,0
I4405260173,2018,0
I4405260173,2019,0
I4405260173,2020,0
I4405260173,2021,0
I4405260173,2022,0
I4405260173,2023,0
I4405260173,2024,0
I4405260173,2025,0
I4210098501,2006,0
I4210098501,2007,0
I4210098501,2008,0
I4210098501,2009,0
I4210098501,2010,0
I4210098501,2011,0
I4210098501,2012,0
I4210098501,2013,0
I4210098501,2014,0
I4210098501,2015,0
I4210098501,2016,0
I4210098501,2017,0
I4210098501,2019,0
I4210098501,2020,0
I4210098501,2021,0
I4210098501,2022,0
I4210098501,2024,0
I4210098501,2025,0
I4210153799,2006,0
I61869032,2007,0
I4405252852,2006,0
I4405252852,2007,0
I4405252852,2008,0
I4405252852,2009,0
I4405252852,2010,0
I4405252852,2011,0
I4405252852,2012,0
I4405252852,2013,0
I4405252852,2014,0
I4405252852,2015,0
I4405252852,2016,0
I4405252852,2017,0
I4405252852,2018,0
I4405252852,2019,0
I4405252852,2020,0
I4405252852,2021,0
I4405252852,2022,0
I4405252852,2023,0
I4405252852,2024,0
I4405252852,2025,0
I37490319,2006,25
I37490319,2007,70
I37490319,2008,93
I37490319,2009,16
I37490319,2010,38
I37490319,2011,181
I37490319,2012,146
I37490319,2013,72
I37490319,2014,569
I37490319,2015,662
I37490319,2016,169
I37490319,2017,156
I37490319,2018,211
I37490319,2019,334
I37490319,2020,339
I37490319,2021,396
I37490319,2022,638
I37490319,2023,837
I37490319,2024,570
I37490319,2025,104
I99542240,2006,88471
I99542240,2007,74057
I99542240,2008,84870
I99542240,2009,75580
I99542240,2010,86757
I99542240,2011,99006
I99542240,2012,100370
I99542240,2013,101691
I99542240,2014,107980
I99542240,2015,112733
I99542240,2016,119428
I99542240,2017,132834
I99542240,2018,119204
I99542240,2019,136477
I99542240,2020,141914
I99542240,2021,116880
I99542240,2022,76427
I99542240,2023,58664
I99542240,2024,34815
I99542240,2025,9959
I4210137511,2006,0
I4210137511,2007,0
I4210137511,2008,0
I4210137511,2009,1
I4210137511,2010,8
I4210137511,2011,1
I4210137511,2012,11
I4210137511,2013,17
I4210137511,2014,2
I4210137511,2015,1
I4210137511,2016,0
I4210137511,2017,14
I4210137511,2018,0
I4210137511,2019,9
I4210137511,2020,0
I4210137511,2021,9
I4210137511,2022,1
I4210137511,2023,19
I4210137511,2024,3
I4210137511,2025,0
I4210127704,2006,119
I4210127704,2007,0
I4210127704,2008,41
I4210127704,2009,43
I4210127704,2010,0
I4210127704,2011,0
I4210127704,2012,10
I4210127704,2013,145
I4210127704,2014,239
I4210127704,2015,220
I4210127704,2016,649
I4210127704,2017,790
I4210127704,2018,1599
I4210127704,2019,1107
I4210127704,2020,437
I4210127704,2021,814
I4210127704,2022,253
I4210127704,2023,660
I4210127704,2024,60
I4210127704,2025,8
I4210167020,2006,0
I4210167020,2007,0
I4210167020,2008,0
I4210167020,2009,0
I4210167020,2010,0
I4210167020,2011,0
I4210167020,2012,0
I4210167020,2013,0
I4210167020,2014,0
I4210167020,2015,0
I4210167020,2016,0
I4210167020,2017,3
I4210167020,2018,0
I4210167020,2019,1
I4210167020,2020,0
I4210167020,2021,0
I4210167020,2022,0
I4210167020,2023,0
I4210167020,2024,0
I4210167020,2025,0
I4210123141,2006,0
I4210123141,2007,0
I4210123141,2008,0
I4210123141,2009,0
I4210123141,2010,0
I4210123141,2011,0
I4210123141,2012,0
I4210123141,2013,0
I4210123141,2014,0
I4210123141,2015,0
I4210123141,2016,41
I4210123141,2017,16
I4210123141,2018,0
I4210123141,2019,22
I4210123141,2020,68
I4210123141,2021,41
I4210123141,2022,48
I4210123141,2023,20
I4210123141,2024,2
I4210123141,2025,4
I78545622,2006,0
I78545622,2007,0
I78545622,2008,25
I78545622,2009,0
I78545622,2010,0
I78545622,2011,348
I78545622,2012,281
I78545622,2013,502
I78545622,2014,481
I78545622,2015,698
I78545622,2016,921
I78545622,2017,2131
I78545622,2018,2807
I78545622,2019,7861
I78545622,2020,7976
I78545622,2021,2045
I78545622,2022,745
I78545622,2023,1827
I78545622,2024,1723
I78545622,2025,1762
I4405264861,2006,0
I4405264861,2007,0
I4405264861,2008,0
I4405264861,2009,0
I4405264861,2010,0
I4405264861,2011,0
I4405264861,2012,0
I4405264861,2013,0
I4405264861,2014,0
I4405264861,2015,0
I4405264861,2016,0
I4405264861,2017,0
I4405264861,2018,0
I4405264861,2019,0
I4405264861,2020,0
I4405264861,2021,0
I4405264861,2022,0
I4405264861,2023,0
I4405264861,2024,0
I4405264861,2025,0
I127206278,2006,12
I127206278,2007,123
I127206278,2008,63
I127206278,2009,175
I127206278,2010,154
I127206278,2011,97
I127206278,2012,341
I127206278,2013,773
I127206278,2014,605
I127206278,2015,721
I127206278,2016,575
I127206278,2017,1158
I127206278,2018,1131
I127206278,2019,1766
I127206278,2020,2713
I127206278,2021,2865
I127206278,2022,3116
I127206278,2023,2096
I127206278,2024,1804
I127206278,2025,958
I47844,2006,431
I47844,2007,467
I47844,2008,421
I47844,2009,542
I47844,2010,560
I47844,2011,517
I47844,2012,841
I47844,2013,1143
I47844,2014,2496
I47844,2015,1165
I47844,2016,1635
I47844,2017,1203
I47844,2018,582
I47844,2019,1460
I47844,2020,2013
I47844,2021,2995
I47844,2022,1848
I47844,2023,1673
I47844,2024,908
I47844,2025,298
I3133329336,2006,0
I3133329336,2007,73
I3133329336,2008,37
I3133329336,2009,1054
I3133329336,2010,0
I3133329336,2011,156
I3133329336,2012,918
I3133329336,2013,1
I3133329336,2014,14
I3133329336,2015,138
I3133329336,2016,49
I3133329336,2017,94
I3133329336,2018,360
I3133329336,2019,276
I3133329336,2020,63
I3133329336,2021,68
I3133329336,2022,33
I3133329336,2023,11
I3133329336,2024,135
I3133329336,2025,67
I4405259928,2006,0
I4405259928,2007,0
I4405259928,2008,0
I4405259928,2009,0
I4405259928,2010,0
I4405259928,2011,0
I4405259928,2012,0
I4405259928,2013,0
I4405259928,2014,0
I4405259928,2015,0
I4405259928,2016,0
I4405259928,2017,0
I4405259928,2018,0
I4405259928,2019,0
I4405259928,2020,0
I4405259928,2021,0
I4405259928,2022,0
I4405259928,2023,0
I4405259928,2024,0
I4405259928,2025,0
I4405266414,2006,0
I4405266414,2007,0
I4405266414,2008,0
I4405266414,2009,0
I4405266414,2010,0
I4405266414,2011,0
I4405266414,2012,0
I4405266414,2013,0
I4405266414,2014,0
I4405266414,2015,0
I4405266414,2016,0
I4405266414,2017,0
I4405266414,2018,0
I4405266414,2019,0
I4405266414,2020,0
I4405266414,2021,0
I4405266414,2022,0
I4405266414,2023,0
I4405266414,2024,0
I4405266414,2025,0
I4405262992,2006,0
I4405262992,2007,0
I4405262992,2008,0
I4405262992,2009,0
I4405262992,2010,0
I4405262992,2011,0
I4405262992,2012,0
I4405262992,2013,0
I4405262992,2014,0
I4405262992,2015,0
I4405262992,2016,0
I4405262992,2017,0
I4405262992,2018,0
I4405262992,2019,0
I4405262992,2020,0
I4405262992,2021,0
I4405262992,2022,0
I4405262992,2023,0
I4405262992,2024,0
I4405262992,2025,0
I3130915990,2006,111
I3130915990,2007,352
I3130915990,2008,392
I3130915990,2009,201
I3130915990,2010,286
I3130915990,2011,179
I3130915990,2012,67
I3130915990,2013,575
I3130915990,2014,897
I3130915990,2015,728
I3130915990,2016,670
I3130915990,2017,556
I3130915990,2018,1118
I3130915990,2019,859
I3130915990,2020,2198
I3130915990,2021,1575
I3130915990,2022,1020
I3130915990,2023,1210
I3130915990,2024,567
I3130915990,2025,156
I3129681422,2006,92
I3129681422,2007,4
I3129681422,2008,32
I3129681422,2009,0
I3129681422,2010,0
I3129681422,2011,34
I3129681422,2012,2
I3129681422,2013,15
I3129681422,2014,3
I3129681422,2015,82
I3129681422,2016,59
I3129681422,2017,136
I3129681422,2018,14
I3129681422,2019,95
I3129681422,2020,39
I3129681422,2021,66
I3129681422,2022,94
I3129681422,2023,310
I3129681422,2024,74
I3129681422,2025,21
I149840157,2006,0
I149840157,2007,0
I149840157,2008,927
I149840157,2009,1229
I149840157,2010,533
I149840157,2011,288
I149840157,2012,40
I149840157,2013,65
I149840157,2014,62
I149840157,2015,20
I149840157,2016,21
I149840157,2017,0
I149840157,2018,19
I149840157,2019,1
I149840157,2020,75
I149840157,2021,20
I149840157,2022,90
I149840157,2023,9
I149840157,2024,25
I149840157,2025,15
I184834183,2006,5479
I184834183,2007,6731
I184834183,2008,9062
I184834183,2009,9977
I184834183,2010,12161
I184834183,2011,14481
I184834183,2012,14203
I184834183,2013,17333
I184834183,2014,17200
I184834183,2015,20429
I184834183,2016,22216
I184834183,2017,31747
I184834183,2018,37670
I184834183,2019,43048
I184834183,2020,61979
I184834183,2021,79231
I184834183,2022,67497
I184834183,2023,46927
I184834183,2024,32103
I184834183,2025,11989
I3131979588,2006,0
I3131979588,2007,1
I3131979588,2008,0
I3131979588,2009,3
I3131979588,2010,0
I3131979588,2011,155
I3131979588,2012,105
I3131979588,2013,325
I3131979588,2014,390
I3131979588,2015,787
I3131979588,2016,442
I3131979588,2017,1014
I3131979588,2018,478
I3131979588,2019,362
I3131979588,2020,1327
I3131979588,2021,462
I3131979588,2022,409
I3131979588,2023,426
I3131979588,2024,753
I3131979588,2025,246
I224517680,2006,48
I224517680,2007,79
I224517680,2008,270
I224517680,2009,513
I224517680,2010,426
I224517680,2011,815
I224517680,2012,496
I224517680,2013,687
I224517680,2014,871
I224517680,2015,1216
I224517680,2016,1322
I224517680,2017,2012
I224517680,2018,2166
I224517680,2019,1460
I224517680,2020,2842
I224517680,2021,2011
I224517680,2022,1940
I224517680,2023,1302
I224517680,2024,808
I224517680,2025,381
I4210147342,2006,0
I4210147342,2007,0
I4210147342,2008,0
I4210147342,2009,0
I4210147342,2010,3
I4210147342,2011,0
I4210147342,2012,0
I4210147342,2013,5
I4210147342,2014,17
I4210147342,2015,0
I4210147342,2016,15
I4210147342,2017,89
I4210147342,2018,102
I4210147342,2019,297
I4210147342,2020,604
I4210147342,2021,479
I4210147342,2022,1246
I4210147342,2023,1059
I4210147342,2024,510
I4210147342,2025,282
I4210090507,2006,0
I4210090507,2007,0
I4210090507,2008,0
I4210090507,2009,0
I4210090507,2010,0
I4210090507,2011,0
I4210090507,2012,0
I4210090507,2013,0
I4210090507,2014,0
I4210090507,2015,0
I4210090507,2016,17
I4210090507,2017,0
I4210090507,2018,0
I4210090507,2019,0
I4210090507,2020,80
I4210090507,2021,467
I4210090507,2022,854
I4210090507,2023,523
I4210090507,2024,434
I4210090507,2025,162
I4405264345,2006,0
I4405264345,2007,0
I4405264345,2008,0
I4405264345,2009,0
I4405264345,2010,0
I4405264345,2011,0
I4405264345,2012,0
I4405264345,2013,0
I4405264345,2014,0
I4405264345,2015,0
I4405264345,2016,0
I4405264345,2017,0
I4405264345,2018,0
I4405264345,2019,0
I4405264345,2020,0
I4405264345,2021,0
I4405264345,2022,0
I4405264345,2023,0
I4405264345,2024,0
I4405264345,2025,0
I3129211915,2006,0
I3129211915,2007,0
I3129211915,2008,0
I3129211915,2009,0
I3129211915,2010,0
I3129211915,2011,0
I3129211915,2012,0
I3129211915,2013,11
I3129211915,2014,3
I3129211915,2015,14
I3129211915,2016,31
I3129211915,2017,93
I3129211915,2018,5
I3129211915,2019,106
I3129211915,2020,216
I3129211915,2021,117
I3129211915,2022,58
I3129211915,2023,75
I3129211915,2024,114
I3129211915,2025,42
I4405266407,2006,0
I4405266407,2007,0
I4405266407,2008,0
I4405266407,2009,0
I4405266407,2010,0
I4405266407,2011,0
I4405266407,2012,0
I4405266407,2013,0
I4405266407,2014,0
I4405266407,2015,0
I4405266407,2016,0
I4405266407,2017,0
I4405266407,2018,0
I4405266407,2019,0
I4405266407,2020,0
I4405266407,2021,0
I4405266407,2022,0
I4405266407,2023,0
I4405266407,2024,0
I4405266407,2025,0
I3132692309,2006,0
I3132692309,2007,0
I3132692309,2008,0
I3132692309,2009,0
I3132692309,2010,40
I3132692309,2011,0
I3132692309,2012,2
I3132692309,2013,13
I3132692309,2014,30
I3132692309,2015,21
I3132692309,2016,46
I3132692309,2017,175
I3132692309,2018,996
I3132692309,2019,400
I3132692309,2020,451
I3132692309,2021,202
I3132692309,2022,278
I3132692309,2023,139
I3132692309,2024,191
I3132692309,2025,135
I3129754710,2006,36
I3129754710,2007,17
I3129754710,2008,83
I3129754710,2009,67
I3129754710,2010,27
I3129754710,2011,38
I3129754710,2012,198
I3129754710,2013,194
I3129754710,2014,120
I3129754710,2015,47
I3129754710,2016,91
I3129754710,2017,190
I3129754710,2018,973
I3129754710,2019,954
I3129754710,2020,1119
I3129754710,2021,1163
I3129754710,2022,1052
I3129754710,2023,1085
I3129754710,2024,849
I3129754710,2025,214
I4405259617,2006,0
I4405259617,2007,0
I4405259617,2008,0
I4405259617,2009,0
I4405259617,2010,0
I4405259617,2011,0
I4405259617,2012,0
I4405259617,2013,0
I4405259617,2014,0
I4405259617,2015,0
I4405259617,2016,0
I4405259617,2017,0
I4405259617,2018,0
I4405259617,2019,0
I4405259617,2020,0
I4405259617,2021,0
I4405259617,2022,0
I4405259617,2023,0
I4405259617,2024,0
I4405259617,2025,0
I84524832,2006,16101
I84524832,2007,13444
I84524832,2008,17053
I84524832,2009,18954
I84524832,2010,21598
I84524832,2011,30670
I84524832,2012,28651
I84524832,2013,34052
I84524832,2014,36674
I84524832,2015,41852
I84524832,2016,47016
I84524832,2017,46335
I84524832,2018,45570
I84524832,2019,59354
I84524832,2020,76682
I84524832,2021,76588
I84524832,2022,68720
I84524832,2023,46147
I84524832,2024,31502
I84524832,2025,12594
I2800493640,2006,0
I2800493640,2007,0
I2800493640,2008,6
I2800493640,2009,0
I2800493640,2010,5
I2800493640,2011,8
I2800493640,2012,3
I2800493640,2013,37
I2800493640,2014,61
I2800493640,2015,10
I2800493640,2016,5
I2800493640,2017,23
I2800493640,2018,48
I2800493640,2019,177
I2800493640,2020,427
I2800493640,2021,102
I2800493640,2022,346
I2800493640,2023,72
I2800493640,2024,122
I2800493640,2025,22
I4210159855,2006,0
I4210159855,2007,0
I4210159855,2008,0
I4210159855,2009,0
I4210159855,2010,0
I4210159855,2011,1
I4210159855,2012,0
I4210159855,2013,0
I4210159855,2014,1
I4210159855,2015,1
I4210159855,2016,17
I4210159855,2017,25
I4210159855,2018,6
I4210159855,2019,39
I4210159855,2020,15
I4210159855,2021,44
I4210159855,2022,22
I4210159855,2023,12
I4210159855,2024,13
I4210159855,2025,6
I4405256813,2006,0
I4405256813,2007,0
I4405256813,2008,0
I4405256813,2009,0
I4405256813,2010,0
I4405256813,2011,0
I4405256813,2012,0
I4405256813,2013,0
I4405256813,2014,0
I4405256813,2015,0
I4405256813,2016,0
I4405256813,2017,0
I4405256813,2018,0
I4405256813,2019,0
I4405256813,2020,0
I4405256813,2021,0
I4405256813,2022,0
I4405256813,2023,0
I4405256813,2024,0
I4405256813,2025,0
I4405254148,2006,0
I4405254148,2007,0
I4405254148,2008,0
I4405254148,2009,0
I4405254148,2010,0
I4405254148,2011,0
I4405254148,2012,0
I4405254148,2013,0
I4405254148,2014,0
I4405254148,2015,0
I4405254148,2016,0
I4405254148,2017,0
I4405254148,2018,0
I4405254148,2019,0
I4405254148,2020,0
I4405254148,2021,0
I4405254148,2022,0
I4405254148,2023,0
I4405254148,2024,0
I4405254148,2025,0
I181933706,2006,22
I181933706,2007,270
I181933706,2008,69
I181933706,2009,164
I181933706,2010,166
I181933706,2011,140
I181933706,2012,79
I181933706,2013,574
I181933706,2014,750
I181933706,2015,176
I181933706,2016,2507
I181933706,2017,321
I181933706,2018,609
I181933706,2019,441
I181933706,2020,574
I181933706,2021,719
I181933706,2022,529
I181933706,2023,606
I181933706,2024,390
I181933706,2025,190
I4210114632,2006,13
I4210114632,2007,71
I4210114632,2008,347
I4210114632,2009,162
I4210114632,2010,175
I4210114632,2011,714
I4210114632,2012,902
I4210114632,2013,1624
I4210114632,2014,1510
I4210114632,2015,1791
I4210114632,2016,2150
I4210114632,2017,1803
I4210114632,2018,2748
I4210114632,2019,6925
I4210114632,2020,6415
I4210114632,2021,5549
I4210114632,2022,6514
I4210114632,2023,3656
I4210114632,2024,2180
I4210114632,2025,920
I54231130,2006,418
I54231130,2007,686
I54231130,2008,1098
I54231130,2009,1090
I54231130,2010,941
I54231130,2011,1156
I54231130,2012,901
I54231130,2013,765
I54231130,2014,1034
I54231130,2015,435
I54231130,2016,777
I54231130,2017,1018
I54231130,2018,1129
I54231130,2019,1863
I54231130,2020,1898
I54231130,2021,2648
I54231130,2022,3673
I54231130,2023,2226
I54231130,2024,1554
I54231130,2025,631
I3130258093,2006,165
I3130258093,2007,41
I3130258093,2008,0
I3130258093,2009,0
I3130258093,2010,79
I3130258093,2011,2
I3130258093,2012,116
I3130258093,2013,15
I3130258093,2014,49
I3130258093,2015,1
I3130258093,2016,6
I3130258093,2017,100
I3130258093,2018,52
I3130258093,2019,3
I3130258093,2020,4
I3130258093,2021,25
I3130258093,2022,16
I3130258093,2023,30
I3130258093,2024,9
I3130258093,2025,51
I4210135199,2006,0
I4210135199,2007,0
I4210135199,2008,22
I4210135199,2009,11
I4210135199,2010,0
I4210135199,2011,0
I4210135199,2012,0
I4210135199,2013,0
I4210135199,2014,14
I4210135199,2015,4
I4210135199,2016,0
I4210135199,2017,248
I4210135199,2018,0
I4210135199,2019,33
I4210135199,2020,94
I4210135199,2021,346
I4210135199,2022,237
I4210135199,2023,237
I4210135199,2024,51
I4210135199,2025,14
I80693520,2006,4090
I80693520,2007,3353
I80693520,2008,3259
I80693520,2009,6867
I80693520,2010,4904
I80693520,2011,5531
I80693520,2012,6391
I80693520,2013,7429
I80693520,2014,7044
I80693520,2015,6317
I80693520,2016,7615
I80693520,2017,9508
I80693520,2018,7208
I80693520,2019,11066
I80693520,2020,17635
I80693520,2021,16817
I80693520,2022,12254
I80693520,2023,7654
I80693520,2024,3856
I80693520,2025,2439
I65734018,2006,112
I65734018,2007,112
I65734018,2008,92
I65734018,2009,181
I65734018,2010,73
I65734018,2011,250
I65734018,2012,219
I65734018,2013,348
I65734018,2014,157
I65734018,2015,223
I65734018,2016,357
I65734018,2017,323
I65734018,2018,702
I65734018,2019,502
I65734018,2020,1778
I65734018,2021,1169
I65734018,2022,1177
I65734018,2023,1069
I65734018,2024,1282
I65734018,2025,176
I3129592236,2006,79
I3129592236,2007,0
I3129592236,2008,50
I3129592236,2009,0
I3129592236,2010,64
I3129592236,2011,91
I3129592236,2012,0
I3129592236,2013,38
I3129592236,2014,79
I3129592236,2015,82
I3129592236,2016,25
I3129592236,2017,62
I3129592236,2018,18
I3129592236,2019,256
I3129592236,2020,38
I3129592236,2021,80
I3129592236,2022,236
I3129592236,2023,251
I3129592236,2024,323
I3129592236,2025,443
I4405263046,2006,0
I4405263046,2007,0
I4405263046,2008,0
I4405263046,2009,0
I4405263046,2010,0
I4405263046,2011,0
I4405263046,2012,0
I4405263046,2013,0
I4405263046,2014,0
I4405263046,2015,0
I4405263046,2016,0
I4405263046,2017,0
I4405263046,2018,0
I4405263046,2019,0
I4405263046,2020,0
I4405263046,2021,0
I4405263046,2022,0
I4405263046,2023,0
I4405263046,2024,0
I4405263046,2025,0
I4405261401,2006,0
I4405261401,2007,0
I4405261401,2008,0
I4405261401,2009,0
I4405261401,2010,0
I4405261401,2011,0
I4405261401,2012,0
I4405261401,2013,0
I4405261401,2014,0
I4405261401,2015,0
I4405261401,2016,0
I4405261401,2017,0
I4405261401,2018,0
I4405261401,2019,0
I4405261401,2020,0
I4405261401,2021,0
I4405261401,2022,0
I4405261401,2023,0
I4405261401,2024,0
I4405261401,2025,0
I4210091427,2006,0
I4210091427,2007,0
I4210091427,2008,0
I4210091427,2009,0
I4210091427,2010,0
I4210091427,2011,0
I4210091427,2012,0
I4210091427,2013,186
I4210091427,2014,33
I4210091427,2015,22
I4210091427,2016,37
I4210091427,2017,0
I4210091427,2018,94
I4210091427,2019,2
I4210091427,2020,0
I4210091427,2021,0
I4210091427,2022,0
I4210091427,2023,0
I4210091427,2024,0
I4210091427,2025,2
I4210132729,2006,8
I4210132729,2007,50
I4210132729,2008,122
I4210132729,2009,28
I4210132729,2010,99
I4210132729,2011,41
I4210132729,2012,20
I4210132729,2013,30
I4210132729,2014,64
I4210132729,2015,0
I4210132729,2016,0
I4210132729,2017,0
I4210132729,2018,0
I4210132729,2019,19
I4210132729,2020,0
I4210132729,2021,32
I4210132729,2022,0
I4210132729,2023,9
I4210132729,2024,3
I4210132729,2025,42
I59272784,2006,1339
I59272784,2007,1309
I59272784,2008,794
I59272784,2009,1341
I59272784,2010,1824
I59272784,2011,2641
I59272784,2012,2046
I59272784,2013,3483
I59272784,2014,3943
I59272784,2015,4673
I59272784,2016,5847
I59272784,2017,4833
I59272784,2018,5936
I59272784,2019,7909
I59272784,2020,10775
I59272784,2021,12002
I59272784,2022,11173
I59272784,2023,9130
I59272784,2024,5477
I59272784,2025,1632
I124391630,2006,375
I124391630,2007,231
I124391630,2008,10
I124391630,2009,539
I124391630,2010,61
I124391630,2011,194
I124391630,2012,152
I124391630,2013,299
I124391630,2014,170
I124391630,2015,226
I124391630,2016,10
I124391630,2017,28
I124391630,2018,173
I124391630,2019,148
I124391630,2020,304
I124391630,2021,652
I124391630,2022,249
I124391630,2023,465
I124391630,2024,554
I124391630,2025,297
I4210129615,2006,0
I4210129615,2007,0
I4210129615,2008,1
I4210129615,2009,0
I4210129615,2010,0
I4210129615,2011,0
I4210129615,2012,0
I4210129615,2013,0
I4210129615,2014,2
I4210129615,2015,13
I4210129615,2016,45
I4210129615,2017,162
I4210129615,2018,71
I4210129615,2019,6
I4210129615,2020,35
I4210129615,2021,0
I4210129615,2022,6
I4210129615,2023,57
I4210129615,2024,6
I4210129615,2025,2
I42869670,2006,178
I42869670,2007,65
I42869670,2008,107
I42869670,2009,396
I42869670,2010,512
I42869670,2011,400
I42869670,2012,1335
I42869670,2013,1980
I42869670,2014,2781
I42869670,2015,2550
I42869670,2016,8705
I42869670,2017,6894
I42869670,2018,5897
I42869670,2019,7911
I42869670,2020,7731
I42869670,2021,12984
I42869670,2022,8703
I42869670,2023,6309
I42869670,2024,5305
I42869670,2025,2946
I4405265965,2006,0
I4405265965,2007,0
I4405265965,2008,0
I4405265965,2009,0
I4405265965,2010,0
I4405265965,2011,0
I4405265965,2012,0
I4405265965,2013,0
I4405265965,2014,0
I4405265965,2015,0
I4405265965,2016,0
I4405265965,2017,0
I4405265965,2018,0
I4405265965,2019,0
I4405265965,2020,0
I4405265965,2021,0
I4405265965,2022,0
I4405265965,2023,0
I4405265965,2024,0
I4405265965,2025,0
I140534913,2006,0
I140534913,2007,1
I140534913,2008,324
I140534913,2009,256
I140534913,2010,276
I140534913,2011,175
I140534913,2012,196
I140534913,2013,968
I140534913,2014,1492
I140534913,2015,693
I140534913,2016,464
I140534913,2017,614
I140534913,2018,1260
I140534913,2019,986
I140534913,2020,1047
I140534913,2021,662
I140534913,2022,1119
I140534913,2023,600
I140534913,2024,487
I140534913,2025,145
I4210122761,2006,295
I4210122761,2007,779
I4210122761,2008,136
I4210122761,2009,192
I4210122761,2010,136
I4210122761,2011,211
I4210122761,2012,222
I4210122761,2013,221
I4210122761,2014,372
I4210122761,2015,1357
I4210122761,2016,827
I4210122761,2017,1181
I4210122761,2018,2428
I4210122761,2019,1944
I4210122761,2020,1747
I4210122761,2021,2229
I4210122761,2022,2953
I4210122761,2023,2974
I4210122761,2024,2040
I4210122761,2025,1220
I4210127717,2006,36
I4210127717,2007,33
I4210127717,2008,28
I4210127717,2009,120
I4210127717,2010,66
I4210127717,2011,154
I4210127717,2012,141
I4210127717,2013,365
I4210127717,2014,224
I4210127717,2015,142
I4210127717,2016,213
I4210127717,2017,843
I4210127717,2018,984
I4210127717,2019,728
I4210127717,2020,633
I4210127717,2021,1007
I4210127717,2022,909
I4210127717,2023,670
I4210127717,2024,461
I4210127717,2025,226
I4210101443,2006,0
I4210101443,2007,4
I4210101443,2008,0
I4210101443,2009,5
I4210101443,2010,0
I4210101443,2011,4
I4210101443,2012,1
I4210101443,2013,0
I4210101443,2014,0
I4210101443,2015,1
I4210101443,2016,0
I4210101443,2017,1
I4210101443,2018,5
I4210101443,2019,24
I4210101443,2020,1
I4210101443,2021,1
I4210101443,2022,1
I4210101443,2023,15
I4210101443,2024,1
I4210101443,2025,14
I4405263049,2006,0
I4405263049,2007,0
I4405263049,2008,0
I4405263049,2009,0
I4405263049,2010,0
I4405263049,2011,0
I4405263049,2012,0
I4405263049,2013,0
I4405263049,2014,0
I4405263049,2015,0
I4405263049,2016,0
I4405263049,2017,0
I4405263049,2018,0
I4405263049,2019,0
I4405263049,2020,0
I4405263049,2021,0
I4405263049,2022,0
I4405263049,2023,0
I4405263049,2024,0
I4405263049,2025,0
I4210117796,2006,0
I4210117796,2007,8
I4210117796,2008,0
I4210117796,2009,9
I4210117796,2010,31
I4210117796,2011,36
I4210117796,2012,82
I4210117796,2013,605
I4210117796,2014,93
I4210117796,2015,71
I4210117796,2016,41
I4210117796,2017,31
I4210117796,2018,168
I4210117796,2019,274
I4210117796,2020,267
I4210117796,2021,126
I4210117796,2022,212
I4210117796,2023,253
I4210117796,2024,199
I4210117796,2025,99
I4210122757,2006,0
I4210122757,2007,0
I4210122757,2008,0
I4210122757,2009,0
I4210122757,2010,10
I4210122757,2011,6
I4210122757,2012,0
I4210122757,2013,0
I4210122757,2014,51
I4210122757,2015,658
I4210122757,2016,655
I4210122757,2017,1074
I4210122757,2018,1205
I4210122757,2019,1101
I4210122757,2020,1553
I4210122757,2021,2546
I4210122757,2022,2512
I4210122757,2023,1743
I4210122757,2024,635
I4210122757,2025,274
I91041137,2006,8340
I91041137,2007,9069
I91041137,2008,12571
I91041137,2009,14975
I91041137,2010,17074
I91041137,2011,18052
I91041137,2012,19283
I91041137,2013,23580
I91041137,2014,24702
I91041137,2015,26950
I91041137,2016,28700
I91041137,2017,34999
I91041137,2018,39053
I91041137,2019,41895
I91041137,2020,54650
I91041137,2021,51315
I91041137,2022,42727
I91041137,2023,34222
I91041137,2024,22529
I91041137,2025,7021
I4210123884,2006,642
I4210123884,2007,700
I4210123884,2008,893
I4210123884,2009,878
I4210123884,2010,901
I4210123884,2011,815
I4210123884,2012,404
I4210123884,2013,670
I4210123884,2014,957
I4210123884,2015,707
I4210123884,2016,1416
I4210123884,2017,1391
I4210123884,2018,1601
I4210123884,2019,2590
I4210123884,2020,1534
I4210123884,2021,1321
I4210123884,2022,1103
I4210123884,2023,614
I4210123884,2024,414
I4210123884,2025,214
I86310350,2006,350
I86310350,2007,592
I86310350,2008,169
I86310350,2009,1278
I86310350,2010,1739
I86310350,2011,858
I86310350,2012,1711
I86310350,2013,4272
I86310350,2014,3467
I86310350,2015,5957
I86310350,2016,7186
I86310350,2017,9469
I86310350,2018,10153
I86310350,2019,14812
I86310350,2020,19935
I86310350,2021,20624
I86310350,2022,21254
I86310350,2023,13072
I86310350,2024,7984
I86310350,2025,2377
I4405253822,2006,0
I4405253822,2007,0
I4405253822,2008,0
I4405253822,2009,0
I4405253822,2010,0
I4405253822,2011,0
I4405253822,2012,0
I4405253822,2013,0
I4405253822,2014,0
I4405253822,2015,0
I4405253822,2016,0
I4405253822,2017,0
I4405253822,2018,0
I4405253822,2019,0
I4405253822,2020,0
I4405253822,2021,0
I4405253822,2022,0
I4405253822,2023,0
I4405253822,2024,0
I4405253822,2025,0
I4405260557,2006,0
I4405260557,2007,0
I4405260557,2008,0
I4405260557,2009,0
I4405260557,2010,0
I4405260557,2011,0
I4405260557,2012,0
I4405260557,2013,0
I4405260557,2014,0
I4405260557,2015,0
I4405260557,2016,0
I4405260557,2017,0
I4405260557,2018,0
I4405260557,2019,0
I4405260557,2020,0
I4405260557,2021,0
I4405260557,2022,0
I4405260557,2023,0
I4405260557,2024,0
I4405260557,2025,0
I4210154431,2006,48
I4210154431,2007,5
I4210154431,2008,16
I4210154431,2009,54
I4210154431,2010,91
I4210154431,2011,64
I4210154431,2012,95
I4210154431,2013,105
I4210154431,2014,90
I4210154431,2015,192
I4210154431,2016,120
I4210154431,2017,120
I4210154431,2018,101
I4210154431,2019,363
I4210154431,2020,287
I4210154431,2021,333
I4210154431,2022,274
I4210154431,2023,586
I4210154431,2024,290
I4210154431,2025,81
I4405259080,2006,0
I4405259080,2007,0
I4405259080,2008,0
I4405259080,2009,0
I4405259080,2010,0
I4405259080,2011,0
I4405259080,2012,0
I4405259080,2013,0
I4405259080,2014,0
I4405259080,2015,0
I4405259080,2016,0
I4405259080,2017,0
I4405259080,2018,0
I4405259080,2019,0
I4405259080,2020,0
I4405259080,2021,0
I4405259080,2022,0
I4405259080,2023,0
I4405259080,2024,0
I4405259080,2025,0
I4405258300,2006,0
I4405258300,2007,0
I4405258300,2008,0
I4405258300,2009,0
I4405258300,2010,0
I4405258300,2011,0
I4405258300,2012,0
I4405258300,2013,0
I4405258300,2014,0
I4405258300,2015,0
I4405258300,2016,0
I4405258300,2017,0
I4405258300,2018,0
I4405258300,2019,0
I4405258300,2020,0
I4405258300,2021,0
I4405258300,2022,0
I4405258300,2023,0
I4405258300,2024,0
I4405258300,2025,0
I4405261080,2006,0
I4405261080,2007,0
I4405261080,2008,0
I4405261080,2009,0
I4405261080,2010,0
I4405261080,2011,0
I4405261080,2012,0
I4405261080,2013,0
I4405261080,2014,0
I4405261080,2015,0
I4405261080,2016,0
I4405261080,2017,0
I4405261080,2018,0
I4405261080,2019,0
I4405261080,2020,0
I4405261080,2021,0
I4405261080,2022,0
I4405261080,2023,0
I4405261080,2024,0
I4405261080,2025,0
I30887324,2006,135
I30887324,2007,284
I30887324,2008,264
I30887324,2009,442
I30887324,2010,1284
I30887324,2011,397
I30887324,2012,888
I30887324,2013,851
I30887324,2014,2284
I30887324,2015,1379
I30887324,2016,2089
I30887324,2017,2526
I30887324,2018,2894
I30887324,2019,3259
I30887324,2020,3616
I30887324,2021,3287
I30887324,2022,2489
I30887324,2023,2776
I30887324,2024,2061
I30887324,2025,1558
I108754898,2006,3270
I108754898,2007,3808
I108754898,2008,4061
I108754898,2009,3989
I108754898,2010,5298
I108754898,2011,4473
I108754898,2012,5142
I108754898,2013,5931
I108754898,2014,6877
I108754898,2015,6071
I108754898,2016,7998
I108754898,2017,11772
I108754898,2018,7832
I108754898,2019,6909
I108754898,2020,8660
I108754898,2021,8940
I108754898,2022,7311
I108754898,2023,6011
I108754898,2024,3761
I108754898,2025,1664
I4210151980,2006,78
I4210151980,2007,183
I4210151980,2008,2
I4210151980,2009,0
I4210151980,2010,26
I4210151980,2011,7
I4210151980,2012,20
I4210151980,2013,157
I4210151980,2014,0
I4210151980,2015,56
I4210151980,2016,162
I4210151980,2017,170
I4210151980,2018,1060
I4210151980,2019,1414
I4210151980,2020,3177
I4210151980,2021,5228
I4210151980,2022,5389
I4210151980,2023,7446
I4210151980,2024,4084
I4210151980,2025,2132
I57092466,2006,399
I57092466,2007,327
I57092466,2008,774
I57092466,2009,870
I57092466,2010,1916
I57092466,2011,1778
I57092466,2012,1658
I57092466,2013,6104
I57092466,2014,9972
I57092466,2015,7533
I57092466,2016,16178
I57092466,2017,11450
I57092466,2018,12995
I57092466,2019,18961
I57092466,2020,28359
I57092466,2021,24522
I57092466,2022,17690
I57092466,2023,12756
I57092466,2024,11683
I57092466,2025,5509
I4210087472,2006,189
I4210087472,2007,418
I4210087472,2008,126
I4210087472,2009,89
I4210087472,2010,17
I4210087472,2011,30
I4210087472,2012,400
I4210087472,2013,522
I4210087472,2014,970
I4210087472,2015,327
I4210087472,2016,988
I4210087472,2017,212
I4210087472,2018,92
I4210087472,2019,312
I4210087472,2020,716
I4210087472,2021,351
I4210087472,2022,307
I4210087472,2023,249
I4210087472,2024,92
I4210087472,2025,82
I4405256297,2006,0
I4405256297,2007,0
I4405256297,2008,0
I4405256297,2009,0
I4405256297,2010,0
I4405256297,2011,0
I4405256297,2012,0
I4405256297,2013,0
I4405256297,2014,0
I4405256297,2015,0
I4405256297,2016,0
I4405256297,2017,0
I4405256297,2018,0
I4405256297,2019,0
I4405256297,2020,0
I4405256297,2021,0
I4405256297,2022,0
I4405256297,2023,0
I4405256297,2024,0
I4405256297,2025,0
I4405253782,2006,0
I4405253782,2007,0
I4405253782,2008,0
I4405253782,2009,0
I4405253782,2010,0
I4405253782,2011,0
I4405253782,2012,0
I4405253782,2013,0
I4405253782,2014,0
I4405253782,2015,0
I4405253782,2016,0
I4405253782,2017,0
I4405253782,2018,0
I4405253782,2019,0
I4405253782,2020,0
I4405253782,2021,0
I4405253782,2022,0
I4405253782,2023,0
I4405253782,2024,0
I4405253782,2025,0
I4405257947,2006,0
I4405257947,2007,0
I4405257947,2008,0
I4405257947,2009,0
I4405257947,2010,0
I4405257947,2011,0
I4405257947,2012,0
I4405257947,2013,0
I4405257947,2014,0
I4405257947,2015,0
I4405257947,2016,0
I4405257947,2017,0
I4405257947,2018,0
I4405257947,2019,0
I4405257947,2020,0
I4405257947,2021,0
I4405257947,2022,0
I4405257947,2023,0
I4405257947,2024,0
I4405257947,2025,0
I2801387305,2006,0
I2801387305,2007,0
I2801387305,2008,0
I2801387305,2009,0
I2801387305,2010,0
I2801387305,2011,0
I2801387305,2012,0
I2801387305,2013,1
I2801387305,2014,0
I2801387305,2015,10
I2801387305,2016,23
I2801387305,2017,0
I2801387305,2018,4
I2801387305,2019,0
I2801387305,2020,0
I2801387305,2021,26
I2801387305,2022,1
I2801387305,2023,0
I2801387305,2024,0
I2801387305,2025,7
I3129370870,2006,0
I3129370870,2007,0
I3129370870,2008,0
I3129370870,2009,24
I3129370870,2010,0
I3129370870,2011,0
I3129370870,2012,38
I3129370870,2013,12
I3129370870,2014,62
I3129370870,2015,0
I3129370870,2016,4
I3129370870,2017,8
I3129370870,2018,3
I3129370870,2019,2
I3129370870,2020,140
I3129370870,2021,473
I3129370870,2022,1341
I3129370870,2023,37
I3129370870,2024,9
I3129370870,2025,10
I4405257310,2006,0
I4405257310,2007,0
I4405257310,2008,0
I4405257310,2009,0
I4405257310,2010,0
I4405257310,2011,0
I4405257310,2012,0
I4405257310,2013,0
I4405257310,2014,0
I4405257310,2015,0
I4405257310,2016,0
I4405257310,2017,0
I4405257310,2018,0
I4405257310,2019,0
I4405257310,2020,0
I4405257310,2021,0
I4405257310,2022,0
I4405257310,2023,0
I4405257310,2024,0
I4405257310,2025,0
I919958821,2006,328
I919958821,2007,673
I919958821,2008,731
I919958821,2009,1286
I919958821,2010,2998
I919958821,2011,1848
I919958821,2012,2410
I919958821,2013,2466
I919958821,2014,3342
I919958821,2015,5486
I919958821,2016,4155
I919958821,2017,7244
I919958821,2018,10258
I919958821,2019,9504
I919958821,2020,14807
I919958821,2021,19917
I919958821,2022,11153
I919958821,2023,8448
I919958821,2024,4225
I919958821,2025,2797
I3132818693,2006,10
I3132818693,2007,0
I3132818693,2008,114
I3132818693,2009,111
I3132818693,2010,128
I3132818693,2011,252
I3132818693,2012,130
I3132818693,2013,7
I3132818693,2014,99
I3132818693,2015,66
I3132818693,2016,67
I3132818693,2017,217
I3132818693,2018,730
I3132818693,2019,744
I3132818693,2020,1358
I3132818693,2021,1730
I3132818693,2022,2028
I3132818693,2023,637
I3132818693,2024,767
I3132818693,2025,197
I4210153062,2006,0
I4210153062,2007,0
I4210153062,2008,0
I4210153062,2009,0
I4210153062,2010,0
I4210153062,2011,0
I4210153062,2012,0
I4210153062,2013,0
I4210153062,2014,1
I4210153062,2015,0
I4210153062,2016,1
I4210153062,2017,1
I4210153062,2018,6
I4210153062,2019,65
I4210153062,2020,84
I4210153062,2021,76
I4210153062,2022,66
I4210153062,2023,123
I4210153062,2024,31
I4210153062,2025,6
I136632592,2006,11
I136632592,2007,198
I136632592,2008,531
I136632592,2009,299
I136632592,2010,1259
I136632592,2011,515
I136632592,2012,292
I136632592,2013,480
I136632592,2014,593
I136632592,2015,302
I136632592,2016,917
I136632592,2017,896
I136632592,2018,1284
I136632592,2019,1647
I136632592,2020,1300
I136632592,2021,737
I136632592,2022,1137
I136632592,2023,896
I136632592,2024,708
I136632592,2025,346
I3129284699,2006,6
I3129284699,2007,0
I3129284699,2008,0
I3129284699,2009,0
I3129284699,2010,1
I3129284699,2011,53
I3129284699,2012,43
I3129284699,2013,24
I3129284699,2014,11
I3129284699,2015,7
I3129284699,2016,38
I3129284699,2017,162
I3129284699,2018,15
I3129284699,2019,11
I3129284699,2020,76
I3129284699,2021,65
I3129284699,2022,29
I3129284699,2023,57
I3129284699,2024,184
I3129284699,2025,133
I4210150211,2006,0
I4210150211,2007,0
I4210150211,2008,0
I4210150211,2009,0
I4210150211,2010,0
I4210150211,2011,0
I4210150211,2012,0
I4210150211,2013,0
I4210150211,2014,0
I4210150211,2015,0
I4210150211,2016,0
I4210150211,2017,0
I4210150211,2018,0
I4210150211,2019,0
I4210150211,2020,0
I4210150211,2021,0
I4210150211,2022,0
I4210150211,2023,0
I4210150211,2024,1
I4210150211,2025,3
I4405258936,2006,0
I4405258936,2007,0
I4405258936,2008,0
I4405258936,2009,0
I4405258936,2010,0
I4405258936,2011,0
I4405258936,2012,0
I4405258936,2013,0
I4405258936,2014,0
I4405258936,2015,0
I4405258936,2016,0
I4405258936,2017,0
I4405258936,2018,0
I4405258936,2019,0
I4405258936,2020,0
I4405258936,2021,0
I4405258936,2022,0
I4405258936,2023,0
I4405258936,2024,0
I4405258936,2025,0
I207547235,2006,2603
I207547235,2007,4023
I207547235,2008,3062
I207547235,2009,4715
I207547235,2010,6519
I207547235,2011,5567
I207547235,2012,7760
I207547235,2013,10230
I207547235,2014,14226
I207547235,2015,17825
I207547235,2016,19197
I207547235,2017,20085
I207547235,2018,24422
I207547235,2019,32737
I207547235,2020,43802
I207547235,2021,44737
I207547235,2022,35246
I207547235,2023,27978
I207547235,2024,17485
I207547235,2025,6117
I4210111684,2006,0
I4210111684,2007,8
I4210111684,2008,11
I4210111684,2009,0
I4210111684,2010,4
I4210111684,2011,530
I4210111684,2012,0
I4210111684,2013,0
I4210111684,2014,0
I4210111684,2015,109
I4210111684,2016,37
I4210111684,2017,0
I4210111684,2018,1
I4210111684,2019,2
I4210111684,2020,2
I4210111684,2021,27
I4210111684,2022,20
I4210111684,2023,50
I4210111684,2024,69
I4210111684,2025,4
I113643904,2006,2331
I113643904,2007,2296
I113643904,2008,2568
I113643904,2009,3135
I113643904,2010,5469
I113643904,2011,6968
I113643904,2012,8635
I113643904,2013,8727
I113643904,2014,11947
I113643904,2015,18152
I113643904,2016,17855
I113643904,2017,24795
I113643904,2018,26109
I113643904,2019,32789
I113643904,2020,41808
I113643904,2021,31190
I113643904,2022,31984
I113643904,2023,23227
I113643904,2024,13539
I113643904,2025,7013
I171217772,2006,368
I171217772,2007,26
I171217772,2008,321
I171217772,2009,82
I171217772,2010,86
I171217772,2011,218
I171217772,2012,141
I171217772,2013,169
I171217772,2014,263
I171217772,2015,183
I171217772,2016,259
I171217772,2017,205
I171217772,2018,204
I171217772,2019,380
I171217772,2020,247
I171217772,2021,246
I171217772,2022,383
I171217772,2023,265
I171217772,2024,463
I171217772,2025,792
I187152970,2006,182
I187152970,2007,37
I187152970,2008,216
I187152970,2009,261
I187152970,2010,1078
I187152970,2011,4458
I187152970,2012,850
I187152970,2013,1018
I187152970,2014,1430
I187152970,2015,980
I187152970,2016,1121
I187152970,2017,1166
I187152970,2018,1228
I187152970,2019,2346
I187152970,2020,1578
I187152970,2021,1626
I187152970,2022,2085
I187152970,2023,2366
I187152970,2024,1157
I187152970,2025,472
I4405260339,2006,0
I4405260339,2007,0
I4405260339,2008,0
I4405260339,2009,0
I4405260339,2010,0
I4405260339,2011,0
I4405260339,2012,0
I4405260339,2013,0
I4405260339,2014,0
I4405260339,2015,0
I4405260339,2016,0
I4405260339,2017,0
I4405260339,2018,0
I4405260339,2019,0
I4405260339,2020,0
I4405260339,2021,0
I4405260339,2022,0
I4405260339,2023,0
I4405260339,2024,0
I4405260339,2025,0
I177651648,2006,170
I177651648,2007,221
I177651648,2008,763
I177651648,2009,240
I177651648,2010,368
I177651648,2011,669
I177651648,2012,657
I177651648,2013,1607
I177651648,2014,994
I177651648,2015,1134
I177651648,2016,1015
I177651648,2017,1336
I177651648,2018,1461
I177651648,2019,1895
I177651648,2020,1994
I177651648,2021,1543
I177651648,2022,1108
I177651648,2023,967
I177651648,2024,536
I177651648,2025,160
I201292520,2006,74
I201292520,2007,0
I201292520,2008,0
I201292520,2009,3
I201292520,2010,93
I201292520,2011,383
I201292520,2012,236
I201292520,2013,154
I201292520,2014,409
I201292520,2015,703
I201292520,2016,666
I201292520,2017,367
I201292520,2018,3660
I201292520,2019,1650
I201292520,2020,678
I201292520,2021,1300
I201292520,2022,1171
I201292520,2023,755
I201292520,2024,603
I201292520,2025,209
I4405260568,2006,0
I4405260568,2007,0
I4405260568,2008,0
I4405260568,2009,0
I4405260568,2010,0
I4405260568,2011,0
I4405260568,2012,0
I4405260568,2013,0
I4405260568,2014,0
I4405260568,2015,0
I4405260568,2016,0
I4405260568,2017,0
I4405260568,2018,0
I4405260568,2019,0
I4405260568,2020,0
I4405260568,2021,0
I4405260568,2022,0
I4405260568,2023,0
I4405260568,2024,0
I4405260568,2025,0
I3131279189,2006,5
I3131279189,2007,0
I3131279189,2008,0
I3131279189,2009,5
I3131279189,2010,0
I3131279189,2011,23
I3131279189,2012,51
I3131279189,2013,46
I3131279189,2014,19
I3131279189,2015,28
I3131279189,2016,429
I3131279189,2017,206
I3131279189,2018,112
I3131279189,2019,89
I3131279189,2020,386
I3131279189,2021,234
I3131279189,2022,540
I3131279189,2023,171
I3131279189,2024,84
I3131279189,2025,26
I4210108437,2006,0
I4210108437,2007,103
I4210108437,2008,0
I4210108437,2009,36
I4210108437,2010,0
I4210108437,2011,154
I4210108437,2012,53
I4210108437,2013,235
I4210108437,2014,176
I4210108437,2015,26
I4210108437,2016,105
I4210108437,2017,135
I4210108437,2018,647
I4210108437,2019,462
I4210108437,2020,276
I4210108437,2021,132
I4210108437,2022,33
I4210108437,2023,151
I4210108437,2024,37
I4210108437,2025,64
I4210127722,2006,0
I4210127722,2007,0
I4210127722,2008,0
I4210127722,2009,0
I4210127722,2010,0
I4210127722,2011,0
I4210127722,2012,0
I4210127722,2013,0
I4210127722,2014,24
I4210127722,2015,1
I4210127722,2016,127
I4210127722,2017,6
I4210127722,2018,41
I4210127722,2019,7
I4210127722,2020,37
I4210127722,2021,249
I4210127722,2022,22
I4210127722,2023,109
I4210127722,2024,16
I4210127722,2025,0
I4405261293,2006,0
I4405261293,2007,0
I4405261293,2008,0
I4405261293,2009,0
I4405261293,2010,0
I4405261293,2011,0
I4405261293,2012,0
I4405261293,2013,0
I4405261293,2014,0
I4405261293,2015,0
I4405261293,2016,0
I4405261293,2017,0
I4405261293,2018,0
I4405261293,2019,0
I4405261293,2020,0
I4405261293,2021,0
I4405261293,2022,0
I4405261293,2023,0
I4405261293,2024,0
I4405261293,2025,0
I4387153060,2006,0
I4387153060,2007,0
I4387153060,2008,0
I4387153060,2009,0
I4387153060,2010,0
I4387153060,2011,0
I4387153060,2012,0
I4387153060,2013,0
I4387153060,2014,0
I4387153060,2015,0
I4387153060,2016,0
I4387153060,2017,0
I4387153060,2018,7
I4387153060,2019,37
I4387153060,2020,41
I4387153060,2021,1834
I4387153060,2022,412
I4387153060,2023,181
I4387153060,2024,82
I4387153060,2025,27
I4405264926,2006,0
I4405264926,2007,0
I4405264926,2008,0
I4405264926,2009,0
I4405264926,2010,0
I4405264926,2011,0
I4405264926,2012,0
I4405264926,2013,0
I4405264926,2014,0
I4405264926,2015,0
I4405264926,2016,0
I4405264926,2017,0
I4405264926,2018,0
I4405264926,2019,0
I4405264926,2020,0
I4405264926,2021,0
I4405264926,2022,0
I4405264926,2023,0
I4405264926,2024,0
I4405264926,2025,0
I309707301,2006,212
I309707301,2007,332
I309707301,2008,40
I309707301,2009,377
I309707301,2010,238
I309707301,2011,466
I309707301,2012,10450
I309707301,2013,124
I309707301,2014,69
I309707301,2015,164
I309707301,2016,379
I309707301,2017,466
I309707301,2018,188
I309707301,2019,765
I309707301,2020,732
I309707301,2021,927
I309707301,2022,391
I309707301,2023,484
I309707301,2024,403
I309707301,2025,67
I2800581689,2006,144
I2800581689,2007,92
I2800581689,2008,357
I2800581689,2009,304
I2800581689,2010,127
I2800581689,2011,267
I2800581689,2012,141
I2800581689,2013,815
I2800581689,2014,513
I2800581689,2015,500
I2800581689,2016,867
I2800581689,2017,297
I2800581689,2018,50
I2800581689,2019,74
I2800581689,2020,55
I2800581689,2021,104
I2800581689,2022,81
I2800581689,2023,78
I2800581689,2024,37
I2800581689,2025,32
I216286881,2006,2
I216286881,2007,0
I216286881,2008,0
I216286881,2009,57
I216286881,2010,0
I216286881,2011,77
I216286881,2012,52
I216286881,2013,230
I216286881,2014,429
I216286881,2015,829
I216286881,2016,2381
I216286881,2017,4589
I216286881,2018,5053
I216286881,2019,6423
I216286881,2020,7236
I216286881,2021,7674
I216286881,2022,5472
I216286881,2023,4061
I216286881,2024,2212
I216286881,2025,864
I4210111441,2006,127
I4210111441,2007,35
I4210111441,2008,263
I4210111441,2009,188
I4210111441,2010,142
I4210111441,2011,392
I4210111441,2012,213
I4210111441,2013,597
I4210111441,2014,990
I4210111441,2015,963
I4210111441,2016,842
I4210111441,2017,925
I4210111441,2018,1301
I4210111441,2019,595
I4210111441,2020,482
I4210111441,2021,869
I4210111441,2022,3018
I4210111441,2023,133
I4210111441,2024,76
I4210111441,2025,38
I4399598453,2006,0
I4399598453,2007,0
I4399598453,2008,0
I4399598453,2009,0
I4399598453,2010,0
I4399598453,2011,0
I4399598453,2012,0
I4399598453,2013,0
I4399598453,2014,0
I4399598453,2015,0
I4399598453,2016,887
I4399598453,2017,1175
I4399598453,2018,805
I4399598453,2019,1312
I4399598453,2020,819
I4399598453,2021,658
I4399598453,2022,750
I4399598453,2023,633
I4399598453,2024,356
I4399598453,2025,167
I200433483,2006,31
I200433483,2007,146
I200433483,2008,449
I200433483,2009,337
I200433483,2010,639
I200433483,2011,527
I200433483,2012,369
I200433483,2013,657
I200433483,2014,753
I200433483,2015,570
I200433483,2016,677
I200433483,2017,612
I200433483,2018,882
I200433483,2019,886
I200433483,2020,1459
I200433483,2021,2168
I200433483,2022,2533
I200433483,2023,3393
I200433483,2024,3578
I200433483,2025,2151
I4210096386,2006,37423
I4210096386,2007,26553
I4210096386,2008,21625
I4210096386,2009,22611
I4210096386,2010,40172
I4210096386,2011,33006
I4210096386,2012,27295
I4210096386,2013,30571
I4210096386,2014,37533
I4210096386,2015,35692
I4210096386,2016,39088
I4210096386,2017,33635
I4210096386,2018,36294
I4210096386,2019,26671
I4210096386,2020,35141
I4210096386,2021,24790
I4210096386,2022,14971
I4210096386,2023,11391
I4210096386,2024,9034
I4210096386,2025,4254
I4210166320,2006,0
I4210166320,2007,0
I4210166320,2008,0
I4210166320,2009,0
I4210166320,2010,0
I4210166320,2011,0
I4210166320,2012,0
I4210166320,2013,0
I4210166320,2014,0
I4210166320,2015,0
I4210166320,2016,0
I4210166320,2017,0
I4210166320,2018,0
I4210166320,2019,0
I4210166320,2020,0
I4210166320,2021,0
I4210166320,2022,0
I4210166320,2023,0
I4210166320,2024,0
I4210166320,2025,0
I154023281,2006,160
I154023281,2007,245
I154023281,2008,822
I154023281,2009,786
I154023281,2010,2518
I154023281,2011,2347
I154023281,2012,1929
I154023281,2013,2352
I154023281,2014,2699
I154023281,2015,2878
I154023281,2016,3402
I154023281,2017,4584
I154023281,2018,6192
I154023281,2019,6807
I154023281,2020,8889
I154023281,2021,11148
I154023281,2022,10435
I154023281,2023,8199
I154023281,2024,5143
I154023281,2025,1754
I3132458453,2006,0
I3132458453,2007,0
I3132458453,2008,0
I3132458453,2009,28
I3132458453,2010,0
I3132458453,2011,0
I3132458453,2012,0
I3132458453,2013,41
I3132458453,2014,122
I3132458453,2015,231
I3132458453,2016,150
I3132458453,2017,58
I3132458453,2018,42
I3132458453,2019,199
I3132458453,2020,77
I3132458453,2021,94
I3132458453,2022,119
I3132458453,2023,41
I3132458453,2024,49
I3132458453,2025,23
I4405259374,2006,0
I4405259374,2007,0
I4405259374,2008,0
I4405259374,2009,0
I4405259374,2010,0
I4405259374,2011,0
I4405259374,2012,0
I4405259374,2013,0
I4405259374,2014,0
I4405259374,2015,0
I4405259374,2016,0
I4405259374,2017,0
I4405259374,2018,0
I4405259374,2019,0
I4405259374,2020,0
I4405259374,2021,0
I4405259374,2022,0
I4405259374,2023,0
I4405259374,2024,0
I4405259374,2025,0
I4405266298,2006,0
I4405266298,2007,0
I4405266298,2008,0
I4405266298,2009,0
I4405266298,2010,0
I4405266298,2011,0
I4405266298,2012,0
I4405266298,2013,0
I4405266298,2014,0
I4405266298,2015,0
I4405266298,2016,0
I4405266298,2017,0
I4405266298,2018,0
I4405266298,2019,0
I4405266298,2020,0
I4405266298,2021,0
I4405266298,2022,0
I4405266298,2023,0
I4405266298,2024,0
I4405266298,2025,0
I4210124021,2006,111
I4210124021,2007,911
I4210124021,2008,114
I4210124021,2009,10
I4210124021,2010,19
I4210124021,2011,0
I4210124021,2012,65
I4210124021,2013,149
I4210124021,2014,241
I4210124021,2015,447
I4210124021,2016,242
I4210124021,2017,185
I4210124021,2018,281
I4210124021,2019,454
I4210124021,2020,1457
I4210124021,2021,2385
I4210124021,2022,2508
I4210124021,2023,1995
I4210124021,2024,1484
I4210124021,2025,911
I4210087577,2006,2
I4210087577,2007,0
I4210087577,2008,0
I4210087577,2009,5
I4210087577,2010,0
I4210087577,2011,0
I4210087577,2012,0
I4210087577,2013,1
I4210087577,2014,4
I4210087577,2015,0
I4210087577,2016,0
I4210087577,2017,1
I4210087577,2018,4
I4210087577,2019,5
I4210087577,2020,0
I4210087577,2021,5
I4210087577,2022,0
I4210087577,2023,25
I4210087577,2024,19
I4210087577,2025,23
I287756978,2006,0
I287756978,2007,0
I287756978,2008,34
I287756978,2009,32
I287756978,2010,11
I287756978,2011,101
I287756978,2012,151
I287756978,2013,339
I287756978,2014,305
I287756978,2015,525
I287756978,2016,711
I287756978,2017,843
I287756978,2018,1241
I287756978,2019,1794
I287756978,2020,3874
I287756978,2021,3362
I287756978,2022,2575
I287756978,2023,1611
I287756978,2024,1184
I287756978,2025,585
I4210142055,2006,0
I4210142055,2007,500
I4210142055,2008,0
I4210142055,2009,33
I4210142055,2010,0
I4210142055,2011,46
I4210142055,2012,91
I4210142055,2013,181
I4210142055,2014,91
I4210142055,2015,97
I4210142055,2016,140
I4210142055,2017,0
I4210142055,2018,0
I4210142055,2019,32
I4210142055,2020,14
I4210142055,2021,32
I4210142055,2022,6
I4210142055,2023,10
I4210142055,2024,40
I4210142055,2025,27
I119856527,2006,5388
I119856527,2007,6624
I119856527,2008,9541
I119856527,2009,4904
I119856527,2010,7346
I119856527,2011,9553
I119856527,2012,27970
I119856527,2013,13165
I119856527,2014,15178
I119856527,2015,21299
I119856527,2016,25888
I119856527,2017,22291
I119856527,2018,23235
I119856527,2019,23163
I119856527,2020,28627
I119856527,2021,25424
I119856527,2022,18328
I119856527,2023,16985
I119856527,2024,11531
I119856527,2025,4398
I4210140988,2006,2
I4210140988,2007,1
I4210140988,2008,0
I4210140988,2009,1
I4210140988,2010,56
I4210140988,2011,16
I4210140988,2012,100
I4210140988,2013,22
I4210140988,2014,219
I4210140988,2015,40
I4210140988,2016,163
I4210140988,2017,98
I4210140988,2018,39
I4210140988,2019,245
I4210140988,2020,313
I4210140988,2021,399
I4210140988,2022,653
I4210140988,2023,762
I4210140988,2024,447
I4210140988,2025,234
I145487455,2006,26932
I145487455,2007,27364
I145487455,2008,29313
I145487455,2009,41211
I145487455,2010,51714
I145487455,2011,60721
I145487455,2012,63452
I145487455,2013,68212
I145487455,2014,76897
I145487455,2015,97618
I145487455,2016,104210
I145487455,2017,112035
I145487455,2018,103396
I145487455,2019,119158
I145487455,2020,145585
I145487455,2021,135472
I145487455,2022,107989
I145487455,2023,80524
I145487455,2024,49461
I145487455,2025,21088
I280533721,2006,5
I280533721,2007,128
I280533721,2008,0
I280533721,2009,4
I280533721,2010,16
I280533721,2011,47
I280533721,2012,68
I280533721,2013,65
I280533721,2014,132
I280533721,2015,176
I280533721,2016,33
I280533721,2017,73
I280533721,2018,128
I280533721,2019,112
I280533721,2020,96
I280533721,2021,132
I280533721,2022,338
I280533721,2023,281
I280533721,2024,242
I280533721,2025,105
I4405262979,2006,0
I4405262979,2007,0
I4405262979,2008,0
I4405262979,2009,0
I4405262979,2010,0
I4405262979,2011,0
I4405262979,2012,0
I4405262979,2013,0
I4405262979,2014,0
I4405262979,2015,0
I4405262979,2016,0
I4405262979,2017,0
I4405262979,2018,0
I4405262979,2019,0
I4405262979,2020,0
I4405262979,2021,0
I4405262979,2022,0
I4405262979,2023,0
I4405262979,2024,0
I4405262979,2025,0
I4210122785,2006,79
I4210122785,2007,0
I4210122785,2008,0
I4210122785,2009,95
I4210122785,2010,39
I4210122785,2011,33
I4210122785,2012,16
I4210122785,2013,57
I4210122785,2014,3342
I4210122785,2015,397
I4210122785,2016,113
I4210122785,2017,283
I4210122785,2018,434
I4210122785,2019,829
I4210122785,2020,316
I4210122785,2021,932
I4210122785,2022,662
I4210122785,2023,1318
I4210122785,2024,369
I4210122785,2025,194
I206509152,2006,15
I206509152,2007,0
I206509152,2008,8
I206509152,2009,0
I206509152,2010,0
I206509152,2011,59
I206509152,2012,36
I206509152,2013,118
I206509152,2014,285
I206509152,2015,345
I206509152,2016,69
I206509152,2017,261
I206509152,2018,690
I206509152,2019,55
I206509152,2020,566
I206509152,2021,1559
I206509152,2022,1605
I206509152,2023,891
I206509152,2024,1350
I206509152,2025,500
I159253421,2006,2585
I159253421,2007,2021
I159253421,2008,2973
I159253421,2009,2835
I159253421,2010,5562
I159253421,2011,6237
I159253421,2012,5271
I159253421,2013,7423
I159253421,2014,5862
I159253421,2015,5505
I159253421,2016,6658
I159253421,2017,6949
I159253421,2018,6110
I159253421,2019,8495
I159253421,2020,9862
I159253421,2021,10847
I159253421,2022,7423
I159253421,2023,4892
I159253421,2024,3006
I159253421,2025,740
I4405265890,2006,0
I4405265890,2007,0
I4405265890,2008,0
I4405265890,2009,0
I4405265890,2010,0
I4405265890,2011,0
I4405265890,2012,0
I4405265890,2013,0
I4405265890,2014,0
I4405265890,2015,0
I4405265890,2016,0
I4405265890,2017,0
I4405265890,2018,0
I4405265890,2019,0
I4405265890,2020,0
I4405265890,2021,0
I4405265890,2022,0
I4405265890,2023,0
I4405265890,2024,0
I4405265890,2025,0
I4405255440,2006,0
I4405255440,2007,0
I4405255440,2008,0
I4405255440,2009,0
I4405255440,2010,0
I4405255440,2011,0
I4405255440,2012,0
I4405255440,2013,0
I4405255440,2014,0
I4405255440,2015,0
I4405255440,2016,0
I4405255440,2017,0
I4405255440,2018,0
I4405255440,2019,0
I4405255440,2020,0
I4405255440,2021,0
I4405255440,2022,0
I4405255440,2023,0
I4405255440,2024,0
I4405255440,2025,0
I4405258506,2006,0
I4405258506,2007,0
I4405258506,2008,0
I4405258506,2009,0
I4405258506,2010,0
I4405258506,2011,0
I4405258506,2012,0
I4405258506,2013,0
I4405258506,2014,0
I4405258506,2015,0
I4405258506,2016,0
I4405258506,2017,0
I4405258506,2018,0
I4405258506,2019,0
I4405258506,2020,0
I4405258506,2021,0
I4405258506,2022,0
I4405258506,2023,0
I4405258506,2024,0
I4405258506,2025,0
I3131829890,2006,1
I3131829890,2007,26
I3131829890,2008,0
I3131829890,2009,0
I3131829890,2010,0
I3131829890,2011,0
I3131829890,2012,4
I3131829890,2013,192
I3131829890,2014,226
I3131829890,2015,145
I3131829890,2016,113
I3131829890,2017,62
I3131829890,2018,50
I3131829890,2019,71
I3131829890,2020,190
I3131829890,2021,197
I3131829890,2022,266
I3131829890,2023,1315
I3131829890,2024,63
I3131829890,2025,20
I4210130200,2006,1
I4210130200,2007,3
I4210130200,2008,26
I4210130200,2009,0
I4210130200,2010,0
I4210130200,2011,0
I4210130200,2012,31
I4210130200,2013,6
I4210130200,2014,18
I4210130200,2015,165
I4210130200,2016,113
I4210130200,2017,274
I4210130200,2018,189
I4210130200,2019,298
I4210130200,2020,449
I4210130200,2021,710
I4210130200,2022,880
I4210130200,2023,554
I4210130200,2024,166
I4210130200,2025,95
I192535658,2006,272
I192535658,2007,25
I192535658,2008,51
I192535658,2009,9
I192535658,2010,22
I192535658,2011,104
I192535658,2012,166
I192535658,2013,423
I192535658,2014,63
I192535658,2015,216
I192535658,2016,285
I192535658,2017,721
I192535658,2018,559
I192535658,2019,523
I192535658,2020,776
I192535658,2021,832
I192535658,2022,382
I192535658,2023,629
I192535658,2024,229
I192535658,2025,90
I4210154964,2006,0
I4210154964,2007,0
I4210154964,2008,2
I4210154964,2009,0
I4210154964,2010,0
I4210154964,2011,0
I4210154964,2012,0
I4210154964,2013,0
I4210154964,2014,0
I4210154964,2015,13
I4210154964,2016,27
I4210154964,2017,92
I4210154964,2018,235
I4210154964,2019,79
I4210154964,2020,58
I4210154964,2021,156
I4210154964,2022,74
I4210154964,2023,42
I4210154964,2024,23
I4210154964,2025,2
I4210155522,2006,27
I4210155522,2007,0
I4210155522,2008,0
I4210155522,2009,0
I4210155522,2010,14
I4210155522,2011,0
I4210155522,2012,15
I4210155522,2013,0
I4210155522,2014,0
I4210155522,2015,8
I4210155522,2016,8
I4210155522,2017,17
I4210155522,2018,4
I4210155522,2019,15
I4210155522,2020,29
I4210155522,2021,29
I4210155522,2022,75
I4210155522,2023,23
I4210155522,2024,8
I4210155522,2025,11
I251854046,2006,0
I251854046,2007,0
I251854046,2008,0
I251854046,2009,3
I251854046,2010,82
I251854046,2011,135
I251854046,2012,19
I251854046,2013,39
I251854046,2014,100
I251854046,2015,130
I251854046,2016,171
I251854046,2017,415
I251854046,2018,286
I251854046,2019,462
I251854046,2020,379
I251854046,2021,159
I251854046,2022,193
I251854046,2023,50
I251854046,2024,81
I251854046,2025,36
I4210141093,2006,378
I4210141093,2007,14
I4210141093,2008,63
I4210141093,2009,291
I4210141093,2010,134
I4210141093,2011,263
I4210141093,2012,78
I4210141093,2013,279
I4210141093,2014,506
I4210141093,2015,803
I4210141093,2016,138
I4210141093,2017,429
I4210141093,2018,731
I4210141093,2019,1337
I4210141093,2020,2827
I4210141093,2021,835
I4210141093,2022,408
I4210141093,2023,354
I4210141093,2024,150
I4210141093,2025,113
I82889322,2006,326
I82889322,2007,142
I82889322,2008,1
I82889322,2009,418
I82889322,2010,158
I82889322,2011,249
I82889322,2012,558
I82889322,2013,466
I82889322,2014,201
I82889322,2015,290
I82889322,2016,154
I82889322,2017,319
I82889322,2018,206
I82889322,2019,335
I82889322,2020,394
I82889322,2021,311
I82889322,2022,222
I82889322,2023,194
I82889322,2024,206
I82889322,2025,73
I273065767,2006,41
I273065767,2007,22
I273065767,2008,166
I273065767,2009,414
I273065767,2010,786
I273065767,2011,2422
I273065767,2012,2135
I273065767,2013,2218
I273065767,2014,2869
I273065767,2015,1567
I273065767,2016,2404
I273065767,2017,2214
I273065767,2018,2151
I273065767,2019,2026
I273065767,2020,2154
I273065767,2021,2295
I273065767,2022,2246
I273065767,2023,1290
I273065767,2024,890
I273065767,2025,390
I4210144434,2006,34
I4210144434,2007,0
I4210144434,2008,0
I4210144434,2009,0
I4210144434,2010,41
I4210144434,2011,95
I4210144434,2012,159
I4210144434,2013,71
I4210144434,2014,0
I4210144434,2015,1
I4210144434,2016,4
I4210144434,2017,3
I4210144434,2018,27
I4210144434,2019,74
I4210144434,2020,402
I4210144434,2021,31
I4210144434,2022,2
I4210144434,2023,18
I4210144434,2024,4
I4210144434,2025,9
I4210103367,2006,6
I4210103367,2007,66
I4210103367,2008,70
I4210103367,2009,12
I4210103367,2010,145
I4210103367,2011,7
I4210103367,2012,42
I4210103367,2013,19
I4210103367,2014,58
I4210103367,2015,60
I4210103367,2016,64
I4210103367,2017,104
I4210103367,2018,127
I4210103367,2019,89
I4210103367,2020,256
I4210103367,2021,169
I4210103367,2022,36
I4210103367,2023,60
I4210103367,2024,82
I4210103367,2025,26
I319786031,2006,70
I319786031,2007,29
I319786031,2008,232
I319786031,2009,361
I319786031,2010,712
I319786031,2011,48
I319786031,2012,123
I319786031,2013,193
I319786031,2014,224
I319786031,2015,92
I319786031,2016,526
I319786031,2017,528
I319786031,2018,312
I319786031,2019,143
I319786031,2020,497
I319786031,2021,622
I319786031,2022,372
I319786031,2023,89
I319786031,2024,43
I319786031,2025,15
I4210156635,2006,0
I4210156635,2007,0
I4210156635,2008,0
I4210156635,2009,0
I4210156635,2010,24
I4210156635,2011,0
I4210156635,2012,42
I4210156635,2013,0
I4210156635,2014,30
I4210156635,2015,3
I4210156635,2016,48
I4210156635,2017,0
I4210156635,2018,0
I4210156635,2019,54
I4210156635,2020,0
I4210156635,2021,5
I4210156635,2022,198
I4210156635,2023,34
I4210156635,2024,6
I4210156635,2025,15
I4210152980,2006,0
I4210152980,2007,1
I4210152980,2008,0
I4210152980,2009,0
I4210152980,2010,5
I4210152980,2011,10
I4210152980,2012,5
I4210152980,2013,5
I4210152980,2014,1
I4210152980,2015,11
I4210152980,2016,2
I4210152980,2017,10
I4210152980,2018,7
I4210152980,2019,10
I4210152980,2020,92
I4210152980,2021,32
I4210152980,2022,11
I4210152980,2023,4
I4210152980,2024,8
I4210152980,2025,8
I4210149345,2006,0
I4210149345,2007,0
I4210149345,2008,2
I4210149345,2009,0
I4210149345,2010,0
I4210149345,2011,0
I4210149345,2012,21
I4210149345,2013,106
I4210149345,2014,0
I4210149345,2015,65
I4210149345,2016,19
I4210149345,2017,4
I4210149345,2018,22
I4210149345,2019,58
I4210149345,2020,97
I4210149345,2021,122
I4210149345,2022,133
I4210149345,2023,110
I4210149345,2024,23
I4210149345,2025,16
I3130796309,2006,32
I3130796309,2007,5
I3130796309,2008,0
I3130796309,2009,4
I3130796309,2010,10
I3130796309,2011,0
I3130796309,2012,0
I3130796309,2013,0
I3130796309,2014,8
I3130796309,2015,32
I3130796309,2016,6
I3130796309,2017,36
I3130796309,2018,12
I3130796309,2019,109
I3130796309,2020,228
I3130796309,2021,280
I3130796309,2022,64
I3130796309,2023,31
I3130796309,2024,33
I3130796309,2025,39
I2799418772,2006,0
I2799418772,2007,0
I2799418772,2008,0
I2799418772,2009,0
I2799418772,2010,0
I2799418772,2011,0
I2799418772,2012,0
I2799418772,2013,0
I2799418772,2014,0
I2799418772,2015,0
I2799418772,2016,1
I2799418772,2017,90
I2799418772,2018,0
I2799418772,2019,71
I2799418772,2020,4
I2799418772,2021,93
I2799418772,2022,85
I2799418772,2023,110
I2799418772,2024,6
I2799418772,2025,30
I4405263625,2006,0
I4405263625,2007,0
I4405263625,2008,0
I4405263625,2009,0
I4405263625,2010,0
I4405263625,2011,0
I4405263625,2012,0
I4405263625,2013,0
I4405263625,2014,0
I4405263625,2015,0
I4405263625,2016,0
I4405263625,2017,0
I4405263625,2018,0
I4405263625,2019,0
I4405263625,2020,0
I4405263625,2021,0
I4405263625,2022,0
I4405263625,2023,0
I4405263625,2024,0
I4405263625,2025,0
I4405254307,2006,0
I4405254307,2007,0
I4405254307,2008,0
I4405254307,2009,0
I4405254307,2010,0
I4405254307,2011,0
I4405254307,2012,0
I4405254307,2013,0
I4405254307,2014,0
I4405254307,2015,0
I4405254307,2016,0
I4405254307,2017,0
I4405254307,2018,0
I4405254307,2019,0
I4405254307,2020,0
I4405254307,2021,0
I4405254307,2022,0
I4405254307,2023,0
I4405254307,2024,0
I4405254307,2025,0
I22265921,2006,42855
I22265921,2007,41895
I22265921,2008,61907
I22265921,2009,46397
I22265921,2010,48018
I22265921,2011,52833
I22265921,2012,51939
I22265921,2013,49558
I22265921,2014,56694
I22265921,2015,53075
I22265921,2016,41160
I22265921,2017,45240
I22265921,2018,42647
I22265921,2019,37776
I22265921,2020,34376
I22265921,2021,29946
I22265921,2022,24061
I22265921,2023,17261
I22265921,2024,8994
I22265921,2025,3306
I110603874,2006,542
I110603874,2007,618
I110603874,2008,438
I110603874,2009,274
I110603874,2010,623
I110603874,2011,743
I110603874,2012,898
I110603874,2013,1660
I110603874,2014,1740
I110603874,2015,2273
I110603874,2016,2573
I110603874,2017,3850
I110603874,2018,3719
I110603874,2019,4327
I110603874,2020,4529
I110603874,2021,3815
I110603874,2022,3028
I110603874,2023,2212
I110603874,2024,1506
I110603874,2025,586
I4210140978,2006,0
I4210140978,2007,4
I4210140978,2008,26
I4210140978,2009,0
I4210140978,2010,0
I4210140978,2011,0
I4210140978,2012,0
I4210140978,2013,28
I4210140978,2014,16
I4210140978,2015,56
I4210140978,2016,2
I4210140978,2017,1
I4210140978,2018,41
I4210140978,2019,2
I4210140978,2020,15
I4210140978,2021,4
I4210140978,2022,16
I4210140978,2023,29
I4210140978,2024,16
I4210140978,2025,11
I4405252898,2006,0
I4405252898,2007,0
I4405252898,2008,0
I4405252898,2009,0
I4405252898,2010,0
I4405252898,2011,0
I4405252898,2012,0
I4405252898,2013,0
I4405252898,2014,0
I4405252898,2015,0
I4405252898,2016,0
I4405252898,2017,0
I4405252898,2018,0
I4405252898,2019,0
I4405252898,2020,0
I4405252898,2021,0
I4405252898,2022,0
I4405252898,2023,0
I4405252898,2024,0
I4405252898,2025,0
I4210127484,2006,0
I4210127484,2007,8
I4210127484,2008,0
I4210127484,2009,0
I4210127484,2010,0
I4210127484,2011,0
I4210127484,2012,25
I4210127484,2013,0
I4210127484,2014,9
I4210127484,2015,45
I4210127484,2016,82
I4210127484,2017,125
I4210127484,2018,113
I4210127484,2019,130
I4210127484,2020,189
I4210127484,2021,172
I4210127484,2022,175
I4210127484,2023,263
I4210127484,2024,258
I4210127484,2025,88
I4210097318,2006,0
I4210097318,2007,0
I4210097318,2008,52
I4210097318,2009,0
I4210097318,2010,0
I4210097318,2011,0
I4210097318,2012,0
I4210097318,2013,0
I4210097318,2014,21
I4210097318,2015,0
I4210097318,2016,0
I4210097318,2017,0
I4210097318,2018,0
I4210097318,2019,0
I4210097318,2020,0
I4210097318,2021,0
I4210097318,2022,6
I4210097318,2023,1
I4210097318,2024,6
I4210097318,2025,27
I4210155582,2006,23
I4210155582,2007,0
I4210155582,2008,2
I4210155582,2009,9
I4210155582,2010,129
I4210155582,2011,339
I4210155582,2012,47
I4210155582,2013,127
I4210155582,2014,255
I4210155582,2015,890
I4210155582,2016,82
I4210155582,2017,269
I4210155582,2018,5159
I4210155582,2019,1515
I4210155582,2020,1609
I4210155582,2021,1445
I4210155582,2022,1332
I4210155582,2023,820
I4210155582,2024,561
I4210155582,2025,328
I4405259455,2006,0
I4405259455,2007,0
I4405259455,2008,0
I4405259455,2009,0
I4405259455,2010,0
I4405259455,2011,0
I4405259455,2012,0
I4405259455,2013,0
I4405259455,2014,0
I4405259455,2015,0
I4405259455,2016,0
I4405259455,2017,0
I4405259455,2018,0
I4405259455,2019,0
I4405259455,2020,0
I4405259455,2021,0
I4405259455,2022,0
I4405259455,2023,0
I4405259455,2024,0
I4405259455,2025,0
I4405255456,2006,0
I4405255456,2007,0
I4405255456,2008,0
I4405255456,2009,0
I4405255456,2010,0
I4405255456,2011,0
I4405255456,2012,0
I4405255456,2013,0
I4405255456,2014,0
I4405255456,2015,0
I4405255456,2016,0
I4405255456,2017,0
I4405255456,2018,0
I4405255456,2019,0
I4405255456,2020,0
I4405255456,2021,0
I4405255456,2022,0
I4405255456,2023,0
I4405255456,2024,0
I4405255456,2025,0
I4405266622,2006,0
I4405266622,2007,0
I4405266622,2008,0
I4405266622,2009,0
I4405266622,2010,0
I4405266622,2011,0
I4405266622,2012,0
I4405266622,2013,0
I4405266622,2014,0
I4405266622,2015,0
I4405266622,2016,0
I4405266622,2017,0
I4405266622,2018,0
I4405266622,2019,0
I4405266622,2020,0
I4405266622,2021,0
I4405266622,2022,0
I4405266622,2023,0
I4405266622,2024,0
I4405266622,2025,0
I4405262752,2006,0
I4405262752,2007,0
I4405262752,2008,0
I4405262752,2009,0
I4405262752,2010,0
I4405262752,2011,0
I4405262752,2012,0
I4405262752,2013,0
I4405262752,2014,0
I4405262752,2015,0
I4405262752,2016,0
I4405262752,2017,0
I4405262752,2018,0
I4405262752,2019,0
I4405262752,2020,0
I4405262752,2021,0
I4405262752,2022,0
I4405262752,2023,0
I4405262752,2024,0
I4405262752,2025,0
I4405255384,2006,0
I4405255384,2007,0
I4405255384,2008,0
I4405255384,2009,0
I4405255384,2010,0
I4405255384,2011,0
I4405255384,2012,0
I4405255384,2013,0
I4405255384,2014,0
I4405255384,2015,0
I4405255384,2016,0
I4405255384,2017,0
I4405255384,2018,0
I4405255384,2019,0
I4405255384,2020,0
I4405255384,2021,0
I4405255384,2022,0
I4405255384,2023,0
I4405255384,2024,0
I4405255384,2025,0
I4405258622,2006,0
I4405258622,2007,0
I4405258622,2008,0
I4405258622,2009,0
I4405258622,2010,0
I4405258622,2011,0
I4405258622,2012,0
I4405258622,2013,0
I4405258622,2014,0
I4405258622,2015,0
I4405258622,2016,0
I4405258622,2017,0
I4405258622,2018,0
I4405258622,2019,0
I4405258622,2020,0
I4405258622,2021,0
I4405258622,2022,0
I4405258622,2023,0
I4405258622,2024,0
I4405258622,2025,0
I4210141701,2006,0
I4210141701,2007,0
I4210141701,2008,3
I4210141701,2009,0
I4210141701,2010,0
I4210141701,2011,0
I4210141701,2012,0
I4210141701,2013,0
I4210141701,2014,0
I4210141701,2015,0
I4210141701,2016,24
I4210141701,2017,0
I4210141701,2018,84
I4210141701,2019,0
I4210141701,2020,2
I4210141701,2021,36
I4210141701,2022,0
I4210141701,2023,0
I4210141701,2024,6
I4210141701,2025,2
I96840727,2006,4974
I96840727,2007,3571
I96840727,2008,6249
I96840727,2009,6599
I96840727,2010,4341
I96840727,2011,8370
I96840727,2012,8247
I96840727,2013,6827
I96840727,2014,7658
I96840727,2015,9949
I96840727,2016,9652
I96840727,2017,8952
I96840727,2018,9094
I96840727,2019,8238
I96840727,2020,12588
I96840727,2021,7402
I96840727,2022,7256
I96840727,2023,3873
I96840727,2024,3159
I96840727,2025,1136
I121645547,2006,148
I121645547,2007,0
I121645547,2008,306
I121645547,2009,6
I121645547,2010,89
I121645547,2011,196
I121645547,2012,390
I121645547,2013,601
I121645547,2014,1266
I121645547,2015,985
I121645547,2016,1859
I121645547,2017,2797
I121645547,2018,2731
I121645547,2019,1818
I121645547,2020,1498
I121645547,2021,1521
I121645547,2022,1254
I121645547,2023,1064
I121645547,2024,565
I121645547,2025,155
I4210125507,2006,1676
I4210125507,2007,2511
I4210125507,2008,2227
I4210125507,2009,2214
I4210125507,2010,1995
I4210125507,2011,3996
I4210125507,2012,2672
I4210125507,2013,3605
I4210125507,2014,3123
I4210125507,2015,3806
I4210125507,2016,4960
I4210125507,2017,4959
I4210125507,2018,8121
I4210125507,2019,7282
I4210125507,2020,9354
I4210125507,2021,9269
I4210125507,2022,7633
I4210125507,2023,8050
I4210125507,2024,7168
I4210125507,2025,2805
I4405253191,2006,0
I4405253191,2007,0
I4405253191,2008,0
I4405253191,2009,0
I4405253191,2010,0
I4405253191,2011,0
I4405253191,2012,0
I4405253191,2013,0
I4405253191,2014,0
I4405253191,2015,0
I4405253191,2016,0
I4405253191,2017,0
I4405253191,2018,0
I4405253191,2019,0
I4405253191,2020,0
I4405253191,2021,0
I4405253191,2022,0
I4405253191,2023,0
I4405253191,2024,0
I4405253191,2025,0
I4210086733,2006,0
I4210086733,2007,0
I4210086733,2008,0
I4210086733,2009,22
I4210086733,2010,0
I4210086733,2011,0
I4210086733,2012,0
I4210086733,2013,0
I4210086733,2014,0
I4210086733,2015,0
I4210086733,2016,5
I4210086733,2017,6
I4210086733,2018,138
I4210086733,2019,0
I4210086733,2020,28
I4210086733,2021,16
I4210086733,2022,19
I4210086733,2023,65
I4210086733,2024,20
I4210086733,2025,22
I2802427971,2006,0
I2802427971,2007,0
I2802427971,2008,1
I2802427971,2009,0
I2802427971,2010,120
I2802427971,2011,18
I2802427971,2012,72
I2802427971,2013,90
I2802427971,2014,24
I2802427971,2015,29
I2802427971,2016,53
I2802427971,2017,410
I2802427971,2018,257
I2802427971,2019,260
I2802427971,2020,280
I2802427971,2021,301
I2802427971,2022,591
I2802427971,2023,100
I2802427971,2024,53
I2802427971,2025,35
I3132944300,2006,0
I3132944300,2007,0
I3132944300,2008,0
I3132944300,2009,8
I3132944300,2010,106
I3132944300,2011,181
I3132944300,2012,58
I3132944300,2013,102
I3132944300,2014,286
I3132944300,2015,831
I3132944300,2016,497
I3132944300,2017,785
I3132944300,2018,279
I3132944300,2019,361
I3132944300,2020,745
I3132944300,2021,918
I3132944300,2022,491
I3132944300,2023,316
I3132944300,2024,378
I3132944300,2025,593
I121708413,2006,13
I121708413,2007,0
I121708413,2008,277
I121708413,2009,86
I121708413,2010,151
I121708413,2011,514
I121708413,2012,814
I121708413,2013,804
I121708413,2014,630
I121708413,2015,673
I121708413,2016,795
I121708413,2017,1385
I121708413,2018,1580
I121708413,2019,1799
I121708413,2020,4170
I121708413,2021,3097
I121708413,2022,3269
I121708413,2023,4074
I121708413,2024,3117
I121708413,2025,736
I4405259477,2006,0
I4405259477,2007,0
I4405259477,2008,0
I4405259477,2009,0
I4405259477,2010,0
I4405259477,2011,0
I4405259477,2012,0
I4405259477,2013,0
I4405259477,2014,0
I4405259477,2015,0
I4405259477,2016,0
I4405259477,2017,0
I4405259477,2018,0
I4405259477,2019,0
I4405259477,2020,0
I4405259477,2021,0
I4405259477,2022,0
I4405259477,2023,0
I4405259477,2024,0
I4405259477,2025,0
I4405258325,2006,0
I4405258325,2007,0
I4405258325,2008,0
I4405258325,2009,0
I4405258325,2010,0
I4405258325,2011,0
I4405258325,2012,0
I4405258325,2013,0
I4405258325,2014,0
I4405258325,2015,0
I4405258325,2016,0
I4405258325,2017,0
I4405258325,2018,0
I4405258325,2019,0
I4405258325,2020,0
I4405258325,2021,0
I4405258325,2022,0
I4405258325,2023,0
I4405258325,2024,0
I4405258325,2025,0
I4210120173,2006,0
I4210120173,2007,3
I4210120173,2008,0
I4210120173,2009,1
I4210120173,2010,17
I4210120173,2011,0
I4210120173,2012,120
I4210120173,2013,35
I4210120173,2014,86
I4210120173,2015,168
I4210120173,2016,139
I4210120173,2017,372
I4210120173,2018,355
I4210120173,2019,841
I4210120173,2020,345
I4210120173,2021,361
I4210120173,2022,248
I4210120173,2023,205
I4210120173,2024,103
I4210120173,2025,75
I3129551310,2006,24
I3129551310,2007,0
I3129551310,2008,8
I3129551310,2009,0
I3129551310,2010,0
I3129551310,2011,93
I3129551310,2012,30
I3129551310,2013,117
I3129551310,2014,24
I3129551310,2015,79
I3129551310,2016,2210
I3129551310,2017,96
I3129551310,2018,543
I3129551310,2019,1068
I3129551310,2020,347
I3129551310,2021,586
I3129551310,2022,368
I3129551310,2023,738
I3129551310,2024,218
I3129551310,2025,157
I4210143625,2006,223
I4210143625,2007,99
I4210143625,2008,54
I4210143625,2009,73
I4210143625,2010,148
I4210143625,2011,171
I4210143625,2012,311
I4210143625,2013,209
I4210143625,2014,370
I4210143625,2015,358
I4210143625,2016,414
I4210143625,2017,630
I4210143625,2018,397
I4210143625,2019,1653
I4210143625,2020,2170
I4210143625,2021,821
I4210143625,2022,922
I4210143625,2023,1848
I4210143625,2024,1712
I4210143625,2025,432
I4210161264,2006,0
I4210161264,2007,34
I4210161264,2008,0
I4210161264,2009,0
I4210161264,2010,0
I4210161264,2011,0
I4210161264,2012,101
I4210161264,2013,52
I4210161264,2014,40
I4210161264,2015,233
I4210161264,2016,204
I4210161264,2017,200
I4210161264,2018,581
I4210161264,2019,221
I4210161264,2020,504
I4210161264,2021,375
I4210161264,2022,402
I4210161264,2023,500
I4210161264,2024,331
I4210161264,2025,107
I4405260319,2006,0
I4405260319,2007,0
I4405260319,2008,0
I4405260319,2009,0
I4405260319,2010,0
I4405260319,2011,0
I4405260319,2012,0
I4405260319,2013,0
I4405260319,2014,0
I4405260319,2015,0
I4405260319,2016,0
I4405260319,2017,0
I4405260319,2018,0
I4405260319,2019,0
I4405260319,2020,0
I4405260319,2021,0
I4405260319,2022,0
I4405260319,2023,0
I4405260319,2024,0
I4405260319,2025,0
I4405264338,2006,0
I4405264338,2007,0
I4405264338,2008,0
I4405264338,2009,0
I4405264338,2010,0
I4405264338,2011,0
I4405264338,2012,0
I4405264338,2013,0
I4405264338,2014,0
I4405264338,2015,0
I4405264338,2016,0
I4405264338,2017,0
I4405264338,2018,0
I4405264338,2019,0
I4405264338,2020,0
I4405264338,2021,0
I4405264338,2022,0
I4405264338,2023,0
I4405264338,2024,0
I4405264338,2025,0
I4405266314,2006,0
I4405266314,2007,0
I4405266314,2008,0
I4405266314,2009,0
I4405266314,2010,0
I4405266314,2011,0
I4405266314,2012,0
I4405266314,2013,0
I4405266314,2014,0
I4405266314,2015,0
I4405266314,2016,0
I4405266314,2017,0
I4405266314,2018,0
I4405266314,2019,0
I4405266314,2020,0
I4405266314,2021,0
I4405266314,2022,0
I4405266314,2023,0
I4405266314,2024,0
I4405266314,2025,0
I4405261331,2006,0
I4405261331,2007,0
I4405261331,2008,0
I4405261331,2009,0
I4405261331,2010,0
I4405261331,2011,0
I4405261331,2012,0
I4405261331,2013,0
I4405261331,2014,0
I4405261331,2015,0
I4405261331,2016,0
I4405261331,2017,0
I4405261331,2018,0
I4405261331,2019,0
I4405261331,2020,0
I4405261331,2021,0
I4405261331,2022,0
I4405261331,2023,0
I4405261331,2024,0
I4405261331,2025,0
I4405257988,2006,0
I4405257988,2007,0
I4405257988,2008,0
I4405257988,2009,0
I4405257988,2010,0
I4405257988,2011,0
I4405257988,2012,0
I4405257988,2013,0
I4405257988,2014,0
I4405257988,2015,0
I4405257988,2016,0
I4405257988,2017,0
I4405257988,2018,0
I4405257988,2019,0
I4405257988,2020,0
I4405257988,2021,0
I4405257988,2022,0
I4405257988,2023,0
I4405257988,2024,0
I4405257988,2025,0
I2799983529,2006,0
I2799983529,2007,0
I2799983529,2008,3
I2799983529,2009,37
I2799983529,2010,0
I2799983529,2011,47
I2799983529,2012,10
I2799983529,2013,0
I2799983529,2014,16
I2799983529,2015,80
I2799983529,2016,125
I2799983529,2017,33
I2799983529,2018,0
I2799983529,2019,11
I2799983529,2020,5
I2799983529,2021,269
I2799983529,2022,68
I2799983529,2023,63
I2799983529,2024,246
I2799983529,2025,31
I4210094847,2006,14
I4210094847,2007,0
I4210094847,2008,0
I4210094847,2009,0
I4210094847,2010,45
I4210094847,2011,2
I4210094847,2012,108
I4210094847,2013,146
I4210094847,2014,141
I4210094847,2015,56
I4210094847,2016,5
I4210094847,2017,6
I4210094847,2018,3
I4210094847,2019,30
I4210094847,2020,5
I4210094847,2021,38
I4210094847,2022,5
I4210094847,2023,18
I4210094847,2024,28
I4210094847,2025,1
I4405259310,2006,0
I4405259310,2007,0
I4405259310,2008,0
I4405259310,2009,0
I4405259310,2010,0
I4405259310,2011,0
I4405259310,2012,0
I4405259310,2013,0
I4405259310,2014,0
I4405259310,2015,0
I4405259310,2016,0
I4405259310,2017,0
I4405259310,2018,0
I4405259310,2019,0
I4405259310,2020,0
I4405259310,2021,0
I4405259310,2022,0
I4405259310,2023,0
I4405259310,2024,0
I4405259310,2025,0
I32284924,2006,121
I32284924,2007,134
I32284924,2008,399
I32284924,2009,273
I32284924,2010,165
I32284924,2011,99
I32284924,2012,564
I32284924,2013,1091
I32284924,2014,963
I32284924,2015,1057
I32284924,2016,696
I32284924,2017,1063
I32284924,2018,2208
I32284924,2019,2144
I32284924,2020,3821
I32284924,2021,4475
I32284924,2022,6096
I32284924,2023,3290
I32284924,2024,1792
I32284924,2025,423
I4210087798,2006,0
I4210087798,2007,0
I4210087798,2008,0
I4210087798,2009,0
I4210087798,2010,0
I4210087798,2011,0
I4210087798,2012,0
I4210087798,2013,0
I4210087798,2014,0
I4210087798,2015,2
I4210087798,2016,1
I4210087798,2017,0
I4210087798,2018,7
I4210087798,2019,0
I4210087798,2020,28
I4210087798,2021,42
I4210087798,2022,0
I4210087798,2023,1
I4210087798,2024,0
I4210087798,2025,3
I4405258823,2006,0
I4405258823,2007,0
I4405258823,2008,0
I4405258823,2009,0
I4405258823,2010,0
I4405258823,2011,0
I4405258823,2012,0
I4405258823,2013,0
I4405258823,2014,0
I4405258823,2015,0
I4405258823,2016,0
I4405258823,2017,0
I4405258823,2018,0
I4405258823,2019,0
I4405258823,2020,0
I4405258823,2021,0
I4405258823,2022,0
I4405258823,2023,0
I4405258823,2024,0
I4405258823,2025,0
I186771145,2006,64
I186771145,2007,161
I186771145,2008,538
I186771145,2009,1258
I186771145,2010,2360
I186771145,2011,3554
I186771145,2012,4124
I186771145,2013,4981
I186771145,2014,8669
I186771145,2015,5627
I186771145,2016,7417
I186771145,2017,10730
I186771145,2018,15749
I186771145,2019,23074
I186771145,2020,19873
I186771145,2021,16439
I186771145,2022,9535
I186771145,2023,5563
I186771145,2024,3523
I186771145,2025,939
I4210097695,2006,10
I4210097695,2007,0
I4210097695,2008,0
I4210097695,2009,0
I4210097695,2010,0
I4210097695,2011,0
I4210097695,2012,0
I4210097695,2013,7
I4210097695,2014,0
I4210097695,2015,0
I4210097695,2016,0
I4210097695,2017,0
I4210097695,2018,0
I4210097695,2019,12
I4210097695,2020,2
I4210097695,2021,0
I4210097695,2022,1
I4210097695,2023,0
I4210097695,2024,1
I4210097695,2025,0
I3131076172,2006,686
I3131076172,2007,335
I3131076172,2008,155
I3131076172,2009,140
I3131076172,2010,168
I3131076172,2011,226
I3131076172,2012,224
I3131076172,2013,498
I3131076172,2014,180
I3131076172,2015,301
I3131076172,2016,479
I3131076172,2017,292
I3131076172,2018,501
I3131076172,2019,282
I3131076172,2020,352
I3131076172,2021,470
I3131076172,2022,204
I3131076172,2023,158
I3131076172,2024,38
I3131076172,2025,47
I172614708,2006,153
I172614708,2007,742
I172614708,2008,356
I172614708,2009,168
I172614708,2010,628
I172614708,2011,363
I172614708,2012,527
I172614708,2013,267
I172614708,2014,487
I172614708,2015,841
I172614708,2016,239
I172614708,2017,424
I172614708,2018,414
I172614708,2019,846
I172614708,2020,540
I172614708,2021,554
I172614708,2022,510
I172614708,2023,381
I172614708,2024,242
I172614708,2025,114
I3132763504,2006,9
I3132763504,2007,0
I3132763504,2008,0
I3132763504,2009,0
I3132763504,2010,0
I3132763504,2011,3
I3132763504,2012,14
I3132763504,2013,0
I3132763504,2014,28
I3132763504,2015,45
I3132763504,2016,1
I3132763504,2017,28
I3132763504,2018,14
I3132763504,2019,23
I3132763504,2020,8
I3132763504,2021,57
I3132763504,2022,2
I3132763504,2023,64
I3132763504,2024,26
I3132763504,2025,9
I4405260115,2006,0
I4405260115,2007,0
I4405260115,2008,0
I4405260115,2009,0
I4405260115,2010,0
I4405260115,2011,0
I4405260115,2012,0
I4405260115,2013,0
I4405260115,2014,0
I4405260115,2015,0
I4405260115,2016,0
I4405260115,2017,0
I4405260115,2018,0
I4405260115,2019,0
I4405260115,2020,0
I4405260115,2021,0
I4405260115,2022,0
I4405260115,2023,0
I4405260115,2024,0
I4405260115,2025,0
I4210110797,2006,0
I4210110797,2007,0
I4210110797,2008,0
I4210110797,2009,0
I4210110797,2010,0
I4210110797,2011,0
I4210110797,2012,0
I4210110797,2013,0
I4210110797,2014,71
I4210110797,2015,0
I4210110797,2016,3
I4210110797,2017,0
I4210110797,2018,4
I4210110797,2019,9
I4210110797,2020,118
I4210110797,2021,17
I4210110797,2022,108
I4210110797,2023,158
I4210110797,2024,157
I4210110797,2025,55
I4210122687,2006,0
I4210122687,2007,0
I4210122687,2008,0
I4210122687,2009,0
I4210122687,2010,0
I4210122687,2011,0
I4210122687,2012,46
I4210122687,2013,0
I4210122687,2014,9
I4210122687,2015,11
I4210122687,2016,45
I4210122687,2017,0
I4210122687,2018,22
I4210122687,2019,7
I4210122687,2020,375
I4210122687,2021,87
I4210122687,2022,531
I4210122687,2023,205
I4210122687,2024,103
I4210122687,2025,15
I4210104267,2006,0
I4210104267,2007,28
I4210104267,2008,0
I4210104267,2009,25
I4210104267,2010,84
I4210104267,2011,0
I4210104267,2012,35
I4210104267,2013,7
I4210104267,2014,1
I4210104267,2015,1
I4210104267,2016,29
I4210104267,2017,2
I4210104267,2018,43
I4210104267,2019,118
I4210104267,2020,129
I4210104267,2021,24
I4210104267,2022,16
I4210104267,2023,18
I4210104267,2024,24
I4210104267,2025,2
I4210113743,2006,20
I4210113743,2007,0
I4210113743,2008,71
I4210113743,2009,48
I4210113743,2010,0
I4210113743,2011,0
I4210113743,2012,0
I4210113743,2013,3
I4210113743,2014,4
I4210113743,2015,13
I4210113743,2016,17
I4210113743,2017,26
I4210113743,2018,67
I4210113743,2019,30
I4210113743,2020,30
I4210113743,2021,35
I4210113743,2022,19
I4210113743,2023,54
I4210113743,2024,21
I4210113743,2025,4
I4405259479,2006,0
I4405259479,2007,0
I4405259479,2008,0
I4405259479,2009,0
I4405259479,2010,0
I4405259479,2011,0
I4405259479,2012,0
I4405259479,2013,0
I4405259479,2014,0
I4405259479,2015,0
I4405259479,2016,0
I4405259479,2017,0
I4405259479,2018,0
I4405259479,2019,0
I4405259479,2020,0
I4405259479,2021,0
I4405259479,2022,0
I4405259479,2023,0
I4405259479,2024,0
I4405259479,2025,0
I169744251,2006,25
I169744251,2007,217
I169744251,2008,742
I169744251,2009,474
I169744251,2010,1605
I169744251,2011,1606
I169744251,2012,2418
I169744251,2013,3372
I169744251,2014,4073
I169744251,2015,4391
I169744251,2016,4590
I169744251,2017,6725
I169744251,2018,8232
I169744251,2019,9047
I169744251,2020,17103
I169744251,2021,19178
I169744251,2022,15312
I169744251,2023,10661
I169744251,2024,5980
I169744251,2025,3710
I3130154354,2006,0
I3130154354,2007,13
I3130154354,2008,85
I3130154354,2009,0
I3130154354,2010,0
I3130154354,2011,0
I3130154354,2012,9
I3130154354,2013,3
I3130154354,2014,0
I3130154354,2015,0
I3130154354,2016,0
I3130154354,2017,50
I3130154354,2018,21
I3130154354,2019,0
I3130154354,2020,6
I3130154354,2021,3
I3130154354,2022,8
I3130154354,2023,0
I3130154354,2024,6
I3130154354,2025,0
I126427551,2006,2322
I126427551,2007,658
I126427551,2008,511
I126427551,2009,1108
I126427551,2010,2430
I126427551,2011,1675
I126427551,2012,2651
I126427551,2013,2403
I126427551,2014,3101
I126427551,2015,3706
I126427551,2016,3358
I126427551,2017,6451
I126427551,2018,8398
I126427551,2019,11738
I126427551,2020,12723
I126427551,2021,21026
I126427551,2022,13781
I126427551,2023,12960
I126427551,2024,9205
I126427551,2025,5210
I195608997,2006,6
I195608997,2007,11
I195608997,2008,18
I195608997,2009,171
I195608997,2010,95
I195608997,2011,127
I195608997,2012,410
I195608997,2013,96
I195608997,2014,149
I195608997,2015,553
I195608997,2016,327
I195608997,2017,165
I195608997,2018,153
I195608997,2019,232
I195608997,2020,544
I195608997,2021,629
I195608997,2022,584
I195608997,2023,382
I195608997,2024,240
I195608997,2025,255
I4405255170,2006,0
I4405255170,2007,0
I4405255170,2008,0
I4405255170,2009,0
I4405255170,2010,0
I4405255170,2011,0
I4405255170,2012,0
I4405255170,2013,0
I4405255170,2014,0
I4405255170,2015,0
I4405255170,2016,0
I4405255170,2017,0
I4405255170,2018,0
I4405255170,2019,0
I4405255170,2020,0
I4405255170,2021,0
I4405255170,2022,0
I4405255170,2023,0
I4405255170,2024,0
I4405255170,2025,0
I44288286,2006,0
I44288286,2007,148
I44288286,2008,0
I44288286,2009,381
I44288286,2010,84
I44288286,2011,19
I44288286,2012,45
I44288286,2013,52
I44288286,2014,110
I44288286,2015,156
I44288286,2016,169
I44288286,2017,153
I44288286,2018,112
I44288286,2019,225
I44288286,2020,812
I44288286,2021,122
I44288286,2022,75
I44288286,2023,59
I44288286,2024,104
I44288286,2025,107
I4210124803,2006,10
I4210124803,2007,0
I4210124803,2008,0
I4210124803,2009,0
I4210124803,2010,0
I4210124803,2011,0
I4210124803,2012,0
I4210124803,2013,0
I4210124803,2014,57
I4210124803,2015,0
I4210124803,2016,189
I4210124803,2017,2
I4210124803,2018,42
I4210124803,2019,101
I4210124803,2020,505
I4210124803,2021,133
I4210124803,2022,155
I4210124803,2023,274
I4210124803,2024,319
I4210124803,2025,577
I1282700336,2006,170
I1282700336,2007,198
I1282700336,2008,801
I1282700336,2009,208
I1282700336,2010,26
I1282700336,2011,203
I1282700336,2012,175
I1282700336,2013,381
I1282700336,2014,867
I1282700336,2015,1186
I1282700336,2016,7751
I1282700336,2017,3893
I1282700336,2018,4246
I1282700336,2019,9115
I1282700336,2020,8617
I1282700336,2021,9036
I1282700336,2022,6225
I1282700336,2023,4595
I1282700336,2024,2968
I1282700336,2025,1957
I916065895,2006,0
I916065895,2007,0
I916065895,2008,0
I916065895,2009,0
I916065895,2010,1
I916065895,2011,NA
I916065895,2012,NA
I916065895,2013,NA
I916065895,2014,NA
I916065895,2015,NA
I916065895,2016,NA
I916065895,2017,NA
I916065895,2018,6810
I916065895,2019,8351
I916065895,2020,9718
I916065895,2021,11161
I916065895,2022,6766
I916065895,2023,5498
I916065895,2024,4368
I916065895,2025,NA
I4210117424,2006,NA
I4210117424,2007,NA
I4210117424,2008,NA
I4210117424,2009,NA
I4210117424,2010,NA
I4210117424,2011,NA
I4210117424,2012,NA
I4210117424,2013,NA
I4210117424,2014,372
I4210117424,2015,430
I4210117424,2016,1062
I4210117424,2017,1019
I4210117424,2018,1844
I4210117424,2019,3581
I4210117424,2020,5057
I4210117424,2021,10669
I4210117424,2022,8347
I4210117424,2023,4821
I4210117424,2024,NA
I4210117424,2025,NA
I344018163,2006,NA
I344018163,2007,NA
I344018163,2008,NA
I344018163,2009,NA
I344018163,2010,NA
I344018163,2011,68
I344018163,2012,101
I344018163,2013,158
I344018163,2014,330
I344018163,2015,471
I344018163,2016,1043
I344018163,2017,574
I344018163,2018,952
I344018163,2019,763
I344018163,2020,1192
I344018163,2021,1182
I344018163,2022,997
I344018163,2023,755
I344018163,2024,509
I344018163,2025,139
I4405259924,2006,0
I4405259924,2007,NA
I4405259924,2008,0
I4405259924,2009,0
I4405259924,2010,0
I4405259924,2011,0
I4405259924,2012,0
I4405259924,2013,0
I4405259924,2014,0
I4405259924,2015,0
I4405259924,2016,0
I4405259924,2017,0
I4405259924,2018,0
I4405259924,2019,0
I4405259924,2020,0
I4405259924,2021,0
I4405259924,2022,0
I4405259924,2023,0
I4405259924,2024,0
I4405259924,2025,0
I2802029997,2006,57
I2802029997,2007,44
I2802029997,2008,116
I2802029997,2009,44
I2802029997,2010,51
I2802029997,2011,112
I2802029997,2012,143
I2802029997,2013,319
I2802029997,2014,138
I2802029997,2015,233
I2802029997,2016,383
I2802029997,2017,249
I2802029997,2018,515
I2802029997,2019,448
I2802029997,2020,NA
I2802029997,2021,NA
I2802029997,2022,NA
I2802029997,2023,NA
I2802029997,2024,NA
I2802029997,2025,NA
I4405256528,2006,NA
I4405256528,2007,NA
I4405256528,2008,NA
I4405256528,2009,NA
I4405256528,2010,NA
I4405256528,2011,NA
I4405256528,2012,NA
I4405256528,2013,NA
I4405256528,2014,NA
I4405256528,2015,NA
I4405256528,2016,NA
I4405256528,2017,NA
I4405256528,2018,NA
I4405256528,2019,NA
I4405256528,2020,NA
I4405256528,2021,NA
I4405256528,2022,NA
I4405256528,2023,NA
I4405256528,2024,NA
I4405256528,2025,NA
I193555791,2006,NA
I193555791,2007,NA
I193555791,2008,NA
I193555791,2009,NA
I193555791,2010,NA
I193555791,2011,NA
I193555791,2012,NA
I193555791,2013,NA
I193555791,2014,NA
I193555791,2015,NA
I193555791,2016,NA
I193555791,2017,NA
I193555791,2018,NA
I193555791,2019,NA
I193555791,2020,NA
I193555791,2021,NA
I193555791,2022,NA
I193555791,2023,NA
I193555791,2024,NA
I193555791,2025,NA
I4405254558,2006,NA
I4405254558,2007,NA
I4405254558,2008,NA
I4405254558,2009,NA
I4405254558,2010,NA
I4405254558,2011,NA
I4405254558,2012,NA
I4405254558,2013,NA
I4405254558,2014,NA
I4405254558,2015,NA
I4405254558,2016,NA
I4405254558,2017,NA
I4405254558,2018,NA
I4405254558,2019,NA
I4405254558,2020,NA
I4405254558,2021,NA
I4405254558,2022,NA
I4405254558,2023,NA
I4405254558,2024,NA
I4405254558,2025,NA
I882248123,2006,NA
I882248123,2007,NA
I882248123,2008,NA
I882248123,2009,NA
I882248123,2010,NA
I882248123,2011,NA
I882248123,2012,NA
I882248123,2013,NA
I882248123,2014,NA
I882248123,2015,NA
I882248123,2016,NA
I882248123,2017,NA
I882248123,2018,NA
I882248123,2019,NA
I882248123,2020,NA
I882248123,2021,NA
I882248123,2022,NA
I882248123,2023,NA
I882248123,2024,NA
I882248123,2025,NA
I4405264709,2006,NA
I4405264709,2007,NA
I4405264709,2008,NA
I4405264709,2009,NA
I4405264709,2010,NA
I4405264709,2011,NA
I4405264709,2012,NA
I4405264709,2013,NA
I4405264709,2014,NA
I4405264709,2015,NA
I4405264709,2016,NA
I4405264709,2017,NA
I4405264709,2018,NA
I4405264709,2019,NA
I4405264709,2020,NA
I4405264709,2021,NA
I4405264709,2022,NA
I4405264709,2023,NA
I4405264709,2024,NA
I4405264709,2025,NA
I4210102760,2006,NA
I4210102760,2007,NA
I4210102760,2008,NA
I4210102760,2009,NA
I4210102760,2010,NA
I4210102760,2011,NA
I4210102760,2012,NA
I4210102760,2013,NA
I4210102760,2014,NA
I4210102760,2015,NA
I4210102760,2016,NA
I4210102760,2017,NA
I4210102760,2018,NA
I4210102760,2019,NA
I4210102760,2020,NA
I4210102760,2021,NA
I4210102760,2022,NA
I4210102760,2023,NA
I4210102760,2024,NA
I4210102760,2025,NA
I4210136909,2006,NA
I4210136909,2007,NA
I4210136909,2008,NA
I4210136909,2009,NA
I4210136909,2010,NA
I4210136909,2011,NA
I4210136909,2012,NA
I4210136909,2013,NA
I4210136909,2014,NA
I4210136909,2015,NA
I4210136909,2016,NA
I4210136909,2017,NA
I4210136909,2018,NA
I4210136909,2019,NA
I4210136909,2020,NA
I4210136909,2021,NA
I4210136909,2022,NA
I4210136909,2023,NA
I4210136909,2024,NA
I4210136909,2025,NA
I3131880829,2006,NA
I3131880829,2007,NA
I3131880829,2008,NA
I3131880829,2009,NA
I3131880829,2010,NA
I3131880829,2011,NA
I3131880829,2012,NA
I3131880829,2013,NA
I3131880829,2014,NA
I3131880829,2015,NA
I3131880829,2016,NA
I3131880829,2017,NA
I3131880829,2018,NA
I3131880829,2019,NA
I3131880829,2020,NA
I3131880829,2021,NA
I3131880829,2022,NA
I3131880829,2023,NA
I3131880829,2024,NA
I3131880829,2025,NA
I4405258287,2006,NA
I4405258287,2007,NA
I4405258287,2008,NA
I4405258287,2009,NA
I4405258287,2010,NA
I4405258287,2011,NA
I4405258287,2012,NA
I4405258287,2013,NA
I4405258287,2014,NA
I4405258287,2015,NA
I4405258287,2016,NA
I4405258287,2017,NA
I4405258287,2018,NA
I4405258287,2019,NA
I4405258287,2020,NA
I4405258287,2021,NA
I4405258287,2022,NA
I4405258287,2023,NA
I4405258287,2024,NA
I4405258287,2025,NA
I4210092569,2006,NA
I4210092569,2007,NA
I4210092569,2008,NA
I4210092569,2009,NA
I4210092569,2010,NA
I4210092569,2011,NA
I4210092569,2012,NA
I4210092569,2013,NA
I4210092569,2014,NA
I4210092569,2015,NA
I4210092569,2016,NA
I4210092569,2017,NA
I4210092569,2018,NA
I4210092569,2019,NA
I4210092569,2020,NA
I4210092569,2021,NA
I4210092569,2022,NA
I4210092569,2023,NA
I4210092569,2024,NA
I4210092569,2025,NA
I4405260474,2006,NA
I4405260474,2007,NA
I4405260474,2008,NA
I4405260474,2009,NA
I4405260474,2010,NA
I4405260474,2011,NA
I4405260474,2012,NA
I4405260474,2013,NA
I4405260474,2014,NA
I4405260474,2015,NA
I4405260474,2016,NA
I4405260474,2017,NA
I4405260474,2018,NA
I4405260474,2019,NA
I4405260474,2020,NA
I4405260474,2021,NA
I4405260474,2022,NA
I4405260474,2023,NA
I4405260474,2024,NA
I4405260474,2025,NA
I4399657967,2006,NA
I4399657967,2007,NA
I4399657967,2008,NA
I4399657967,2009,NA
I4399657967,2010,NA
I4399657967,2011,NA
I4399657967,2012,NA
I4399657967,2013,NA
I4399657967,2014,NA
I4399657967,2015,NA
I4399657967,2016,NA
I4399657967,2017,NA
I4399657967,2018,NA
I4399657967,2019,NA
I4399657967,2020,NA
I4399657967,2021,NA
I4399657967,2022,NA
I4399657967,2023,NA
I4399657967,2024,NA
I4399657967,2025,NA
I177181097,2006,NA
I177181097,2007,NA
I177181097,2008,NA
I177181097,2009,NA
I177181097,2010,NA
I177181097,2011,NA
I177181097,2012,NA
I177181097,2013,NA
I177181097,2014,NA
I177181097,2015,NA
I177181097,2016,NA
I177181097,2017,NA
I177181097,2018,NA
I177181097,2019,NA
I177181097,2020,NA
I177181097,2021,NA
I177181097,2022,NA
I177181097,2023,NA
I177181097,2024,NA
I177181097,2025,NA
I4405254846,2006,NA
I4405254846,2007,NA
I4405254846,2008,NA
I4405254846,2009,NA
I4405254846,2010,NA
I4405254846,2011,NA
I4405254846,2012,NA
I4405254846,2013,NA
I4405254846,2014,NA
I4405254846,2015,NA
I4405254846,2016,NA
I4405254846,2017,NA
I4405254846,2018,NA
I4405254846,2019,NA
I4405254846,2020,NA
I4405254846,2021,NA
I4405254846,2022,NA
I4405254846,2023,NA
I4405254846,2024,NA
I4405254846,2025,NA
I4210161322,2006,NA
I4210161322,2007,NA
I4210161322,2008,NA
I4210161322,2009,NA
I4210161322,2010,NA
I4210161322,2011,NA
I4210161322,2012,NA
I4210161322,2013,NA
I4210161322,2014,NA
I4210161322,2015,NA
I4210161322,2016,NA
I4210161322,2017,NA
I4210161322,2018,NA
I4210161322,2019,NA
I4210161322,2020,NA
I4210161322,2021,NA
I4210161322,2022,NA
I4210161322,2023,NA
I4210161322,2024,NA
I4210161322,2025,NA
I4210136036,2006,NA
I4210136036,2007,NA
I4210136036,2008,NA
I4210136036,2009,NA
I4210136036,2010,NA
I4210136036,2011,NA
I4210136036,2012,NA
I4210136036,2013,NA
I4210136036,2014,NA
I4210136036,2015,NA
I4210136036,2016,NA
I4210136036,2017,NA
I4210136036,2018,NA
I4210136036,2019,NA
I4210136036,2020,NA
I4210136036,2021,NA
I4210136036,2022,NA
I4210136036,2023,NA
I4210136036,2024,NA
I4210136036,2025,NA
I4405258526,2006,NA
I4405258526,2007,NA
I4405258526,2008,NA
I4405258526,2009,NA
I4405258526,2010,NA
I4405258526,2011,NA
I4405258526,2012,NA
I4405258526,2013,NA
I4405258526,2014,NA
I4405258526,2015,NA
I4405258526,2016,NA
I4405258526,2017,NA
I4405258526,2018,NA
I4405258526,2019,NA
I4405258526,2020,NA
I4405258526,2021,NA
I4405258526,2022,NA
I4405258526,2023,NA
I4405258526,2024,NA
I4405258526,2025,NA
I4210153503,2006,NA
I4210153503,2007,NA
I4210153503,2008,NA
I4210153503,2009,NA
I4210153503,2010,NA
I4210153503,2011,NA
I4210153503,2012,NA
I4210153503,2013,NA
I4210153503,2014,NA
I4210153503,2015,NA
I4210153503,2016,NA
I4210153503,2017,NA
I4210153503,2018,NA
I4210153503,2019,NA
I4210153503,2020,NA
I4210153503,2021,NA
I4210153503,2022,NA
I4210153503,2023,NA
I4210153503,2024,NA
I4210153503,2025,NA
I4210147335,2006,NA
I4210147335,2007,NA
I4210147335,2008,NA
I4210147335,2009,NA
I4210147335,2010,NA
I4210147335,2011,NA
I4210147335,2012,NA
I4210147335,2013,NA
I4210147335,2014,NA
I4210147335,2015,NA
I4210147335,2016,NA
I4210147335,2017,NA
I4210147335,2018,NA
I4210147335,2019,NA
I4210147335,2020,NA
I4210147335,2021,NA
I4210147335,2022,NA
I4210147335,2023,NA
I4210147335,2024,NA
I4210147335,2025,NA
I4405261030,2006,NA
I4405261030,2007,NA
I4405261030,2008,NA
I4405261030,2009,NA
I4405261030,2010,NA
I4405261030,2011,NA
I4405261030,2012,NA
I4405261030,2013,NA
I4405261030,2014,NA
I4405261030,2015,NA
I4405261030,2016,NA
I4405261030,2017,NA
I4405261030,2018,NA
I4405261030,2019,NA
I4405261030,2020,NA
I4405261030,2021,NA
I4405261030,2022,NA
I4405261030,2023,NA
I4405261030,2024,NA
I4405261030,2025,NA
I4405258066,2006,NA
I4405258066,2007,NA
I4405258066,2008,NA
I4405258066,2009,NA
I4405258066,2010,NA
I4405258066,2011,NA
I4405258066,2012,NA
I4405258066,2013,NA
I4405258066,2014,NA
I4405258066,2015,NA
I4405258066,2016,NA
I4405258066,2017,NA
I4405258066,2018,NA
I4405258066,2019,NA
I4405258066,2020,NA
I4405258066,2021,NA
I4405258066,2022,NA
I4405258066,2023,NA
I4405258066,2024,NA
I4405258066,2025,NA
I3130103452,2006,NA
I3130103452,2007,NA
I3130103452,2008,NA
I3130103452,2009,NA
I3130103452,2010,NA
I3130103452,2011,NA
I3130103452,2012,NA
I3130103452,2013,NA
I3130103452,2014,NA
I3130103452,2015,NA
I3130103452,2016,NA
I3130103452,2017,NA
I3130103452,2018,NA
I3130103452,2019,NA
I3130103452,2020,NA
I3130103452,2021,NA
I3130103452,2022,NA
I3130103452,2023,NA
I3130103452,2024,NA
I3130103452,2025,NA
I96009557,2006,NA
I96009557,2007,NA
I96009557,2008,NA
I96009557,2009,NA
I96009557,2010,NA
I96009557,2011,NA
I96009557,2012,NA
I96009557,2013,NA
I96009557,2014,NA
I96009557,2015,NA
I96009557,2016,NA
I96009557,2017,NA
I96009557,2018,NA
I96009557,2019,NA
I96009557,2020,NA
I96009557,2021,NA
I96009557,2022,NA
I96009557,2023,NA
I96009557,2024,NA
I96009557,2025,NA
I3129563930,2006,NA
I3129563930,2007,NA
I3129563930,2008,NA
I3129563930,2009,NA
I3129563930,2010,NA
I3129563930,2011,NA
I3129563930,2012,NA
I3129563930,2013,NA
I3129563930,2014,NA
I3129563930,2015,NA
I3129563930,2016,NA
I3129563930,2017,NA
I3129563930,2018,NA
I3129563930,2019,NA
I3129563930,2020,NA
I3129563930,2021,NA
I3129563930,2022,NA
I3129563930,2023,NA
I3129563930,2024,NA
I3129563930,2025,NA
I4387153621,2006,NA
I4387153621,2007,NA
I4387153621,2008,NA
I4387153621,2009,NA
I4387153621,2010,NA
I4387153621,2011,NA
I4387153621,2012,NA
I4387153621,2013,NA
I4387153621,2014,NA
I4387153621,2015,NA
I4387153621,2016,NA
I4387153621,2017,NA
I4387153621,2018,NA
I4387153621,2019,NA
I4387153621,2020,NA
I4387153621,2021,NA
I4387153621,2022,NA
I4387153621,2023,NA
I4387153621,2024,NA
I4387153621,2025,NA
I127336678,2006,NA
I127336678,2007,NA
I127336678,2008,NA
I127336678,2009,NA
I127336678,2010,NA
I127336678,2011,NA
I127336678,2012,NA
I127336678,2013,NA
I127336678,2014,NA
I127336678,2015,NA
I127336678,2016,NA
I127336678,2017,NA
I127336678,2018,NA
I127336678,2019,NA
I127336678,2020,NA
I127336678,2021,NA
I127336678,2022,NA
I127336678,2023,NA
I127336678,2024,NA
I127336678,2025,NA
I4405253128,2006,NA
I4405253128,2007,NA
I4405253128,2008,NA
I4405253128,2009,NA
I4405253128,2010,NA
I4405253128,2011,NA
I4405253128,2012,NA
I4405253128,2013,NA
I4405253128,2014,NA
I4405253128,2015,NA
I4405253128,2016,NA
I4405253128,2017,NA
I4405253128,2018,NA
I4405253128,2019,NA
I4405253128,2020,NA
I4405253128,2021,NA
I4405253128,2022,NA
I4405253128,2023,NA
I4405253128,2024,NA
I4405253128,2025,NA
I4210116811,2006,NA
I4210116811,2007,NA
I4210116811,2008,NA
I4210116811,2009,NA
I4210116811,2010,NA
I4210116811,2011,NA
I4210116811,2012,NA
I4210116811,2013,NA
I4210116811,2014,NA
I4210116811,2015,NA
I4210116811,2016,NA
I4210116811,2017,NA
I4210116811,2018,NA
I4210116811,2019,NA
I4210116811,2020,NA
I4210116811,2021,NA
I4210116811,2022,NA
I4210116811,2023,NA
I4210116811,2024,NA
I4210116811,2025,NA
I4405255789,2006,NA
I4405255789,2007,NA
I4405255789,2008,NA
I4405255789,2009,NA
I4405255789,2010,NA
I4405255789,2011,NA
I4405255789,2012,NA
I4405255789,2013,NA
I4405255789,2014,NA
I4405255789,2015,NA
I4405255789,2016,NA
I4405255789,2017,NA
I4405255789,2018,NA
I4405255789,2019,NA
I4405255789,2020,NA
I4405255789,2021,NA
I4405255789,2022,NA
I4405255789,2023,NA
I4405255789,2024,NA
I4405255789,2025,NA
I4405261793,2006,NA
I4405261793,2007,NA
I4405261793,2008,NA
I4405261793,2009,NA
I4405261793,2010,NA
I4405261793,2011,NA
I4405261793,2012,NA
I4405261793,2013,NA
I4405261793,2014,NA
I4405261793,2015,NA
I4405261793,2016,NA
I4405261793,2017,NA
I4405261793,2018,NA
I4405261793,2019,NA
I4405261793,2020,NA
I4405261793,2021,NA
I4405261793,2022,NA
I4405261793,2023,NA
I4405261793,2024,NA
I4405261793,2025,NA
I4210143099,2006,NA
I4210143099,2007,NA
I4210143099,2008,NA
I4210143099,2009,NA
I4210143099,2010,NA
I4210143099,2011,NA
I4210143099,2012,NA
I4210143099,2013,NA
I4210143099,2014,NA
I4210143099,2015,NA
I4210143099,2016,NA
I4210143099,2017,NA
I4210143099,2018,NA
I4210143099,2019,NA
I4210143099,2020,NA
I4210143099,2021,NA
I4210143099,2022,NA
I4210143099,2023,NA
I4210143099,2024,NA
I4210143099,2025,NA
I4405259037,2006,NA
I4405259037,2007,NA
I4405259037,2008,NA
I4405259037,2009,NA
I4405259037,2010,NA
I4405259037,2011,NA
I4405259037,2012,NA
I4405259037,2013,NA
I4405259037,2014,NA
I4405259037,2015,NA
I4405259037,2016,NA
I4405259037,2017,NA
I4405259037,2018,NA
I4405259037,2019,NA
I4405259037,2020,NA
I4405259037,2021,NA
I4405259037,2022,NA
I4405259037,2023,NA
I4405259037,2024,NA
I4405259037,2025,NA
I4405259365,2006,NA
I4405259365,2007,NA
I4405259365,2008,NA
I4405259365,2009,NA
I4405259365,2010,NA
I4405259365,2011,NA
I4405259365,2012,NA
I4405259365,2013,NA
I4405259365,2014,NA
I4405259365,2015,NA
I4405259365,2016,NA
I4405259365,2017,NA
I4405259365,2018,NA
I4405259365,2019,NA
I4405259365,2020,NA
I4405259365,2021,NA
I4405259365,2022,NA
I4405259365,2023,NA
I4405259365,2024,NA
I4405259365,2025,NA
I4405265479,2006,NA
I4405265479,2007,NA
I4405265479,2008,NA
I4405265479,2009,NA
I4405265479,2010,NA
I4405265479,2011,NA
I4405265479,2012,NA
I4405265479,2013,NA
I4405265479,2014,NA
I4405265479,2015,NA
I4405265479,2016,NA
I4405265479,2017,NA
I4405265479,2018,NA
I4405265479,2019,NA
I4405265479,2020,NA
I4405265479,2021,NA
I4405265479,2022,NA
I4405265479,2023,NA
I4405265479,2024,NA
I4405265479,2025,NA
I4405252934,2006,NA
I4405252934,2007,NA
I4405252934,2008,NA
I4405252934,2009,NA
I4405252934,2010,NA
I4405252934,2011,NA
I4405252934,2012,NA
I4405252934,2013,NA
I4405252934,2014,NA
I4405252934,2015,NA
I4405252934,2016,NA
I4405252934,2017,NA
I4405252934,2018,NA
I4405252934,2019,NA
I4405252934,2020,NA
I4405252934,2021,NA
I4405252934,2022,NA
I4405252934,2023,NA
I4405252934,2024,NA
I4405252934,2025,NA
I4391767903,2006,NA
I4391767903,2007,NA
I4391767903,2008,NA
I4391767903,2009,NA
I4391767903,2010,NA
I4391767903,2011,NA
I4391767903,2012,NA
I4391767903,2013,NA
I4391767903,2014,NA
I4391767903,2015,NA
I4391767903,2016,NA
I4391767903,2017,NA
I4391767903,2018,NA
I4391767903,2019,NA
I4391767903,2020,NA
I4391767903,2021,NA
I4391767903,2022,NA
I4391767903,2023,NA
I4391767903,2024,NA
I4391767903,2025,NA
I4405259637,2006,NA
I4405259637,2007,NA
I4405259637,2008,NA
I4405259637,2009,NA
I4405259637,2010,NA
I4405259637,2011,NA
I4405259637,2012,NA
I4405259637,2013,NA
I4405259637,2014,NA
I4405259637,2015,NA
I4405259637,2016,NA
I4405259637,2017,NA
I4405259637,2018,NA
I4405259637,2019,NA
I4405259637,2020,NA
I4405259637,2021,NA
I4405259637,2022,NA
I4405259637,2023,NA
I4405259637,2024,NA
I4405259637,2025,NA
I4391012564,2006,NA
I4391012564,2007,NA
I4391012564,2008,NA
I4391012564,2009,NA
I4391012564,2010,NA
I4391012564,2011,NA
I4391012564,2012,NA
I4391012564,2013,NA
I4391012564,2014,NA
I4391012564,2015,NA
I4391012564,2016,NA
I4391012564,2017,NA
I4391012564,2018,NA
I4391012564,2019,NA
I4391012564,2020,NA
I4391012564,2021,NA
I4391012564,2022,NA
I4391012564,2023,NA
I4391012564,2024,NA
I4391012564,2025,NA
I4405256428,2006,NA
I4405256428,2007,NA
I4405256428,2008,NA
I4405256428,2009,NA
I4405256428,2010,NA
I4405256428,2011,NA
I4405256428,2012,NA
I4405256428,2013,NA
I4405256428,2014,NA
I4405256428,2015,NA
I4405256428,2016,NA
I4405256428,2017,NA
I4405256428,2018,NA
I4405256428,2019,NA
I4405256428,2020,NA
I4405256428,2021,NA
I4405256428,2022,NA
I4405256428,2023,NA
I4405256428,2024,NA
I4405256428,2025,NA
I4210124049,2006,NA
I4210124049,2007,NA
I4210124049,2008,NA
I4210124049,2009,NA
I4210124049,2010,NA
I4210124049,2011,NA
I4210124049,2012,NA
I4210124049,2013,NA
I4210124049,2014,NA
I4210124049,2015,NA
I4210124049,2016,NA
I4210124049,2017,NA
I4210124049,2018,NA
I4210124049,2019,NA
I4210124049,2020,NA
I4210124049,2021,NA
I4210124049,2022,NA
I4210124049,2023,NA
I4210124049,2024,NA
I4210124049,2025,NA
I4210146631,2006,NA
I4210146631,2007,NA
I4210146631,2008,NA
I4210146631,2009,NA
I4210146631,2010,NA
I4210146631,2011,NA
I4210146631,2012,NA
I4210146631,2013,NA
I4210146631,2014,NA
I4210146631,2015,NA
I4210146631,2016,NA
I4210146631,2017,NA
I4210146631,2018,NA
I4210146631,2019,NA
I4210146631,2020,NA
I4210146631,2021,NA
I4210146631,2022,NA
I4210146631,2023,NA
I4210146631,2024,NA
I4210146631,2025,NA
I4210149225,2006,NA
I4210149225,2007,NA
I4210149225,2008,NA
I4210149225,2009,NA
I4210149225,2010,NA
I4210149225,2011,NA
I4210149225,2012,NA
I4210149225,2013,NA
I4210149225,2014,NA
I4210149225,2015,NA
I4210149225,2016,NA
I4210149225,2017,NA
I4210149225,2018,NA
I4210149225,2019,NA
I4210149225,2020,NA
I4210149225,2021,NA
I4210149225,2022,NA
I4210149225,2023,NA
I4210149225,2024,NA
I4210149225,2025,NA
I16904388,2006,NA
I16904388,2007,NA
I16904388,2008,NA
I16904388,2009,NA
I16904388,2010,NA
I16904388,2011,NA
I16904388,2012,NA
I16904388,2013,NA
I16904388,2014,NA
I16904388,2015,NA
I16904388,2016,NA
I16904388,2017,NA
I16904388,2018,NA
I16904388,2019,NA
I16904388,2020,NA
I16904388,2021,NA
I16904388,2022,NA
I16904388,2023,NA
I16904388,2024,NA
I16904388,2025,NA
I4405262501,2006,NA
I4405262501,2007,NA
I4405262501,2008,NA
I4405262501,2009,NA
I4405262501,2010,NA
I4405262501,2011,NA
I4405262501,2012,NA
I4405262501,2013,NA
I4405262501,2014,NA
I4405262501,2015,NA
I4405262501,2016,NA
I4405262501,2017,NA
I4405262501,2018,NA
I4405262501,2019,NA
I4405262501,2020,NA
I4405262501,2021,NA
I4405262501,2022,NA
I4405262501,2023,NA
I4405262501,2024,NA
I4405262501,2025,NA
I4405257722,2006,NA
I4405257722,2007,NA
I4405257722,2008,NA
I4405257722,2009,NA
I4405257722,2010,NA
I4405257722,2011,NA
I4405257722,2012,NA
I4405257722,2013,NA
I4405257722,2014,NA
I4405257722,2015,NA
I4405257722,2016,NA
I4405257722,2017,NA
I4405257722,2018,NA
I4405257722,2019,NA
I4405257722,2020,NA
I4405257722,2021,NA
I4405257722,2022,NA
I4405257722,2023,NA
I4405257722,2024,NA
I4405257722,2025,NA
I4210093552,2006,NA
I4210093552,2007,NA
I4210093552,2008,NA
I4210093552,2009,NA
I4210093552,2010,NA
I4210093552,2011,NA
I4210093552,2012,NA
I4210093552,2013,NA
I4210093552,2014,NA
I4210093552,2015,NA
I4210093552,2016,NA
I4210093552,2017,NA
I4210093552,2018,NA
I4210093552,2019,NA
I4210093552,2020,NA
I4210093552,2021,NA
I4210093552,2022,NA
I4210093552,2023,NA
I4210093552,2024,NA
I4210093552,2025,NA
I195931504,2006,NA
I195931504,2007,NA
I195931504,2008,NA
I195931504,2009,NA
I195931504,2010,NA
I195931504,2011,NA
I195931504,2012,NA
I195931504,2013,NA
I195931504,2014,NA
I195931504,2015,NA
I195931504,2016,NA
I195931504,2017,NA
I195931504,2018,NA
I195931504,2019,NA
I195931504,2020,NA
I195931504,2021,NA
I195931504,2022,NA
I195931504,2023,NA
I195931504,2024,NA
I195931504,2025,NA
I32619867,2006,NA
I32619867,2007,NA
I32619867,2008,NA
I32619867,2009,NA
I32619867,2010,NA
I32619867,2011,NA
I32619867,2012,NA
I32619867,2013,NA
I32619867,2014,NA
I32619867,2015,NA
I32619867,2016,NA
I32619867,2017,NA
I32619867,2018,NA
I32619867,2019,NA
I32619867,2020,NA
I32619867,2021,NA
I32619867,2022,NA
I32619867,2023,NA
I32619867,2024,NA
I32619867,2025,NA
I4210147990,2006,NA
I4210147990,2007,NA
I4210147990,2008,NA
I4210147990,2009,NA
I4210147990,2010,NA
I4210147990,2011,NA
I4210147990,2012,NA
I4210147990,2013,NA
I4210147990,2014,NA
I4210147990,2015,NA
I4210147990,2016,NA
I4210147990,2017,NA
I4210147990,2018,NA
I4210147990,2019,NA
I4210147990,2020,NA
I4210147990,2021,NA
I4210147990,2022,NA
I4210147990,2023,NA
I4210147990,2024,NA
I4210147990,2025,NA
I4405264406,2006,NA
I4405264406,2007,NA
I4405264406,2008,NA
I4405264406,2009,NA
I4405264406,2010,NA
I4405264406,2011,NA
I4405264406,2012,NA
I4405264406,2013,NA
I4405264406,2014,NA
I4405264406,2015,NA
I4405264406,2016,NA
I4405264406,2017,NA
I4405264406,2018,NA
I4405264406,2019,NA
I4405264406,2020,NA
I4405264406,2021,NA
I4405264406,2022,NA
I4405264406,2023,NA
I4405264406,2024,NA
I4405264406,2025,NA
I4210110768,2006,NA
I4210110768,2007,NA
I4210110768,2008,NA
I4210110768,2009,NA
I4210110768,2010,NA
I4210110768,2011,NA
I4210110768,2012,NA
I4210110768,2013,NA
I4210110768,2014,NA
I4210110768,2015,NA
I4210110768,2016,NA
I4210110768,2017,NA
I4210110768,2018,NA
I4210110768,2019,NA
I4210110768,2020,NA
I4210110768,2021,NA
I4210110768,2022,NA
I4210110768,2023,NA
I4210110768,2024,NA
I4210110768,2025,NA
I4210136155,2006,NA
I4210136155,2007,NA
I4210136155,2008,NA
I4210136155,2009,NA
I4210136155,2010,NA
I4210136155,2011,NA
I4210136155,2012,NA
I4210136155,2013,NA
I4210136155,2014,NA
I4210136155,2015,NA
I4210136155,2016,NA
I4210136155,2017,NA
I4210136155,2018,NA
I4210136155,2019,NA
I4210136155,2020,NA
I4210136155,2021,NA
I4210136155,2022,NA
I4210136155,2023,NA
I4210136155,2024,NA
I4210136155,2025,NA
I67337280,2006,NA
I67337280,2007,NA
I67337280,2008,NA
I67337280,2009,NA
I67337280,2010,NA
I67337280,2011,NA
I67337280,2012,NA
I67337280,2013,NA
I67337280,2014,NA
I67337280,2015,NA
I67337280,2016,NA
I67337280,2017,NA
I67337280,2018,NA
I67337280,2019,NA
I67337280,2020,NA
I67337280,2021,NA
I67337280,2022,NA
I67337280,2023,NA
I67337280,2024,NA
I67337280,2025,NA
I4210125922,2006,NA
I4210125922,2007,NA
I4210125922,2008,NA
I4210125922,2009,NA
I4210125922,2010,NA
I4210125922,2011,NA
I4210125922,2012,NA
I4210125922,2013,NA
I4210125922,2014,NA
I4210125922,2015,NA
I4210125922,2016,NA
I4210125922,2017,NA
I4210125922,2018,NA
I4210125922,2019,NA
I4210125922,2020,NA
I4210125922,2021,NA
I4210125922,2022,NA
I4210125922,2023,NA
I4210125922,2024,NA
I4210125922,2025,NA
I2801005815,2006,NA
I2801005815,2007,NA
I2801005815,2008,NA
I2801005815,2009,NA
I2801005815,2010,NA
I2801005815,2011,NA
I2801005815,2012,NA
I2801005815,2013,NA
I2801005815,2014,NA
I2801005815,2015,NA
I2801005815,2016,NA
I2801005815,2017,NA
I2801005815,2018,NA
I2801005815,2019,NA
I2801005815,2020,NA
I2801005815,2021,NA
I2801005815,2022,NA
I2801005815,2023,NA
I2801005815,2024,NA
I2801005815,2025,NA
I13144388,2006,NA
I13144388,2007,NA
I13144388,2008,NA
I13144388,2009,NA
I13144388,2010,NA
I13144388,2011,NA
I13144388,2012,NA
I13144388,2013,NA
I13144388,2014,NA
I13144388,2015,NA
I13144388,2016,NA
I13144388,2017,NA
I13144388,2018,NA
I13144388,2019,NA
I13144388,2020,NA
I13144388,2021,NA
I13144388,2022,NA
I13144388,2023,NA
I13144388,2024,NA
I13144388,2025,NA
I2800746572,2006,NA
I2800746572,2007,NA
I2800746572,2008,NA
I2800746572,2009,NA
I2800746572,2010,NA
I2800746572,2011,NA
I2800746572,2012,NA
I2800746572,2013,NA
I2800746572,2014,NA
I2800746572,2015,NA
I2800746572,2016,NA
I2800746572,2017,NA
I2800746572,2018,NA
I2800746572,2019,NA
I2800746572,2020,NA
I2800746572,2021,NA
I2800746572,2022,NA
I2800746572,2023,NA
I2800746572,2024,NA
I2800746572,2025,NA
I27367753,2006,NA
I27367753,2007,NA
I27367753,2008,NA
I27367753,2009,NA
I27367753,2010,NA
I27367753,2011,NA
I27367753,2012,NA
I27367753,2013,NA
I27367753,2014,NA
I27367753,2015,NA
I27367753,2016,NA
I27367753,2017,NA
I27367753,2018,NA
I27367753,2019,NA
I27367753,2020,NA
I27367753,2021,NA
I27367753,2022,NA
I27367753,2023,NA
I27367753,2024,NA
I27367753,2025,NA
I4405257719,2006,NA
I4405257719,2007,NA
I4405257719,2008,NA
I4405257719,2009,NA
I4405257719,2010,NA
I4405257719,2011,NA
I4405257719,2012,NA
I4405257719,2013,NA
I4405257719,2014,NA
I4405257719,2015,NA
I4405257719,2016,NA
I4405257719,2017,NA
I4405257719,2018,NA
I4405257719,2019,NA
I4405257719,2020,NA
I4405257719,2021,NA
I4405257719,2022,NA
I4405257719,2023,NA
I4405257719,2024,NA
I4405257719,2025,NA
I3132355903,2006,NA
I3132355903,2007,NA
I3132355903,2008,NA
I3132355903,2009,NA
I3132355903,2010,NA
I3132355903,2011,NA
I3132355903,2012,NA
I3132355903,2013,NA
I3132355903,2014,NA
I3132355903,2015,NA
I3132355903,2016,NA
I3132355903,2017,NA
I3132355903,2018,NA
I3132355903,2019,NA
I3132355903,2020,NA
I3132355903,2021,NA
I3132355903,2022,NA
I3132355903,2023,NA
I3132355903,2024,NA
I3132355903,2025,NA
I4405262271,2006,NA
I4405262271,2007,NA
I4405262271,2008,NA
I4405262271,2009,NA
I4405262271,2010,NA
I4405262271,2011,NA
I4405262271,2012,NA
I4405262271,2013,NA
I4405262271,2014,NA
I4405262271,2015,NA
I4405262271,2016,NA
I4405262271,2017,NA
I4405262271,2018,NA
I4405262271,2019,NA
I4405262271,2020,NA
I4405262271,2021,NA
I4405262271,2022,NA
I4405262271,2023,NA
I4405262271,2024,NA
I4405262271,2025,NA
I4387154848,2006,NA
I4387154848,2007,NA
I4387154848,2008,NA
I4387154848,2009,NA
I4387154848,2010,NA
I4387154848,2011,NA
I4387154848,2012,NA
I4387154848,2013,NA
I4387154848,2014,NA
I4387154848,2015,NA
I4387154848,2016,NA
I4387154848,2017,NA
I4387154848,2018,NA
I4387154848,2019,NA
I4387154848,2020,NA
I4387154848,2021,NA
I4387154848,2022,NA
I4387154848,2023,NA
I4387154848,2024,NA
I4387154848,2025,NA
I4210132801,2006,NA
I4210132801,2007,NA
I4210132801,2008,NA
I4210132801,2009,NA
I4210132801,2010,NA
I4210132801,2011,NA
I4210132801,2012,NA
I4210132801,2013,NA
I4210132801,2014,NA
I4210132801,2015,NA
I4210132801,2016,NA
I4210132801,2017,NA
I4210132801,2018,NA
I4210132801,2019,NA
I4210132801,2020,NA
I4210132801,2021,NA
I4210132801,2022,NA
I4210132801,2023,NA
I4210132801,2024,NA
I4210132801,2025,NA
I4405254776,2006,NA
I4405254776,2007,NA
I4405254776,2008,NA
I4405254776,2009,NA
I4405254776,2010,NA
I4405254776,2011,NA
I4405254776,2012,NA
I4405254776,2013,NA
I4405254776,2014,NA
I4405254776,2015,NA
I4405254776,2016,NA
I4405254776,2017,NA
I4405254776,2018,NA
I4405254776,2019,NA
I4405254776,2020,NA
I4405254776,2021,NA
I4405254776,2022,NA
I4405254776,2023,NA
I4405254776,2024,NA
I4405254776,2025,NA
I4405258591,2006,NA
I4405258591,2007,NA
I4405258591,2008,NA
I4405258591,2009,NA
I4405258591,2010,NA
I4405258591,2011,NA
I4405258591,2012,NA
I4405258591,2013,NA
I4405258591,2014,NA
I4405258591,2015,NA
I4405258591,2016,NA
I4405258591,2017,NA
I4405258591,2018,NA
I4405258591,2019,NA
I4405258591,2020,NA
I4405258591,2021,NA
I4405258591,2022,NA
I4405258591,2023,NA
I4405258591,2024,NA
I4405258591,2025,NA
I131561025,2006,NA
I131561025,2007,NA
I131561025,2008,NA
I131561025,2009,NA
I131561025,2010,NA
I131561025,2011,NA
I131561025,2012,NA
I131561025,2013,NA
I131561025,2014,NA
I131561025,2015,NA
I131561025,2016,NA
I131561025,2017,NA
I131561025,2018,NA
I131561025,2019,NA
I131561025,2020,NA
I131561025,2021,NA
I131561025,2022,NA
I131561025,2023,NA
I131561025,2024,NA
I131561025,2025,NA
I4405257387,2006,NA
I4405257387,2007,NA
I4405257387,2008,NA
I4405257387,2009,NA
I4405257387,2010,NA
I4405257387,2011,NA
I4405257387,2012,NA
I4405257387,2013,NA
I4405257387,2014,NA
I4405257387,2015,NA
I4405257387,2016,NA
I4405257387,2017,NA
I4405257387,2018,NA
I4405257387,2019,NA
I4405257387,2020,NA
I4405257387,2021,NA
I4405257387,2022,NA
I4405257387,2023,NA
I4405257387,2024,NA
I4405257387,2025,NA
I4405259962,2006,NA
I4405259962,2007,NA
I4405259962,2008,NA
I4405259962,2009,NA
I4405259962,2010,NA
I4405259962,2011,NA
I4405259962,2012,NA
I4405259962,2013,NA
I4405259962,2014,NA
I4405259962,2015,NA
I4405259962,2016,NA
I4405259962,2017,NA
I4405259962,2018,NA
I4405259962,2019,NA
I4405259962,2020,NA
I4405259962,2021,NA
I4405259962,2022,NA
I4405259962,2023,NA
I4405259962,2024,NA
I4405259962,2025,NA
I4405255509,2006,NA
I4405255509,2007,NA
I4405255509,2008,NA
I4405255509,2009,NA
I4405255509,2010,NA
I4405255509,2011,NA
I4405255509,2012,NA
I4405255509,2013,NA
I4405255509,2014,NA
I4405255509,2015,NA
I4405255509,2016,NA
I4405255509,2017,NA
I4405255509,2018,NA
I4405255509,2019,NA
I4405255509,2020,NA
I4405255509,2021,NA
I4405255509,2022,NA
I4405255509,2023,NA
I4405255509,2024,NA
I4405255509,2025,NA
I4210095136,2006,NA
I4210095136,2007,NA
I4210095136,2008,NA
I4210095136,2009,NA
I4210095136,2010,NA
I4210095136,2011,NA
I4210095136,2012,NA
I4210095136,2013,NA
I4210095136,2014,NA
I4210095136,2015,NA
I4210095136,2016,NA
I4210095136,2017,NA
I4210095136,2018,NA
I4210095136,2019,NA
I4210095136,2020,NA
I4210095136,2021,NA
I4210095136,2022,NA
I4210095136,2023,NA
I4210095136,2024,NA
I4210095136,2025,NA
I4210100249,2006,NA
I4210100249,2007,NA
I4210100249,2008,NA
I4210100249,2009,NA
I4210100249,2010,NA
I4210100249,2011,NA
I4210100249,2012,NA
I4210100249,2013,NA
I4210100249,2014,NA
I4210100249,2015,NA
I4210100249,2016,NA
I4210100249,2017,NA
I4210100249,2018,NA
I4210100249,2019,NA
I4210100249,2020,NA
I4210100249,2021,NA
I4210100249,2022,NA
I4210100249,2023,NA
I4210100249,2024,NA
I4210100249,2025,NA
I4210088351,2006,NA
I4210088351,2007,NA
I4210088351,2008,NA
I4210088351,2009,NA
I4210088351,2010,NA
I4210088351,2011,NA
I4210088351,2012,NA
I4210088351,2013,NA
I4210088351,2014,NA
I4210088351,2015,NA
I4210088351,2016,NA
I4210088351,2017,NA
I4210088351,2018,NA
I4210088351,2019,NA
I4210088351,2020,NA
I4210088351,2021,NA
I4210088351,2022,NA
I4210088351,2023,NA
I4210088351,2024,NA
I4210088351,2025,NA
I4210147662,2006,NA
I4210147662,2007,NA
I4210147662,2008,NA
I4210147662,2009,NA
I4210147662,2010,NA
I4210147662,2011,NA
I4210147662,2012,NA
I4210147662,2013,NA
I4210147662,2014,NA
I4210147662,2015,NA
I4210147662,2016,NA
I4210147662,2017,NA
I4210147662,2018,NA
I4210147662,2019,NA
I4210147662,2020,NA
I4210147662,2021,NA
I4210147662,2022,NA
I4210147662,2023,NA
I4210147662,2024,NA
I4210147662,2025,NA
I49595703,2006,NA
I49595703,2007,NA
I49595703,2008,NA
I49595703,2009,NA
I49595703,2010,NA
I49595703,2011,NA
I49595703,2012,NA
I49595703,2013,NA
I49595703,2014,NA
I49595703,2015,NA
I49595703,2016,NA
I49595703,2017,NA
I49595703,2018,NA
I49595703,2019,NA
I49595703,2020,NA
I49595703,2021,NA
I49595703,2022,NA
I49595703,2023,NA
I49595703,2024,NA
I49595703,2025,NA
I4387155736,2006,NA
I4387155736,2007,NA
I4387155736,2008,NA
I4387155736,2009,NA
I4387155736,2010,NA
I4387155736,2011,NA
I4387155736,2012,NA
I4387155736,2013,NA
I4387155736,2014,NA
I4387155736,2015,NA
I4387155736,2016,NA
I4387155736,2017,NA
I4387155736,2018,NA
I4387155736,2019,NA
I4387155736,2020,NA
I4387155736,2021,NA
I4387155736,2022,NA
I4387155736,2023,NA
I4387155736,2024,NA
I4387155736,2025,NA
I2801867916,2006,NA
I2801867916,2007,NA
I2801867916,2008,NA
I2801867916,2009,NA
I2801867916,2010,NA
I2801867916,2011,NA
I2801867916,2012,NA
I2801867916,2013,NA
I2801867916,2014,NA
I2801867916,2015,NA
I2801867916,2016,NA
I2801867916,2017,NA
I2801867916,2018,NA
I2801867916,2019,NA
I2801867916,2020,NA
I2801867916,2021,NA
I2801867916,2022,NA
I2801867916,2023,NA
I2801867916,2024,NA
I2801867916,2025,NA
I2800907438,2006,NA
I2800907438,2007,NA
I2800907438,2008,NA
I2800907438,2009,NA
I2800907438,2010,NA
I2800907438,2011,NA
I2800907438,2012,NA
I2800907438,2013,NA
I2800907438,2014,NA
I2800907438,2015,NA
I2800907438,2016,NA
I2800907438,2017,NA
I2800907438,2018,NA
I2800907438,2019,NA
I2800907438,2020,NA
I2800907438,2021,NA
I2800907438,2022,NA
I2800907438,2023,NA
I2800907438,2024,NA
I2800907438,2025,NA
I4210139255,2006,NA
I4210139255,2007,NA
I4210139255,2008,NA
I4210139255,2009,NA
I4210139255,2010,NA
I4210139255,2011,NA
I4210139255,2012,NA
I4210139255,2013,NA
I4210139255,2014,NA
I4210139255,2015,NA
I4210139255,2016,NA
I4210139255,2017,NA
I4210139255,2018,NA
I4210139255,2019,NA
I4210139255,2020,NA
I4210139255,2021,NA
I4210139255,2022,NA
I4210139255,2023,NA
I4210139255,2024,NA
I4210139255,2025,NA
I2891818910,2006,NA
I2891818910,2007,NA
I2891818910,2008,NA
I2891818910,2009,NA
I2891818910,2010,NA
I2891818910,2011,NA
I2891818910,2012,NA
I2891818910,2013,NA
I2891818910,2014,NA
I2891818910,2015,NA
I2891818910,2016,NA
I2891818910,2017,NA
I2891818910,2018,NA
I2891818910,2019,NA
I2891818910,2020,NA
I2891818910,2021,NA
I2891818910,2022,NA
I2891818910,2023,NA
I2891818910,2024,NA
I2891818910,2025,NA
I4210110204,2006,NA
I4210110204,2007,NA
I4210110204,2008,NA
I4210110204,2009,NA
I4210110204,2010,NA
I4210110204,2011,NA
I4210110204,2012,NA
I4210110204,2013,NA
I4210110204,2014,NA
I4210110204,2015,NA
I4210110204,2016,NA
I4210110204,2017,NA
I4210110204,2018,NA
I4210110204,2019,NA
I4210110204,2020,NA
I4210110204,2021,NA
I4210110204,2022,NA
I4210110204,2023,NA
I4210110204,2024,NA
I4210110204,2025,NA
I4405255857,2006,NA
I4405255857,2007,NA
I4405255857,2008,NA
I4405255857,2009,NA
I4405255857,2010,NA
I4405255857,2011,NA
I4405255857,2012,NA
I4405255857,2013,NA
I4405255857,2014,NA
I4405255857,2015,NA
I4405255857,2016,NA
I4405255857,2017,NA
I4405255857,2018,NA
I4405255857,2019,NA
I4405255857,2020,NA
I4405255857,2021,NA
I4405255857,2022,NA
I4405255857,2023,NA
I4405255857,2024,NA
I4405255857,2025,NA
I4405260477,2006,NA
I4405260477,2007,NA
I4405260477,2008,NA
I4405260477,2009,NA
I4405260477,2010,NA
I4405260477,2011,NA
I4405260477,2012,NA
I4405260477,2013,NA
I4405260477,2014,NA
I4405260477,2015,NA
I4405260477,2016,NA
I4405260477,2017,NA
I4405260477,2018,NA
I4405260477,2019,NA
I4405260477,2020,NA
I4405260477,2021,NA
I4405260477,2022,NA
I4405260477,2023,NA
I4405260477,2024,NA
I4405260477,2025,NA
I4405258056,2006,NA
I4405258056,2007,NA
I4405258056,2008,NA
I4405258056,2009,NA
I4405258056,2010,NA
I4405258056,2011,NA
I4405258056,2012,NA
I4405258056,2013,NA
I4405258056,2014,NA
I4405258056,2015,NA
I4405258056,2016,NA
I4405258056,2017,NA
I4405258056,2018,NA
I4405258056,2019,NA
I4405258056,2020,NA
I4405258056,2021,NA
I4405258056,2022,NA
I4405258056,2023,NA
I4405258056,2024,NA
I4405258056,2025,NA
I3131082147,2006,NA
I3131082147,2007,NA
I3131082147,2008,NA
I3131082147,2009,NA
I3131082147,2010,NA
I3131082147,2011,NA
I3131082147,2012,NA
I3131082147,2013,NA
I3131082147,2014,NA
I3131082147,2015,NA
I3131082147,2016,NA
I3131082147,2017,NA
I3131082147,2018,NA
I3131082147,2019,NA
I3131082147,2020,NA
I3131082147,2021,NA
I3131082147,2022,NA
I3131082147,2023,NA
I3131082147,2024,NA
I3131082147,2025,NA
I4210086517,2006,NA
I4210086517,2007,NA
I4210086517,2008,NA
I4210086517,2009,NA
I4210086517,2010,NA
I4210086517,2011,NA
I4210086517,2012,NA
I4210086517,2013,NA
I4210086517,2014,NA
I4210086517,2015,NA
I4210086517,2016,NA
I4210086517,2017,NA
I4210086517,2018,NA
I4210086517,2019,NA
I4210086517,2020,NA
I4210086517,2021,NA
I4210086517,2022,NA
I4210086517,2023,NA
I4210086517,2024,NA
I4210086517,2025,NA
I4405258116,2006,NA
I4405258116,2007,NA
I4405258116,2008,NA
I4405258116,2009,NA
I4405258116,2010,NA
I4405258116,2011,NA
I4405258116,2012,NA
I4405258116,2013,NA
I4405258116,2014,NA
I4405258116,2015,NA
I4405258116,2016,NA
I4405258116,2017,NA
I4405258116,2018,NA
I4405258116,2019,NA
I4405258116,2020,NA
I4405258116,2021,NA
I4405258116,2022,NA
I4405258116,2023,NA
I4405258116,2024,NA
I4405258116,2025,NA
I4405255911,2006,NA
I4405255911,2007,NA
I4405255911,2008,NA
I4405255911,2009,NA
I4405255911,2010,NA
I4405255911,2011,NA
I4405255911,2012,NA
I4405255911,2013,NA
I4405255911,2014,NA
I4405255911,2015,NA
I4405255911,2016,NA
I4405255911,2017,NA
I4405255911,2018,NA
I4405255911,2019,NA
I4405255911,2020,NA
I4405255911,2021,NA
I4405255911,2022,NA
I4405255911,2023,NA
I4405255911,2024,NA
I4405255911,2025,NA
I4405252705,2006,NA
I4405252705,2007,NA
I4405252705,2008,NA
I4405252705,2009,NA
I4405252705,2010,NA
I4405252705,2011,NA
I4405252705,2012,NA
I4405252705,2013,NA
I4405252705,2014,NA
I4405252705,2015,NA
I4405252705,2016,NA
I4405252705,2017,NA
I4405252705,2018,NA
I4405252705,2019,NA
I4405252705,2020,NA
I4405252705,2021,NA
I4405252705,2022,NA
I4405252705,2023,NA
I4405252705,2024,NA
I4405252705,2025,NA
I4210151226,2006,NA
I4210151226,2007,NA
I4210151226,2008,NA
I4210151226,2009,NA
I4210151226,2010,NA
I4210151226,2011,NA
I4210151226,2012,NA
I4210151226,2013,NA
I4210151226,2014,NA
I4210151226,2015,NA
I4210151226,2016,NA
I4210151226,2017,NA
I4210151226,2018,NA
I4210151226,2019,NA
I4210151226,2020,NA
I4210151226,2021,NA
I4210151226,2022,NA
I4210151226,2023,NA
I4210151226,2024,NA
I4210151226,2025,NA
I66513531,2006,NA
I66513531,2007,NA
I66513531,2008,NA
I66513531,2009,NA
I66513531,2010,NA
I66513531,2011,NA
I66513531,2012,NA
I66513531,2013,NA
I66513531,2014,NA
I66513531,2015,NA
I66513531,2016,NA
I66513531,2017,NA
I66513531,2018,NA
I66513531,2019,NA
I66513531,2020,NA
I66513531,2021,NA
I66513531,2022,NA
I66513531,2023,NA
I66513531,2024,NA
I66513531,2025,NA
I4405263005,2006,NA
I4405263005,2007,NA
I4405263005,2008,NA
I4405263005,2009,NA
I4405263005,2010,NA
I4405263005,2011,NA
I4405263005,2012,NA
I4405263005,2013,NA
I4405263005,2014,NA
I4405263005,2015,NA
I4405263005,2016,NA
I4405263005,2017,NA
I4405263005,2018,NA
I4405263005,2019,NA
I4405263005,2020,NA
I4405263005,2021,NA
I4405263005,2022,NA
I4405263005,2023,NA
I4405263005,2024,NA
I4405263005,2025,NA
I4405255598,2006,NA
I4405255598,2007,NA
I4405255598,2008,NA
I4405255598,2009,NA
I4405255598,2010,NA
I4405255598,2011,NA
I4405255598,2012,NA
I4405255598,2013,NA
I4405255598,2014,NA
I4405255598,2015,NA
I4405255598,2016,NA
I4405255598,2017,NA
I4405255598,2018,NA
I4405255598,2019,NA
I4405255598,2020,NA
I4405255598,2021,NA
I4405255598,2022,NA
I4405255598,2023,NA
I4405255598,2024,NA
I4405255598,2025,NA
I4405254773,2006,NA
I4405254773,2007,NA
I4405254773,2008,NA
I4405254773,2009,NA
I4405254773,2010,NA
I4405254773,2011,NA
I4405254773,2012,NA
I4405254773,2013,NA
I4405254773,2014,NA
I4405254773,2015,NA
I4405254773,2016,NA
I4405254773,2017,NA
I4405254773,2018,NA
I4405254773,2019,NA
I4405254773,2020,NA
I4405254773,2021,NA
I4405254773,2022,NA
I4405254773,2023,NA
I4405254773,2024,NA
I4405254773,2025,NA
I4405253362,2006,NA
I4405253362,2007,NA
I4405253362,2008,NA
I4405253362,2009,NA
I4405253362,2010,NA
I4405253362,2011,NA
I4405253362,2012,NA
I4405253362,2013,NA
I4405253362,2014,NA
I4405253362,2015,NA
I4405253362,2016,NA
I4405253362,2017,NA
I4405253362,2018,NA
I4405253362,2019,NA
I4405253362,2020,NA
I4405253362,2021,NA
I4405253362,2022,NA
I4405253362,2023,NA
I4405253362,2024,NA
I4405253362,2025,NA
I4405266160,2006,NA
I4405266160,2007,NA
I4405266160,2008,NA
I4405266160,2009,NA
I4405266160,2010,NA
I4405266160,2011,NA
I4405266160,2012,NA
I4405266160,2013,NA
I4405266160,2014,NA
I4405266160,2015,NA
I4405266160,2016,NA
I4405266160,2017,NA
I4405266160,2018,NA
I4405266160,2019,NA
I4405266160,2020,NA
I4405266160,2021,NA
I4405266160,2022,NA
I4405266160,2023,NA
I4405266160,2024,NA
I4405266160,2025,NA
I4405263068,2006,NA
I4405263068,2007,NA
I4405263068,2008,NA
I4405263068,2009,NA
I4405263068,2010,NA
I4405263068,2011,NA
I4405263068,2012,NA
I4405263068,2013,NA
I4405263068,2014,NA
I4405263068,2015,NA
I4405263068,2016,NA
I4405263068,2017,NA
I4405263068,2018,NA
I4405263068,2019,NA
I4405263068,2020,NA
I4405263068,2021,NA
I4405263068,2022,NA
I4405263068,2023,NA
I4405263068,2024,NA
I4405263068,2025,NA
I4405255394,2006,NA
I4405255394,2007,NA
I4405255394,2008,NA
I4405255394,2009,NA
I4405255394,2010,NA
I4405255394,2011,NA
I4405255394,2012,NA
I4405255394,2013,NA
I4405255394,2014,NA
I4405255394,2015,NA
I4405255394,2016,NA
I4405255394,2017,NA
I4405255394,2018,NA
I4405255394,2019,NA
I4405255394,2020,NA
I4405255394,2021,NA
I4405255394,2022,NA
I4405255394,2023,NA
I4405255394,2024,NA
I4405255394,2025,NA
I4387153594,2006,NA
I4387153594,2007,NA
I4387153594,2008,NA
I4387153594,2009,NA
I4387153594,2010,NA
I4387153594,2011,NA
I4387153594,2012,NA
I4387153594,2013,NA
I4387153594,2014,NA
I4387153594,2015,NA
I4387153594,2016,NA
I4387153594,2017,NA
I4387153594,2018,NA
I4387153594,2019,NA
I4387153594,2020,NA
I4387153594,2021,NA
I4387153594,2022,NA
I4387153594,2023,NA
I4387153594,2024,NA
I4387153594,2025,NA
I4210097403,2006,NA
I4210097403,2007,NA
I4210097403,2008,NA
I4210097403,2009,NA
I4210097403,2010,NA
I4210097403,2011,NA
I4210097403,2012,NA
I4210097403,2013,NA
I4210097403,2014,NA
I4210097403,2015,NA
I4210097403,2016,NA
I4210097403,2017,NA
I4210097403,2018,NA
I4210097403,2019,NA
I4210097403,2020,NA
I4210097403,2021,NA
I4210097403,2022,NA
I4210097403,2023,NA
I4210097403,2024,NA
I4210097403,2025,NA
I2799941459,2006,NA
I2799941459,2007,NA
I2799941459,2008,NA
I2799941459,2009,NA
I2799941459,2010,NA
I2799941459,2011,NA
I2799941459,2012,NA
I2799941459,2013,NA
I2799941459,2014,NA
I2799941459,2015,NA
I2799941459,2016,NA
I2799941459,2017,NA
I2799941459,2018,NA
I2799941459,2019,NA
I2799941459,2020,NA
I2799941459,2021,NA
I2799941459,2022,NA
I2799941459,2023,NA
I2799941459,2024,NA
I2799941459,2025,NA
I4405257393,2006,NA
I4405257393,2007,NA
I4405257393,2008,NA
I4405257393,2009,NA
I4405257393,2010,NA
I4405257393,2011,NA
I4405257393,2012,NA
I4405257393,2013,NA
I4405257393,2014,NA
I4405257393,2015,NA
I4405257393,2016,NA
I4405257393,2017,NA
I4405257393,2018,NA
I4405257393,2019,NA
I4405257393,2020,NA
I4405257393,2021,NA
I4405257393,2022,NA
I4405257393,2023,NA
I4405257393,2024,NA
I4405257393,2025,NA
I4210159071,2006,NA
I4210159071,2007,NA
I4210159071,2008,NA
I4210159071,2009,NA
I4210159071,2010,NA
I4210159071,2011,NA
I4210159071,2012,NA
I4210159071,2013,NA
I4210159071,2014,NA
I4210159071,2015,NA
I4210159071,2016,NA
I4210159071,2017,NA
I4210159071,2018,NA
I4210159071,2019,NA
I4210159071,2020,NA
I4210159071,2021,NA
I4210159071,2022,NA
I4210159071,2023,NA
I4210159071,2024,NA
I4210159071,2025,NA
I4405260554,2006,NA
I4405260554,2007,NA
I4405260554,2008,NA
I4405260554,2009,NA
I4405260554,2010,NA
I4405260554,2011,NA
I4405260554,2012,NA
I4405260554,2013,NA
I4405260554,2014,NA
I4405260554,2015,NA
I4405260554,2016,NA
I4405260554,2017,NA
I4405260554,2018,NA
I4405260554,2019,NA
I4405260554,2020,NA
I4405260554,2021,NA
I4405260554,2022,NA
I4405260554,2023,NA
I4405260554,2024,NA
I4405260554,2025,NA
I4405261249,2006,NA
I4405261249,2007,NA
I4405261249,2008,NA
I4405261249,2009,NA
I4405261249,2010,NA
I4405261249,2011,NA
I4405261249,2012,NA
I4405261249,2013,NA
I4405261249,2014,NA
I4405261249,2015,NA
I4405261249,2016,NA
I4405261249,2017,NA
I4405261249,2018,NA
I4405261249,2019,NA
I4405261249,2020,NA
I4405261249,2021,NA
I4405261249,2022,NA
I4405261249,2023,NA
I4405261249,2024,NA
I4405261249,2025,NA
I4210128877,2006,NA
I4210128877,2007,NA
I4210128877,2008,NA
I4210128877,2009,NA
I4210128877,2010,NA
I4210128877,2011,NA
I4210128877,2012,NA
I4210128877,2013,NA
I4210128877,2014,NA
I4210128877,2015,NA
I4210128877,2016,NA
I4210128877,2017,NA
I4210128877,2018,NA
I4210128877,2019,NA
I4210128877,2020,NA
I4210128877,2021,NA
I4210128877,2022,NA
I4210128877,2023,NA
I4210128877,2024,NA
I4210128877,2025,NA
I4405263537,2006,NA
I4405263537,2007,NA
I4405263537,2008,NA
I4405263537,2009,NA
I4405263537,2010,NA
I4405263537,2011,NA
I4405263537,2012,NA
I4405263537,2013,NA
I4405263537,2014,NA
I4405263537,2015,NA
I4405263537,2016,NA
I4405263537,2017,NA
I4405263537,2018,NA
I4405263537,2019,NA
I4405263537,2020,NA
I4405263537,2021,NA
I4405263537,2022,NA
I4405263537,2023,NA
I4405263537,2024,NA
I4405263537,2025,NA
I4210126124,2006,NA
I4210126124,2007,NA
I4210126124,2008,NA
I4210126124,2009,NA
I4210126124,2010,NA
I4210126124,2011,NA
I4210126124,2012,NA
I4210126124,2013,NA
I4210126124,2014,NA
I4210126124,2015,NA
I4210126124,2016,NA
I4210126124,2017,NA
I4210126124,2018,NA
I4210126124,2019,NA
I4210126124,2020,NA
I4210126124,2021,NA
I4210126124,2022,NA
I4210126124,2023,NA
I4210126124,2024,NA
I4210126124,2025,NA
I4405257199,2006,NA
I4405257199,2007,NA
I4405257199,2008,NA
I4405257199,2009,NA
I4405257199,2010,NA
I4405257199,2011,NA
I4405257199,2012,NA
I4405257199,2013,NA
I4405257199,2014,NA
I4405257199,2015,NA
I4405257199,2016,NA
I4405257199,2017,NA
I4405257199,2018,NA
I4405257199,2019,NA
I4405257199,2020,NA
I4405257199,2021,NA
I4405257199,2022,NA
I4405257199,2023,NA
I4405257199,2024,NA
I4405257199,2025,NA
I4210095568,2006,NA
I4210095568,2007,NA
I4210095568,2008,NA
I4210095568,2009,NA
I4210095568,2010,NA
I4210095568,2011,NA
I4210095568,2012,NA
I4210095568,2013,NA
I4210095568,2014,NA
I4210095568,2015,NA
I4210095568,2016,NA
I4210095568,2017,NA
I4210095568,2018,NA
I4210095568,2019,NA
I4210095568,2020,NA
I4210095568,2021,NA
I4210095568,2022,NA
I4210095568,2023,NA
I4210095568,2024,NA
I4210095568,2025,NA
I4405257058,2006,NA
I4405257058,2007,NA
I4405257058,2008,NA
I4405257058,2009,NA
I4405257058,2010,NA
I4405257058,2011,NA
I4405257058,2012,NA
I4405257058,2013,NA
I4405257058,2014,NA
I4405257058,2015,NA
I4405257058,2016,NA
I4405257058,2017,NA
I4405257058,2018,NA
I4405257058,2019,NA
I4405257058,2020,NA
I4405257058,2021,NA
I4405257058,2022,NA
I4405257058,2023,NA
I4405257058,2024,NA
I4405257058,2025,NA
I4405256895,2006,NA
I4405256895,2007,NA
I4405256895,2008,NA
I4405256895,2009,NA
I4405256895,2010,NA
I4405256895,2011,NA
I4405256895,2012,NA
I4405256895,2013,NA
I4405256895,2014,NA
I4405256895,2015,NA
I4405256895,2016,NA
I4405256895,2017,NA
I4405256895,2018,NA
I4405256895,2019,NA
I4405256895,2020,NA
I4405256895,2021,NA
I4405256895,2022,NA
I4405256895,2023,NA
I4405256895,2024,NA
I4405256895,2025,NA
I4405254306,2006,NA
I4405254306,2007,NA
I4405254306,2008,NA
I4405254306,2009,NA
I4405254306,2010,NA
I4405254306,2011,NA
I4405254306,2012,NA
I4405254306,2013,NA
I4405254306,2014,NA
I4405254306,2015,NA
I4405254306,2016,NA
I4405254306,2017,NA
I4405254306,2018,NA
I4405254306,2019,NA
I4405254306,2020,NA
I4405254306,2021,NA
I4405254306,2022,NA
I4405254306,2023,NA
I4405254306,2024,NA
I4405254306,2025,NA
I4405261745,2006,NA
I4405261745,2007,NA
I4405261745,2008,NA
I4405261745,2009,NA
I4405261745,2010,NA
I4405261745,2011,NA
I4405261745,2012,NA
I4405261745,2013,NA
I4405261745,2014,NA
I4405261745,2015,NA
I4405261745,2016,NA
I4405261745,2017,NA
I4405261745,2018,NA
I4405261745,2019,NA
I4405261745,2020,NA
I4405261745,2021,NA
I4405261745,2022,NA
I4405261745,2023,NA
I4405261745,2024,NA
I4405261745,2025,NA
I4405265518,2006,NA
I4405265518,2007,NA
I4405265518,2008,NA
I4405265518,2009,NA
I4405265518,2010,NA
I4405265518,2011,NA
I4405265518,2012,NA
I4405265518,2013,NA
I4405265518,2014,NA
I4405265518,2015,NA
I4405265518,2016,NA
I4405265518,2017,NA
I4405265518,2018,NA
I4405265518,2019,NA
I4405265518,2020,NA
I4405265518,2021,NA
I4405265518,2022,NA
I4405265518,2023,NA
I4405265518,2024,NA
I4405265518,2025,NA
I2801684251,2006,NA
I2801684251,2007,NA
I2801684251,2008,NA
I2801684251,2009,NA
I2801684251,2010,NA
I2801684251,2011,NA
I2801684251,2012,NA
I2801684251,2013,NA
I2801684251,2014,NA
I2801684251,2015,NA
I2801684251,2016,NA
I2801684251,2017,NA
I2801684251,2018,NA
I2801684251,2019,NA
I2801684251,2020,NA
I2801684251,2021,NA
I2801684251,2022,NA
I2801684251,2023,NA
I2801684251,2024,NA
I2801684251,2025,NA
I4405257910,2006,NA
I4405257910,2007,NA
I4405257910,2008,NA
I4405257910,2009,NA
I4405257910,2010,NA
I4405257910,2011,NA
I4405257910,2012,NA
I4405257910,2013,NA
I4405257910,2014,NA
I4405257910,2015,NA
I4405257910,2016,NA
I4405257910,2017,NA
I4405257910,2018,NA
I4405257910,2019,NA
I4405257910,2020,NA
I4405257910,2021,NA
I4405257910,2022,NA
I4405257910,2023,NA
I4405257910,2024,NA
I4405257910,2025,NA
I4210148832,2006,NA
I4210148832,2007,NA
I4210148832,2008,NA
I4210148832,2009,NA
I4210148832,2010,NA
I4210148832,2011,NA
I4210148832,2012,NA
I4210148832,2013,NA
I4210148832,2014,NA
I4210148832,2015,NA
I4210148832,2016,NA
I4210148832,2017,NA
I4210148832,2018,NA
I4210148832,2019,NA
I4210148832,2020,NA
I4210148832,2021,NA
I4210148832,2022,NA
I4210148832,2023,NA
I4210148832,2024,NA
I4210148832,2025,NA
I2800437794,2006,NA
I2800437794,2007,NA
I2800437794,2008,NA
I2800437794,2009,NA
I2800437794,2010,NA
I2800437794,2011,NA
I2800437794,2012,NA
I2800437794,2013,NA
I2800437794,2014,NA
I2800437794,2015,NA
I2800437794,2016,NA
I2800437794,2017,NA
I2800437794,2018,NA
I2800437794,2019,NA
I2800437794,2020,NA
I2800437794,2021,NA
I2800437794,2022,NA
I2800437794,2023,NA
I2800437794,2024,NA
I2800437794,2025,NA
I2800190170,2006,NA
I2800190170,2007,NA
I2800190170,2008,NA
I2800190170,2009,NA
I2800190170,2010,NA
I2800190170,2011,NA
I2800190170,2012,NA
I2800190170,2013,NA
I2800190170,2014,NA
I2800190170,2015,NA
I2800190170,2016,NA
I2800190170,2017,NA
I2800190170,2018,NA
I2800190170,2019,NA
I2800190170,2020,NA
I2800190170,2021,NA
I2800190170,2022,NA
I2800190170,2023,NA
I2800190170,2024,NA
I2800190170,2025,NA
I2799775433,2006,NA
I2799775433,2007,NA
I2799775433,2008,NA
I2799775433,2009,NA
I2799775433,2010,NA
I2799775433,2011,NA
I2799775433,2012,NA
I2799775433,2013,NA
I2799775433,2014,NA
I2799775433,2015,NA
I2799775433,2016,NA
I2799775433,2017,NA
I2799775433,2018,NA
I2799775433,2019,NA
I2799775433,2020,NA
I2799775433,2021,NA
I2799775433,2022,NA
I2799775433,2023,NA
I2799775433,2024,NA
I2799775433,2025,NA
I43427933,2006,NA
I43427933,2007,NA
I43427933,2008,NA
I43427933,2009,NA
I43427933,2010,NA
I43427933,2011,NA
I43427933,2012,NA
I43427933,2013,NA
I43427933,2014,NA
I43427933,2015,NA
I43427933,2016,NA
I43427933,2017,NA
I43427933,2018,NA
I43427933,2019,NA
I43427933,2020,NA
I43427933,2021,NA
I43427933,2022,NA
I43427933,2023,NA
I43427933,2024,NA
I43427933,2025,NA
I18045400,2006,NA
I18045400,2007,NA
I18045400,2008,NA
I18045400,2009,NA
I18045400,2010,NA
I18045400,2011,NA
I18045400,2012,NA
I18045400,2013,NA
I18045400,2014,NA
I18045400,2015,NA
I18045400,2016,NA
I18045400,2017,NA
I18045400,2018,NA
I18045400,2019,NA
I18045400,2020,NA
I18045400,2021,NA
I18045400,2022,NA
I18045400,2023,NA
I18045400,2024,NA
I18045400,2025,NA
I4405254079,2006,NA
I4405254079,2007,NA
I4405254079,2008,NA
I4405254079,2009,NA
I4405254079,2010,NA
I4405254079,2011,NA
I4405254079,2012,NA
I4405254079,2013,NA
I4405254079,2014,NA
I4405254079,2015,NA
I4405254079,2016,NA
I4405254079,2017,NA
I4405254079,2018,NA
I4405254079,2019,NA
I4405254079,2020,NA
I4405254079,2021,NA
I4405254079,2022,NA
I4405254079,2023,NA
I4405254079,2024,NA
I4405254079,2025,NA
I4405260661,2006,NA
I4405260661,2007,NA
I4405260661,2008,NA
I4405260661,2009,NA
I4405260661,2010,NA
I4405260661,2011,NA
I4405260661,2012,NA
I4405260661,2013,NA
I4405260661,2014,NA
I4405260661,2015,NA
I4405260661,2016,NA
I4405260661,2017,NA
I4405260661,2018,NA
I4405260661,2019,NA
I4405260661,2020,NA
I4405260661,2021,NA
I4405260661,2022,NA
I4405260661,2023,NA
I4405260661,2024,NA
I4405260661,2025,NA
I4405252860,2006,NA
I4405252860,2007,NA
I4405252860,2008,NA
I4405252860,2009,NA
I4405252860,2010,NA
I4405252860,2011,NA
I4405252860,2012,NA
I4405252860,2013,NA
I4405252860,2014,NA
I4405252860,2015,NA
I4405252860,2016,NA
I4405252860,2017,NA
I4405252860,2018,NA
I4405252860,2019,NA
I4405252860,2020,NA
I4405252860,2021,NA
I4405252860,2022,NA
I4405252860,2023,NA
I4405252860,2024,NA
I4405252860,2025,NA
I4405256319,2006,NA
I4405256319,2007,NA
I4405256319,2008,NA
I4405256319,2009,NA
I4405256319,2010,NA
I4405256319,2011,NA
I4405256319,2012,NA
I4405256319,2013,NA
I4405256319,2014,NA
I4405256319,2015,NA
I4405256319,2016,NA
I4405256319,2017,NA
I4405256319,2018,NA
I4405256319,2019,NA
I4405256319,2020,NA
I4405256319,2021,NA
I4405256319,2022,NA
I4405256319,2023,NA
I4405256319,2024,NA
I4405256319,2025,NA
I891860020,2006,NA
I891860020,2007,NA
I891860020,2008,NA
I891860020,2009,NA
I891860020,2010,NA
I891860020,2011,NA
I891860020,2012,NA
I891860020,2013,NA
I891860020,2014,NA
I891860020,2015,NA
I891860020,2016,NA
I891860020,2017,NA
I891860020,2018,NA
I891860020,2019,NA
I891860020,2020,NA
I891860020,2021,NA
I891860020,2022,NA
I891860020,2023,NA
I891860020,2024,NA
I891860020,2025,NA
I180664298,2006,NA
I180664298,2007,NA
I180664298,2008,NA
I180664298,2009,NA
I180664298,2010,NA
I180664298,2011,NA
I180664298,2012,NA
I180664298,2013,NA
I180664298,2014,NA
I180664298,2015,NA
I180664298,2016,NA
I180664298,2017,NA
I180664298,2018,NA
I180664298,2019,NA
I180664298,2020,NA
I180664298,2021,NA
I180664298,2022,NA
I180664298,2023,NA
I180664298,2024,NA
I180664298,2025,NA
I4405259366,2006,NA
I4405259366,2007,NA
I4405259366,2008,NA
I4405259366,2009,NA
I4405259366,2010,NA
I4405259366,2011,NA
I4405259366,2012,NA
I4405259366,2013,NA
I4405259366,2014,NA
I4405259366,2015,NA
I4405259366,2016,NA
I4405259366,2017,NA
I4405259366,2018,NA
I4405259366,2019,NA
I4405259366,2020,NA
I4405259366,2021,NA
I4405259366,2022,NA
I4405259366,2023,NA
I4405259366,2024,NA
I4405259366,2025,NA
I76661892,2006,NA
I76661892,2007,NA
I76661892,2008,NA
I76661892,2009,NA
I76661892,2010,NA
I76661892,2011,NA
I76661892,2012,NA
I76661892,2013,NA
I76661892,2014,NA
I76661892,2015,NA
I76661892,2016,NA
I76661892,2017,NA
I76661892,2018,NA
I76661892,2019,NA
I76661892,2020,NA
I76661892,2021,NA
I76661892,2022,NA
I76661892,2023,NA
I76661892,2024,NA
I76661892,2025,NA
I16443873,2006,NA
I16443873,2007,NA
I16443873,2008,NA
I16443873,2009,NA
I16443873,2010,NA
I16443873,2011,NA
I16443873,2012,NA
I16443873,2013,NA
I16443873,2014,NA
I16443873,2015,NA
I16443873,2016,NA
I16443873,2017,NA
I16443873,2018,NA
I16443873,2019,NA
I16443873,2020,NA
I16443873,2021,NA
I16443873,2022,NA
I16443873,2023,NA
I16443873,2024,NA
I16443873,2025,NA
I4405253586,2006,NA
I4405253586,2007,NA
I4405253586,2008,NA
I4405253586,2009,NA
I4405253586,2010,NA
I4405253586,2011,NA
I4405253586,2012,NA
I4405253586,2013,NA
I4405253586,2014,NA
I4405253586,2015,NA
I4405253586,2016,NA
I4405253586,2017,NA
I4405253586,2018,NA
I4405253586,2019,NA
I4405253586,2020,NA
I4405253586,2021,NA
I4405253586,2022,NA
I4405253586,2023,NA
I4405253586,2024,NA
I4405253586,2025,NA
I4405255308,2006,NA
I4405255308,2007,NA
I4405255308,2008,NA
I4405255308,2009,NA
I4405255308,2010,NA
I4405255308,2011,NA
I4405255308,2012,NA
I4405255308,2013,NA
I4405255308,2014,NA
I4405255308,2015,NA
I4405255308,2016,NA
I4405255308,2017,NA
I4405255308,2018,NA
I4405255308,2019,NA
I4405255308,2020,NA
I4405255308,2021,NA
I4405255308,2022,NA
I4405255308,2023,NA
I4405255308,2024,NA
I4405255308,2025,NA
I4210126313,2006,NA
I4210126313,2007,NA
I4210126313,2008,NA
I4210126313,2009,NA
I4210126313,2010,NA
I4210126313,2011,NA
I4210126313,2012,NA
I4210126313,2013,NA
I4210126313,2014,NA
I4210126313,2015,NA
I4210126313,2016,NA
I4210126313,2017,NA
I4210126313,2018,NA
I4210126313,2019,NA
I4210126313,2020,NA
I4210126313,2021,NA
I4210126313,2022,NA
I4210126313,2023,NA
I4210126313,2024,NA
I4210126313,2025,NA
I4405255388,2006,NA
I4405255388,2007,NA
I4405255388,2008,NA
I4405255388,2009,NA
I4405255388,2010,NA
I4405255388,2011,NA
I4405255388,2012,NA
I4405255388,2013,NA
I4405255388,2014,NA
I4405255388,2015,NA
I4405255388,2016,NA
I4405255388,2017,NA
I4405255388,2018,NA
I4405255388,2019,NA
I4405255388,2020,NA
I4405255388,2021,NA
I4405255388,2022,NA
I4405255388,2023,NA
I4405255388,2024,NA
I4405255388,2025,NA
I123698207,2006,NA
I123698207,2007,NA
I123698207,2008,NA
I123698207,2009,NA
I123698207,2010,NA
I123698207,2011,NA
I123698207,2012,NA
I123698207,2013,NA
I123698207,2014,NA
I123698207,2015,NA
I123698207,2016,NA
I123698207,2017,NA
I123698207,2018,NA
I123698207,2019,NA
I123698207,2020,NA
I123698207,2021,NA
I123698207,2022,NA
I123698207,2023,NA
I123698207,2024,NA
I123698207,2025,NA
I4405261711,2006,NA
I4405261711,2007,NA
I4405261711,2008,NA
I4405261711,2009,NA
I4405261711,2010,NA
I4405261711,2011,NA
I4405261711,2012,NA
I4405261711,2013,NA
I4405261711,2014,NA
I4405261711,2015,NA
I4405261711,2016,NA
I4405261711,2017,NA
I4405261711,2018,NA
I4405261711,2019,NA
I4405261711,2020,NA
I4405261711,2021,NA
I4405261711,2022,NA
I4405261711,2023,NA
I4405261711,2024,NA
I4405261711,2025,NA
I50050410,2006,NA
I50050410,2007,NA
I50050410,2008,NA
I50050410,2009,NA
I50050410,2010,NA
I50050410,2011,NA
I50050410,2012,NA
I50050410,2013,NA
I50050410,2014,NA
I50050410,2015,NA
I50050410,2016,NA
I50050410,2017,NA
I50050410,2018,NA
I50050410,2019,NA
I50050410,2020,NA
I50050410,2021,NA
I50050410,2022,NA
I50050410,2023,NA
I50050410,2024,NA
I50050410,2025,NA
I4210156809,2006,NA
I4210156809,2007,NA
I4210156809,2008,NA
I4210156809,2009,NA
I4210156809,2010,NA
I4210156809,2011,NA
I4210156809,2012,NA
I4210156809,2013,NA
I4210156809,2014,NA
I4210156809,2015,NA
I4210156809,2016,NA
I4210156809,2017,NA
I4210156809,2018,NA
I4210156809,2019,NA
I4210156809,2020,NA
I4210156809,2021,NA
I4210156809,2022,NA
I4210156809,2023,NA
I4210156809,2024,NA
I4210156809,2025,NA
I186217134,2006,NA
I186217134,2007,NA
I186217134,2008,NA
I186217134,2009,NA
I186217134,2010,NA
I186217134,2011,NA
I186217134,2012,NA
I186217134,2013,NA
I186217134,2014,NA
I186217134,2015,NA
I186217134,2016,NA
I186217134,2017,NA
I186217134,2018,NA
I186217134,2019,NA
I186217134,2020,NA
I186217134,2021,NA
I186217134,2022,NA
I186217134,2023,NA
I186217134,2024,NA
I186217134,2025,NA
I4210089181,2006,NA
I4210089181,2007,NA
I4210089181,2008,NA
I4210089181,2009,NA
I4210089181,2010,NA
I4210089181,2011,NA
I4210089181,2012,NA
I4210089181,2013,NA
I4210089181,2014,NA
I4210089181,2015,NA
I4210089181,2016,NA
I4210089181,2017,NA
I4210089181,2018,NA
I4210089181,2019,NA
I4210089181,2020,NA
I4210089181,2021,NA
I4210089181,2022,NA
I4210089181,2023,NA
I4210089181,2024,NA
I4210089181,2025,NA
I60286554,2006,NA
I60286554,2007,NA
I60286554,2008,NA
I60286554,2009,NA
I60286554,2010,NA
I60286554,2011,NA
I60286554,2012,NA
I60286554,2013,NA
I60286554,2014,NA
I60286554,2015,NA
I60286554,2016,NA
I60286554,2017,NA
I60286554,2018,NA
I60286554,2019,NA
I60286554,2020,NA
I60286554,2021,NA
I60286554,2022,NA
I60286554,2023,NA
I60286554,2024,NA
I60286554,2025,NA
I4210092501,2006,NA
I4210092501,2007,NA
I4210092501,2008,NA
I4210092501,2009,NA
I4210092501,2010,NA
I4210092501,2011,NA
I4210092501,2012,NA
I4210092501,2013,NA
I4210092501,2014,NA
I4210092501,2015,NA
I4210092501,2016,NA
I4210092501,2017,NA
I4210092501,2018,NA
I4210092501,2019,NA
I4210092501,2020,NA
I4210092501,2021,NA
I4210092501,2022,NA
I4210092501,2023,NA
I4210092501,2024,NA
I4210092501,2025,NA
I4405262934,2006,NA
I4405262934,2007,NA
I4405262934,2008,NA
I4405262934,2009,NA
I4405262934,2010,NA
I4405262934,2011,NA
I4405262934,2012,NA
I4405262934,2013,NA
I4405262934,2014,NA
I4405262934,2015,NA
I4405262934,2016,NA
I4405262934,2017,NA
I4405262934,2018,NA
I4405262934,2019,NA
I4405262934,2020,NA
I4405262934,2021,NA
I4405262934,2022,NA
I4405262934,2023,NA
I4405262934,2024,NA
I4405262934,2025,NA
I91465866,2006,NA
I91465866,2007,NA
I91465866,2008,NA
I91465866,2009,NA
I91465866,2010,NA
I91465866,2011,NA
I91465866,2012,NA
I91465866,2013,NA
I91465866,2014,NA
I91465866,2015,NA
I91465866,2016,NA
I91465866,2017,NA
I91465866,2018,NA
I91465866,2019,NA
I91465866,2020,NA
I91465866,2021,NA
I91465866,2022,NA
I91465866,2023,NA
I91465866,2024,NA
I91465866,2025,NA
I4405260666,2006,NA
I4405260666,2007,NA
I4405260666,2008,NA
I4405260666,2009,NA
I4405260666,2010,NA
I4405260666,2011,NA
I4405260666,2012,NA
I4405260666,2013,NA
I4405260666,2014,NA
I4405260666,2015,NA
I4405260666,2016,NA
I4405260666,2017,NA
I4405260666,2018,NA
I4405260666,2019,NA
I4405260666,2020,NA
I4405260666,2021,NA
I4405260666,2022,NA
I4405260666,2023,NA
I4405260666,2024,NA
I4405260666,2025,NA
I4405266782,2006,NA
I4405266782,2007,NA
I4405266782,2008,NA
I4405266782,2009,NA
I4405266782,2010,NA
I4405266782,2011,NA
I4405266782,2012,NA
I4405266782,2013,NA
I4405266782,2014,NA
I4405266782,2015,NA
I4405266782,2016,NA
I4405266782,2017,NA
I4405266782,2018,NA
I4405266782,2019,NA
I4405266782,2020,NA
I4405266782,2021,NA
I4405266782,2022,NA
I4405266782,2023,NA
I4405266782,2024,NA
I4405266782,2025,NA
I96823368,2006,NA
I96823368,2007,NA
I96823368,2008,NA
I96823368,2009,NA
I96823368,2010,NA
I96823368,2011,NA
I96823368,2012,NA
I96823368,2013,NA
I96823368,2014,NA
I96823368,2015,NA
I96823368,2016,NA
I96823368,2017,NA
I96823368,2018,NA
I96823368,2019,NA
I96823368,2020,NA
I96823368,2021,NA
I96823368,2022,NA
I96823368,2023,NA
I96823368,2024,NA
I96823368,2025,NA
I4210142783,2006,NA
I4210142783,2007,NA
I4210142783,2008,NA
I4210142783,2009,NA
I4210142783,2010,NA
I4210142783,2011,NA
I4210142783,2012,NA
I4210142783,2013,NA
I4210142783,2014,NA
I4210142783,2015,NA
I4210142783,2016,NA
I4210142783,2017,NA
I4210142783,2018,NA
I4210142783,2019,NA
I4210142783,2020,NA
I4210142783,2021,NA
I4210142783,2022,NA
I4210142783,2023,NA
I4210142783,2024,NA
I4210142783,2025,NA
I3132997995,2006,NA
I3132997995,2007,NA
I3132997995,2008,NA
I3132997995,2009,NA
I3132997995,2010,NA
I3132997995,2011,NA
I3132997995,2012,NA
I3132997995,2013,NA
I3132997995,2014,NA
I3132997995,2015,NA
I3132997995,2016,NA
I3132997995,2017,NA
I3132997995,2018,NA
I3132997995,2019,NA
I3132997995,2020,NA
I3132997995,2021,NA
I3132997995,2022,NA
I3132997995,2023,NA
I3132997995,2024,NA
I3132997995,2025,NA
I4210120882,2006,NA
I4210120882,2007,NA
I4210120882,2008,NA
I4210120882,2009,NA
I4210120882,2010,NA
I4210120882,2011,NA
I4210120882,2012,NA
I4210120882,2013,NA
I4210120882,2014,NA
I4210120882,2015,NA
I4210120882,2016,NA
I4210120882,2017,NA
I4210120882,2018,NA
I4210120882,2019,NA
I4210120882,2020,NA
I4210120882,2021,NA
I4210120882,2022,NA
I4210120882,2023,NA
I4210120882,2024,NA
I4210120882,2025,NA
I4210129436,2006,NA
I4210129436,2007,NA
I4210129436,2008,NA
I4210129436,2009,NA
I4210129436,2010,NA
I4210129436,2011,NA
I4210129436,2012,NA
I4210129436,2013,NA
I4210129436,2014,NA
I4210129436,2015,NA
I4210129436,2016,NA
I4210129436,2017,NA
I4210129436,2018,NA
I4210129436,2019,NA
I4210129436,2020,NA
I4210129436,2021,NA
I4210129436,2022,NA
I4210129436,2023,NA
I4210129436,2024,NA
I4210129436,2025,NA
I898088062,2006,NA
I898088062,2007,NA
I898088062,2008,NA
I898088062,2009,NA
I898088062,2010,NA
I898088062,2011,NA
I898088062,2012,NA
I898088062,2013,NA
I898088062,2014,NA
I898088062,2015,NA
I898088062,2016,NA
I898088062,2017,NA
I898088062,2018,NA
I898088062,2019,NA
I898088062,2020,NA
I898088062,2021,NA
I898088062,2022,NA
I898088062,2023,NA
I898088062,2024,NA
I898088062,2025,NA
I3132519419,2006,NA
I3132519419,2007,NA
I3132519419,2008,NA
I3132519419,2009,NA
I3132519419,2010,NA
I3132519419,2011,NA
I3132519419,2012,NA
I3132519419,2013,NA
I3132519419,2014,NA
I3132519419,2015,NA
I3132519419,2016,NA
I3132519419,2017,NA
I3132519419,2018,NA
I3132519419,2019,NA
I3132519419,2020,NA
I3132519419,2021,NA
I3132519419,2022,NA
I3132519419,2023,NA
I3132519419,2024,NA
I3132519419,2025,NA
I56822791,2006,NA
I56822791,2007,NA
I56822791,2008,NA
I56822791,2009,NA
I56822791,2010,NA
I56822791,2011,NA
I56822791,2012,NA
I56822791,2013,NA
I56822791,2014,NA
I56822791,2015,NA
I56822791,2016,NA
I56822791,2017,NA
I56822791,2018,NA
I56822791,2019,NA
I56822791,2020,NA
I56822791,2021,NA
I56822791,2022,NA
I56822791,2023,NA
I56822791,2024,NA
I56822791,2025,NA
I4405253815,2006,NA
I4405253815,2007,NA
I4405253815,2008,NA
I4405253815,2009,NA
I4405253815,2010,NA
I4405253815,2011,NA
I4405253815,2012,NA
I4405253815,2013,NA
I4405253815,2014,NA
I4405253815,2015,NA
I4405253815,2016,NA
I4405253815,2017,NA
I4405253815,2018,NA
I4405253815,2019,NA
I4405253815,2020,NA
I4405253815,2021,NA
I4405253815,2022,NA
I4405253815,2023,NA
I4405253815,2024,NA
I4405253815,2025,NA
I4405260214,2006,NA
I4405260214,2007,NA
I4405260214,2008,NA
I4405260214,2009,NA
I4405260214,2010,NA
I4405260214,2011,NA
I4405260214,2012,NA
I4405260214,2013,NA
I4405260214,2014,NA
I4405260214,2015,NA
I4405260214,2016,NA
I4405260214,2017,NA
I4405260214,2018,NA
I4405260214,2019,NA
I4405260214,2020,NA
I4405260214,2021,NA
I4405260214,2022,NA
I4405260214,2023,NA
I4405260214,2024,NA
I4405260214,2025,NA
I4405264475,2006,NA
I4405264475,2007,NA
I4405264475,2008,NA
I4405264475,2009,NA
I4405264475,2010,NA
I4405264475,2011,NA
I4405264475,2012,NA
I4405264475,2013,NA
I4405264475,2014,NA
I4405264475,2015,NA
I4405264475,2016,NA
I4405264475,2017,NA
I4405264475,2018,NA
I4405264475,2019,NA
I4405264475,2020,NA
I4405264475,2021,NA
I4405264475,2022,NA
I4405264475,2023,NA
I4405264475,2024,NA
I4405264475,2025,NA
I3130112746,2006,NA
I3130112746,2007,NA
I3130112746,2008,NA
I3130112746,2009,NA
I3130112746,2010,NA
I3130112746,2011,NA
I3130112746,2012,NA
I3130112746,2013,NA
I3130112746,2014,NA
I3130112746,2015,NA
I3130112746,2016,NA
I3130112746,2017,NA
I3130112746,2018,NA
I3130112746,2019,NA
I3130112746,2020,NA
I3130112746,2021,NA
I3130112746,2022,NA
I3130112746,2023,NA
I3130112746,2024,NA
I3130112746,2025,NA
I3131422684,2006,NA
I3131422684,2007,NA
I3131422684,2008,NA
I3131422684,2009,NA
I3131422684,2010,NA
I3131422684,2011,NA
I3131422684,2012,NA
I3131422684,2013,NA
I3131422684,2014,NA
I3131422684,2015,NA
I3131422684,2016,NA
I3131422684,2017,NA
I3131422684,2018,NA
I3131422684,2019,NA
I3131422684,2020,NA
I3131422684,2021,NA
I3131422684,2022,NA
I3131422684,2023,NA
I3131422684,2024,NA
I3131422684,2025,NA
I3129810703,2006,NA
I3129810703,2007,NA
I3129810703,2008,NA
I3129810703,2009,NA
I3129810703,2010,NA
I3129810703,2011,NA
I3129810703,2012,NA
I3129810703,2013,NA
I3129810703,2014,NA
I3129810703,2015,NA
I3129810703,2016,NA
I3129810703,2017,NA
I3129810703,2018,NA
I3129810703,2019,NA
I3129810703,2020,NA
I3129810703,2021,NA
I3129810703,2022,NA
I3129810703,2023,NA
I3129810703,2024,NA
I3129810703,2025,NA
I4405253428,2006,NA
I4405253428,2007,NA
I4405253428,2008,NA
I4405253428,2009,NA
I4405253428,2010,NA
I4405253428,2011,NA
I4405253428,2012,NA
I4405253428,2013,NA
I4405253428,2014,NA
I4405253428,2015,NA
I4405253428,2016,NA
I4405253428,2017,NA
I4405253428,2018,NA
I4405253428,2019,NA
I4405253428,2020,NA
I4405253428,2021,NA
I4405253428,2022,NA
I4405253428,2023,NA
I4405253428,2024,NA
I4405253428,2025,NA
I876237426,2006,NA
I876237426,2007,NA
I876237426,2008,NA
I876237426,2009,NA
I876237426,2010,NA
I876237426,2011,NA
I876237426,2012,NA
I876237426,2013,NA
I876237426,2014,NA
I876237426,2015,NA
I876237426,2016,NA
I876237426,2017,NA
I876237426,2018,NA
I876237426,2019,NA
I876237426,2020,NA
I876237426,2021,NA
I876237426,2022,NA
I876237426,2023,NA
I876237426,2024,NA
I876237426,2025,NA
I907303451,2006,NA
I907303451,2007,NA
I907303451,2008,NA
I907303451,2009,NA
I907303451,2010,NA
I907303451,2011,NA
I907303451,2012,NA
I907303451,2013,NA
I907303451,2014,NA
I907303451,2015,NA
I907303451,2016,NA
I907303451,2017,NA
I907303451,2018,NA
I907303451,2019,NA
I907303451,2020,NA
I907303451,2021,NA
I907303451,2022,NA
I907303451,2023,NA
I907303451,2024,NA
I907303451,2025,NA
I117467261,2006,NA
I117467261,2007,NA
I117467261,2008,NA
I117467261,2009,NA
I117467261,2010,NA
I117467261,2011,NA
I117467261,2012,NA
I117467261,2013,NA
I117467261,2014,NA
I117467261,2015,NA
I117467261,2016,NA
I117467261,2017,NA
I117467261,2018,NA
I117467261,2019,NA
I117467261,2020,NA
I117467261,2021,NA
I117467261,2022,NA
I117467261,2023,NA
I117467261,2024,NA
I117467261,2025,NA
I4405263428,2006,NA
I4405263428,2007,NA
I4405263428,2008,NA
I4405263428,2009,NA
I4405263428,2010,NA
I4405263428,2011,NA
I4405263428,2012,NA
I4405263428,2013,NA
I4405263428,2014,NA
I4405263428,2015,NA
I4405263428,2016,NA
I4405263428,2017,NA
I4405263428,2018,NA
I4405263428,2019,NA
I4405263428,2020,NA
I4405263428,2021,NA
I4405263428,2022,NA
I4405263428,2023,NA
I4405263428,2024,NA
I4405263428,2025,NA
I4405266775,2006,NA
I4405266775,2007,NA
I4405266775,2008,NA
I4405266775,2009,NA
I4405266775,2010,NA
I4405266775,2011,NA
I4405266775,2012,NA
I4405266775,2013,NA
I4405266775,2014,NA
I4405266775,2015,NA
I4405266775,2016,NA
I4405266775,2017,NA
I4405266775,2018,NA
I4405266775,2019,NA
I4405266775,2020,NA
I4405266775,2021,NA
I4405266775,2022,NA
I4405266775,2023,NA
I4405266775,2024,NA
I4405266775,2025,NA
I4210125801,2006,NA
I4210125801,2007,NA
I4210125801,2008,NA
I4210125801,2009,NA
I4210125801,2010,NA
I4210125801,2011,NA
I4210125801,2012,NA
I4210125801,2013,NA
I4210125801,2014,NA
I4210125801,2015,NA
I4210125801,2016,NA
I4210125801,2017,NA
I4210125801,2018,NA
I4210125801,2019,NA
I4210125801,2020,NA
I4210125801,2021,NA
I4210125801,2022,NA
I4210125801,2023,NA
I4210125801,2024,NA
I4210125801,2025,NA
I4210160143,2006,NA
I4210160143,2007,NA
I4210160143,2008,NA
I4210160143,2009,NA
I4210160143,2010,NA
I4210160143,2011,NA
I4210160143,2012,NA
I4210160143,2013,NA
I4210160143,2014,NA
I4210160143,2015,NA
I4210160143,2016,NA
I4210160143,2017,NA
I4210160143,2018,NA
I4210160143,2019,NA
I4210160143,2020,NA
I4210160143,2021,NA
I4210160143,2022,NA
I4210160143,2023,NA
I4210160143,2024,NA
I4210160143,2025,NA
I3130706911,2006,NA
I3130706911,2007,NA
I3130706911,2008,NA
I3130706911,2009,NA
I3130706911,2010,NA
I3130706911,2011,NA
I3130706911,2012,NA
I3130706911,2013,NA
I3130706911,2014,NA
I3130706911,2015,NA
I3130706911,2016,NA
I3130706911,2017,NA
I3130706911,2018,NA
I3130706911,2019,NA
I3130706911,2020,NA
I3130706911,2021,NA
I3130706911,2022,NA
I3130706911,2023,NA
I3130706911,2024,NA
I3130706911,2025,NA
I4210102561,2006,NA
I4210102561,2007,NA
I4210102561,2008,NA
I4210102561,2009,NA
I4210102561,2010,NA
I4210102561,2011,NA
I4210102561,2012,NA
I4210102561,2013,NA
I4210102561,2014,NA
I4210102561,2015,NA
I4210102561,2016,NA
I4210102561,2017,NA
I4210102561,2018,NA
I4210102561,2019,NA
I4210102561,2020,NA
I4210102561,2021,NA
I4210102561,2022,NA
I4210102561,2023,NA
I4210102561,2024,NA
I4210102561,2025,NA
I4210105111,2006,NA
I4210105111,2007,NA
I4210105111,2008,NA
I4210105111,2009,NA
I4210105111,2010,NA
I4210105111,2011,NA
I4210105111,2012,NA
I4210105111,2013,NA
I4210105111,2014,NA
I4210105111,2015,NA
I4210105111,2016,NA
I4210105111,2017,NA
I4210105111,2018,NA
I4210105111,2019,NA
I4210105111,2020,NA
I4210105111,2021,NA
I4210105111,2022,NA
I4210105111,2023,NA
I4210105111,2024,NA
I4210105111,2025,NA
I4210153708,2006,NA
I4210153708,2007,NA
I4210153708,2008,NA
I4210153708,2009,NA
I4210153708,2010,NA
I4210153708,2011,NA
I4210153708,2012,NA
I4210153708,2013,NA
I4210153708,2014,NA
I4210153708,2015,NA
I4210153708,2016,NA
I4210153708,2017,NA
I4210153708,2018,NA
I4210153708,2019,NA
I4210153708,2020,NA
I4210153708,2021,NA
I4210153708,2022,NA
I4210153708,2023,NA
I4210153708,2024,NA
I4210153708,2025,NA
I133388076,2006,NA
I133388076,2007,NA
I133388076,2008,NA
I133388076,2009,NA
I133388076,2010,NA
I133388076,2011,NA
I133388076,2012,NA
I133388076,2013,NA
I133388076,2014,NA
I133388076,2015,NA
I133388076,2016,NA
I133388076,2017,NA
I133388076,2018,NA
I133388076,2019,NA
I133388076,2020,NA
I133388076,2021,NA
I133388076,2022,NA
I133388076,2023,NA
I133388076,2024,NA
I133388076,2025,NA
I3132732495,2006,NA
I3132732495,2007,NA
I3132732495,2008,NA
I3132732495,2009,NA
I3132732495,2010,NA
I3132732495,2011,NA
I3132732495,2012,NA
I3132732495,2013,NA
I3132732495,2014,NA
I3132732495,2015,NA
I3132732495,2016,NA
I3132732495,2017,NA
I3132732495,2018,NA
I3132732495,2019,NA
I3132732495,2020,NA
I3132732495,2021,NA
I3132732495,2022,NA
I3132732495,2023,NA
I3132732495,2024,NA
I3132732495,2025,NA
I4210096293,2006,NA
I4210096293,2007,NA
I4210096293,2008,NA
I4210096293,2009,NA
I4210096293,2010,NA
I4210096293,2011,NA
I4210096293,2012,NA
I4210096293,2013,NA
I4210096293,2014,NA
I4210096293,2015,NA
I4210096293,2016,NA
I4210096293,2017,NA
I4210096293,2018,NA
I4210096293,2019,NA
I4210096293,2020,NA
I4210096293,2021,NA
I4210096293,2022,NA
I4210096293,2023,NA
I4210096293,2024,NA
I4210096293,2025,NA
I4405258473,2006,NA
I4405258473,2007,NA
I4405258473,2008,NA
I4405258473,2009,NA
I4405258473,2010,NA
I4405258473,2011,NA
I4405258473,2012,NA
I4405258473,2013,NA
I4405258473,2014,NA
I4405258473,2015,NA
I4405258473,2016,NA
I4405258473,2017,NA
I4405258473,2018,NA
I4405258473,2019,NA
I4405258473,2020,NA
I4405258473,2021,NA
I4405258473,2022,NA
I4405258473,2023,NA
I4405258473,2024,NA
I4405258473,2025,NA
I153487414,2006,NA
I153487414,2007,NA
I153487414,2008,NA
I153487414,2009,NA
I153487414,2010,NA
I153487414,2011,NA
I153487414,2012,NA
I153487414,2013,NA
I153487414,2014,NA
I153487414,2015,NA
I153487414,2016,NA
I153487414,2017,NA
I153487414,2018,NA
I153487414,2019,NA
I153487414,2020,NA
I153487414,2021,NA
I153487414,2022,NA
I153487414,2023,NA
I153487414,2024,NA
I153487414,2025,NA
I173434221,2006,NA
I173434221,2007,NA
I173434221,2008,NA
I173434221,2009,NA
I173434221,2010,NA
I173434221,2011,NA
I173434221,2012,NA
I173434221,2013,NA
I173434221,2014,NA
I173434221,2015,NA
I173434221,2016,NA
I173434221,2017,NA
I173434221,2018,NA
I173434221,2019,NA
I173434221,2020,NA
I173434221,2021,NA
I173434221,2022,NA
I173434221,2023,NA
I173434221,2024,NA
I173434221,2025,NA
I3130709561,2006,NA
I3130709561,2007,NA
I3130709561,2008,NA
I3130709561,2009,NA
I3130709561,2010,NA
I3130709561,2011,NA
I3130709561,2012,NA
I3130709561,2013,NA
I3130709561,2014,NA
I3130709561,2015,NA
I3130709561,2016,NA
I3130709561,2017,NA
I3130709561,2018,NA
I3130709561,2019,NA
I3130709561,2020,NA
I3130709561,2021,NA
I3130709561,2022,NA
I3130709561,2023,NA
I3130709561,2024,NA
I3130709561,2025,NA
I75880681,2006,NA
I75880681,2007,NA
I75880681,2008,NA
I75880681,2009,NA
I75880681,2010,NA
I75880681,2011,NA
I75880681,2012,NA
I75880681,2013,NA
I75880681,2014,NA
I75880681,2015,NA
I75880681,2016,NA
I75880681,2017,NA
I75880681,2018,NA
I75880681,2019,NA
I75880681,2020,NA
I75880681,2021,NA
I75880681,2022,NA
I75880681,2023,NA
I75880681,2024,NA
I75880681,2025,NA
I4210164694,2006,NA
I4210164694,2007,NA
I4210164694,2008,NA
I4210164694,2009,NA
I4210164694,2010,NA
I4210164694,2011,NA
I4210164694,2012,NA
I4210164694,2013,NA
I4210164694,2014,NA
I4210164694,2015,NA
I4210164694,2016,NA
I4210164694,2017,NA
I4210164694,2018,NA
I4210164694,2019,NA
I4210164694,2020,NA
I4210164694,2021,NA
I4210164694,2022,NA
I4210164694,2023,NA
I4210164694,2024,NA
I4210164694,2025,NA
I4210141539,2006,NA
I4210141539,2007,NA
I4210141539,2008,NA
I4210141539,2009,NA
I4210141539,2010,NA
I4210141539,2011,NA
I4210141539,2012,NA
I4210141539,2013,NA
I4210141539,2014,NA
I4210141539,2015,NA
I4210141539,2016,NA
I4210141539,2017,NA
I4210141539,2018,NA
I4210141539,2019,NA
I4210141539,2020,NA
I4210141539,2021,NA
I4210141539,2022,NA
I4210141539,2023,NA
I4210141539,2024,NA
I4210141539,2025,NA
I4210091557,2006,NA
I4210091557,2007,NA
I4210091557,2008,NA
I4210091557,2009,NA
I4210091557,2010,NA
I4210091557,2011,NA
I4210091557,2012,NA
I4210091557,2013,NA
I4210091557,2014,NA
I4210091557,2015,NA
I4210091557,2016,NA
I4210091557,2017,NA
I4210091557,2018,NA
I4210091557,2019,NA
I4210091557,2020,NA
I4210091557,2021,NA
I4210091557,2022,NA
I4210091557,2023,NA
I4210091557,2024,NA
I4210091557,2025,NA
I193649603,2006,NA
I193649603,2007,NA
I193649603,2008,NA
I193649603,2009,NA
I193649603,2010,NA
I193649603,2011,NA
I193649603,2012,NA
I193649603,2013,NA
I193649603,2014,NA
I193649603,2015,NA
I193649603,2016,NA
I193649603,2017,NA
I193649603,2018,NA
I193649603,2019,NA
I193649603,2020,NA
I193649603,2021,NA
I193649603,2022,NA
I193649603,2023,NA
I193649603,2024,NA
I193649603,2025,NA
I4210145742,2006,NA
I4210145742,2007,NA
I4210145742,2008,NA
I4210145742,2009,NA
I4210145742,2010,NA
I4210145742,2011,NA
I4210145742,2012,NA
I4210145742,2013,NA
I4210145742,2014,NA
I4210145742,2015,NA
I4210145742,2016,NA
I4210145742,2017,NA
I4210145742,2018,NA
I4210145742,2019,NA
I4210145742,2020,NA
I4210145742,2021,NA
I4210145742,2022,NA
I4210145742,2023,NA
I4210145742,2024,NA
I4210145742,2025,NA
I4210166538,2006,NA
I4210166538,2007,NA
I4210166538,2008,NA
I4210166538,2009,NA
I4210166538,2010,NA
I4210166538,2011,NA
I4210166538,2012,NA
I4210166538,2013,NA
I4210166538,2014,NA
I4210166538,2015,NA
I4210166538,2016,NA
I4210166538,2017,NA
I4210166538,2018,NA
I4210166538,2019,NA
I4210166538,2020,NA
I4210166538,2021,NA
I4210166538,2022,NA
I4210166538,2023,NA
I4210166538,2024,NA
I4210166538,2025,NA
I2801433745,2006,NA
I2801433745,2007,NA
I2801433745,2008,NA
I2801433745,2009,NA
I2801433745,2010,NA
I2801433745,2011,NA
I2801433745,2012,NA
I2801433745,2013,NA
I2801433745,2014,NA
I2801433745,2015,NA
I2801433745,2016,NA
I2801433745,2017,NA
I2801433745,2018,NA
I2801433745,2019,NA
I2801433745,2020,NA
I2801433745,2021,NA
I2801433745,2022,NA
I2801433745,2023,NA
I2801433745,2024,NA
I2801433745,2025,NA
I3130228804,2006,NA
I3130228804,2007,NA
I3130228804,2008,NA
I3130228804,2009,NA
I3130228804,2010,NA
I3130228804,2011,NA
I3130228804,2012,NA
I3130228804,2013,NA
I3130228804,2014,NA
I3130228804,2015,NA
I3130228804,2016,NA
I3130228804,2017,NA
I3130228804,2018,NA
I3130228804,2019,NA
I3130228804,2020,NA
I3130228804,2021,NA
I3130228804,2022,NA
I3130228804,2023,NA
I3130228804,2024,NA
I3130228804,2025,NA
I4405263704,2006,NA
I4405263704,2007,NA
I4405263704,2008,NA
I4405263704,2009,NA
I4405263704,2010,NA
I4405263704,2011,NA
I4405263704,2012,NA
I4405263704,2013,NA
I4405263704,2014,NA
I4405263704,2015,NA
I4405263704,2016,NA
I4405263704,2017,NA
I4405263704,2018,NA
I4405263704,2019,NA
I4405263704,2020,NA
I4405263704,2021,NA
I4405263704,2022,NA
I4405263704,2023,NA
I4405263704,2024,NA
I4405263704,2025,NA
I84058292,2006,NA
I84058292,2007,NA
I84058292,2008,NA
I84058292,2009,NA
I84058292,2010,NA
I84058292,2011,NA
I84058292,2012,NA
I84058292,2013,NA
I84058292,2014,NA
I84058292,2015,NA
I84058292,2016,NA
I84058292,2017,NA
I84058292,2018,NA
I84058292,2019,NA
I84058292,2020,NA
I84058292,2021,NA
I84058292,2022,NA
I84058292,2023,NA
I84058292,2024,NA
I84058292,2025,NA
I4405259878,2006,NA
I4405259878,2007,NA
I4405259878,2008,NA
I4405259878,2009,NA
I4405259878,2010,NA
I4405259878,2011,NA
I4405259878,2012,NA
I4405259878,2013,NA
I4405259878,2014,NA
I4405259878,2015,NA
I4405259878,2016,NA
I4405259878,2017,NA
I4405259878,2018,NA
I4405259878,2019,NA
I4405259878,2020,NA
I4405259878,2021,NA
I4405259878,2022,NA
I4405259878,2023,NA
I4405259878,2024,NA
I4405259878,2025,NA
I263341422,2006,NA
I263341422,2007,NA
I263341422,2008,NA
I263341422,2009,NA
I263341422,2010,NA
I263341422,2011,NA
I263341422,2012,NA
I263341422,2013,NA
I263341422,2014,NA
I263341422,2015,NA
I263341422,2016,NA
I263341422,2017,NA
I263341422,2018,NA
I263341422,2019,NA
I263341422,2020,NA
I263341422,2021,NA
I263341422,2022,NA
I263341422,2023,NA
I263341422,2024,NA
I263341422,2025,NA
I4405264009,2006,NA
I4405264009,2007,NA
I4405264009,2008,NA
I4405264009,2009,NA
I4405264009,2010,NA
I4405264009,2011,NA
I4405264009,2012,NA
I4405264009,2013,NA
I4405264009,2014,NA
I4405264009,2015,NA
I4405264009,2016,NA
I4405264009,2017,NA
I4405264009,2018,NA
I4405264009,2019,NA
I4405264009,2020,NA
I4405264009,2021,NA
I4405264009,2022,NA
I4405264009,2023,NA
I4405264009,2024,NA
I4405264009,2025,NA
I4210158144,2006,NA
I4210158144,2007,NA
I4210158144,2008,NA
I4210158144,2009,NA
I4210158144,2010,NA
I4210158144,2011,NA
I4210158144,2012,NA
I4210158144,2013,NA
I4210158144,2014,NA
I4210158144,2015,NA
I4210158144,2016,NA
I4210158144,2017,NA
I4210158144,2018,NA
I4210158144,2019,NA
I4210158144,2020,NA
I4210158144,2021,NA
I4210158144,2022,NA
I4210158144,2023,NA
I4210158144,2024,NA
I4210158144,2025,NA
I4210139959,2006,NA
I4210139959,2007,NA
I4210139959,2008,NA
I4210139959,2009,NA
I4210139959,2010,NA
I4210139959,2011,NA
I4210139959,2012,NA
I4210139959,2013,NA
I4210139959,2014,NA
I4210139959,2015,NA
I4210139959,2016,NA
I4210139959,2017,NA
I4210139959,2018,NA
I4210139959,2019,NA
I4210139959,2020,NA
I4210139959,2021,NA
I4210139959,2022,NA
I4210139959,2023,NA
I4210139959,2024,NA
I4210139959,2025,NA
I4210090543,2006,NA
I4210090543,2007,NA
I4210090543,2008,NA
I4210090543,2009,NA
I4210090543,2010,NA
I4210090543,2011,NA
I4210090543,2012,NA
I4210090543,2013,NA
I4210090543,2014,NA
I4210090543,2015,NA
I4210090543,2016,NA
I4210090543,2017,NA
I4210090543,2018,NA
I4210090543,2019,NA
I4210090543,2020,NA
I4210090543,2021,NA
I4210090543,2022,NA
I4210090543,2023,NA
I4210090543,2024,NA
I4210090543,2025,NA
I4210137934,2006,NA
I4210137934,2007,NA
I4210137934,2008,NA
I4210137934,2009,NA
I4210137934,2010,NA
I4210137934,2011,NA
I4210137934,2012,NA
I4210137934,2013,NA
I4210137934,2014,NA
I4210137934,2015,NA
I4210137934,2016,NA
I4210137934,2017,NA
I4210137934,2018,NA
I4210137934,2019,NA
I4210137934,2020,NA
I4210137934,2021,NA
I4210137934,2022,NA
I4210137934,2023,NA
I4210137934,2024,NA
I4210137934,2025,NA
I4210152378,2006,NA
I4210152378,2007,NA
I4210152378,2008,NA
I4210152378,2009,NA
I4210152378,2010,NA
I4210152378,2011,NA
I4210152378,2012,NA
I4210152378,2013,NA
I4210152378,2014,NA
I4210152378,2015,NA
I4210152378,2016,NA
I4210152378,2017,NA
I4210152378,2018,NA
I4210152378,2019,NA
I4210152378,2020,NA
I4210152378,2021,NA
I4210152378,2022,NA
I4210152378,2023,NA
I4210152378,2024,NA
I4210152378,2025,NA
I4210129808,2006,NA
I4210129808,2007,NA
I4210129808,2008,NA
I4210129808,2009,NA
I4210129808,2010,NA
I4210129808,2011,NA
I4210129808,2012,NA
I4210129808,2013,NA
I4210129808,2014,NA
I4210129808,2015,NA
I4210129808,2016,NA
I4210129808,2017,NA
I4210129808,2018,NA
I4210129808,2019,NA
I4210129808,2020,NA
I4210129808,2021,NA
I4210129808,2022,NA
I4210129808,2023,NA
I4210129808,2024,NA
I4210129808,2025,NA
I4210092288,2006,NA
I4210092288,2007,NA
I4210092288,2008,NA
I4210092288,2009,NA
I4210092288,2010,NA
I4210092288,2011,NA
I4210092288,2012,NA
I4210092288,2013,NA
I4210092288,2014,NA
I4210092288,2015,NA
I4210092288,2016,NA
I4210092288,2017,NA
I4210092288,2018,NA
I4210092288,2019,NA
I4210092288,2020,NA
I4210092288,2021,NA
I4210092288,2022,NA
I4210092288,2023,NA
I4210092288,2024,NA
I4210092288,2025,NA
I4210156448,2006,NA
I4210156448,2007,NA
I4210156448,2008,NA
I4210156448,2009,NA
I4210156448,2010,NA
I4210156448,2011,NA
I4210156448,2012,NA
I4210156448,2013,NA
I4210156448,2014,NA
I4210156448,2015,NA
I4210156448,2016,NA
I4210156448,2017,NA
I4210156448,2018,NA
I4210156448,2019,NA
I4210156448,2020,NA
I4210156448,2021,NA
I4210156448,2022,NA
I4210156448,2023,NA
I4210156448,2024,NA
I4210156448,2025,NA
I4210166287,2006,NA
I4210166287,2007,NA
I4210166287,2008,NA
I4210166287,2009,NA
I4210166287,2010,NA
I4210166287,2011,NA
I4210166287,2012,NA
I4210166287,2013,NA
I4210166287,2014,NA
I4210166287,2015,NA
I4210166287,2016,NA
I4210166287,2017,NA
I4210166287,2018,NA
I4210166287,2019,NA
I4210166287,2020,NA
I4210166287,2021,NA
I4210166287,2022,NA
I4210166287,2023,NA
I4210166287,2024,NA
I4210166287,2025,NA
I4210120363,2006,NA
I4210120363,2007,NA
I4210120363,2008,NA
I4210120363,2009,NA
I4210120363,2010,NA
I4210120363,2011,NA
I4210120363,2012,NA
I4210120363,2013,NA
I4210120363,2014,NA
I4210120363,2015,NA
I4210120363,2016,NA
I4210120363,2017,NA
I4210120363,2018,NA
I4210120363,2019,NA
I4210120363,2020,NA
I4210120363,2021,NA
I4210120363,2022,NA
I4210120363,2023,NA
I4210120363,2024,NA
I4210120363,2025,NA
I4405265941,2006,NA
I4405265941,2007,NA
I4405265941,2008,NA
I4405265941,2009,NA
I4405265941,2010,NA
I4405265941,2011,NA
I4405265941,2012,NA
I4405265941,2013,NA
I4405265941,2014,NA
I4405265941,2015,NA
I4405265941,2016,NA
I4405265941,2017,NA
I4405265941,2018,NA
I4405265941,2019,NA
I4405265941,2020,NA
I4405265941,2021,NA
I4405265941,2022,NA
I4405265941,2023,NA
I4405265941,2024,NA
I4405265941,2025,NA
I4405258352,2006,NA
I4405258352,2007,NA
I4405258352,2008,NA
I4405258352,2009,NA
I4405258352,2010,NA
I4405258352,2011,NA
I4405258352,2012,NA
I4405258352,2013,NA
I4405258352,2014,NA
I4405258352,2015,NA
I4405258352,2016,NA
I4405258352,2017,NA
I4405258352,2018,NA
I4405258352,2019,NA
I4405258352,2020,NA
I4405258352,2021,NA
I4405258352,2022,NA
I4405258352,2023,NA
I4405258352,2024,NA
I4405258352,2025,NA
I4210099641,2006,NA
I4210099641,2007,NA
I4210099641,2008,NA
I4210099641,2009,NA
I4210099641,2010,NA
I4210099641,2011,NA
I4210099641,2012,NA
I4210099641,2013,NA
I4210099641,2014,NA
I4210099641,2015,NA
I4210099641,2016,NA
I4210099641,2017,NA
I4210099641,2018,NA
I4210099641,2019,NA
I4210099641,2020,NA
I4210099641,2021,NA
I4210099641,2022,NA
I4210099641,2023,NA
I4210099641,2024,NA
I4210099641,2025,NA
I4210105489,2006,NA
I4210105489,2007,NA
I4210105489,2008,NA
I4210105489,2009,NA
I4210105489,2010,NA
I4210105489,2011,NA
I4210105489,2012,NA
I4210105489,2013,NA
I4210105489,2014,NA
I4210105489,2015,NA
I4210105489,2016,NA
I4210105489,2017,NA
I4210105489,2018,NA
I4210105489,2019,NA
I4210105489,2020,NA
I4210105489,2021,NA
I4210105489,2022,NA
I4210105489,2023,NA
I4210105489,2024,NA
I4210105489,2025,NA
I4405260816,2006,NA
I4405260816,2007,NA
I4405260816,2008,NA
I4405260816,2009,NA
I4405260816,2010,NA
I4405260816,2011,NA
I4405260816,2012,NA
I4405260816,2013,NA
I4405260816,2014,NA
I4405260816,2015,NA
I4405260816,2016,NA
I4405260816,2017,NA
I4405260816,2018,NA
I4405260816,2019,NA
I4405260816,2020,NA
I4405260816,2021,NA
I4405260816,2022,NA
I4405260816,2023,NA
I4405260816,2024,NA
I4405260816,2025,NA
I4210103479,2006,NA
I4210103479,2007,NA
I4210103479,2008,NA
I4210103479,2009,NA
I4210103479,2010,NA
I4210103479,2011,NA
I4210103479,2012,NA
I4210103479,2013,NA
I4210103479,2014,NA
I4210103479,2015,NA
I4210103479,2016,NA
I4210103479,2017,NA
I4210103479,2018,NA
I4210103479,2019,NA
I4210103479,2020,NA
I4210103479,2021,NA
I4210103479,2022,NA
I4210103479,2023,NA
I4210103479,2024,NA
I4210103479,2025,NA
I4405259189,2006,NA
I4405259189,2007,NA
I4405259189,2008,NA
I4405259189,2009,NA
I4405259189,2010,NA
I4405259189,2011,NA
I4405259189,2012,NA
I4405259189,2013,NA
I4405259189,2014,NA
I4405259189,2015,NA
I4405259189,2016,NA
I4405259189,2017,NA
I4405259189,2018,NA
I4405259189,2019,NA
I4405259189,2020,NA
I4405259189,2021,NA
I4405259189,2022,NA
I4405259189,2023,NA
I4405259189,2024,NA
I4405259189,2025,NA
I4405266692,2006,NA
I4405266692,2007,NA
I4405266692,2008,NA
I4405266692,2009,NA
I4405266692,2010,NA
I4405266692,2011,NA
I4405266692,2012,NA
I4405266692,2013,NA
I4405266692,2014,NA
I4405266692,2015,NA
I4405266692,2016,NA
I4405266692,2017,NA
I4405266692,2018,NA
I4405266692,2019,NA
I4405266692,2020,NA
I4405266692,2021,NA
I4405266692,2022,NA
I4405266692,2023,NA
I4405266692,2024,NA
I4405266692,2025,NA
I4210105102,2006,NA
I4210105102,2007,NA
I4210105102,2008,NA
I4210105102,2009,NA
I4210105102,2010,NA
I4210105102,2011,NA
I4210105102,2012,NA
I4210105102,2013,NA
I4210105102,2014,NA
I4210105102,2015,NA
I4210105102,2016,NA
I4210105102,2017,NA
I4210105102,2018,NA
I4210105102,2019,NA
I4210105102,2020,NA
I4210105102,2021,NA
I4210105102,2022,NA
I4210105102,2023,NA
I4210105102,2024,NA
I4210105102,2025,NA
I4210152084,2006,NA
I4210152084,2007,NA
I4210152084,2008,NA
I4210152084,2009,NA
I4210152084,2010,NA
I4210152084,2011,NA
I4210152084,2012,NA
I4210152084,2013,NA
I4210152084,2014,NA
I4210152084,2015,NA
I4210152084,2016,NA
I4210152084,2017,NA
I4210152084,2018,NA
I4210152084,2019,NA
I4210152084,2020,NA
I4210152084,2021,NA
I4210152084,2022,NA
I4210152084,2023,NA
I4210152084,2024,NA
I4210152084,2025,NA
I4405256489,2006,NA
I4405256489,2007,NA
I4405256489,2008,NA
I4405256489,2009,NA
I4405256489,2010,NA
I4405256489,2011,NA
I4405256489,2012,NA
I4405256489,2013,NA
I4405256489,2014,NA
I4405256489,2015,NA
I4405256489,2016,NA
I4405256489,2017,NA
I4405256489,2018,NA
I4405256489,2019,NA
I4405256489,2020,NA
I4405256489,2021,NA
I4405256489,2022,NA
I4405256489,2023,NA
I4405256489,2024,NA
I4405256489,2025,NA
I3133097027,2006,NA
I3133097027,2007,NA
I3133097027,2008,NA
I3133097027,2009,NA
I3133097027,2010,NA
I3133097027,2011,NA
I3133097027,2012,NA
I3133097027,2013,NA
I3133097027,2014,NA
I3133097027,2015,NA
I3133097027,2016,NA
I3133097027,2017,NA
I3133097027,2018,NA
I3133097027,2019,NA
I3133097027,2020,NA
I3133097027,2021,NA
I3133097027,2022,NA
I3133097027,2023,NA
I3133097027,2024,NA
I3133097027,2025,NA
I4405254071,2006,NA
I4405254071,2007,NA
I4405254071,2008,NA
I4405254071,2009,NA
I4405254071,2010,NA
I4405254071,2011,NA
I4405254071,2012,NA
I4405254071,2013,NA
I4405254071,2014,NA
I4405254071,2015,NA
I4405254071,2016,NA
I4405254071,2017,NA
I4405254071,2018,NA
I4405254071,2019,NA
I4405254071,2020,NA
I4405254071,2021,NA
I4405254071,2022,NA
I4405254071,2023,NA
I4405254071,2024,NA
I4405254071,2025,NA
I4405258179,2006,NA
I4405258179,2007,NA
I4405258179,2008,NA
I4405258179,2009,NA
I4405258179,2010,NA
I4405258179,2011,NA
I4405258179,2012,NA
I4405258179,2013,NA
I4405258179,2014,NA
I4405258179,2015,NA
I4405258179,2016,NA
I4405258179,2017,NA
I4405258179,2018,NA
I4405258179,2019,NA
I4405258179,2020,NA
I4405258179,2021,NA
I4405258179,2022,NA
I4405258179,2023,NA
I4405258179,2024,NA
I4405258179,2025,NA
I160419504,2006,NA
I160419504,2007,NA
I160419504,2008,NA
I160419504,2009,NA
I160419504,2010,NA
I160419504,2011,NA
I160419504,2012,NA
I160419504,2013,NA
I160419504,2014,NA
I160419504,2015,NA
I160419504,2016,NA
I160419504,2017,NA
I160419504,2018,NA
I160419504,2019,NA
I160419504,2020,NA
I160419504,2021,NA
I160419504,2022,NA
I160419504,2023,NA
I160419504,2024,NA
I160419504,2025,NA
I4405256362,2006,NA
I4405256362,2007,NA
I4405256362,2008,NA
I4405256362,2009,NA
I4405256362,2010,NA
I4405256362,2011,NA
I4405256362,2012,NA
I4405256362,2013,NA
I4405256362,2014,NA
I4405256362,2015,NA
I4405256362,2016,NA
I4405256362,2017,NA
I4405256362,2018,NA
I4405256362,2019,NA
I4405256362,2020,NA
I4405256362,2021,NA
I4405256362,2022,NA
I4405256362,2023,NA
I4405256362,2024,NA
I4405256362,2025,NA
I4405262561,2006,NA
I4405262561,2007,NA
I4405262561,2008,NA
I4405262561,2009,NA
I4405262561,2010,NA
I4405262561,2011,NA
I4405262561,2012,NA
I4405262561,2013,NA
I4405262561,2014,NA
I4405262561,2015,NA
I4405262561,2016,NA
I4405262561,2017,NA
I4405262561,2018,NA
I4405262561,2019,NA
I4405262561,2020,NA
I4405262561,2021,NA
I4405262561,2022,NA
I4405262561,2023,NA
I4405262561,2024,NA
I4405262561,2025,NA
I2803198,2006,NA
I2803198,2007,NA
I2803198,2008,NA
I2803198,2009,NA
I2803198,2010,NA
I2803198,2011,NA
I2803198,2012,NA
I2803198,2013,NA
I2803198,2014,NA
I2803198,2015,NA
I2803198,2016,NA
I2803198,2017,NA
I2803198,2018,NA
I2803198,2019,NA
I2803198,2020,NA
I2803198,2021,NA
I2803198,2022,NA
I2803198,2023,NA
I2803198,2024,NA
I2803198,2025,NA
I44852757,2006,NA
I44852757,2007,NA
I44852757,2008,NA
I44852757,2009,NA
I44852757,2010,NA
I44852757,2011,NA
I44852757,2012,NA
I44852757,2013,NA
I44852757,2014,NA
I44852757,2015,NA
I44852757,2016,NA
I44852757,2017,NA
I44852757,2018,NA
I44852757,2019,NA
I44852757,2020,NA
I44852757,2021,NA
I44852757,2022,NA
I44852757,2023,NA
I44852757,2024,NA
I44852757,2025,NA
I4210110003,2006,NA
I4210110003,2007,NA
I4210110003,2008,NA
I4210110003,2009,NA
I4210110003,2010,NA
I4210110003,2011,NA
I4210110003,2012,NA
I4210110003,2013,NA
I4210110003,2014,NA
I4210110003,2015,NA
I4210110003,2016,NA
I4210110003,2017,NA
I4210110003,2018,NA
I4210110003,2019,NA
I4210110003,2020,NA
I4210110003,2021,NA
I4210110003,2022,NA
I4210110003,2023,NA
I4210110003,2024,NA
I4210110003,2025,NA
I4210097056,2006,NA
I4210097056,2007,NA
I4210097056,2008,NA
I4210097056,2009,NA
I4210097056,2010,NA
I4210097056,2011,NA
I4210097056,2012,NA
I4210097056,2013,NA
I4210097056,2014,NA
I4210097056,2015,NA
I4210097056,2016,NA
I4210097056,2017,NA
I4210097056,2018,NA
I4210097056,2019,NA
I4210097056,2020,NA
I4210097056,2021,NA
I4210097056,2022,NA
I4210097056,2023,NA
I4210097056,2024,NA
I4210097056,2025,NA
I95541853,2006,NA
I95541853,2007,NA
I95541853,2008,NA
I95541853,2009,NA
I95541853,2010,NA
I95541853,2011,NA
I95541853,2012,NA
I95541853,2013,NA
I95541853,2014,NA
I95541853,2015,NA
I95541853,2016,NA
I95541853,2017,NA
I95541853,2018,NA
I95541853,2019,NA
I95541853,2020,NA
I95541853,2021,NA
I95541853,2022,NA
I95541853,2023,NA
I95541853,2024,NA
I95541853,2025,NA
I4405258719,2006,NA
I4405258719,2007,NA
I4405258719,2008,NA
I4405258719,2009,NA
I4405258719,2010,NA
I4405258719,2011,NA
I4405258719,2012,NA
I4405258719,2013,NA
I4405258719,2014,NA
I4405258719,2015,NA
I4405258719,2016,NA
I4405258719,2017,NA
I4405258719,2018,NA
I4405258719,2019,NA
I4405258719,2020,NA
I4405258719,2021,NA
I4405258719,2022,NA
I4405258719,2023,NA
I4405258719,2024,NA
I4405258719,2025,NA
I4210089085,2006,NA
I4210089085,2007,NA
I4210089085,2008,NA
I4210089085,2009,NA
I4210089085,2010,NA
I4210089085,2011,NA
I4210089085,2012,NA
I4210089085,2013,NA
I4210089085,2014,NA
I4210089085,2015,NA
I4210089085,2016,NA
I4210089085,2017,NA
I4210089085,2018,NA
I4210089085,2019,NA
I4210089085,2020,NA
I4210089085,2021,NA
I4210089085,2022,NA
I4210089085,2023,NA
I4210089085,2024,NA
I4210089085,2025,NA
I4210123672,2006,NA
I4210123672,2007,NA
I4210123672,2008,NA
I4210123672,2009,NA
I4210123672,2010,NA
I4210123672,2011,NA
I4210123672,2012,NA
I4210123672,2013,NA
I4210123672,2014,NA
I4210123672,2015,NA
I4210123672,2016,NA
I4210123672,2017,NA
I4210123672,2018,NA
I4210123672,2019,NA
I4210123672,2020,NA
I4210123672,2021,NA
I4210123672,2022,NA
I4210123672,2023,NA
I4210123672,2024,NA
I4210123672,2025,NA
I35496013,2006,NA
I35496013,2007,NA
I35496013,2008,NA
I35496013,2009,NA
I35496013,2010,NA
I35496013,2011,NA
I35496013,2012,NA
I35496013,2013,NA
I35496013,2014,NA
I35496013,2015,NA
I35496013,2016,NA
I35496013,2017,NA
I35496013,2018,NA
I35496013,2019,NA
I35496013,2020,NA
I35496013,2021,NA
I35496013,2022,NA
I35496013,2023,NA
I35496013,2024,NA
I35496013,2025,NA
I4210138007,2006,NA
I4210138007,2007,NA
I4210138007,2008,NA
I4210138007,2009,NA
I4210138007,2010,NA
I4210138007,2011,NA
I4210138007,2012,NA
I4210138007,2013,NA
I4210138007,2014,NA
I4210138007,2015,NA
I4210138007,2016,NA
I4210138007,2017,NA
I4210138007,2018,NA
I4210138007,2019,NA
I4210138007,2020,NA
I4210138007,2021,NA
I4210138007,2022,NA
I4210138007,2023,NA
I4210138007,2024,NA
I4210138007,2025,NA
I4210125477,2006,NA
I4210125477,2007,NA
I4210125477,2008,NA
I4210125477,2009,NA
I4210125477,2010,NA
I4210125477,2011,NA
I4210125477,2012,NA
I4210125477,2013,NA
I4210125477,2014,NA
I4210125477,2015,NA
I4210125477,2016,NA
I4210125477,2017,NA
I4210125477,2018,NA
I4210125477,2019,NA
I4210125477,2020,NA
I4210125477,2021,NA
I4210125477,2022,NA
I4210125477,2023,NA
I4210125477,2024,NA
I4210125477,2025,NA
I3131644003,2006,NA
I3131644003,2007,NA
I3131644003,2008,NA
I3131644003,2009,NA
I3131644003,2010,NA
I3131644003,2011,NA
I3131644003,2012,NA
I3131644003,2013,NA
I3131644003,2014,NA
I3131644003,2015,NA
I3131644003,2016,NA
I3131644003,2017,NA
I3131644003,2018,NA
I3131644003,2019,NA
I3131644003,2020,NA
I3131644003,2021,NA
I3131644003,2022,NA
I3131644003,2023,NA
I3131644003,2024,NA
I3131644003,2025,NA
I4210151986,2006,NA
I4210151986,2007,NA
I4210151986,2008,NA
I4210151986,2009,NA
I4210151986,2010,NA
I4210151986,2011,NA
I4210151986,2012,NA
I4210151986,2013,NA
I4210151986,2014,NA
I4210151986,2015,NA
I4210151986,2016,NA
I4210151986,2017,NA
I4210151986,2018,NA
I4210151986,2019,NA
I4210151986,2020,NA
I4210151986,2021,NA
I4210151986,2022,NA
I4210151986,2023,NA
I4210151986,2024,NA
I4210151986,2025,NA
I87477611,2006,NA
I87477611,2007,NA
I87477611,2008,NA
I87477611,2009,NA
I87477611,2010,NA
I87477611,2011,NA
I87477611,2012,NA
I87477611,2013,NA
I87477611,2014,NA
I87477611,2015,NA
I87477611,2016,NA
I87477611,2017,NA
I87477611,2018,NA
I87477611,2019,NA
I87477611,2020,NA
I87477611,2021,NA
I87477611,2022,NA
I87477611,2023,NA
I87477611,2024,NA
I87477611,2025,NA
I4405258866,2006,NA
I4405258866,2007,NA
I4405258866,2008,NA
I4405258866,2009,NA
I4405258866,2010,NA
I4405258866,2011,NA
I4405258866,2012,NA
I4405258866,2013,0
I4405258866,2014,0
I4405258866,2015,0
I4405258866,2016,0
I4405258866,2017,0
I4405258866,2018,NA
I4405258866,2019,NA
I4405258866,2020,NA
I4405258866,2021,NA
I4405258866,2022,NA
I4405258866,2023,NA
I4405258866,2024,NA
I4405258866,2025,NA
I166934088,2006,NA
I166934088,2007,NA
I166934088,2008,NA
I166934088,2009,NA
I166934088,2010,438
I166934088,2011,1502
I166934088,2012,669
I166934088,2013,596
I166934088,2014,NA
I166934088,2015,NA
I166934088,2016,NA
I166934088,2017,NA
I166934088,2018,NA
I166934088,2019,NA
I166934088,2020,NA
I166934088,2021,NA
I166934088,2022,NA
I166934088,2023,NA
I166934088,2024,NA
I166934088,2025,NA
I4405261081,2006,0
I4405261081,2007,0
I4405261081,2008,0
I4405261081,2009,0
I4405261081,2010,0
I4405261081,2011,NA
I4405261081,2012,NA
I4405261081,2013,NA
I4405261081,2014,NA
I4405261081,2015,NA
I4405261081,2016,NA
I4405261081,2017,NA
I4405261081,2018,NA
I4405261081,2019,NA
I4405261081,2020,NA
I4405261081,2021,NA
I4405261081,2022,NA
I4405261081,2023,0
I4405261081,2024,0
I4405261081,2025,0
I4210112864,2006,0
I4210112864,2007,0
I4210112864,2008,NA
I4210112864,2009,NA
I4210112864,2010,NA
I4210112864,2011,NA
I4210112864,2012,NA
I4210112864,2013,NA
I4210112864,2014,NA
I4210112864,2015,NA
I4210112864,2016,NA
I4210112864,2017,NA
I4210112864,2018,NA
I4210112864,2019,NA
I4210112864,2020,0
I4210112864,2021,0
I4210112864,2022,0
I4210112864,2023,0
I4210112864,2024,NA
I4210112864,2025,NA
I4210119257,2006,NA
I4210119257,2007,NA
I4210119257,2008,NA
I4210119257,2009,NA
I4210119257,2010,NA
I4210119257,2011,NA
I4210119257,2012,NA
I4210119257,2013,NA
I4210119257,2014,NA
I4210119257,2015,NA
I4210119257,2016,231
I4210119257,2017,472
I4210119257,2018,804
I4210119257,2019,2003
I4210119257,2020,3199
I4210119257,2021,10053
I4210119257,2022,1178
I4210119257,2023,836
I4210119257,2024,895
I4210119257,2025,243
I4403386471,2006,0
I4403386471,2007,0
I4403386471,2008,0
I4403386471,2009,0
I4403386471,2010,0
I4403386471,2011,0
I4403386471,2012,0
I4403386471,2013,0
I4403386471,2014,0
I4403386471,2015,0
I4403386471,2016,0
I4403386471,2017,0
I4403386471,2018,37
I4403386471,2019,119
I4403386471,2020,195
I4403386471,2021,583
I4403386471,2022,1042
I4403386471,2023,1886
I4403386471,2024,1466
I4403386471,2025,497
I3130811397,2006,0
I3130811397,2007,0
I3130811397,2008,0
I3130811397,2009,0
I3130811397,2010,0
I3130811397,2011,22
I3130811397,2012,9
I3130811397,2013,4
I3130811397,2014,2
I3130811397,2015,6
I3130811397,2016,1
I3130811397,2017,0
I3130811397,2018,0
I3130811397,2019,0
I3130811397,2020,0
I3130811397,2021,4
I3130811397,2022,70
I3130811397,2023,10
I3130811397,2024,0
I3130811397,2025,3
I4210110579,2006,1326
I4210110579,2007,365
I4210110579,2008,95
I4210110579,2009,318
I4210110579,2010,348
I4210110579,2011,1086
I4210110579,2012,1540
I4210110579,2013,1199
I4210110579,2014,531
I4210110579,2015,739
I4210110579,2016,1770
I4210110579,2017,973
I4210110579,2018,1247
I4210110579,2019,697
I4210110579,2020,2511
I4210110579,2021,1701
I4210110579,2022,1414
I4210110579,2023,374
I4210110579,2024,235
I4210110579,2025,136
I4210157616,2006,2517
I4210157616,2007,2127
I4210157616,2008,1436
I4210157616,2009,1535
I4210157616,2010,1000
I4210157616,2011,975
I4210157616,2012,1050
I4210157616,2013,1087
I4210157616,2014,1306
I4210157616,2015,2044
I4210157616,2016,2626
I4210157616,2017,2957
I4210157616,2018,2318
I4210157616,2019,2031
I4210157616,2020,2848
I4210157616,2021,2680
I4210157616,2022,1580
I4210157616,2023,1717
I4210157616,2024,981
I4210157616,2025,434
I4210096875,2006,0
I4210096875,2007,0
I4210096875,2008,0
I4210096875,2009,10
I4210096875,2010,29
I4210096875,2011,1
I4210096875,2012,5
I4210096875,2013,3
I4210096875,2014,13
I4210096875,2015,8
I4210096875,2016,12
I4210096875,2017,265
I4210096875,2018,133
I4210096875,2019,69
I4210096875,2020,116
I4210096875,2021,71
I4210096875,2022,97
I4210096875,2023,14
I4210096875,2024,62
I4210096875,2025,10
I4405261141,2006,0
I4405261141,2007,0
I4405261141,2008,0
I4405261141,2009,0
I4405261141,2010,0
I4405261141,2011,0
I4405261141,2012,0
I4405261141,2013,0
I4405261141,2014,0
I4405261141,2015,0
I4405261141,2016,0
I4405261141,2017,0
I4405261141,2018,0
I4405261141,2019,0
I4405261141,2020,0
I4405261141,2021,0
I4405261141,2022,0
I4405261141,2023,0
I4405261141,2024,0
I4405261141,2025,0
I4210139766,2006,0
I4210139766,2007,21
I4210139766,2008,0
I4210139766,2009,0
I4210139766,2010,0
I4210139766,2011,0
I4210139766,2012,1
I4210139766,2013,36
I4210139766,2014,0
I4210139766,2015,14
I4210139766,2016,20
I4210139766,2017,37
I4210139766,2018,40
I4210139766,2019,15
I4210139766,2020,14
I4210139766,2021,95
I4210139766,2022,63
I4210139766,2023,8
I4210139766,2024,52
I4210139766,2025,30
I4210122153,2006,0
I4210122153,2007,0
I4210122153,2008,0
I4210122153,2009,0
I4210122153,2010,0
I4210122153,2011,0
I4210122153,2012,0
I4210122153,2013,0
I4210122153,2014,8
I4210122153,2015,11
I4210122153,2016,0
I4210122153,2017,1
I4210122153,2018,22
I4210122153,2019,32
I4210122153,2020,0
I4210122153,2021,107
I4210122153,2022,33
I4210122153,2023,0
I4210122153,2024,0
I4210122153,2025,2
I4210119614,2006,0
I4210119614,2007,0
I4210119614,2008,0
I4210119614,2009,0
I4210119614,2010,3
I4210119614,2011,0
I4210119614,2012,0
I4210119614,2013,0
I4210119614,2014,0
I4210119614,2015,0
I4210119614,2016,0
I4210119614,2017,4
I4210119614,2018,11
I4210119614,2019,0
I4210119614,2020,0
I4210119614,2021,0
I4210119614,2022,2
I4210119614,2023,29
I4210119614,2024,0
I4210119614,2025,0
I4210130933,2006,1532
I4210130933,2007,1779
I4210130933,2008,2732
I4210130933,2009,2766
I4210130933,2010,4849
I4210130933,2011,3083
I4210130933,2012,2303
I4210130933,2013,3247
I4210130933,2014,3702
I4210130933,2015,3474
I4210130933,2016,2817
I4210130933,2017,3479
I4210130933,2018,2434
I4210130933,2019,2355
I4210130933,2020,2127
I4210130933,2021,1919
I4210130933,2022,1655
I4210130933,2023,652
I4210130933,2024,410
I4210130933,2025,263
I4210136418,2006,210
I4210136418,2007,370
I4210136418,2008,368
I4210136418,2009,450
I4210136418,2010,201
I4210136418,2011,360
I4210136418,2012,732
I4210136418,2013,457
I4210136418,2014,174
I4210136418,2015,483
I4210136418,2016,667
I4210136418,2017,918
I4210136418,2018,2389
I4210136418,2019,4061
I4210136418,2020,1836
I4210136418,2021,2146
I4210136418,2022,1618
I4210136418,2023,1478
I4210136418,2024,574
I4210136418,2025,269
I4210130700,2006,0
I4210130700,2007,0
I4210130700,2008,0
I4210130700,2009,14
I4210130700,2010,0
I4210130700,2011,88
I4210130700,2012,19
I4210130700,2013,64
I4210130700,2014,121
I4210130700,2015,103
I4210130700,2016,126
I4210130700,2017,37
I4210130700,2018,83
I4210130700,2019,104
I4210130700,2020,113
I4210130700,2021,69
I4210130700,2022,95
I4210130700,2023,79
I4210130700,2024,40
I4210130700,2025,11
I4210114322,2006,631
I4210114322,2007,696
I4210114322,2008,500
I4210114322,2009,859
I4210114322,2010,948
I4210114322,2011,1240
I4210114322,2012,496
I4210114322,2013,279
I4210114322,2014,557
I4210114322,2015,830
I4210114322,2016,1138
I4210114322,2017,362
I4210114322,2018,882
I4210114322,2019,639
I4210114322,2020,335
I4210114322,2021,413
I4210114322,2022,308
I4210114322,2023,345
I4210114322,2024,253
I4210114322,2025,34
I4210126988,2006,67
I4210126988,2007,0
I4210126988,2008,101
I4210126988,2009,49
I4210126988,2010,59
I4210126988,2011,18
I4210126988,2012,29
I4210126988,2013,2
I4210126988,2014,31
I4210126988,2015,47
I4210126988,2016,140
I4210126988,2017,59
I4210126988,2018,57
I4210126988,2019,6
I4210126988,2020,192
I4210126988,2021,27
I4210126988,2022,42
I4210126988,2023,22
I4210126988,2024,1
I4210126988,2025,14
I4210137645,2006,0
I4210137645,2007,0
I4210137645,2008,0
I4210137645,2009,0
I4210137645,2010,0
I4210137645,2011,0
I4210137645,2012,1
I4210137645,2013,3
I4210137645,2014,0
I4210137645,2015,5
I4210137645,2016,0
I4210137645,2017,0
I4210137645,2018,0
I4210137645,2019,0
I4210137645,2020,7
I4210137645,2021,0
I4210137645,2022,2
I4210137645,2023,1
I4210137645,2024,1
I4210137645,2025,0
I4210142661,2006,1828
I4210142661,2007,1561
I4210142661,2008,1194
I4210142661,2009,3283
I4210142661,2010,1534
I4210142661,2011,1661
I4210142661,2012,1388
I4210142661,2013,1436
I4210142661,2014,1371
I4210142661,2015,1150
I4210142661,2016,1146
I4210142661,2017,3798
I4210142661,2018,1573
I4210142661,2019,2243
I4210142661,2020,2379
I4210142661,2021,2052
I4210142661,2022,1661
I4210142661,2023,1055
I4210142661,2024,641
I4210142661,2025,171
I4405260641,2006,0
I4405260641,2007,0
I4405260641,2008,0
I4405260641,2009,0
I4405260641,2010,0
I4405260641,2011,0
I4405260641,2012,0
I4405260641,2013,0
I4405260641,2014,0
I4405260641,2015,0
I4405260641,2016,0
I4405260641,2017,0
I4405260641,2018,0
I4405260641,2019,0
I4405260641,2020,0
I4405260641,2021,0
I4405260641,2022,0
I4405260641,2023,0
I4405260641,2024,0
I4405260641,2025,0
I4210153527,2006,230
I4210153527,2007,60
I4210153527,2008,276
I4210153527,2009,1848
I4210153527,2010,1025
I4210153527,2011,996
I4210153527,2012,522
I4210153527,2013,779
I4210153527,2014,935
I4210153527,2015,1154
I4210153527,2016,1648
I4210153527,2017,805
I4210153527,2018,1692
I4210153527,2019,1256
I4210153527,2020,831
I4210153527,2021,1208
I4210153527,2022,525
I4210153527,2023,528
I4210153527,2024,484
I4210153527,2025,106
I4210162108,2006,139
I4210162108,2007,543
I4210162108,2008,269
I4210162108,2009,646
I4210162108,2010,427
I4210162108,2011,302
I4210162108,2012,387
I4210162108,2013,420
I4210162108,2014,357
I4210162108,2015,563
I4210162108,2016,472
I4210162108,2017,2279
I4210162108,2018,803
I4210162108,2019,515
I4210162108,2020,443
I4210162108,2021,254
I4210162108,2022,355
I4210162108,2023,356
I4210162108,2024,96
I4210162108,2025,82
I4210160645,2006,0
I4210160645,2007,0
I4210160645,2008,0
I4210160645,2009,9
I4210160645,2010,0
I4210160645,2011,0
I4210160645,2012,0
I4210160645,2013,4
I4210160645,2014,2
I4210160645,2015,0
I4210160645,2016,0
I4210160645,2017,0
I4210160645,2018,1
I4210160645,2019,13
I4210160645,2020,24
I4210160645,2021,1
I4210160645,2022,89
I4210160645,2023,36
I4210160645,2024,9
I4210160645,2025,8
I4210087030,2006,0
I4210087030,2007,0
I4210087030,2008,0
I4210087030,2009,5
I4210087030,2010,0
I4210087030,2011,0
I4210087030,2012,6
I4210087030,2013,0
I4210087030,2014,0
I4210087030,2015,0
I4210087030,2016,0
I4210087030,2017,25
I4210087030,2018,106
I4210087030,2019,27
I4210087030,2020,155
I4210087030,2021,42
I4210087030,2022,21
I4210087030,2023,47
I4210087030,2024,42
I4210087030,2025,1
I4210093986,2006,530
I4210093986,2007,564
I4210093986,2008,312
I4210093986,2009,573
I4210093986,2010,245
I4210093986,2011,536
I4210093986,2012,1226
I4210093986,2013,700
I4210093986,2014,880
I4210093986,2015,508
I4210093986,2016,744
I4210093986,2017,747
I4210093986,2018,655
I4210093986,2019,257
I4210093986,2020,401
I4210093986,2021,1475
I4210093986,2022,1745
I4210093986,2023,438
I4210093986,2024,301
I4210093986,2025,70
I4405259478,2006,0
I4405259478,2007,0
I4405259478,2008,0
I4405259478,2009,0
I4405259478,2010,0
I4405259478,2011,0
I4405259478,2012,0
I4405259478,2013,0
I4405259478,2014,0
I4405259478,2015,0
I4405259478,2016,0
I4405259478,2017,0
I4405259478,2018,0
I4405259478,2019,0
I4405259478,2020,0
I4405259478,2021,0
I4405259478,2022,0
I4405259478,2023,0
I4405259478,2024,0
I4405259478,2025,0
I4210090812,2006,3
I4210090812,2007,22
I4210090812,2008,14
I4210090812,2009,210
I4210090812,2010,104
I4210090812,2011,300
I4210090812,2012,606
I4210090812,2013,464
I4210090812,2014,84
I4210090812,2015,88
I4210090812,2016,193
I4210090812,2017,173
I4210090812,2018,614
I4210090812,2019,275
I4210090812,2020,283
I4210090812,2021,249
I4210090812,2022,191
I4210090812,2023,113
I4210090812,2024,104
I4210090812,2025,41
I4210109780,2006,0
I4210109780,2007,0
I4210109780,2008,0
I4210109780,2009,14
I4210109780,2010,1
I4210109780,2011,0
I4210109780,2012,0
I4210109780,2013,0
I4210109780,2014,0
I4210109780,2015,0
I4210109780,2016,0
I4210109780,2017,3
I4210109780,2018,1
I4210109780,2019,17
I4210109780,2020,0
I4210109780,2021,0
I4210109780,2022,0
I4210109780,2023,3
I4210109780,2024,1
I4210109780,2025,1
I4210129438,2006,0
I4210129438,2007,0
I4210129438,2008,0
I4210129438,2009,0
I4210129438,2010,0
I4210129438,2011,0
I4210129438,2012,4
I4210129438,2013,0
I4210129438,2014,0
I4210129438,2015,0
I4210129438,2016,0
I4210129438,2017,3
I4210129438,2018,23
I4210129438,2019,84
I4210129438,2020,0
I4210129438,2021,0
I4210129438,2022,0
I4210129438,2023,0
I4210129438,2024,0
I4210129438,2025,0
I4210118693,2006,845
I4210118693,2007,1055
I4210118693,2008,625
I4210118693,2009,610
I4210118693,2010,723
I4210118693,2011,716
I4210118693,2012,677
I4210118693,2013,786
I4210118693,2014,686
I4210118693,2015,529
I4210118693,2016,975
I4210118693,2017,799
I4210118693,2018,438
I4210118693,2019,751
I4210118693,2020,589
I4210118693,2021,900
I4210118693,2022,623
I4210118693,2023,969
I4210118693,2024,574
I4210118693,2025,83
I4210118871,2006,0
I4210118871,2007,0
I4210118871,2008,0
I4210118871,2009,10
I4210118871,2010,1
I4210118871,2011,0
I4210118871,2012,20
I4210118871,2013,1
I4210118871,2014,4
I4210118871,2015,0
I4210118871,2016,0
I4210118871,2017,0
I4210118871,2018,0
I4210118871,2019,0
I4210118871,2020,16
I4210118871,2021,0
I4210118871,2022,6
I4210118871,2023,10
I4210118871,2024,18
I4210118871,2025,29
I4210129886,2006,0
I4210129886,2007,0
I4210129886,2008,0
I4210129886,2009,1
I4210129886,2010,12
I4210129886,2011,31
I4210129886,2012,3
I4210129886,2013,1
I4210129886,2014,150
I4210129886,2015,2
I4210129886,2016,109
I4210129886,2017,13
I4210129886,2018,66
I4210129886,2019,0
I4210129886,2020,12
I4210129886,2021,13
I4210129886,2022,4
I4210129886,2023,6
I4210129886,2024,15
I4210129886,2025,13
I4405261717,2006,0
I4405261717,2007,0
I4405261717,2008,0
I4405261717,2009,0
I4405261717,2010,0
I4405261717,2011,0
I4405261717,2012,0
I4405261717,2013,0
I4405261717,2014,0
I4405261717,2015,0
I4405261717,2016,0
I4405261717,2017,0
I4405261717,2018,0
I4405261717,2019,0
I4405261717,2020,0
I4405261717,2021,0
I4405261717,2022,0
I4405261717,2023,0
I4405261717,2024,0
I4405261717,2025,0
I4210126542,2006,13
I4210126542,2007,56
I4210126542,2008,5
I4210126542,2009,99
I4210126542,2010,0
I4210126542,2011,0
I4210126542,2012,0
I4210126542,2013,9
I4210126542,2014,0
I4210126542,2015,0
I4210126542,2016,0
I4210126542,2017,1
I4210126542,2018,0
I4210126542,2019,0
I4210126542,2020,1
I4210126542,2021,16
I4210126542,2022,12
I4210126542,2023,55
I4210126542,2024,2
I4210126542,2025,1
I4210140008,2006,0
I4210140008,2007,9
I4210140008,2008,0
I4210140008,2009,30
I4210140008,2010,0
I4210140008,2011,3
I4210140008,2012,0
I4210140008,2013,231
I4210140008,2014,296
I4210140008,2015,16
I4210140008,2016,56
I4210140008,2017,480
I4210140008,2018,228
I4210140008,2019,243
I4210140008,2020,179
I4210140008,2021,125
I4210140008,2022,121
I4210140008,2023,24
I4210140008,2024,25
I4210140008,2025,55
I4210100330,2006,0
I4210100330,2007,0
I4210100330,2008,0
I4210100330,2009,0
I4210100330,2010,0
I4210100330,2011,0
I4210100330,2012,0
I4210100330,2013,0
I4210100330,2014,12
I4210100330,2015,0
I4210100330,2016,3
I4210100330,2017,3
I4210100330,2018,20
I4210100330,2019,1
I4210100330,2020,178
I4210100330,2021,5
I4210100330,2022,54
I4210100330,2023,31
I4210100330,2024,1
I4210100330,2025,1
I4210153818,2006,0
I4210153818,2007,0
I4210153818,2008,62
I4210153818,2009,0
I4210153818,2010,0
I4210153818,2011,0
I4210153818,2012,6
I4210153818,2013,0
I4210153818,2014,0
I4210153818,2015,35
I4210153818,2016,1
I4210153818,2017,12
I4210153818,2018,0
I4210153818,2019,0
I4210153818,2020,6
I4210153818,2021,3
I4210153818,2022,21
I4210153818,2023,10
I4210153818,2024,6
I4210153818,2025,6
I4210167265,2006,0
I4210167265,2007,0
I4210167265,2008,0
I4210167265,2009,16
I4210167265,2010,1
I4210167265,2011,35
I4210167265,2012,18
I4210167265,2013,23
I4210167265,2014,24
I4210167265,2015,20
I4210167265,2016,5
I4210167265,2017,1
I4210167265,2018,15
I4210167265,2019,29
I4210167265,2020,2
I4210167265,2021,15
I4210167265,2022,108
I4210167265,2023,130
I4210167265,2024,16
I4210167265,2025,38
I4210099197,2006,0
I4210099197,2007,0
I4210099197,2008,0
I4210099197,2009,0
I4210099197,2010,17
I4210099197,2011,0
I4210099197,2012,0
I4210099197,2013,52
I4210099197,2014,6
I4210099197,2015,17
I4210099197,2016,0
I4210099197,2017,23
I4210099197,2018,16
I4210099197,2019,0
I4210099197,2020,39
I4210099197,2021,25
I4210099197,2022,82
I4210099197,2023,6
I4210099197,2024,84
I4210099197,2025,44
I4210145468,2006,0
I4210145468,2007,0
I4210145468,2008,0
I4210145468,2009,0
I4210145468,2010,0
I4210145468,2011,31
I4210145468,2012,0
I4210145468,2013,4
I4210145468,2014,4
I4210145468,2015,0
I4210145468,2016,16
I4210145468,2017,33
I4210145468,2018,285
I4210145468,2019,39
I4210145468,2020,6
I4210145468,2021,12
I4210145468,2022,10
I4210145468,2023,3
I4210145468,2024,8
I4210145468,2025,3
I4210165387,2006,2
I4210165387,2007,61
I4210165387,2008,34
I4210165387,2009,0
I4210165387,2010,15
I4210165387,2011,10
I4210165387,2012,32
I4210165387,2013,3
I4210165387,2014,5
I4210165387,2015,7
I4210165387,2016,98
I4210165387,2017,35
I4210165387,2018,9
I4210165387,2019,16
I4210165387,2020,35
I4210165387,2021,89
I4210165387,2022,36
I4210165387,2023,46
I4210165387,2024,45
I4210165387,2025,16
I4405257713,2006,0
I4405257713,2007,0
I4405257713,2008,0
I4405257713,2009,0
I4405257713,2010,0
I4405257713,2011,0
I4405257713,2012,0
I4405257713,2013,0
I4405257713,2014,0
I4405257713,2015,0
I4405257713,2016,0
I4405257713,2017,0
I4405257713,2018,0
I4405257713,2019,0
I4405257713,2020,0
I4405257713,2021,0
I4405257713,2022,0
I4405257713,2023,0
I4405257713,2024,0
I4405257713,2025,0
I4210098288,2006,0
I4210098288,2007,0
I4210098288,2008,5
I4210098288,2009,0
I4210098288,2010,4
I4210098288,2011,0
I4210098288,2012,0
I4210098288,2013,7
I4210098288,2014,4
I4210098288,2015,25
I4210098288,2016,36
I4210098288,2017,44
I4210098288,2018,149
I4210098288,2019,145
I4210098288,2020,188
I4210098288,2021,61
I4210098288,2022,127
I4210098288,2023,511
I4210098288,2024,90
I4210098288,2025,66
I4210111338,2006,1167
I4210111338,2007,1222
I4210111338,2008,1249
I4210111338,2009,1696
I4210111338,2010,1745
I4210111338,2011,2597
I4210111338,2012,1960
I4210111338,2013,1575
I4210111338,2014,1804
I4210111338,2015,2438
I4210111338,2016,3890
I4210111338,2017,1856
I4210111338,2018,953
I4210111338,2019,393
I4210111338,2020,1082
I4210111338,2021,821
I4210111338,2022,581
I4210111338,2023,357
I4210111338,2024,235
I4210111338,2025,79
I4210139502,2006,84
I4210139502,2007,102
I4210139502,2008,22
I4210139502,2009,72
I4210139502,2010,0
I4210139502,2011,413
I4210139502,2012,82
I4210139502,2013,53
I4210139502,2014,94
I4210139502,2015,171
I4210139502,2016,103
I4210139502,2017,15
I4210139502,2018,189
I4210139502,2019,12
I4210139502,2020,221
I4210139502,2021,243
I4210139502,2022,83
I4210139502,2023,49
I4210139502,2024,49
I4210139502,2025,37
I4210143075,2006,81
I4210143075,2007,48
I4210143075,2008,39
I4210143075,2009,64
I4210143075,2010,51
I4210143075,2011,248
I4210143075,2012,205
I4210143075,2013,78
I4210143075,2014,18
I4210143075,2015,170
I4210143075,2016,103
I4210143075,2017,41
I4210143075,2018,58
I4210143075,2019,104
I4210143075,2020,429
I4210143075,2021,77
I4210143075,2022,175
I4210143075,2023,173
I4210143075,2024,130
I4210143075,2025,26
I4210095543,2006,0
I4210095543,2007,2
I4210095543,2008,0
I4210095543,2009,1
I4210095543,2010,55
I4210095543,2011,196
I4210095543,2012,12
I4210095543,2013,34
I4210095543,2014,108
I4210095543,2015,12
I4210095543,2016,105
I4210095543,2017,162
I4210095543,2018,276
I4210095543,2019,66
I4210095543,2020,161
I4210095543,2021,691
I4210095543,2022,283
I4210095543,2023,82
I4210095543,2024,65
I4210095543,2025,41
I4210094475,2006,3
I4210094475,2007,0
I4210094475,2008,0
I4210094475,2009,0
I4210094475,2010,7
I4210094475,2011,1
I4210094475,2012,24
I4210094475,2013,0
I4210094475,2014,0
I4210094475,2015,0
I4210094475,2016,0
I4210094475,2017,0
I4210094475,2018,0
I4210094475,2019,0
I4210094475,2020,0
I4210094475,2021,1
I4210094475,2022,9
I4210094475,2023,0
I4210094475,2024,1
I4210094475,2025,0
I4210140729,2006,283
I4210140729,2007,282
I4210140729,2008,502
I4210140729,2009,815
I4210140729,2010,1135
I4210140729,2011,737
I4210140729,2012,862
I4210140729,2013,706
I4210140729,2014,1201
I4210140729,2015,1725
I4210140729,2016,1537
I4210140729,2017,2149
I4210140729,2018,1225
I4210140729,2019,1571
I4210140729,2020,2176
I4210140729,2021,777
I4210140729,2022,583
I4210140729,2023,259
I4210140729,2024,198
I4210140729,2025,69
I4210120680,2006,0
I4210120680,2007,0
I4210120680,2008,0
I4210120680,2009,0
I4210120680,2010,0
I4210120680,2011,70
I4210120680,2012,3
I4210120680,2013,0
I4210120680,2014,0
I4210120680,2015,70
I4210120680,2016,22
I4210120680,2017,5
I4210120680,2018,0
I4210120680,2019,1
I4210120680,2020,0
I4210120680,2021,56
I4210120680,2022,3
I4210120680,2023,2
I4210120680,2024,7
I4210120680,2025,2
I4210128253,2006,0
I4210128253,2007,0
I4210128253,2008,0
I4210128253,2009,0
I4210128253,2010,0
I4210128253,2011,0
I4210128253,2012,17
I4210128253,2013,0
I4210128253,2014,23
I4210128253,2015,53
I4210128253,2016,21
I4210128253,2017,68
I4210128253,2018,58
I4210128253,2019,47
I4210128253,2020,148
I4210128253,2021,109
I4210128253,2022,283
I4210128253,2023,122
I4210128253,2024,57
I4210128253,2025,80
I4210142193,2006,0
I4210142193,2007,0
I4210142193,2008,0
I4210142193,2009,0
I4210142193,2010,0
I4210142193,2011,0
I4210142193,2012,0
I4210142193,2013,0
I4210142193,2014,0
I4210142193,2015,0
I4210142193,2016,0
I4210142193,2017,22
I4210142193,2018,38
I4210142193,2019,0
I4210142193,2020,0
I4210142193,2021,0
I4210142193,2022,12
I4210142193,2023,70
I4210142193,2024,3
I4210142193,2025,0
I4210105117,2006,12
I4210105117,2007,9
I4210105117,2008,8
I4210105117,2009,2
I4210105117,2010,17
I4210105117,2011,68
I4210105117,2012,156
I4210105117,2013,186
I4210105117,2014,458
I4210105117,2015,109
I4210105117,2016,180
I4210105117,2017,361
I4210105117,2018,437
I4210105117,2019,377
I4210105117,2020,839
I4210105117,2021,219
I4210105117,2022,299
I4210105117,2023,325
I4210105117,2024,124
I4210105117,2025,101
I4405260287,2006,0
I4405260287,2007,0
I4405260287,2008,0
I4405260287,2009,0
I4405260287,2010,0
I4405260287,2011,0
I4405260287,2012,0
I4405260287,2013,0
I4405260287,2014,0
I4405260287,2015,0
I4405260287,2016,0
I4405260287,2017,0
I4405260287,2018,0
I4405260287,2019,0
I4405260287,2020,0
I4405260287,2021,0
I4405260287,2022,0
I4405260287,2023,0
I4405260287,2024,0
I4405260287,2025,0
I4210165095,2006,0
I4210165095,2007,22
I4210165095,2008,79
I4210165095,2009,69
I4210165095,2010,28
I4210165095,2011,112
I4210165095,2012,41
I4210165095,2013,126
I4210165095,2014,151
I4210165095,2015,133
I4210165095,2016,90
I4210165095,2017,357
I4210165095,2018,33
I4210165095,2019,218
I4210165095,2020,81
I4210165095,2021,45
I4210165095,2022,58
I4210165095,2023,112
I4210165095,2024,85
I4210165095,2025,45
I4405253058,2006,0
I4405253058,2007,0
I4405253058,2008,0
I4405253058,2009,0
I4405253058,2010,0
I4405253058,2011,0
I4405253058,2012,0
I4405253058,2013,0
I4405253058,2014,0
I4405253058,2015,0
I4405253058,2016,0
I4405253058,2017,0
I4405253058,2018,0
I4405253058,2019,0
I4405253058,2020,0
I4405253058,2021,0
I4405253058,2022,0
I4405253058,2023,0
I4405253058,2024,0
I4405253058,2025,0
I4210127236,2006,7
I4210127236,2007,0
I4210127236,2008,6
I4210127236,2009,0
I4210127236,2010,0
I4210127236,2011,0
I4210127236,2012,3
I4210127236,2013,10
I4210127236,2014,0
I4210127236,2015,0
I4210127236,2016,0
I4210127236,2017,0
I4210127236,2018,0
I4210127236,2019,7
I4210127236,2020,0
I4210127236,2021,52
I4210127236,2022,53
I4210127236,2023,2
I4210127236,2024,0
I4210127236,2025,1
I4210154402,2006,9
I4210154402,2007,3
I4210154402,2008,85
I4210154402,2009,0
I4210154402,2010,50
I4210154402,2011,0
I4210154402,2012,0
I4210154402,2013,4
I4210154402,2014,95
I4210154402,2015,3
I4210154402,2016,79
I4210154402,2017,44
I4210154402,2018,19
I4210154402,2019,43
I4210154402,2020,7
I4210154402,2021,10
I4210154402,2022,37
I4210154402,2023,39
I4210154402,2024,22
I4210154402,2025,37
I4210117767,2006,3
I4210117767,2007,81
I4210117767,2008,2
I4210117767,2009,24
I4210117767,2010,0
I4210117767,2011,238
I4210117767,2012,4
I4210117767,2013,6
I4210117767,2014,47
I4210117767,2015,14
I4210117767,2016,63
I4210117767,2017,20
I4210117767,2018,16
I4210117767,2019,27
I4210117767,2020,9
I4210117767,2021,123
I4210117767,2022,22
I4210117767,2023,12
I4210117767,2024,9
I4210117767,2025,21
I4210087116,2006,0
I4210087116,2007,0
I4210087116,2008,9
I4210087116,2009,5
I4210087116,2010,0
I4210087116,2011,0
I4210087116,2012,0
I4210087116,2013,0
I4210087116,2014,0
I4210087116,2015,0
I4210087116,2016,19
I4210087116,2017,0
I4210087116,2018,11
I4210087116,2019,0
I4210087116,2020,48
I4210087116,2021,27
I4210087116,2022,8
I4210087116,2023,58
I4210087116,2024,16
I4210087116,2025,2
I4405261337,2006,0
I4405261337,2007,0
I4405261337,2008,0
I4405261337,2009,0
I4405261337,2010,0
I4405261337,2011,0
I4405261337,2012,0
I4405261337,2013,0
I4405261337,2014,0
I4405261337,2015,0
I4405261337,2016,0
I4405261337,2017,0
I4405261337,2018,0
I4405261337,2019,0
I4405261337,2020,0
I4405261337,2021,0
I4405261337,2022,0
I4405261337,2023,0
I4405261337,2024,0
I4405261337,2025,0
I4405266083,2006,0
I4405266083,2007,0
I4405266083,2008,0
I4405266083,2009,0
I4405266083,2010,0
I4405266083,2011,0
I4405266083,2012,0
I4405266083,2013,0
I4405266083,2014,0
I4405266083,2015,0
I4405266083,2016,0
I4405266083,2017,0
I4405266083,2018,0
I4405266083,2019,0
I4405266083,2020,0
I4405266083,2021,0
I4405266083,2022,0
I4405266083,2023,0
I4405266083,2024,0
I4405266083,2025,0
I4405261750,2006,0
I4405261750,2007,0
I4405261750,2008,0
I4405261750,2009,0
I4405261750,2010,0
I4405261750,2011,0
I4405261750,2012,0
I4405261750,2013,0
I4405261750,2014,0
I4405261750,2015,0
I4405261750,2016,0
I4405261750,2017,0
I4405261750,2018,0
I4405261750,2019,0
I4405261750,2020,0
I4405261750,2021,0
I4405261750,2022,0
I4405261750,2023,0
I4405261750,2024,0
I4405261750,2025,0
I4405263495,2006,0
I4405263495,2007,0
I4405263495,2008,0
I4405263495,2009,0
I4405263495,2010,0
I4405263495,2011,0
I4405263495,2012,0
I4405263495,2013,0
I4405263495,2014,0
I4405263495,2015,0
I4405263495,2016,0
I4405263495,2017,0
I4405263495,2018,0
I4405263495,2019,0
I4405263495,2020,0
I4405263495,2021,0
I4405263495,2022,0
I4405263495,2023,0
I4405263495,2024,0
I4405263495,2025,0
I4210119386,2006,0
I4210119386,2007,0
I4210119386,2008,0
I4210119386,2009,0
I4210119386,2010,0
I4210119386,2011,0
I4210119386,2012,0
I4210119386,2013,4
I4210119386,2014,0
I4210119386,2015,9
I4210119386,2016,0
I4210119386,2017,34
I4210119386,2018,8
I4210119386,2019,24
I4210119386,2020,27
I4210119386,2021,1
I4210119386,2022,2
I4210119386,2023,1
I4210119386,2024,7
I4210119386,2025,1
I4405262353,2006,0
I4405262353,2007,0
I4405262353,2008,0
I4405262353,2009,0
I4405262353,2010,0
I4405262353,2011,0
I4405262353,2012,0
I4405262353,2013,0
I4405262353,2014,0
I4405262353,2015,0
I4405262353,2016,0
I4405262353,2017,0
I4405262353,2018,0
I4405262353,2019,0
I4405262353,2020,0
I4405262353,2021,0
I4405262353,2022,0
I4405262353,2023,0
I4405262353,2024,0
I4405262353,2025,0
I4405263160,2006,0
I4405263160,2007,0
I4405263160,2008,0
I4405263160,2009,0
I4405263160,2010,0
I4405263160,2011,0
I4405263160,2012,0
I4405263160,2013,0
I4405263160,2014,0
I4405263160,2015,0
I4405263160,2016,0
I4405263160,2017,0
I4405263160,2018,0
I4405263160,2019,0
I4405263160,2020,0
I4405263160,2021,0
I4405263160,2022,0
I4405263160,2023,0
I4405263160,2024,0
I4405263160,2025,0
I4210086032,2006,7
I4210086032,2007,516
I4210086032,2008,163
I4210086032,2009,210
I4210086032,2010,150
I4210086032,2011,185
I4210086032,2012,306
I4210086032,2013,268
I4210086032,2014,231
I4210086032,2015,308
I4210086032,2016,445
I4210086032,2017,932
I4210086032,2018,732
I4210086032,2019,390
I4210086032,2020,869
I4210086032,2021,527
I4210086032,2022,376
I4210086032,2023,267
I4210086032,2024,257
I4210086032,2025,178
I4210095403,2006,143
I4210095403,2007,85
I4210095403,2008,272
I4210095403,2009,299
I4210095403,2010,359
I4210095403,2011,360
I4210095403,2012,288
I4210095403,2013,119
I4210095403,2014,382
I4210095403,2015,286
I4210095403,2016,242
I4210095403,2017,611
I4210095403,2018,195
I4210095403,2019,180
I4210095403,2020,173
I4210095403,2021,289
I4210095403,2022,139
I4210095403,2023,85
I4210095403,2024,154
I4210095403,2025,24
I4210120884,2006,494
I4210120884,2007,393
I4210120884,2008,647
I4210120884,2009,749
I4210120884,2010,643
I4210120884,2011,274
I4210120884,2012,305
I4210120884,2013,363
I4210120884,2014,519
I4210120884,2015,493
I4210120884,2016,448
I4210120884,2017,597
I4210120884,2018,255
I4210120884,2019,707
I4210120884,2020,661
I4210120884,2021,632
I4210120884,2022,207
I4210120884,2023,116
I4210120884,2024,210
I4210120884,2025,42
I4210110911,2006,0
I4210110911,2007,0
I4210110911,2008,0
I4210110911,2009,0
I4210110911,2010,32
I4210110911,2011,9
I4210110911,2012,3
I4210110911,2013,30
I4210110911,2014,24
I4210110911,2015,80
I4210110911,2016,11
I4210110911,2017,33
I4210110911,2018,39
I4210110911,2019,180
I4210110911,2020,86
I4210110911,2021,69
I4210110911,2022,97
I4210110911,2023,86
I4210110911,2024,38
I4210110911,2025,26
I4405261005,2006,0
I4405261005,2007,0
I4405261005,2008,0
I4405261005,2009,0
I4405261005,2010,0
I4405261005,2011,0
I4405261005,2012,0
I4405261005,2013,0
I4405261005,2014,0
I4405261005,2015,0
I4405261005,2016,0
I4405261005,2017,0
I4405261005,2018,0
I4405261005,2019,0
I4405261005,2020,0
I4405261005,2021,0
I4405261005,2022,0
I4405261005,2023,0
I4405261005,2024,0
I4405261005,2025,0
I4210158610,2006,1
I4210158610,2007,0
I4210158610,2008,0
I4210158610,2009,0
I4210158610,2010,0
I4210158610,2011,0
I4210158610,2012,119
I4210158610,2013,45
I4210158610,2014,0
I4210158610,2015,21
I4210158610,2016,14
I4210158610,2017,17
I4210158610,2018,6
I4210158610,2019,22
I4210158610,2020,45
I4210158610,2021,30
I4210158610,2022,38
I4210158610,2023,26
I4210158610,2024,18
I4210158610,2025,4
I4210131119,2006,0
I4210131119,2007,0
I4210131119,2008,0
I4210131119,2009,0
I4210131119,2010,21
I4210131119,2011,0
I4210131119,2012,0
I4210131119,2013,0
I4210131119,2014,0
I4210131119,2015,19
I4210131119,2016,0
I4210131119,2017,0
I4210131119,2018,0
I4210131119,2019,2
I4210131119,2020,0
I4210131119,2021,1
I4210131119,2022,0
I4210131119,2023,1
I4210131119,2024,12
I4210131119,2025,1
I4210089248,2006,426
I4210089248,2007,125
I4210089248,2008,209
I4210089248,2009,53
I4210089248,2010,298
I4210089248,2011,258
I4210089248,2012,198
I4210089248,2013,72
I4210089248,2014,213
I4210089248,2015,58
I4210089248,2016,615
I4210089248,2017,579
I4210089248,2018,90
I4210089248,2019,656
I4210089248,2020,627
I4210089248,2021,421
I4210089248,2022,363
I4210089248,2023,345
I4210089248,2024,53
I4210089248,2025,24
I4210130305,2006,7
I4210130305,2007,9
I4210130305,2008,1
I4210130305,2009,0
I4210130305,2010,0
I4210130305,2011,0
I4210130305,2012,17
I4210130305,2013,4
I4210130305,2014,12
I4210130305,2015,22
I4210130305,2016,68
I4210130305,2017,199
I4210130305,2018,137
I4210130305,2019,24
I4210130305,2020,74
I4210130305,2021,26
I4210130305,2022,37
I4210130305,2023,80
I4210130305,2024,32
I4210130305,2025,25
I4210158247,2006,0
I4210158247,2007,0
I4210158247,2008,0
I4210158247,2009,0
I4210158247,2010,0
I4210158247,2011,0
I4210158247,2012,0
I4210158247,2013,0
I4210158247,2014,0
I4210158247,2015,0
I4210158247,2016,0
I4210158247,2017,302
I4210158247,2018,0
I4210158247,2019,110
I4210158247,2020,2
I4210158247,2021,0
I4210158247,2022,0
I4210158247,2023,8
I4210158247,2024,10
I4210158247,2025,0
I4210153012,2006,0
I4210153012,2007,16
I4210153012,2008,0
I4210153012,2009,0
I4210153012,2010,0
I4210153012,2011,0
I4210153012,2012,0
I4210153012,2013,0
I4210153012,2014,0
I4210153012,2015,0
I4210153012,2016,0
I4210153012,2017,19
I4210153012,2018,0
I4210153012,2019,0
I4210153012,2020,0
I4210153012,2021,0
I4210153012,2022,0
I4210153012,2023,0
I4210153012,2024,0
I4210153012,2025,0
I4210134606,2006,0
I4210134606,2007,0
I4210134606,2008,0
I4210134606,2009,45
I4210134606,2010,0
I4210134606,2011,0
I4210134606,2012,0
I4210134606,2013,0
I4210134606,2014,0
I4210134606,2015,0
I4210134606,2016,7
I4210134606,2017,0
I4210134606,2018,64
I4210134606,2019,56
I4210134606,2020,33
I4210134606,2021,35
I4210134606,2022,17
I4210134606,2023,20
I4210134606,2024,13
I4210134606,2025,10
I4210110735,2006,0
I4210110735,2007,0
I4210110735,2008,1
I4210110735,2009,0
I4210110735,2010,1
I4210110735,2011,0
I4210110735,2012,11
I4210110735,2013,0
I4210110735,2014,24
I4210110735,2015,38
I4210110735,2016,22
I4210110735,2017,3
I4210110735,2018,0
I4210110735,2019,8
I4210110735,2020,4
I4210110735,2021,78
I4210110735,2022,21
I4210110735,2023,6
I4210110735,2024,5
I4210110735,2025,31
I4210121692,2006,0
I4210121692,2007,0
I4210121692,2008,0
I4210121692,2009,3
I4210121692,2010,0
I4210121692,2011,14
I4210121692,2012,0
I4210121692,2013,2
I4210121692,2014,9
I4210121692,2015,0
I4210121692,2016,0
I4210121692,2017,94
I4210121692,2018,102
I4210121692,2019,39
I4210121692,2020,36
I4210121692,2021,2
I4210121692,2022,1
I4210121692,2023,0
I4210121692,2024,8
I4210121692,2025,10
I4210145340,2006,32
I4210145340,2007,11
I4210145340,2008,1
I4210145340,2009,0
I4210145340,2010,43
I4210145340,2011,154
I4210145340,2012,93
I4210145340,2013,3
I4210145340,2014,2
I4210145340,2015,8
I4210145340,2016,4
I4210145340,2017,69
I4210145340,2018,116
I4210145340,2019,29
I4210145340,2020,19
I4210145340,2021,56
I4210145340,2022,131
I4210145340,2023,50
I4210145340,2024,31
I4210145340,2025,20
I4210112794,2006,389
I4210112794,2007,5
I4210112794,2008,84
I4210112794,2009,53
I4210112794,2010,103
I4210112794,2011,265
I4210112794,2012,58
I4210112794,2013,40
I4210112794,2014,172
I4210112794,2015,330
I4210112794,2016,48
I4210112794,2017,85
I4210112794,2018,26
I4210112794,2019,219
I4210112794,2020,74
I4210112794,2021,63
I4210112794,2022,29
I4210112794,2023,17
I4210112794,2024,8
I4210112794,2025,14
I4405257450,2006,0
I4405257450,2007,0
I4405257450,2008,0
I4405257450,2009,0
I4405257450,2010,0
I4405257450,2011,0
I4405257450,2012,0
I4405257450,2013,0
I4405257450,2014,0
I4405257450,2015,0
I4405257450,2016,0
I4405257450,2017,0
I4405257450,2018,0
I4405257450,2019,0
I4405257450,2020,0
I4405257450,2021,0
I4405257450,2022,0
I4405257450,2023,0
I4405257450,2024,0
I4405257450,2025,0
I4210104004,2006,0
I4210104004,2007,0
I4210104004,2008,0
I4210104004,2009,0
I4210104004,2010,0
I4210104004,2011,0
I4210104004,2012,0
I4210104004,2013,30
I4210104004,2014,1
I4210104004,2015,0
I4210104004,2016,0
I4210104004,2017,2
I4210104004,2018,12
I4210104004,2019,2
I4210104004,2020,13
I4210104004,2021,2
I4210104004,2022,0
I4210104004,2023,25
I4210104004,2024,2
I4210104004,2025,11
I4210143397,2006,0
I4210143397,2007,17
I4210143397,2008,16
I4210143397,2009,33
I4210143397,2010,0
I4210143397,2011,0
I4210143397,2012,0
I4210143397,2013,275
I4210143397,2014,9
I4210143397,2015,0
I4210143397,2016,0
I4210143397,2017,0
I4210143397,2018,0
I4210143397,2019,0
I4210143397,2020,1
I4210143397,2021,3
I4210143397,2022,3
I4210143397,2023,1
I4210143397,2024,0
I4210143397,2025,15
I4405259536,2006,0
I4405259536,2007,0
I4405259536,2008,0
I4405259536,2009,0
I4405259536,2010,0
I4405259536,2011,0
I4405259536,2012,0
I4405259536,2013,0
I4405259536,2014,0
I4405259536,2015,0
I4405259536,2016,0
I4405259536,2017,0
I4405259536,2018,0
I4405259536,2019,0
I4405259536,2020,0
I4405259536,2021,0
I4405259536,2022,0
I4405259536,2023,0
I4405259536,2024,0
I4405259536,2025,0
I1317634868,2006,162
I1317634868,2007,1
I1317634868,2008,339
I1317634868,2009,113
I1317634868,2010,179
I1317634868,2011,46
I1317634868,2012,35
I1317634868,2013,50
I1317634868,2014,295
I1317634868,2015,305
I1317634868,2016,151
I1317634868,2017,76
I1317634868,2018,101
I1317634868,2019,210
I1317634868,2020,106
I1317634868,2021,115
I1317634868,2022,526
I1317634868,2023,107
I1317634868,2024,65
I1317634868,2025,8
I4405266340,2006,0
I4405266340,2007,0
I4405266340,2008,0
I4405266340,2009,0
I4405266340,2010,0
I4405266340,2011,0
I4405266340,2012,0
I4405266340,2013,0
I4405266340,2014,0
I4405266340,2015,0
I4405266340,2016,0
I4405266340,2017,0
I4405266340,2018,0
I4405266340,2019,0
I4405266340,2020,0
I4405266340,2021,0
I4405266340,2022,0
I4405266340,2023,0
I4405266340,2024,0
I4405266340,2025,0
I4210126272,2006,275
I4210126272,2007,175
I4210126272,2008,100
I4210126272,2009,460
I4210126272,2010,617
I4210126272,2011,441
I4210126272,2012,682
I4210126272,2013,225
I4210126272,2014,175
I4210126272,2015,164
I4210126272,2016,694
I4210126272,2017,248
I4210126272,2018,516
I4210126272,2019,249
I4210126272,2020,352
I4210126272,2021,269
I4210126272,2022,255
I4210126272,2023,241
I4210126272,2024,126
I4210126272,2025,9
I4210087931,2006,377
I4210087931,2007,828
I4210087931,2008,649
I4210087931,2009,193
I4210087931,2010,266
I4210087931,2011,509
I4210087931,2012,741
I4210087931,2013,195
I4210087931,2014,862
I4210087931,2015,963
I4210087931,2016,538
I4210087931,2017,918
I4210087931,2018,505
I4210087931,2019,294
I4210087931,2020,687
I4210087931,2021,276
I4210087931,2022,92
I4210087931,2023,131
I4210087931,2024,116
I4210087931,2025,156
I4210089506,2006,0
I4210089506,2007,0
I4210089506,2008,0
I4210089506,2009,0
I4210089506,2010,1
I4210089506,2011,21
I4210089506,2012,1
I4210089506,2013,92
I4210089506,2014,76
I4210089506,2015,41
I4210089506,2016,62
I4210089506,2017,386
I4210089506,2018,293
I4210089506,2019,91
I4210089506,2020,25
I4210089506,2021,261
I4210089506,2022,187
I4210089506,2023,178
I4210089506,2024,284
I4210089506,2025,92
I4405256525,2006,0
I4405256525,2007,0
I4405256525,2008,0
I4405256525,2009,0
I4405256525,2010,0
I4405256525,2011,0
I4405256525,2012,0
I4405256525,2013,0
I4405256525,2014,0
I4405256525,2015,0
I4405256525,2016,0
I4405256525,2017,0
I4405256525,2018,0
I4405256525,2019,0
I4405256525,2020,0
I4405256525,2021,0
I4405256525,2022,0
I4405256525,2023,0
I4405256525,2024,0
I4405256525,2025,0
I2802797706,2006,0
I2802797706,2007,15
I2802797706,2008,52
I2802797706,2009,33
I2802797706,2010,7
I2802797706,2011,22
I2802797706,2012,5
I2802797706,2013,21
I2802797706,2014,127
I2802797706,2015,101
I2802797706,2016,294
I2802797706,2017,44
I2802797706,2018,385
I2802797706,2019,4512
I2802797706,2020,793
I2802797706,2021,523
I2802797706,2022,951
I2802797706,2023,4608
I2802797706,2024,298
I2802797706,2025,230
I4210142187,2006,37
I4210142187,2007,164
I4210142187,2008,209
I4210142187,2009,26
I4210142187,2010,83
I4210142187,2011,62
I4210142187,2012,48
I4210142187,2013,72
I4210142187,2014,552
I4210142187,2015,208
I4210142187,2016,234
I4210142187,2017,210
I4210142187,2018,611
I4210142187,2019,269
I4210142187,2020,268
I4210142187,2021,88
I4210142187,2022,116
I4210142187,2023,178
I4210142187,2024,120
I4210142187,2025,56
I4210112258,2006,0
I4210112258,2007,0
I4210112258,2008,0
I4210112258,2009,0
I4210112258,2010,0
I4210112258,2011,0
I4210112258,2012,9
I4210112258,2013,6
I4210112258,2014,0
I4210112258,2015,5
I4210112258,2016,0
I4210112258,2017,0
I4210112258,2018,2
I4210112258,2019,5
I4210112258,2020,0
I4210112258,2021,2
I4210112258,2022,0
I4210112258,2023,0
I4210112258,2024,1
I4210112258,2025,0
I4210162948,2006,0
I4210162948,2007,0
I4210162948,2008,0
I4210162948,2009,0
I4210162948,2010,0
I4210162948,2011,0
I4210162948,2012,0
I4210162948,2013,0
I4210162948,2014,0
I4210162948,2015,0
I4210162948,2016,0
I4210162948,2017,0
I4210162948,2018,0
I4210162948,2019,0
I4210162948,2020,0
I4210162948,2021,7
I4210162948,2022,1
I4210162948,2023,0
I4210162948,2024,0
I4210162948,2025,3
I4210134162,2006,0
I4210134162,2007,0
I4210134162,2008,100
I4210134162,2009,135
I4210134162,2010,23
I4210134162,2011,54
I4210134162,2012,18
I4210134162,2013,137
I4210134162,2014,24
I4210134162,2015,138
I4210134162,2016,7
I4210134162,2017,102
I4210134162,2018,235
I4210134162,2019,260
I4210134162,2020,351
I4210134162,2021,280
I4210134162,2022,314
I4210134162,2023,243
I4210134162,2024,205
I4210134162,2025,85
I4405261778,2006,0
I4405261778,2007,0
I4405261778,2008,0
I4405261778,2009,0
I4405261778,2010,0
I4405261778,2011,0
I4405261778,2012,0
I4405261778,2013,0
I4405261778,2014,0
I4405261778,2015,0
I4405261778,2016,0
I4405261778,2017,0
I4405261778,2018,0
I4405261778,2019,0
I4405261778,2020,0
I4405261778,2021,0
I4405261778,2022,0
I4405261778,2023,0
I4405261778,2024,0
I4405261778,2025,0
I4210139036,2006,7
I4210139036,2007,4
I4210139036,2008,27
I4210139036,2009,106
I4210139036,2010,1
I4210139036,2011,3
I4210139036,2012,7
I4210139036,2013,17
I4210139036,2014,6
I4210139036,2015,6
I4210139036,2016,3
I4210139036,2017,38
I4210139036,2018,30
I4210139036,2019,865
I4210139036,2020,342
I4210139036,2021,19
I4210139036,2022,356
I4210139036,2023,195
I4210139036,2024,85
I4210139036,2025,9
I4210137493,2006,0
I4210137493,2007,0
I4210137493,2008,0
I4210137493,2009,0
I4210137493,2010,0
I4210137493,2011,0
I4210137493,2012,0
I4210137493,2013,0
I4210137493,2014,36
I4210137493,2015,0
I4210137493,2016,5
I4210137493,2017,1
I4210137493,2018,33
I4210137493,2019,20
I4210137493,2020,51
I4210137493,2021,57
I4210137493,2022,32
I4210137493,2023,12
I4210137493,2024,31
I4210137493,2025,10
I4210099667,2006,0
I4210099667,2007,0
I4210099667,2008,0
I4210099667,2009,0
I4210099667,2010,0
I4210099667,2011,289
I4210099667,2012,113
I4210099667,2013,0
I4210099667,2014,14
I4210099667,2015,0
I4210099667,2016,0
I4210099667,2017,0
I4210099667,2018,2
I4210099667,2019,0
I4210099667,2020,17
I4210099667,2021,0
I4210099667,2022,1
I4210099667,2023,2
I4210099667,2024,1
I4210099667,2025,12
I4210160534,2006,0
I4210160534,2007,0
I4210160534,2008,12
I4210160534,2009,98
I4210160534,2010,226
I4210160534,2011,207
I4210160534,2012,55
I4210160534,2013,287
I4210160534,2014,318
I4210160534,2015,61
I4210160534,2016,79
I4210160534,2017,114
I4210160534,2018,100
I4210160534,2019,12
I4210160534,2020,145
I4210160534,2021,17
I4210160534,2022,20
I4210160534,2023,75
I4210160534,2024,25
I4210160534,2025,11
I4210125163,2006,1
I4210125163,2007,9
I4210125163,2008,0
I4210125163,2009,0
I4210125163,2010,6
I4210125163,2011,0
I4210125163,2012,2
I4210125163,2013,30
I4210125163,2014,1
I4210125163,2015,165
I4210125163,2016,3
I4210125163,2017,124
I4210125163,2018,178
I4210125163,2019,365
I4210125163,2020,137
I4210125163,2021,48
I4210125163,2022,54
I4210125163,2023,75
I4210125163,2024,148
I4210125163,2025,22
I4210114882,2006,0
I4210114882,2007,3
I4210114882,2008,1
I4210114882,2009,233
I4210114882,2010,49
I4210114882,2011,6
I4210114882,2012,340
I4210114882,2013,0
I4210114882,2014,149
I4210114882,2015,5
I4210114882,2016,56
I4210114882,2017,38
I4210114882,2018,15
I4210114882,2019,60
I4210114882,2020,149
I4210114882,2021,115
I4210114882,2022,90
I4210114882,2023,66
I4210114882,2024,86
I4210114882,2025,23
I4210154290,2006,41
I4210154290,2007,0
I4210154290,2008,1
I4210154290,2009,0
I4210154290,2010,0
I4210154290,2011,9
I4210154290,2012,0
I4210154290,2013,9
I4210154290,2014,0
I4210154290,2015,5
I4210154290,2016,18
I4210154290,2017,23
I4210154290,2018,21
I4210154290,2019,74
I4210154290,2020,699
I4210154290,2021,272
I4210154290,2022,56
I4210154290,2023,70
I4210154290,2024,34
I4210154290,2025,50
I4210105090,2006,0
I4210105090,2007,5
I4210105090,2008,1
I4210105090,2009,0
I4210105090,2010,0
I4210105090,2011,0
I4210105090,2012,0
I4210105090,2013,0
I4210105090,2014,0
I4210105090,2015,0
I4210105090,2016,1
I4210105090,2017,0
I4210105090,2018,0
I4210105090,2019,1
I4210105090,2020,1
I4210105090,2021,18
I4210105090,2022,1
I4210105090,2023,0
I4210105090,2024,25
I4210105090,2025,14
I4210159165,2006,0
I4210159165,2007,0
I4210159165,2008,0
I4210159165,2009,0
I4210159165,2010,0
I4210159165,2011,0
I4210159165,2012,0
I4210159165,2013,86
I4210159165,2014,43
I4210159165,2015,50
I4210159165,2016,519
I4210159165,2017,112
I4210159165,2018,26
I4210159165,2019,120
I4210159165,2020,67
I4210159165,2021,81
I4210159165,2022,29
I4210159165,2023,47
I4210159165,2024,82
I4210159165,2025,20
I4405253711,2006,0
I4405253711,2007,0
I4405253711,2008,0
I4405253711,2009,0
I4405253711,2010,0
I4405253711,2011,0
I4405253711,2012,0
I4405253711,2013,0
I4405253711,2014,0
I4405253711,2015,0
I4405253711,2016,0
I4405253711,2017,0
I4405253711,2018,0
I4405253711,2019,0
I4405253711,2020,0
I4405253711,2021,0
I4405253711,2022,0
I4405253711,2023,0
I4405253711,2024,0
I4405253711,2025,0
I4210147889,2006,9
I4210147889,2007,0
I4210147889,2008,0
I4210147889,2009,0
I4210147889,2010,0
I4210147889,2011,0
I4210147889,2012,0
I4210147889,2013,0
I4210147889,2014,53
I4210147889,2015,0
I4210147889,2016,0
I4210147889,2017,14
I4210147889,2018,0
I4210147889,2019,2
I4210147889,2020,0
I4210147889,2021,3
I4210147889,2022,10
I4210147889,2023,265
I4210147889,2024,0
I4210147889,2025,0
I4210139431,2006,33
I4210139431,2007,3
I4210139431,2008,36
I4210139431,2009,215
I4210139431,2010,172
I4210139431,2011,19
I4210139431,2012,42
I4210139431,2013,27
I4210139431,2014,78
I4210139431,2015,155
I4210139431,2016,100
I4210139431,2017,79
I4210139431,2018,46
I4210139431,2019,23
I4210139431,2020,91
I4210139431,2021,154
I4210139431,2022,87
I4210139431,2023,27
I4210139431,2024,15
I4210139431,2025,11
I4210146479,2006,124
I4210146479,2007,554
I4210146479,2008,46
I4210146479,2009,10
I4210146479,2010,22
I4210146479,2011,75
I4210146479,2012,176
I4210146479,2013,7
I4210146479,2014,110
I4210146479,2015,85
I4210146479,2016,39
I4210146479,2017,49
I4210146479,2018,80
I4210146479,2019,360
I4210146479,2020,151
I4210146479,2021,230
I4210146479,2022,70
I4210146479,2023,35
I4210146479,2024,62
I4210146479,2025,7
I4210088655,2006,0
I4210088655,2007,0
I4210088655,2008,1
I4210088655,2009,0
I4210088655,2010,35
I4210088655,2011,0
I4210088655,2012,1
I4210088655,2013,24
I4210088655,2014,2
I4210088655,2015,15
I4210088655,2016,10
I4210088655,2017,22
I4210088655,2018,3
I4210088655,2019,3
I4210088655,2020,43
I4210088655,2021,5
I4210088655,2022,11
I4210088655,2023,7
I4210088655,2024,5
I4210088655,2025,11
I4405259650,2006,0
I4405259650,2007,0
I4405259650,2008,0
I4405259650,2009,0
I4405259650,2010,0
I4405259650,2011,0
I4405259650,2012,0
I4405259650,2013,0
I4405259650,2014,0
I4405259650,2015,0
I4405259650,2016,0
I4405259650,2017,0
I4405259650,2018,0
I4405259650,2019,0
I4405259650,2020,0
I4405259650,2021,0
I4405259650,2022,0
I4405259650,2023,0
I4405259650,2024,0
I4405259650,2025,0
I4210116050,2006,0
I4210116050,2007,0
I4210116050,2008,0
I4210116050,2009,0
I4210116050,2010,0
I4210116050,2011,0
I4210116050,2012,0
I4210116050,2013,0
I4210116050,2014,105
I4210116050,2015,0
I4210116050,2016,54
I4210116050,2017,0
I4210116050,2018,0
I4210116050,2019,0
I4210116050,2020,0
I4210116050,2021,0
I4210116050,2022,24
I4210116050,2023,2
I4210116050,2024,8
I4210116050,2025,5
I4210136338,2006,65
I4210136338,2007,98
I4210136338,2008,146
I4210136338,2009,131
I4210136338,2010,13
I4210136338,2011,22
I4210136338,2012,5
I4210136338,2013,13
I4210136338,2014,66
I4210136338,2015,23
I4210136338,2016,7
I4210136338,2017,14
I4210136338,2018,34
I4210136338,2019,9
I4210136338,2020,32
I4210136338,2021,51
I4210136338,2022,110
I4210136338,2023,6
I4210136338,2024,11
I4210136338,2025,2
I4210092341,2006,20
I4210092341,2007,22
I4210092341,2008,23
I4210092341,2009,0
I4210092341,2010,15
I4210092341,2011,17
I4210092341,2012,83
I4210092341,2013,4
I4210092341,2014,5
I4210092341,2015,1
I4210092341,2016,6
I4210092341,2017,11
I4210092341,2018,128
I4210092341,2019,10
I4210092341,2020,38
I4210092341,2021,73
I4210092341,2022,99
I4210092341,2023,63
I4210092341,2024,17
I4210092341,2025,11
I4210114895,2006,0
I4210114895,2007,0
I4210114895,2008,47
I4210114895,2009,81
I4210114895,2010,0
I4210114895,2011,35
I4210114895,2012,0
I4210114895,2013,8
I4210114895,2014,2
I4210114895,2015,0
I4210114895,2016,0
I4210114895,2017,8
I4210114895,2018,0
I4210114895,2019,0
I4210114895,2020,0
I4210114895,2021,24
I4210114895,2022,0
I4210114895,2023,1
I4210114895,2024,2
I4210114895,2025,0
I4210094767,2006,0
I4210094767,2007,0
I4210094767,2008,0
I4210094767,2009,55
I4210094767,2010,0
I4210094767,2011,97
I4210094767,2012,5
I4210094767,2013,0
I4210094767,2014,79
I4210094767,2015,323
I4210094767,2016,480
I4210094767,2017,420
I4210094767,2018,1468
I4210094767,2019,1414
I4210094767,2020,1914
I4210094767,2021,1101
I4210094767,2022,1440
I4210094767,2023,2164
I4210094767,2024,3527
I4210094767,2025,2177
I2800679637,2006,0
I2800679637,2007,0
I2800679637,2008,0
I2800679637,2009,18
I2800679637,2010,67
I2800679637,2011,72
I2800679637,2012,28
I2800679637,2013,5
I2800679637,2014,0
I2800679637,2015,13
I2800679637,2016,12
I2800679637,2017,6
I2800679637,2018,0
I2800679637,2019,1
I2800679637,2020,0
I2800679637,2021,0
I2800679637,2022,38
I2800679637,2023,4
I2800679637,2024,13
I2800679637,2025,0
I4210145453,2006,0
I4210145453,2007,0
I4210145453,2008,0
I4210145453,2009,71
I4210145453,2010,0
I4210145453,2011,0
I4210145453,2012,0
I4210145453,2013,73
I4210145453,2014,11
I4210145453,2015,7
I4210145453,2016,52
I4210145453,2017,34
I4210145453,2018,3
I4210145453,2019,3
I4210145453,2020,55
I4210145453,2021,81
I4210145453,2022,69
I4210145453,2023,95
I4210145453,2024,30
I4210145453,2025,5
I4210159313,2006,0
I4210159313,2007,0
I4210159313,2008,0
I4210159313,2009,6
I4210159313,2010,0
I4210159313,2011,2
I4210159313,2012,6
I4210159313,2013,29
I4210159313,2014,14
I4210159313,2015,0
I4210159313,2016,0
I4210159313,2017,25
I4210159313,2018,37
I4210159313,2019,40
I4210159313,2020,247
I4210159313,2021,113
I4210159313,2022,324
I4210159313,2023,193
I4210159313,2024,132
I4210159313,2025,11
I91080651,2006,5250
I91080651,2007,8446
I91080651,2008,10068
I91080651,2009,7355
I91080651,2010,8373
I91080651,2011,7448
I91080651,2012,10033
I91080651,2013,7358
I91080651,2014,9076
I91080651,2015,5921
I91080651,2016,3897
I91080651,2017,7383
I91080651,2018,3332
I91080651,2019,3682
I91080651,2020,3286
I91080651,2021,3388
I91080651,2022,2218
I91080651,2023,1578
I91080651,2024,774
I91080651,2025,330
I4210163774,2006,4697
I4210163774,2007,6845
I4210163774,2008,4870
I4210163774,2009,12138
I4210163774,2010,6848
I4210163774,2011,10552
I4210163774,2012,13653
I4210163774,2013,11294
I4210163774,2014,12924
I4210163774,2015,13264
I4210163774,2016,11045
I4210163774,2017,13105
I4210163774,2018,9403
I4210163774,2019,10373
I4210163774,2020,12039
I4210163774,2021,10832
I4210163774,2022,5264
I4210163774,2023,3861
I4210163774,2024,2501
I4210163774,2025,715
I4210134797,2006,0
I4210134797,2007,0
I4210134797,2008,36
I4210134797,2009,0
I4210134797,2010,0
I4210134797,2011,0
I4210134797,2012,0
I4210134797,2013,0
I4210134797,2014,0
I4210134797,2015,0
I4210134797,2016,16
I4210134797,2017,0
I4210134797,2018,0
I4210134797,2019,8
I4210134797,2020,191
I4210134797,2021,76
I4210134797,2022,0
I4210134797,2023,0
I4210134797,2024,0
I4210134797,2025,0
I4210107488,2006,0
I4210107488,2007,0
I4210107488,2008,598
I4210107488,2009,429
I4210107488,2010,927
I4210107488,2011,835
I4210107488,2012,1357
I4210107488,2013,1283
I4210107488,2014,3317
I4210107488,2015,1404
I4210107488,2016,1135
I4210107488,2017,988
I4210107488,2018,998
I4210107488,2019,817
I4210107488,2020,1002
I4210107488,2021,850
I4210107488,2022,392
I4210107488,2023,879
I4210107488,2024,473
I4210107488,2025,172
I4210140037,2006,4
I4210140037,2007,0
I4210140037,2008,48
I4210140037,2009,103
I4210140037,2010,191
I4210140037,2011,124
I4210140037,2012,2
I4210140037,2013,237
I4210140037,2014,39
I4210140037,2015,0
I4210140037,2016,4
I4210140037,2017,9
I4210140037,2018,1459
I4210140037,2019,16
I4210140037,2020,130
I4210140037,2021,184
I4210140037,2022,149
I4210140037,2023,87
I4210140037,2024,147
I4210140037,2025,22
I3132975919,2006,0
I3132975919,2007,0
I3132975919,2008,0
I3132975919,2009,9
I3132975919,2010,0
I3132975919,2011,52
I3132975919,2012,0
I3132975919,2013,0
I3132975919,2014,8
I3132975919,2015,0
I3132975919,2016,51
I3132975919,2017,94
I3132975919,2018,30
I3132975919,2019,0
I3132975919,2020,3
I3132975919,2021,43
I3132975919,2022,56
I3132975919,2023,0
I3132975919,2024,0
I3132975919,2025,2
I4210108597,2006,0
I4210108597,2007,7
I4210108597,2008,0
I4210108597,2009,6
I4210108597,2010,4
I4210108597,2011,4
I4210108597,2012,11
I4210108597,2013,24
I4210108597,2014,15
I4210108597,2015,16
I4210108597,2016,90
I4210108597,2017,105
I4210108597,2018,131
I4210108597,2019,43
I4210108597,2020,23
I4210108597,2021,239
I4210108597,2022,6
I4210108597,2023,41
I4210108597,2024,110
I4210108597,2025,24
I4210157838,2006,0
I4210157838,2007,0
I4210157838,2008,0
I4210157838,2009,0
I4210157838,2010,0
I4210157838,2011,0
I4210157838,2012,0
I4210157838,2013,0
I4210157838,2014,0
I4210157838,2015,4
I4210157838,2016,0
I4210157838,2017,0
I4210157838,2018,0
I4210157838,2019,0
I4210157838,2020,9
I4210157838,2021,9
I4210157838,2022,0
I4210157838,2023,0
I4210157838,2024,0
I4210157838,2025,0
I4405259994,2006,0
I4405259994,2007,0
I4405259994,2008,0
I4405259994,2009,0
I4405259994,2010,0
I4405259994,2011,0
I4405259994,2012,0
I4405259994,2013,0
I4405259994,2014,0
I4405259994,2015,0
I4405259994,2016,0
I4405259994,2017,0
I4405259994,2018,0
I4405259994,2019,0
I4405259994,2020,0
I4405259994,2021,0
I4405259994,2022,0
I4405259994,2023,0
I4405259994,2024,0
I4405259994,2025,0
I263913023,2006,4
I263913023,2007,1
I263913023,2008,1
I263913023,2009,23
I263913023,2010,132
I263913023,2011,151
I263913023,2012,252
I263913023,2013,363
I263913023,2014,328
I263913023,2015,274
I263913023,2016,403
I263913023,2017,795
I263913023,2018,477
I263913023,2019,418
I263913023,2020,799
I263913023,2021,1081
I263913023,2022,1132
I263913023,2023,249
I263913023,2024,232
I263913023,2025,654
I4210122462,2006,0
I4210122462,2007,0
I4210122462,2008,0
I4210122462,2009,2
I4210122462,2010,0
I4210122462,2011,33
I4210122462,2012,34
I4210122462,2013,20
I4210122462,2014,0
I4210122462,2015,0
I4210122462,2016,127
I4210122462,2017,51
I4210122462,2018,23
I4210122462,2019,0
I4210122462,2020,15
I4210122462,2021,69
I4210122462,2022,42
I4210122462,2023,17
I4210122462,2024,94
I4210122462,2025,95
I4210124129,2006,0
I4210124129,2007,0
I4210124129,2008,0
I4210124129,2009,61
I4210124129,2010,0
I4210124129,2011,4
I4210124129,2012,8
I4210124129,2013,3
I4210124129,2014,84
I4210124129,2015,44
I4210124129,2016,0
I4210124129,2017,4
I4210124129,2018,109
I4210124129,2019,18
I4210124129,2020,31
I4210124129,2021,59
I4210124129,2022,55
I4210124129,2023,52
I4210124129,2024,61
I4210124129,2025,15
I4210099821,2006,16
I4210099821,2007,1
I4210099821,2008,25
I4210099821,2009,0
I4210099821,2010,0
I4210099821,2011,20
I4210099821,2012,115
I4210099821,2013,20
I4210099821,2014,3
I4210099821,2015,38
I4210099821,2016,19
I4210099821,2017,36
I4210099821,2018,173
I4210099821,2019,138
I4210099821,2020,142
I4210099821,2021,152
I4210099821,2022,464
I4210099821,2023,655
I4210099821,2024,709
I4210099821,2025,98
I4210106663,2006,0
I4210106663,2007,30
I4210106663,2008,2
I4210106663,2009,0
I4210106663,2010,125
I4210106663,2011,417
I4210106663,2012,542
I4210106663,2013,657
I4210106663,2014,719
I4210106663,2015,762
I4210106663,2016,2160
I4210106663,2017,1280
I4210106663,2018,2847
I4210106663,2019,3574
I4210106663,2020,3729
I4210106663,2021,6206
I4210106663,2022,7389
I4210106663,2023,5026
I4210106663,2024,3375
I4210106663,2025,891
I4405261176,2006,0
I4405261176,2007,0
I4405261176,2008,0
I4405261176,2009,0
I4405261176,2010,0
I4405261176,2011,0
I4405261176,2012,0
I4405261176,2013,0
I4405261176,2014,0
I4405261176,2015,0
I4405261176,2016,0
I4405261176,2017,0
I4405261176,2018,0
I4405261176,2019,0
I4405261176,2020,0
I4405261176,2021,0
I4405261176,2022,0
I4405261176,2023,0
I4405261176,2024,0
I4405261176,2025,0
I2801517398,2006,0
I2801517398,2007,0
I2801517398,2008,8
I2801517398,2009,20
I2801517398,2010,4
I2801517398,2011,24
I2801517398,2012,5
I2801517398,2013,155
I2801517398,2014,242
I2801517398,2015,72
I2801517398,2016,48
I2801517398,2017,45
I2801517398,2018,158
I2801517398,2019,104
I2801517398,2020,246
I2801517398,2021,1594
I2801517398,2022,423
I2801517398,2023,335
I2801517398,2024,150
I2801517398,2025,60
I185474147,2006,43
I185474147,2007,6
I185474147,2008,4
I185474147,2009,0
I185474147,2010,57
I185474147,2011,236
I185474147,2012,325
I185474147,2013,128
I185474147,2014,125
I185474147,2015,190
I185474147,2016,303
I185474147,2017,243
I185474147,2018,148
I185474147,2019,234
I185474147,2020,546
I185474147,2021,652
I185474147,2022,766
I185474147,2023,540
I185474147,2024,369
I185474147,2025,97
I4210105844,2006,30
I4210105844,2007,2
I4210105844,2008,23
I4210105844,2009,0
I4210105844,2010,1
I4210105844,2011,26
I4210105844,2012,112
I4210105844,2013,78
I4210105844,2014,75
I4210105844,2015,356
I4210105844,2016,14
I4210105844,2017,73
I4210105844,2018,7
I4210105844,2019,7
I4210105844,2020,29
I4210105844,2021,8
I4210105844,2022,17
I4210105844,2023,8
I4210105844,2024,7
I4210105844,2025,0
I4405263093,2006,0
I4405263093,2007,0
I4405263093,2008,0
I4405263093,2009,0
I4405263093,2010,0
I4405263093,2011,0
I4405263093,2012,0
I4405263093,2013,0
I4405263093,2014,0
I4405263093,2015,0
I4405263093,2016,0
I4405263093,2017,0
I4405263093,2018,0
I4405263093,2019,0
I4405263093,2020,0
I4405263093,2021,0
I4405263093,2022,0
I4405263093,2023,0
I4405263093,2024,0
I4405263093,2025,0
I4210157195,2006,0
I4210157195,2007,3
I4210157195,2008,39
I4210157195,2009,6
I4210157195,2010,4
I4210157195,2011,20
I4210157195,2012,60
I4210157195,2013,0
I4210157195,2014,37
I4210157195,2015,8
I4210157195,2016,14
I4210157195,2017,18
I4210157195,2018,3
I4210157195,2019,45
I4210157195,2020,68
I4210157195,2021,100
I4210157195,2022,262
I4210157195,2023,126
I4210157195,2024,206
I4210157195,2025,343
I315205436,2006,0
I315205436,2007,11
I315205436,2008,28
I315205436,2009,12
I315205436,2010,25
I315205436,2011,57
I315205436,2012,398
I315205436,2013,307
I315205436,2014,622
I315205436,2015,679
I315205436,2016,2641
I315205436,2017,1156
I315205436,2018,1873
I315205436,2019,1959
I315205436,2020,1506
I315205436,2021,3048
I315205436,2022,1717
I315205436,2023,1437
I315205436,2024,922
I315205436,2025,299
I4210106316,2006,0
I4210106316,2007,1
I4210106316,2008,1
I4210106316,2009,0
I4210106316,2010,0
I4210106316,2011,96
I4210106316,2012,3
I4210106316,2013,11
I4210106316,2014,0
I4210106316,2015,163
I4210106316,2016,0
I4210106316,2017,0
I4210106316,2018,97
I4210106316,2019,2
I4210106316,2020,74
I4210106316,2021,69
I4210106316,2022,36
I4210106316,2023,32
I4210106316,2024,49
I4210106316,2025,47
I4210100085,2006,0
I4210100085,2007,0
I4210100085,2008,0
I4210100085,2009,0
I4210100085,2010,0
I4210100085,2011,0
I4210100085,2012,11
I4210100085,2013,0
I4210100085,2014,7
I4210100085,2015,6
I4210100085,2016,0
I4210100085,2017,0
I4210100085,2018,0
I4210100085,2019,0
I4210100085,2020,20
I4210100085,2021,1
I4210100085,2022,5
I4210100085,2023,54
I4210100085,2024,17
I4210100085,2025,10
I4210131030,2006,2
I4210131030,2007,0
I4210131030,2008,1
I4210131030,2009,47
I4210131030,2010,0
I4210131030,2011,21
I4210131030,2012,16
I4210131030,2013,46
I4210131030,2014,0
I4210131030,2015,93
I4210131030,2016,1
I4210131030,2017,10
I4210131030,2018,15
I4210131030,2019,98
I4210131030,2020,98
I4210131030,2021,117
I4210131030,2022,104
I4210131030,2023,14
I4210131030,2024,13
I4210131030,2025,0
I4405260700,2006,0
I4405260700,2007,0
I4405260700,2008,0
I4405260700,2009,0
I4405260700,2010,0
I4405260700,2011,0
I4405260700,2012,0
I4405260700,2013,0
I4405260700,2014,0
I4405260700,2015,0
I4405260700,2016,0
I4405260700,2017,0
I4405260700,2018,0
I4405260700,2019,0
I4405260700,2020,0
I4405260700,2021,0
I4405260700,2022,0
I4405260700,2023,0
I4405260700,2024,0
I4405260700,2025,0
I4405261325,2006,0
I4405261325,2007,0
I4405261325,2008,0
I4405261325,2009,0
I4405261325,2010,0
I4405261325,2011,0
I4405261325,2012,0
I4405261325,2013,0
I4405261325,2014,0
I4405261325,2015,0
I4405261325,2016,0
I4405261325,2017,0
I4405261325,2018,0
I4405261325,2019,0
I4405261325,2020,0
I4405261325,2021,0
I4405261325,2022,0
I4405261325,2023,0
I4405261325,2024,0
I4405261325,2025,0
I4405255526,2006,0
I4405255526,2007,0
I4405255526,2008,0
I4405255526,2009,0
I4405255526,2010,0
I4405255526,2011,0
I4405255526,2012,0
I4405255526,2013,0
I4405255526,2014,0
I4405255526,2015,0
I4405255526,2016,0
I4405255526,2017,0
I4405255526,2018,0
I4405255526,2019,0
I4405255526,2020,0
I4405255526,2021,0
I4405255526,2022,0
I4405255526,2023,0
I4405255526,2024,0
I4405255526,2025,0
I4210123766,2006,0
I4210123766,2007,0
I4210123766,2008,0
I4210123766,2009,185
I4210123766,2010,0
I4210123766,2011,69
I4210123766,2012,99
I4210123766,2013,556
I4210123766,2014,1121
I4210123766,2015,792
I4210123766,2016,961
I4210123766,2017,1167
I4210123766,2018,3959
I4210123766,2019,2039
I4210123766,2020,5137
I4210123766,2021,2539
I4210123766,2022,2642
I4210123766,2023,3013
I4210123766,2024,2405
I4210123766,2025,2050
I1443707,2006,811
I1443707,2007,2303
I1443707,2008,3238
I1443707,2009,2965
I1443707,2010,3713
I1443707,2011,8718
I1443707,2012,8214
I1443707,2013,9076
I1443707,2014,11447
I1443707,2015,10627
I1443707,2016,17322
I1443707,2017,26194
I1443707,2018,13776
I1443707,2019,19249
I1443707,2020,18550
I1443707,2021,22405
I1443707,2022,17847
I1443707,2023,13360
I1443707,2024,8465
I1443707,2025,5063
I4210124673,2006,0
I4210124673,2007,0
I4210124673,2008,0
I4210124673,2009,0
I4210124673,2010,0
I4210124673,2011,0
I4210124673,2012,2
I4210124673,2013,3
I4210124673,2014,22
I4210124673,2015,25
I4210124673,2016,0
I4210124673,2017,69
I4210124673,2018,6
I4210124673,2019,1
I4210124673,2020,18
I4210124673,2021,166
I4210124673,2022,197
I4210124673,2023,4
I4210124673,2024,3
I4210124673,2025,1
I26805570,2006,2908
I26805570,2007,1182
I26805570,2008,2316
I26805570,2009,1610
I26805570,2010,2464
I26805570,2011,2349
I26805570,2012,4497
I26805570,2013,4707
I26805570,2014,6367
I26805570,2015,6746
I26805570,2016,9925
I26805570,2017,8460
I26805570,2018,8622
I26805570,2019,11478
I26805570,2020,9543
I26805570,2021,8686
I26805570,2022,6625
I26805570,2023,5550
I26805570,2024,2953
I26805570,2025,1370
I4405260603,2006,0
I4405260603,2007,0
I4405260603,2008,0
I4405260603,2009,0
I4405260603,2010,0
I4405260603,2011,0
I4405260603,2012,0
I4405260603,2013,0
I4405260603,2014,0
I4405260603,2015,0
I4405260603,2016,0
I4405260603,2017,0
I4405260603,2018,0
I4405260603,2019,0
I4405260603,2020,0
I4405260603,2021,0
I4405260603,2022,0
I4405260603,2023,0
I4405260603,2024,0
I4405260603,2025,0
I230269253,2006,0
I230269253,2007,52
I230269253,2008,5
I230269253,2009,146
I230269253,2010,68
I230269253,2011,190
I230269253,2012,275
I230269253,2013,294
I230269253,2014,280
I230269253,2015,299
I230269253,2016,416
I230269253,2017,361
I230269253,2018,293
I230269253,2019,1100
I230269253,2020,692
I230269253,2021,760
I230269253,2022,672
I230269253,2023,733
I230269253,2024,406
I230269253,2025,181
I44738892,2006,412
I44738892,2007,225
I44738892,2008,277
I44738892,2009,724
I44738892,2010,732
I44738892,2011,1293
I44738892,2012,924
I44738892,2013,1296
I44738892,2014,1717
I44738892,2015,1246
I44738892,2016,1564
I44738892,2017,4058
I44738892,2018,2183
I44738892,2019,2510
I44738892,2020,3244
I44738892,2021,2433
I44738892,2022,2543
I44738892,2023,1751
I44738892,2024,1127
I44738892,2025,381
I4210152384,2006,0
I4210152384,2007,0
I4210152384,2008,0
I4210152384,2009,0
I4210152384,2010,0
I4210152384,2011,0
I4210152384,2012,0
I4210152384,2013,0
I4210152384,2014,0
I4210152384,2015,0
I4210152384,2016,0
I4210152384,2017,0
I4210152384,2018,0
I4210152384,2019,0
I4210152384,2020,0
I4210152384,2021,0
I4210152384,2022,5
I4210152384,2023,3
I4210152384,2024,6
I4210152384,2025,0
I3130478569,2006,29
I3130478569,2007,0
I3130478569,2008,0
I3130478569,2009,7
I3130478569,2010,67
I3130478569,2011,5
I3130478569,2012,14
I3130478569,2013,159
I3130478569,2014,58
I3130478569,2015,35
I3130478569,2016,58
I3130478569,2017,186
I3130478569,2018,54
I3130478569,2019,86
I3130478569,2020,138
I3130478569,2021,162
I3130478569,2022,14
I3130478569,2023,30
I3130478569,2024,15
I3130478569,2025,8
I3131884745,2006,0
I3131884745,2007,0
I3131884745,2008,13
I3131884745,2009,0
I3131884745,2010,0
I3131884745,2011,41
I3131884745,2012,35
I3131884745,2013,141
I3131884745,2014,290
I3131884745,2015,57
I3131884745,2016,261
I3131884745,2017,55
I3131884745,2018,78
I3131884745,2019,170
I3131884745,2020,132
I3131884745,2021,48
I3131884745,2022,189
I3131884745,2023,453
I3131884745,2024,228
I3131884745,2025,33
I4405258929,2006,0
I4405258929,2007,0
I4405258929,2008,0
I4405258929,2009,0
I4405258929,2010,0
I4405258929,2011,0
I4405258929,2012,0
I4405258929,2013,0
I4405258929,2014,0
I4405258929,2015,0
I4405258929,2016,0
I4405258929,2017,0
I4405258929,2018,0
I4405258929,2019,0
I4405258929,2020,0
I4405258929,2021,0
I4405258929,2022,0
I4405258929,2023,0
I4405258929,2024,0
I4405258929,2025,0
I3129482412,2006,66
I3129482412,2007,68
I3129482412,2008,0
I3129482412,2009,2
I3129482412,2010,40
I3129482412,2011,25
I3129482412,2012,0
I3129482412,2013,0
I3129482412,2014,78
I3129482412,2015,3
I3129482412,2016,136
I3129482412,2017,97
I3129482412,2018,282
I3129482412,2019,452
I3129482412,2020,1212
I3129482412,2021,1765
I3129482412,2022,1382
I3129482412,2023,1112
I3129482412,2024,740
I3129482412,2025,351
I3131121749,2006,41
I3131121749,2007,0
I3131121749,2008,0
I3131121749,2009,39
I3131121749,2010,3
I3131121749,2011,97
I3131121749,2012,46
I3131121749,2013,147
I3131121749,2014,140
I3131121749,2015,231
I3131121749,2016,95
I3131121749,2017,375
I3131121749,2018,248
I3131121749,2019,216
I3131121749,2020,196
I3131121749,2021,181
I3131121749,2022,257
I3131121749,2023,238
I3131121749,2024,158
I3131121749,2025,87
I3131952115,2006,224
I3131952115,2007,0
I3131952115,2008,164
I3131952115,2009,66
I3131952115,2010,192
I3131952115,2011,201
I3131952115,2012,108
I3131952115,2013,721
I3131952115,2014,436
I3131952115,2015,414
I3131952115,2016,368
I3131952115,2017,632
I3131952115,2018,698
I3131952115,2019,679
I3131952115,2020,1433
I3131952115,2021,1389
I3131952115,2022,673
I3131952115,2023,946
I3131952115,2024,293
I3131952115,2025,137
I307268238,2006,47
I307268238,2007,89
I307268238,2008,153
I307268238,2009,224
I307268238,2010,269
I307268238,2011,152
I307268238,2012,162
I307268238,2013,192
I307268238,2014,608
I307268238,2015,1040
I307268238,2016,934
I307268238,2017,2237
I307268238,2018,1500
I307268238,2019,1991
I307268238,2020,3067
I307268238,2021,2399
I307268238,2022,2231
I307268238,2023,2253
I307268238,2024,1164
I307268238,2025,1157
I130309236,2006,949
I130309236,2007,1533
I130309236,2008,1356
I130309236,2009,4430
I130309236,2010,3921
I130309236,2011,4539
I130309236,2012,4187
I130309236,2013,10702
I130309236,2014,10098
I130309236,2015,11018
I130309236,2016,12514
I130309236,2017,18654
I130309236,2018,21639
I130309236,2019,28983
I130309236,2020,41469
I130309236,2021,49955
I130309236,2022,39718
I130309236,2023,28243
I130309236,2024,17345
I130309236,2025,7756
I4210107289,2006,0
I4210107289,2007,0
I4210107289,2008,0
I4210107289,2009,0
I4210107289,2010,0
I4210107289,2011,2
I4210107289,2012,2
I4210107289,2013,0
I4210107289,2014,0
I4210107289,2015,0
I4210107289,2016,0
I4210107289,2017,213
I4210107289,2018,184
I4210107289,2019,182
I4210107289,2020,221
I4210107289,2021,435
I4210107289,2022,350
I4210107289,2023,297
I4210107289,2024,221
I4210107289,2025,55
I2752562790,2006,54
I2752562790,2007,118
I2752562790,2008,4
I2752562790,2009,75
I2752562790,2010,672
I2752562790,2011,423
I2752562790,2012,239
I2752562790,2013,460
I2752562790,2014,459
I2752562790,2015,304
I2752562790,2016,433
I2752562790,2017,580
I2752562790,2018,1068
I2752562790,2019,1637
I2752562790,2020,2182
I2752562790,2021,4399
I2752562790,2022,3508
I2752562790,2023,6196
I2752562790,2024,5147
I2752562790,2025,3593
I4210152770,2006,0
I4210152770,2007,57
I4210152770,2008,186
I4210152770,2009,9
I4210152770,2010,346
I4210152770,2011,181
I4210152770,2012,183
I4210152770,2013,184
I4210152770,2014,473
I4210152770,2015,245
I4210152770,2016,413
I4210152770,2017,723
I4210152770,2018,1387
I4210152770,2019,1163
I4210152770,2020,2715
I4210152770,2021,2484
I4210152770,2022,1588
I4210152770,2023,1158
I4210152770,2024,635
I4210152770,2025,314
I64838667,2006,0
I64838667,2007,0
I64838667,2008,0
I64838667,2009,163
I64838667,2010,27
I64838667,2011,9
I64838667,2012,72
I64838667,2013,182
I64838667,2014,101
I64838667,2015,74
I64838667,2016,537
I64838667,2017,655
I64838667,2018,263
I64838667,2019,386
I64838667,2020,355
I64838667,2021,790
I64838667,2022,234
I64838667,2023,188
I64838667,2024,276
I64838667,2025,141
I221899656,2006,0
I221899656,2007,0
I221899656,2008,0
I221899656,2009,95
I221899656,2010,6
I221899656,2011,0
I221899656,2012,40
I221899656,2013,183
I221899656,2014,321
I221899656,2015,408
I221899656,2016,461
I221899656,2017,727
I221899656,2018,1628
I221899656,2019,962
I221899656,2020,1075
I221899656,2021,808
I221899656,2022,371
I221899656,2023,990
I221899656,2024,419
I221899656,2025,107
I4405262038,2006,0
I4405262038,2007,0
I4405262038,2008,0
I4405262038,2009,0
I4405262038,2010,0
I4405262038,2011,0
I4405262038,2012,0
I4405262038,2013,0
I4405262038,2014,0
I4405262038,2015,0
I4405262038,2016,0
I4405262038,2017,0
I4405262038,2018,0
I4405262038,2019,0
I4405262038,2020,0
I4405262038,2021,0
I4405262038,2022,0
I4405262038,2023,0
I4405262038,2024,0
I4405262038,2025,0
I4405258167,2006,0
I4405258167,2007,0
I4405258167,2008,0
I4405258167,2009,0
I4405258167,2010,0
I4405258167,2011,0
I4405258167,2012,0
I4405258167,2013,0
I4405258167,2014,0
I4405258167,2015,0
I4405258167,2016,0
I4405258167,2017,0
I4405258167,2018,0
I4405258167,2019,0
I4405258167,2020,0
I4405258167,2021,0
I4405258167,2022,0
I4405258167,2023,0
I4405258167,2024,0
I4405258167,2025,0
I20893674,2006,19
I20893674,2007,127
I20893674,2008,24
I20893674,2009,60
I20893674,2010,282
I20893674,2011,582
I20893674,2012,459
I20893674,2013,529
I20893674,2014,596
I20893674,2015,201
I20893674,2016,168
I20893674,2017,386
I20893674,2018,551
I20893674,2019,142
I20893674,2020,532
I20893674,2021,248
I20893674,2022,420
I20893674,2023,220
I20893674,2024,184
I20893674,2025,124
I4210132408,2006,0
I4210132408,2007,0
I4210132408,2008,0
I4210132408,2009,0
I4210132408,2010,0
I4210132408,2011,0
I4210132408,2012,0
I4210132408,2013,0
I4210132408,2014,0
I4210132408,2015,16
I4210132408,2016,0
I4210132408,2017,1
I4210132408,2018,0
I4210132408,2019,0
I4210132408,2020,1
I4210132408,2021,2
I4210132408,2022,0
I4210132408,2023,0
I4210132408,2024,0
I4210132408,2025,0
I4405260203,2006,0
I4405260203,2007,0
I4405260203,2008,0
I4405260203,2009,0
I4405260203,2010,0
I4405260203,2011,0
I4405260203,2012,0
I4405260203,2013,0
I4405260203,2014,0
I4405260203,2015,0
I4405260203,2016,0
I4405260203,2017,0
I4405260203,2018,0
I4405260203,2019,0
I4405260203,2020,0
I4405260203,2021,0
I4405260203,2022,0
I4405260203,2023,0
I4405260203,2024,0
I4405260203,2025,0
I4403386679,2006,2
I4403386679,2007,0
I4403386679,2008,0
I4403386679,2009,32
I4403386679,2010,0
I4403386679,2011,21
I4403386679,2012,9
I4403386679,2013,33
I4403386679,2014,114
I4403386679,2015,59
I4403386679,2016,50
I4403386679,2017,85
I4403386679,2018,82
I4403386679,2019,261
I4403386679,2020,144
I4403386679,2021,110
I4403386679,2022,191
I4403386679,2023,170
I4403386679,2024,38
I4403386679,2025,4
I4210088819,2006,0
I4210088819,2007,0
I4210088819,2008,1
I4210088819,2009,3
I4210088819,2010,105
I4210088819,2011,175
I4210088819,2012,215
I4210088819,2013,200
I4210088819,2014,411
I4210088819,2015,79
I4210088819,2016,279
I4210088819,2017,646
I4210088819,2018,547
I4210088819,2019,768
I4210088819,2020,1043
I4210088819,2021,675
I4210088819,2022,934
I4210088819,2023,693
I4210088819,2024,486
I4210088819,2025,162
I4405260148,2006,0
I4405260148,2007,0
I4405260148,2008,0
I4405260148,2009,0
I4405260148,2010,0
I4405260148,2011,0
I4405260148,2012,0
I4405260148,2013,0
I4405260148,2014,0
I4405260148,2015,0
I4405260148,2016,0
I4405260148,2017,0
I4405260148,2018,0
I4405260148,2019,0
I4405260148,2020,0
I4405260148,2021,0
I4405260148,2022,0
I4405260148,2023,0
I4405260148,2024,0
I4405260148,2025,0
I4210100769,2006,0
I4210100769,2007,0
I4210100769,2008,0
I4210100769,2009,0
I4210100769,2010,0
I4210100769,2011,0
I4210100769,2012,0
I4210100769,2013,0
I4210100769,2014,0
I4210100769,2015,0
I4210100769,2016,0
I4210100769,2017,12
I4210100769,2018,0
I4210100769,2019,2
I4210100769,2020,43
I4210100769,2021,21
I4210100769,2022,0
I4210100769,2023,0
I4210100769,2024,33
I4210100769,2025,6
I4405261871,2006,0
I4405261871,2007,0
I4405261871,2008,0
I4405261871,2009,0
I4405261871,2010,0
I4405261871,2011,0
I4405261871,2012,0
I4405261871,2013,0
I4405261871,2014,0
I4405261871,2015,0
I4405261871,2016,0
I4405261871,2017,0
I4405261871,2018,0
I4405261871,2019,0
I4405261871,2020,0
I4405261871,2021,0
I4405261871,2022,0
I4405261871,2023,0
I4405261871,2024,0
I4405261871,2025,0
I4405262157,2006,0
I4405262157,2007,0
I4405262157,2008,0
I4405262157,2009,0
I4405262157,2010,0
I4405262157,2011,0
I4405262157,2012,0
I4405262157,2013,0
I4405262157,2014,0
I4405262157,2015,0
I4405262157,2016,0
I4405262157,2017,0
I4405262157,2018,0
I4405262157,2019,0
I4405262157,2020,0
I4405262157,2021,0
I4405262157,2022,0
I4405262157,2023,0
I4405262157,2024,0
I4405262157,2025,0
I4405258124,2006,0
I4405258124,2007,0
I4405258124,2008,0
I4405258124,2009,0
I4405258124,2010,0
I4405258124,2011,0
I4405258124,2012,0
I4405258124,2013,0
I4405258124,2014,0
I4405258124,2015,0
I4405258124,2016,0
I4405258124,2017,0
I4405258124,2018,0
I4405258124,2019,0
I4405258124,2020,0
I4405258124,2021,0
I4405258124,2022,0
I4405258124,2023,0
I4405258124,2024,0
I4405258124,2025,0
I116082035,2006,115
I116082035,2007,19
I116082035,2008,327
I116082035,2009,71
I116082035,2010,173
I116082035,2011,62
I116082035,2012,660
I116082035,2013,315
I116082035,2014,177
I116082035,2015,482
I116082035,2016,56
I116082035,2017,482
I116082035,2018,457
I116082035,2019,150
I116082035,2020,453
I116082035,2021,1849
I116082035,2022,202
I116082035,2023,111
I116082035,2024,94
I116082035,2025,28
I36770943,2006,24
I36770943,2007,8
I36770943,2008,594
I36770943,2009,5
I36770943,2010,194
I36770943,2011,151
I36770943,2012,131
I36770943,2013,93
I36770943,2014,199
I36770943,2015,203
I36770943,2016,426
I36770943,2017,457
I36770943,2018,557
I36770943,2019,840
I36770943,2020,246
I36770943,2021,366
I36770943,2022,155
I36770943,2023,130
I36770943,2024,68
I36770943,2025,29
I4405266154,2006,0
I4405266154,2007,0
I4405266154,2008,0
I4405266154,2009,0
I4405266154,2010,0
I4405266154,2011,0
I4405266154,2012,0
I4405266154,2013,0
I4405266154,2014,0
I4405266154,2015,0
I4405266154,2016,0
I4405266154,2017,0
I4405266154,2018,0
I4405266154,2019,0
I4405266154,2020,0
I4405266154,2021,0
I4405266154,2022,0
I4405266154,2023,0
I4405266154,2024,0
I4405266154,2025,0
I153975220,2006,3292
I153975220,2007,2644
I153975220,2008,3149
I153975220,2009,2978
I153975220,2010,2506
I153975220,2011,3629
I153975220,2012,4129
I153975220,2013,4283
I153975220,2014,5714
I153975220,2015,6870
I153975220,2016,5781
I153975220,2017,5030
I153975220,2018,4839
I153975220,2019,4491
I153975220,2020,8249
I153975220,2021,8885
I153975220,2022,7358
I153975220,2023,3951
I153975220,2024,2420
I153975220,2025,729
I4210128741,2006,11
I4210128741,2007,29
I4210128741,2008,0
I4210128741,2009,0
I4210128741,2010,0
I4210128741,2011,32
I4210128741,2012,61
I4210128741,2013,41
I4210128741,2014,189
I4210128741,2015,120
I4210128741,2016,287
I4210128741,2017,117
I4210128741,2018,134
I4210128741,2019,109
I4210128741,2020,182
I4210128741,2021,120
I4210128741,2022,28
I4210128741,2023,108
I4210128741,2024,27
I4210128741,2025,52
I4210106600,2006,0
I4210106600,2007,11
I4210106600,2008,1
I4210106600,2009,0
I4210106600,2010,0
I4210106600,2011,15
I4210106600,2012,0
I4210106600,2013,20
I4210106600,2014,69
I4210106600,2015,61
I4210106600,2016,59
I4210106600,2017,85
I4210106600,2018,268
I4210106600,2019,119
I4210106600,2020,214
I4210106600,2021,236
I4210106600,2022,206
I4210106600,2023,211
I4210106600,2024,115
I4210106600,2025,50
I4210109517,2006,0
I4210109517,2007,0
I4210109517,2008,5
I4210109517,2009,0
I4210109517,2010,0
I4210109517,2011,0
I4210109517,2012,22
I4210109517,2013,52
I4210109517,2014,105
I4210109517,2015,0
I4210109517,2016,4
I4210109517,2017,14
I4210109517,2018,78
I4210109517,2019,15
I4210109517,2020,82
I4210109517,2021,51
I4210109517,2022,54
I4210109517,2023,124
I4210109517,2024,103
I4210109517,2025,48
I4405259800,2006,0
I4405259800,2007,0
I4405259800,2008,0
I4405259800,2009,0
I4405259800,2010,0
I4405259800,2011,0
I4405259800,2012,0
I4405259800,2013,0
I4405259800,2014,0
I4405259800,2015,0
I4405259800,2016,0
I4405259800,2017,0
I4405259800,2018,0
I4405259800,2019,0
I4405259800,2020,0
I4405259800,2021,0
I4405259800,2022,0
I4405259800,2023,0
I4405259800,2024,0
I4405259800,2025,0
I4405260151,2006,0
I4405260151,2007,0
I4405260151,2008,0
I4405260151,2009,0
I4405260151,2010,0
I4405260151,2011,0
I4405260151,2012,0
I4405260151,2013,0
I4405260151,2014,0
I4405260151,2015,0
I4405260151,2016,0
I4405260151,2017,0
I4405260151,2018,0
I4405260151,2019,0
I4405260151,2020,0
I4405260151,2021,0
I4405260151,2022,0
I4405260151,2023,0
I4405260151,2024,0
I4405260151,2025,0
I4405265904,2006,0
I4405265904,2007,0
I4405265904,2008,0
I4405265904,2009,0
I4405265904,2010,0
I4405265904,2011,0
I4405265904,2012,0
I4405265904,2013,0
I4405265904,2014,0
I4405265904,2015,0
I4405265904,2016,0
I4405265904,2017,0
I4405265904,2018,0
I4405265904,2019,0
I4405265904,2020,0
I4405265904,2021,0
I4405265904,2022,0
I4405265904,2023,0
I4405265904,2024,0
I4405265904,2025,0
I4405257613,2006,0
I4405257613,2007,0
I4405257613,2008,0
I4405257613,2009,0
I4405257613,2010,0
I4405257613,2011,0
I4405257613,2012,0
I4405257613,2013,0
I4405257613,2014,0
I4405257613,2015,0
I4405257613,2016,0
I4405257613,2017,0
I4405257613,2018,0
I4405257613,2019,0
I4405257613,2020,0
I4405257613,2021,0
I4405257613,2022,0
I4405257613,2023,0
I4405257613,2024,0
I4405257613,2025,0
I3131411328,2006,2
I3131411328,2007,68
I3131411328,2008,78
I3131411328,2009,110
I3131411328,2010,74
I3131411328,2011,23
I3131411328,2012,0
I3131411328,2013,11
I3131411328,2014,39
I3131411328,2015,94
I3131411328,2016,60
I3131411328,2017,159
I3131411328,2018,79
I3131411328,2019,224
I3131411328,2020,231
I3131411328,2021,201
I3131411328,2022,237
I3131411328,2023,91
I3131411328,2024,137
I3131411328,2025,53
I3129475430,2006,0
I3129475430,2007,0
I3129475430,2008,0
I3129475430,2009,0
I3129475430,2010,0
I3129475430,2011,0
I3129475430,2012,0
I3129475430,2013,0
I3129475430,2014,1
I3129475430,2015,0
I3129475430,2016,0
I3129475430,2017,0
I3129475430,2018,0
I3129475430,2019,9
I3129475430,2020,0
I3129475430,2021,88
I3129475430,2022,53
I3129475430,2023,3
I3129475430,2024,32
I3129475430,2025,11
I4210151796,2006,16
I4210151796,2007,0
I4210151796,2008,196
I4210151796,2009,6
I4210151796,2010,31
I4210151796,2011,17
I4210151796,2012,55
I4210151796,2013,160
I4210151796,2014,160
I4210151796,2015,451
I4210151796,2016,421
I4210151796,2017,372
I4210151796,2018,540
I4210151796,2019,395
I4210151796,2020,521
I4210151796,2021,795
I4210151796,2022,685
I4210151796,2023,762
I4210151796,2024,456
I4210151796,2025,178
I4210116614,2006,0
I4210116614,2007,0
I4210116614,2008,0
I4210116614,2009,0
I4210116614,2010,0
I4210116614,2011,0
I4210116614,2012,0
I4210116614,2013,0
I4210116614,2014,0
I4210116614,2015,0
I4210116614,2016,0
I4210116614,2017,0
I4210116614,2018,0
I4210116614,2019,0
I4210116614,2020,0
I4210116614,2021,0
I4210116614,2022,0
I4210116614,2023,1
I4210116614,2024,0
I4210116614,2025,2
I4403928223,2006,0
I4403928223,2007,0
I4403928223,2008,0
I4403928223,2009,0
I4403928223,2010,0
I4403928223,2011,0
I4403928223,2012,0
I4403928223,2013,0
I4403928223,2014,0
I4403928223,2015,0
I4403928223,2016,0
I4403928223,2017,0
I4403928223,2018,0
I4403928223,2019,0
I4403928223,2020,0
I4403928223,2021,0
I4403928223,2022,0
I4403928223,2023,75
I4403928223,2024,1
I4403928223,2025,2
I3130452249,2006,0
I3130452249,2007,0
I3130452249,2008,67
I3130452249,2009,23
I3130452249,2010,32
I3130452249,2011,13
I3130452249,2012,7
I3130452249,2013,40
I3130452249,2014,137
I3130452249,2015,5
I3130452249,2016,52
I3130452249,2017,6
I3130452249,2018,12
I3130452249,2019,51
I3130452249,2020,3
I3130452249,2021,16
I3130452249,2022,13
I3130452249,2023,32
I3130452249,2024,17
I3130452249,2025,3
I4210151633,2006,0
I4210151633,2007,0
I4210151633,2008,321
I4210151633,2009,9
I4210151633,2010,277
I4210151633,2011,146
I4210151633,2012,130
I4210151633,2013,462
I4210151633,2014,319
I4210151633,2015,1068
I4210151633,2016,324
I4210151633,2017,316
I4210151633,2018,1064
I4210151633,2019,1438
I4210151633,2020,1549
I4210151633,2021,2165
I4210151633,2022,938
I4210151633,2023,1267
I4210151633,2024,852
I4210151633,2025,279
I10627620,2006,2
I10627620,2007,18
I10627620,2008,155
I10627620,2009,58
I10627620,2010,273
I10627620,2011,593
I10627620,2012,774
I10627620,2013,1300
I10627620,2014,846
I10627620,2015,505
I10627620,2016,471
I10627620,2017,825
I10627620,2018,1011
I10627620,2019,1771
I10627620,2020,1935
I10627620,2021,1238
I10627620,2022,1678
I10627620,2023,1670
I10627620,2024,1055
I10627620,2025,473
I4405256641,2006,0
I4405256641,2007,0
I4405256641,2008,0
I4405256641,2009,0
I4405256641,2010,0
I4405256641,2011,0
I4405256641,2012,0
I4405256641,2013,0
I4405256641,2014,0
I4405256641,2015,0
I4405256641,2016,0
I4405256641,2017,0
I4405256641,2018,0
I4405256641,2019,0
I4405256641,2020,0
I4405256641,2021,0
I4405256641,2022,0
I4405256641,2023,0
I4405256641,2024,0
I4405256641,2025,0
I4405260531,2006,0
I4405260531,2007,0
I4405260531,2008,0
I4405260531,2009,0
I4405260531,2010,0
I4405260531,2011,0
I4405260531,2012,0
I4405260531,2013,0
I4405260531,2014,0
I4405260531,2015,0
I4405260531,2016,0
I4405260531,2017,0
I4405260531,2018,0
I4405260531,2019,0
I4405260531,2020,0
I4405260531,2021,0
I4405260531,2022,0
I4405260531,2023,0
I4405260531,2024,0
I4405260531,2025,0
I4210150188,2006,0
I4210150188,2007,0
I4210150188,2008,0
I4210150188,2009,0
I4210150188,2010,0
I4210150188,2011,0
I4210150188,2012,0
I4210150188,2013,0
I4210150188,2014,1
I4210150188,2015,4
I4210150188,2016,42
I4210150188,2017,8
I4210150188,2018,28
I4210150188,2019,6
I4210150188,2020,25
I4210150188,2021,2
I4210150188,2022,104
I4210150188,2023,82
I4210150188,2024,8
I4210150188,2025,2
I4210109399,2006,0
I4210109399,2007,142
I4210109399,2008,54
I4210109399,2009,36
I4210109399,2010,2
I4210109399,2011,0
I4210109399,2012,37
I4210109399,2013,40
I4210109399,2014,9
I4210109399,2015,96
I4210109399,2016,551
I4210109399,2017,285
I4210109399,2018,404
I4210109399,2019,744
I4210109399,2020,2223
I4210109399,2021,3407
I4210109399,2022,1940
I4210109399,2023,977
I4210109399,2024,938
I4210109399,2025,895
I2801516365,2006,218
I2801516365,2007,148
I2801516365,2008,43
I2801516365,2009,185
I2801516365,2010,794
I2801516365,2011,297
I2801516365,2012,455
I2801516365,2013,1186
I2801516365,2014,1126
I2801516365,2015,869
I2801516365,2016,1359
I2801516365,2017,1268
I2801516365,2018,2296
I2801516365,2019,2202
I2801516365,2020,2669
I2801516365,2021,2419
I2801516365,2022,2576
I2801516365,2023,1719
I2801516365,2024,1057
I2801516365,2025,546
I4210165537,2006,2
I4210165537,2007,8
I4210165537,2008,0
I4210165537,2009,3
I4210165537,2010,1
I4210165537,2011,32
I4210165537,2012,56
I4210165537,2013,7
I4210165537,2014,75
I4210165537,2015,68
I4210165537,2016,29
I4210165537,2017,21
I4210165537,2018,137
I4210165537,2019,139
I4210165537,2020,169
I4210165537,2021,84
I4210165537,2022,43
I4210165537,2023,26
I4210165537,2024,23
I4210165537,2025,13
I28046988,2006,3829
I28046988,2007,5094
I28046988,2008,5078
I28046988,2009,6632
I28046988,2010,8350
I28046988,2011,6708
I28046988,2012,42051
I28046988,2013,11983
I28046988,2014,13395
I28046988,2015,23679
I28046988,2016,28182
I28046988,2017,23557
I28046988,2018,26751
I28046988,2019,29378
I28046988,2020,29995
I28046988,2021,39509
I28046988,2022,27675
I28046988,2023,21010
I28046988,2024,13107
I28046988,2025,4812
I3129613971,2006,33
I3129613971,2007,15
I3129613971,2008,189
I3129613971,2009,193
I3129613971,2010,122
I3129613971,2011,55
I3129613971,2012,327
I3129613971,2013,355
I3129613971,2014,335
I3129613971,2015,457
I3129613971,2016,280
I3129613971,2017,731
I3129613971,2018,709
I3129613971,2019,723
I3129613971,2020,938
I3129613971,2021,727
I3129613971,2022,868
I3129613971,2023,954
I3129613971,2024,449
I3129613971,2025,131
I98243723,2006,63
I98243723,2007,1
I98243723,2008,16
I98243723,2009,5
I98243723,2010,55
I98243723,2011,56
I98243723,2012,190
I98243723,2013,433
I98243723,2014,1176
I98243723,2015,1895
I98243723,2016,2045
I98243723,2017,2025
I98243723,2018,1938
I98243723,2019,2577
I98243723,2020,4595
I98243723,2021,4297
I98243723,2022,3640
I98243723,2023,3010
I98243723,2024,2228
I98243723,2025,1696
I3131062393,2006,0
I3131062393,2007,0
I3131062393,2008,0
I3131062393,2009,0
I3131062393,2010,0
I3131062393,2011,0
I3131062393,2012,14
I3131062393,2013,154
I3131062393,2014,568
I3131062393,2015,146
I3131062393,2016,1362
I3131062393,2017,730
I3131062393,2018,537
I3131062393,2019,714
I3131062393,2020,985
I3131062393,2021,753
I3131062393,2022,636
I3131062393,2023,753
I3131062393,2024,649
I3131062393,2025,362
I43480833,2006,15
I43480833,2007,148
I43480833,2008,107
I43480833,2009,83
I43480833,2010,501
I43480833,2011,289
I43480833,2012,421
I43480833,2013,550
I43480833,2014,635
I43480833,2015,682
I43480833,2016,1877
I43480833,2017,2861
I43480833,2018,1068
I43480833,2019,1769
I43480833,2020,2477
I43480833,2021,2961
I43480833,2022,2395
I43480833,2023,1628
I43480833,2024,835
I43480833,2025,530
I4210163663,2006,0
I4210163663,2007,60
I4210163663,2008,0
I4210163663,2009,0
I4210163663,2010,0
I4210163663,2011,0
I4210163663,2012,0
I4210163663,2013,0
I4210163663,2014,0
I4210163663,2015,0
I4210163663,2016,0
I4210163663,2017,51
I4210163663,2018,6
I4210163663,2019,0
I4210163663,2020,0
I4210163663,2021,0
I4210163663,2022,2
I4210163663,2023,5
I4210163663,2024,0
I4210163663,2025,0
I45230691,2006,1770
I45230691,2007,2864
I45230691,2008,2617
I45230691,2009,1819
I45230691,2010,3848
I45230691,2011,3279
I45230691,2012,3839
I45230691,2013,6537
I45230691,2014,6240
I45230691,2015,6342
I45230691,2016,5724
I45230691,2017,5562
I45230691,2018,5720
I45230691,2019,5466
I45230691,2020,10372
I45230691,2021,8164
I45230691,2022,9524
I45230691,2023,6921
I45230691,2024,4929
I45230691,2025,2755
I4210158975,2006,0
I4210158975,2007,0
I4210158975,2008,1
I4210158975,2009,17
I4210158975,2010,0
I4210158975,2011,0
I4210158975,2012,1
I4210158975,2013,1
I4210158975,2014,4
I4210158975,2015,0
I4210158975,2016,0
I4210158975,2017,0
I4210158975,2018,0
I4210158975,2019,9
I4210158975,2020,0
I4210158975,2021,1
I4210158975,2022,0
I4210158975,2023,2
I4210158975,2024,0
I4210158975,2025,0
I126541806,2006,1429
I126541806,2007,1757
I126541806,2008,2138
I126541806,2009,2456
I126541806,2010,2638
I126541806,2011,2516
I126541806,2012,3379
I126541806,2013,3541
I126541806,2014,5174
I126541806,2015,3057
I126541806,2016,3635
I126541806,2017,3132
I126541806,2018,3137
I126541806,2019,4708
I126541806,2020,6679
I126541806,2021,7212
I126541806,2022,4153
I126541806,2023,4373
I126541806,2024,2334
I126541806,2025,1434
I2799500531,2006,241
I2799500531,2007,23
I2799500531,2008,0
I2799500531,2009,2
I2799500531,2010,41
I2799500531,2011,56
I2799500531,2012,322
I2799500531,2013,248
I2799500531,2014,345
I2799500531,2015,219
I2799500531,2016,324
I2799500531,2017,171
I2799500531,2018,231
I2799500531,2019,233
I2799500531,2020,619
I2799500531,2021,584
I2799500531,2022,2443
I2799500531,2023,289
I2799500531,2024,107
I2799500531,2025,92
I3130826315,2006,0
I3130826315,2007,0
I3130826315,2008,0
I3130826315,2009,0
I3130826315,2010,19
I3130826315,2011,128
I3130826315,2012,26
I3130826315,2013,33
I3130826315,2014,123
I3130826315,2015,88
I3130826315,2016,87
I3130826315,2017,101
I3130826315,2018,153
I3130826315,2019,278
I3130826315,2020,1318
I3130826315,2021,296
I3130826315,2022,94
I3130826315,2023,97
I3130826315,2024,28
I3130826315,2025,176
I4210106992,2006,908
I4210106992,2007,1386
I4210106992,2008,1989
I4210106992,2009,1038
I4210106992,2010,899
I4210106992,2011,727
I4210106992,2012,258
I4210106992,2013,517
I4210106992,2014,295
I4210106992,2015,641
I4210106992,2016,541
I4210106992,2017,748
I4210106992,2018,448
I4210106992,2019,210
I4210106992,2020,181
I4210106992,2021,196
I4210106992,2022,162
I4210106992,2023,143
I4210106992,2024,108
I4210106992,2025,131
I304664074,2006,44
I304664074,2007,0
I304664074,2008,0
I304664074,2009,47
I304664074,2010,3
I304664074,2011,55
I304664074,2012,2186
I304664074,2013,665
I304664074,2014,1825
I304664074,2015,1311
I304664074,2016,2652
I304664074,2017,3004
I304664074,2018,4330
I304664074,2019,7737
I304664074,2020,12960
I304664074,2021,10147
I304664074,2022,7400
I304664074,2023,5473
I304664074,2024,3028
I304664074,2025,475
I3132180716,2006,441
I3132180716,2007,1095
I3132180716,2008,586
I3132180716,2009,609
I3132180716,2010,478
I3132180716,2011,621
I3132180716,2012,716
I3132180716,2013,1234
I3132180716,2014,1061
I3132180716,2015,1439
I3132180716,2016,1028
I3132180716,2017,1903
I3132180716,2018,2883
I3132180716,2019,2304
I3132180716,2020,3308
I3132180716,2021,3617
I3132180716,2022,3512
I3132180716,2023,2850
I3132180716,2024,1922
I3132180716,2025,793
I70593384,2006,191
I70593384,2007,127
I70593384,2008,190
I70593384,2009,311
I70593384,2010,323
I70593384,2011,228
I70593384,2012,501
I70593384,2013,284
I70593384,2014,291
I70593384,2015,331
I70593384,2016,157
I70593384,2017,4400
I70593384,2018,1360
I70593384,2019,1924
I70593384,2020,2562
I70593384,2021,2443
I70593384,2022,2950
I70593384,2023,2491
I70593384,2024,2226
I70593384,2025,676
I4210165476,2006,0
I4210165476,2007,0
I4210165476,2008,0
I4210165476,2009,0
I4210165476,2010,0
I4210165476,2011,0
I4210165476,2012,0
I4210165476,2013,2
I4210165476,2014,0
I4210165476,2015,0
I4210165476,2016,53
I4210165476,2017,8
I4210165476,2018,42
I4210165476,2019,44
I4210165476,2020,0
I4210165476,2021,48
I4210165476,2022,8
I4210165476,2023,39
I4210165476,2024,9
I4210165476,2025,0
I4405260929,2006,0
I4405260929,2007,0
I4405260929,2008,0
I4405260929,2009,0
I4405260929,2010,0
I4405260929,2011,0
I4405260929,2012,0
I4405260929,2013,0
I4405260929,2014,0
I4405260929,2015,0
I4405260929,2016,0
I4405260929,2017,0
I4405260929,2018,0
I4405260929,2019,0
I4405260929,2020,0
I4405260929,2021,0
I4405260929,2022,0
I4405260929,2023,0
I4405260929,2024,0
I4405260929,2025,0
I4405266764,2006,0
I4405266764,2007,0
I4405266764,2008,0
I4405266764,2009,0
I4405266764,2010,0
I4405266764,2011,0
I4405266764,2012,0
I4405266764,2013,0
I4405266764,2014,0
I4405266764,2015,0
I4405266764,2016,0
I4405266764,2017,0
I4405266764,2018,0
I4405266764,2019,0
I4405266764,2020,0
I4405266764,2021,0
I4405266764,2022,0
I4405266764,2023,0
I4405266764,2024,0
I4405266764,2025,0
I4405266542,2006,0
I4405266542,2007,0
I4405266542,2008,0
I4405266542,2009,0
I4405266542,2010,0
I4405266542,2011,0
I4405266542,2012,0
I4405266542,2013,0
I4405266542,2014,0
I4405266542,2015,0
I4405266542,2016,0
I4405266542,2017,0
I4405266542,2018,0
I4405266542,2019,0
I4405266542,2020,0
I4405266542,2021,0
I4405266542,2022,0
I4405266542,2023,0
I4405266542,2024,0
I4405266542,2025,0
I4210154678,2006,0
I4210154678,2007,0
I4210154678,2008,0
I4210154678,2009,0
I4210154678,2010,0
I4210154678,2011,0
I4210154678,2012,0
I4210154678,2013,0
I4210154678,2014,0
I4210154678,2015,0
I4210154678,2016,0
I4210154678,2017,0
I4210154678,2018,0
I4210154678,2019,4
I4210154678,2020,0
I4210154678,2021,2
I4210154678,2022,8
I4210154678,2023,14
I4210154678,2024,0
I4210154678,2025,9
I4210161365,2006,79
I4210161365,2007,210
I4210161365,2008,413
I4210161365,2009,56
I4210161365,2010,358
I4210161365,2011,234
I4210161365,2012,338
I4210161365,2013,661
I4210161365,2014,385
I4210161365,2015,429
I4210161365,2016,285
I4210161365,2017,222
I4210161365,2018,218
I4210161365,2019,446
I4210161365,2020,1025
I4210161365,2021,777
I4210161365,2022,596
I4210161365,2023,1061
I4210161365,2024,800
I4210161365,2025,408
I4405258055,2006,0
I4405258055,2007,0
I4405258055,2008,0
I4405258055,2009,0
I4405258055,2010,0
I4405258055,2011,0
I4405258055,2012,0
I4405258055,2013,0
I4405258055,2014,0
I4405258055,2015,0
I4405258055,2016,0
I4405258055,2017,0
I4405258055,2018,0
I4405258055,2019,0
I4405258055,2020,0
I4405258055,2021,0
I4405258055,2022,0
I4405258055,2023,0
I4405258055,2024,0
I4405258055,2025,0
I4210153362,2006,0
I4210153362,2007,0
I4210153362,2008,0
I4210153362,2009,0
I4210153362,2010,18
I4210153362,2011,22
I4210153362,2012,135
I4210153362,2013,388
I4210153362,2014,185
I4210153362,2015,447
I4210153362,2016,20
I4210153362,2017,11
I4210153362,2018,208
I4210153362,2019,28
I4210153362,2020,1009
I4210153362,2021,177
I4210153362,2022,244
I4210153362,2023,439
I4210153362,2024,183
I4210153362,2025,121
I4210122385,2006,0
I4210122385,2007,0
I4210122385,2008,0
I4210122385,2009,18
I4210122385,2010,0
I4210122385,2011,5
I4210122385,2012,59
I4210122385,2013,118
I4210122385,2014,126
I4210122385,2015,157
I4210122385,2016,38
I4210122385,2017,74
I4210122385,2018,31
I4210122385,2019,2
I4210122385,2020,134
I4210122385,2021,32
I4210122385,2022,122
I4210122385,2023,77
I4210122385,2024,10
I4210122385,2025,4
I4210101907,2006,433
I4210101907,2007,205
I4210101907,2008,265
I4210101907,2009,799
I4210101907,2010,922
I4210101907,2011,446
I4210101907,2012,835
I4210101907,2013,1358
I4210101907,2014,1349
I4210101907,2015,2708
I4210101907,2016,1813
I4210101907,2017,1864
I4210101907,2018,2635
I4210101907,2019,1375
I4210101907,2020,3048
I4210101907,2021,2565
I4210101907,2022,1932
I4210101907,2023,1403
I4210101907,2024,874
I4210101907,2025,394
I4405254691,2006,0
I4405254691,2007,0
I4405254691,2008,0
I4405254691,2009,0
I4405254691,2010,0
I4405254691,2011,0
I4405254691,2012,0
I4405254691,2013,0
I4405254691,2014,0
I4405254691,2015,0
I4405254691,2016,0
I4405254691,2017,0
I4405254691,2018,0
I4405254691,2019,0
I4405254691,2020,0
I4405254691,2021,0
I4405254691,2022,0
I4405254691,2023,0
I4405254691,2024,0
I4405254691,2025,0
I4210135011,2006,0
I4210135011,2007,0
I4210135011,2008,0
I4210135011,2009,0
I4210135011,2010,3
I4210135011,2011,33
I4210135011,2012,0
I4210135011,2013,0
I4210135011,2014,4
I4210135011,2015,76
I4210135011,2016,0
I4210135011,2017,7
I4210135011,2018,1
I4210135011,2019,1
I4210135011,2020,36
I4210135011,2021,0
I4210135011,2022,23
I4210135011,2023,3
I4210135011,2024,0
I4210135011,2025,2
I4387153630,2006,0
I4387153630,2007,0
I4387153630,2008,0
I4387153630,2009,0
I4387153630,2010,0
I4387153630,2011,0
I4387153630,2012,0
I4387153630,2013,0
I4387153630,2014,9
I4387153630,2015,5
I4387153630,2016,0
I4387153630,2017,1
I4387153630,2018,1
I4387153630,2019,7
I4387153630,2020,77
I4387153630,2021,20
I4387153630,2022,83
I4387153630,2023,97
I4387153630,2024,165
I4387153630,2025,30
I4399598400,2006,0
I4399598400,2007,0
I4399598400,2008,0
I4399598400,2009,0
I4399598400,2010,0
I4399598400,2011,0
I4399598400,2012,0
I4399598400,2013,0
I4399598400,2014,0
I4399598400,2015,0
I4399598400,2016,0
I4399598400,2017,0
I4399598400,2018,0
I4399598400,2019,0
I4399598400,2020,0
I4399598400,2021,0
I4399598400,2022,0
I4399598400,2023,0
I4399598400,2024,0
I4399598400,2025,0
I4210119007,2006,0
I4210119007,2007,0
I4210119007,2008,0
I4210119007,2009,0
I4210119007,2010,0
I4210119007,2011,6
I4210119007,2012,0
I4210119007,2013,0
I4210119007,2014,0
I4210119007,2015,50
I4210119007,2016,18
I4210119007,2017,17
I4210119007,2018,4
I4210119007,2019,49
I4210119007,2020,66
I4210119007,2021,58
I4210119007,2022,13
I4210119007,2023,3
I4210119007,2024,6
I4210119007,2025,3
I4210162831,2006,2
I4210162831,2007,0
I4210162831,2008,0
I4210162831,2009,0
I4210162831,2010,0
I4210162831,2011,0
I4210162831,2012,0
I4210162831,2013,0
I4210162831,2014,0
I4210162831,2015,0
I4210162831,2016,0
I4210162831,2017,2
I4210162831,2018,31
I4210162831,2019,0
I4210162831,2020,0
I4210162831,2021,57
I4210162831,2022,45
I4210162831,2023,16
I4210162831,2024,14
I4210162831,2025,59
I215330179,2006,18
I215330179,2007,46
I215330179,2008,11
I215330179,2009,53
I215330179,2010,42
I215330179,2011,30
I215330179,2012,54
I215330179,2013,170
I215330179,2014,160
I215330179,2015,132
I215330179,2016,90
I215330179,2017,137
I215330179,2018,97
I215330179,2019,308
I215330179,2020,849
I215330179,2021,677
I215330179,2022,622
I215330179,2023,206
I215330179,2024,193
I215330179,2025,79
I3133036570,2006,23
I3133036570,2007,0
I3133036570,2008,0
I3133036570,2009,0
I3133036570,2010,3
I3133036570,2011,14
I3133036570,2012,33
I3133036570,2013,14
I3133036570,2014,23
I3133036570,2015,338
I3133036570,2016,134
I3133036570,2017,119
I3133036570,2018,1318
I3133036570,2019,257
I3133036570,2020,798
I3133036570,2021,3351
I3133036570,2022,806
I3133036570,2023,804
I3133036570,2024,289
I3133036570,2025,156
I4405260056,2006,0
I4405260056,2007,0
I4405260056,2008,0
I4405260056,2009,0
I4405260056,2010,0
I4405260056,2011,0
I4405260056,2012,0
I4405260056,2013,0
I4405260056,2014,0
I4405260056,2015,0
I4405260056,2016,0
I4405260056,2017,0
I4405260056,2018,0
I4405260056,2019,0
I4405260056,2020,0
I4405260056,2021,0
I4405260056,2022,0
I4405260056,2023,0
I4405260056,2024,0
I4405260056,2025,0
I2996127693,2006,3
I2996127693,2007,0
I2996127693,2008,11
I2996127693,2009,2
I2996127693,2010,127
I2996127693,2011,30
I2996127693,2012,13
I2996127693,2013,0
I2996127693,2014,3
I2996127693,2015,24
I2996127693,2016,47
I2996127693,2017,55
I2996127693,2018,99
I2996127693,2019,49
I2996127693,2020,57
I2996127693,2021,118
I2996127693,2022,70
I2996127693,2023,31
I2996127693,2024,39
I2996127693,2025,12
I3129864162,2006,400
I3129864162,2007,18
I3129864162,2008,5
I3129864162,2009,12
I3129864162,2010,0
I3129864162,2011,13
I3129864162,2012,59
I3129864162,2013,380
I3129864162,2014,244
I3129864162,2015,558
I3129864162,2016,202
I3129864162,2017,310
I3129864162,2018,186
I3129864162,2019,1925
I3129864162,2020,813
I3129864162,2021,1283
I3129864162,2022,1515
I3129864162,2023,553
I3129864162,2024,401
I3129864162,2025,147
I4210137779,2006,0
I4210137779,2007,0
I4210137779,2008,0
I4210137779,2009,0
I4210137779,2010,0
I4210137779,2011,0
I4210137779,2012,0
I4210137779,2013,0
I4210137779,2014,0
I4210137779,2015,0
I4210137779,2016,32
I4210137779,2017,0
I4210137779,2018,0
I4210137779,2019,0
I4210137779,2020,18
I4210137779,2021,0
I4210137779,2022,0
I4210137779,2023,0
I4210137779,2024,0
I4210137779,2025,0
I3131228027,2006,0
I3131228027,2007,0
I3131228027,2008,0
I3131228027,2009,0
I3131228027,2010,59
I3131228027,2011,34
I3131228027,2012,76
I3131228027,2013,57
I3131228027,2014,344
I3131228027,2015,214
I3131228027,2016,238
I3131228027,2017,529
I3131228027,2018,161
I3131228027,2019,984
I3131228027,2020,1319
I3131228027,2021,837
I3131228027,2022,332
I3131228027,2023,382
I3131228027,2024,398
I3131228027,2025,128
I4210111803,2006,0
I4210111803,2007,0
I4210111803,2008,0
I4210111803,2009,0
I4210111803,2010,0
I4210111803,2011,2
I4210111803,2012,9
I4210111803,2013,7
I4210111803,2014,0
I4210111803,2015,0
I4210111803,2016,13
I4210111803,2017,81
I4210111803,2018,16
I4210111803,2019,0
I4210111803,2020,0
I4210111803,2021,18
I4210111803,2022,21
I4210111803,2023,6
I4210111803,2024,6
I4210111803,2025,24
I2802891092,2006,0
I2802891092,2007,0
I2802891092,2008,0
I2802891092,2009,0
I2802891092,2010,18
I2802891092,2011,5
I2802891092,2012,35
I2802891092,2013,4
I2802891092,2014,23
I2802891092,2015,104
I2802891092,2016,179
I2802891092,2017,363
I2802891092,2018,508
I2802891092,2019,297
I2802891092,2020,1102
I2802891092,2021,1131
I2802891092,2022,682
I2802891092,2023,277
I2802891092,2024,155
I2802891092,2025,52
I1283442259,2006,0
I1283442259,2007,0
I1283442259,2008,0
I1283442259,2009,0
I1283442259,2010,45
I1283442259,2011,259
I1283442259,2012,493
I1283442259,2013,520
I1283442259,2014,5393
I1283442259,2015,12071
I1283442259,2016,8987
I1283442259,2017,4956
I1283442259,2018,3588
I1283442259,2019,4975
I1283442259,2020,2801
I1283442259,2021,2088
I1283442259,2022,2564
I1283442259,2023,1460
I1283442259,2024,1205
I1283442259,2025,1410
I4210129516,2006,0
I4210129516,2007,0
I4210129516,2008,0
I4210129516,2009,0
I4210129516,2010,0
I4210129516,2011,0
I4210129516,2012,0
I4210129516,2013,19
I4210129516,2014,0
I4210129516,2015,0
I4210129516,2016,0
I4210129516,2017,6
I4210129516,2018,0
I4210129516,2019,0
I4210129516,2020,5
I4210129516,2021,30
I4210129516,2022,27
I4210129516,2023,2
I4210129516,2024,20
I4210129516,2025,90
I151654608,2006,165
I151654608,2007,236
I151654608,2008,152
I151654608,2009,209
I151654608,2010,1340
I151654608,2011,693
I151654608,2012,369
I151654608,2013,313
I151654608,2014,342
I151654608,2015,257
I151654608,2016,26
I151654608,2017,205
I151654608,2018,314
I151654608,2019,245
I151654608,2020,161
I151654608,2021,95
I151654608,2022,139
I151654608,2023,53
I151654608,2024,37
I151654608,2025,28
I90978372,2006,2316
I90978372,2007,963
I90978372,2008,1949
I90978372,2009,964
I90978372,2010,1271
I90978372,2011,1042
I90978372,2012,1705
I90978372,2013,1998
I90978372,2014,2936
I90978372,2015,2309
I90978372,2016,1577
I90978372,2017,1000
I90978372,2018,819
I90978372,2019,852
I90978372,2020,1707
I90978372,2021,897
I90978372,2022,1006
I90978372,2023,676
I90978372,2024,528
I90978372,2025,432
I177436651,2006,3264
I177436651,2007,6256
I177436651,2008,3451
I177436651,2009,2781
I177436651,2010,3777
I177436651,2011,4208
I177436651,2012,5067
I177436651,2013,6500
I177436651,2014,10612
I177436651,2015,6950
I177436651,2016,9734
I177436651,2017,12732
I177436651,2018,15890
I177436651,2019,11631
I177436651,2020,14508
I177436651,2021,11231
I177436651,2022,9257
I177436651,2023,7525
I177436651,2024,4762
I177436651,2025,1319
I4210099431,2006,0
I4210099431,2007,0
I4210099431,2008,0
I4210099431,2009,0
I4210099431,2010,0
I4210099431,2011,0
I4210099431,2012,0
I4210099431,2013,0
I4210099431,2014,277
I4210099431,2015,280
I4210099431,2016,276
I4210099431,2017,379
I4210099431,2018,592
I4210099431,2019,1749
I4210099431,2020,2415
I4210099431,2021,1055
I4210099431,2022,652
I4210099431,2023,602
I4210099431,2024,520
I4210099431,2025,165
I72227227,2006,11695
I72227227,2007,17877
I72227227,2008,25235
I72227227,2009,25043
I72227227,2010,33205
I72227227,2011,32223
I72227227,2012,59953
I72227227,2013,29387
I72227227,2014,39311
I72227227,2015,43822
I72227227,2016,43070
I72227227,2017,41115
I72227227,2018,35967
I72227227,2019,38950
I72227227,2020,49302
I72227227,2021,50866
I72227227,2022,27943
I72227227,2023,22699
I72227227,2024,16856
I72227227,2025,5691
I3132211733,2006,0
I3132211733,2007,0
I3132211733,2008,0
I3132211733,2009,0
I3132211733,2010,0
I3132211733,2011,0
I3132211733,2012,17
I3132211733,2013,0
I3132211733,2014,26
I3132211733,2015,0
I3132211733,2016,71
I3132211733,2017,59
I3132211733,2018,31
I3132211733,2019,0
I3132211733,2020,48
I3132211733,2021,14
I3132211733,2022,6
I3132211733,2023,38
I3132211733,2024,13
I3132211733,2025,7
I4405265588,2006,0
I4405265588,2007,0
I4405265588,2008,0
I4405265588,2009,0
I4405265588,2010,0
I4405265588,2011,0
I4405265588,2012,0
I4405265588,2013,0
I4405265588,2014,0
I4405265588,2015,0
I4405265588,2016,0
I4405265588,2017,0
I4405265588,2018,0
I4405265588,2019,0
I4405265588,2020,0
I4405265588,2021,0
I4405265588,2022,0
I4405265588,2023,0
I4405265588,2024,0
I4405265588,2025,0
I2800088668,2006,0
I2800088668,2007,10
I2800088668,2008,12
I2800088668,2009,16
I2800088668,2010,44
I2800088668,2011,0
I2800088668,2012,635
I2800088668,2013,34
I2800088668,2014,101
I2800088668,2015,80
I2800088668,2016,332
I2800088668,2017,740
I2800088668,2018,4531
I2800088668,2019,906
I2800088668,2020,1743
I2800088668,2021,1933
I2800088668,2022,660
I2800088668,2023,1114
I2800088668,2024,658
I2800088668,2025,272
I3129924371,2006,0
I3129924371,2007,703
I3129924371,2008,5
I3129924371,2009,5
I3129924371,2010,104
I3129924371,2011,627
I3129924371,2012,157
I3129924371,2013,374
I3129924371,2014,324
I3129924371,2015,61
I3129924371,2016,283
I3129924371,2017,98
I3129924371,2018,73
I3129924371,2019,350
I3129924371,2020,168
I3129924371,2021,223
I3129924371,2022,167
I3129924371,2023,172
I3129924371,2024,180
I3129924371,2025,29
I3132941426,2006,67
I3132941426,2007,0
I3132941426,2008,52
I3132941426,2009,26
I3132941426,2010,24
I3132941426,2011,21
I3132941426,2012,2
I3132941426,2013,0
I3132941426,2014,690
I3132941426,2015,11
I3132941426,2016,54
I3132941426,2017,15
I3132941426,2018,31
I3132941426,2019,2
I3132941426,2020,0
I3132941426,2021,8
I3132941426,2022,14
I3132941426,2023,1
I3132941426,2024,2
I3132941426,2025,1
I160825796,2006,187
I160825796,2007,74
I160825796,2008,217
I160825796,2009,113
I160825796,2010,744
I160825796,2011,269
I160825796,2012,382
I160825796,2013,249
I160825796,2014,440
I160825796,2015,454
I160825796,2016,998
I160825796,2017,2133
I160825796,2018,1543
I160825796,2019,875
I160825796,2020,2039
I160825796,2021,1443
I160825796,2022,2201
I160825796,2023,1844
I160825796,2024,1033
I160825796,2025,368
I4405254191,2006,0
I4405254191,2007,0
I4405254191,2008,0
I4405254191,2009,0
I4405254191,2010,0
I4405254191,2011,0
I4405254191,2012,0
I4405254191,2013,0
I4405254191,2014,0
I4405254191,2015,0
I4405254191,2016,0
I4405254191,2017,0
I4405254191,2018,0
I4405254191,2019,0
I4405254191,2020,0
I4405254191,2021,0
I4405254191,2022,0
I4405254191,2023,0
I4405254191,2024,0
I4405254191,2025,0
I83259278,2006,1161
I83259278,2007,714
I83259278,2008,1086
I83259278,2009,1334
I83259278,2010,2007
I83259278,2011,2256
I83259278,2012,3477
I83259278,2013,4913
I83259278,2014,4802
I83259278,2015,8830
I83259278,2016,5804
I83259278,2017,7623
I83259278,2018,6806
I83259278,2019,8861
I83259278,2020,12965
I83259278,2021,10058
I83259278,2022,6854
I83259278,2023,6041
I83259278,2024,3424
I83259278,2025,2207
I4405260572,2006,0
I4405260572,2007,0
I4405260572,2008,0
I4405260572,2009,0
I4405260572,2010,0
I4405260572,2011,0
I4405260572,2012,0
I4405260572,2013,0
I4405260572,2014,0
I4405260572,2015,0
I4405260572,2016,0
I4405260572,2017,0
I4405260572,2018,0
I4405260572,2019,0
I4405260572,2020,0
I4405260572,2021,0
I4405260572,2022,0
I4405260572,2023,0
I4405260572,2024,0
I4405260572,2025,0
I159247623,2006,17635
I159247623,2007,15681
I159247623,2008,16261
I159247623,2009,19667
I159247623,2010,22657
I159247623,2011,28781
I159247623,2012,24060
I159247623,2013,27049
I159247623,2014,37368
I159247623,2015,47546
I159247623,2016,54468
I159247623,2017,60479
I159247623,2018,59668
I159247623,2019,60331
I159247623,2020,78390
I159247623,2021,77629
I159247623,2022,73347
I159247623,2023,59563
I159247623,2024,39036
I159247623,2025,NA
I4405254723,2006,NA
I4405254723,2007,NA
I4405254723,2008,NA
I4405254723,2009,NA
I4405254723,2010,NA
I4405254723,2011,NA
I4405254723,2012,NA
I4405254723,2013,NA
I4405254723,2014,0
I4405254723,2015,0
I4405254723,2016,0
I4405254723,2017,0
I4405254723,2018,0
I4405254723,2019,0
I4405254723,2020,0
I4405254723,2021,0
I4405254723,2022,0
I4405254723,2023,0
I4405254723,2024,0
I4405254723,2025,0
I7435137,2006,497
I7435137,2007,502
I7435137,2008,572
I7435137,2009,595
I7435137,2010,218
I7435137,2011,699
I7435137,2012,361
I7435137,2013,608
I7435137,2014,474
I7435137,2015,675
I7435137,2016,1636
I7435137,2017,1534
I7435137,2018,1059
I7435137,2019,1272
I7435137,2020,2979
I7435137,2021,1418
I7435137,2022,3587
I7435137,2023,757
I7435137,2024,566
I7435137,2025,264
I4405252891,2006,0
I4405252891,2007,0
I4405252891,2008,0
I4405252891,2009,0
I4405252891,2010,0
I4405252891,2011,0
I4405252891,2012,0
I4405252891,2013,0
I4405252891,2014,0
I4405252891,2015,0
I4405252891,2016,0
I4405252891,2017,0
I4405252891,2018,0
I4405252891,2019,0
I4405252891,2020,0
I4405252891,2021,0
I4405252891,2022,0
I4405252891,2023,0
I4405252891,2024,0
I4405252891,2025,0
I4210143858,2006,7
I4210143858,2007,0
I4210143858,2008,0
I4210143858,2009,0
I4210143858,2010,0
I4210143858,2011,0
I4210143858,2012,29
I4210143858,2013,0
I4210143858,2014,0
I4210143858,2015,0
I4210143858,2016,19
I4210143858,2017,16
I4210143858,2018,1
I4210143858,2019,3
I4210143858,2020,15
I4210143858,2021,NA
I4210143858,2022,NA
I4210143858,2023,NA
I4210143858,2024,NA
I4210143858,2025,NA
I195610458,2006,NA
I195610458,2007,NA
I195610458,2008,NA
I195610458,2009,NA
I195610458,2010,NA
I195610458,2011,NA
I195610458,2012,NA
I195610458,2013,NA
I195610458,2014,NA
I195610458,2015,NA
I195610458,2016,NA
I195610458,2017,NA
I195610458,2018,NA
I195610458,2019,NA
I195610458,2020,NA
I195610458,2021,NA
I195610458,2022,NA
I195610458,2023,NA
I195610458,2024,NA
I195610458,2025,NA
I4210127163,2006,NA
I4210127163,2007,NA
I4210127163,2008,NA
I4210127163,2009,NA
I4210127163,2010,NA
I4210127163,2011,NA
I4210127163,2012,NA
I4210127163,2013,NA
I4210127163,2014,NA
I4210127163,2015,NA
I4210127163,2016,NA
I4210127163,2017,NA
I4210127163,2018,NA
I4210127163,2019,NA
I4210127163,2020,NA
I4210127163,2021,NA
I4210127163,2022,NA
I4210127163,2023,NA
I4210127163,2024,NA
I4210127163,2025,NA
I88132101,2006,NA
I88132101,2007,NA
I88132101,2008,NA
I88132101,2009,NA
I88132101,2010,NA
I88132101,2011,NA
I88132101,2012,NA
I88132101,2013,NA
I88132101,2014,NA
I88132101,2015,NA
I88132101,2016,NA
I88132101,2017,NA
I88132101,2018,NA
I88132101,2019,NA
I88132101,2020,NA
I88132101,2021,NA
I88132101,2022,NA
I88132101,2023,NA
I88132101,2024,NA
I88132101,2025,NA
I4210155520,2006,NA
I4210155520,2007,NA
I4210155520,2008,NA
I4210155520,2009,NA
I4210155520,2010,NA
I4210155520,2011,NA
I4210155520,2012,NA
I4210155520,2013,NA
I4210155520,2014,NA
I4210155520,2015,NA
I4210155520,2016,NA
I4210155520,2017,NA
I4210155520,2018,NA
I4210155520,2019,NA
I4210155520,2020,NA
I4210155520,2021,NA
I4210155520,2022,NA
I4210155520,2023,NA
I4210155520,2024,NA
I4210155520,2025,NA
I4405258152,2006,NA
I4405258152,2007,NA
I4405258152,2008,NA
I4405258152,2009,NA
I4405258152,2010,NA
I4405258152,2011,NA
I4405258152,2012,NA
I4405258152,2013,NA
I4405258152,2014,NA
I4405258152,2015,NA
I4405258152,2016,NA
I4405258152,2017,NA
I4405258152,2018,NA
I4405258152,2019,NA
I4405258152,2020,NA
I4405258152,2021,NA
I4405258152,2022,NA
I4405258152,2023,NA
I4405258152,2024,NA
I4405258152,2025,NA
I4210118643,2006,NA
I4210118643,2007,NA
I4210118643,2008,NA
I4210118643,2009,NA
I4210118643,2010,NA
I4210118643,2011,NA
I4210118643,2012,NA
I4210118643,2013,NA
I4210118643,2014,NA
I4210118643,2015,NA
I4210118643,2016,NA
I4210118643,2017,NA
I4210118643,2018,NA
I4210118643,2019,NA
I4210118643,2020,NA
I4210118643,2021,NA
I4210118643,2022,NA
I4210118643,2023,NA
I4210118643,2024,NA
I4210118643,2025,NA
I141930137,2006,NA
I141930137,2007,NA
I141930137,2008,NA
I141930137,2009,NA
I141930137,2010,NA
I141930137,2011,NA
I141930137,2012,NA
I141930137,2013,NA
I141930137,2014,NA
I141930137,2015,NA
I141930137,2016,NA
I141930137,2017,NA
I141930137,2018,NA
I141930137,2019,NA
I141930137,2020,NA
I141930137,2021,NA
I141930137,2022,NA
I141930137,2023,NA
I141930137,2024,NA
I141930137,2025,NA
I3129830433,2006,NA
I3129830433,2007,NA
I3129830433,2008,NA
I3129830433,2009,NA
I3129830433,2010,NA
I3129830433,2011,NA
I3129830433,2012,NA
I3129830433,2013,NA
I3129830433,2014,NA
I3129830433,2015,NA
I3129830433,2016,NA
I3129830433,2017,NA
I3129830433,2018,NA
I3129830433,2019,NA
I3129830433,2020,NA
I3129830433,2021,NA
I3129830433,2022,NA
I3129830433,2023,NA
I3129830433,2024,NA
I3129830433,2025,NA
I3131280167,2006,NA
I3131280167,2007,NA
I3131280167,2008,NA
I3131280167,2009,NA
I3131280167,2010,NA
I3131280167,2011,NA
I3131280167,2012,NA
I3131280167,2013,NA
I3131280167,2014,NA
I3131280167,2015,NA
I3131280167,2016,NA
I3131280167,2017,NA
I3131280167,2018,NA
I3131280167,2019,NA
I3131280167,2020,NA
I3131280167,2021,NA
I3131280167,2022,NA
I3131280167,2023,NA
I3131280167,2024,NA
I3131280167,2025,NA
I4210091052,2006,NA
I4210091052,2007,NA
I4210091052,2008,NA
I4210091052,2009,NA
I4210091052,2010,NA
I4210091052,2011,NA
I4210091052,2012,NA
I4210091052,2013,NA
I4210091052,2014,NA
I4210091052,2015,NA
I4210091052,2016,NA
I4210091052,2017,NA
I4210091052,2018,NA
I4210091052,2019,NA
I4210091052,2020,NA
I4210091052,2021,NA
I4210091052,2022,NA
I4210091052,2023,NA
I4210091052,2024,NA
I4210091052,2025,NA
I3131031036,2006,NA
I3131031036,2007,NA
I3131031036,2008,NA
I3131031036,2009,NA
I3131031036,2010,NA
I3131031036,2011,NA
I3131031036,2012,NA
I3131031036,2013,NA
I3131031036,2014,NA
I3131031036,2015,NA
I3131031036,2016,NA
I3131031036,2017,NA
I3131031036,2018,NA
I3131031036,2019,NA
I3131031036,2020,NA
I3131031036,2021,NA
I3131031036,2022,NA
I3131031036,2023,NA
I3131031036,2024,NA
I3131031036,2025,NA
I4405255390,2006,NA
I4405255390,2007,NA
I4405255390,2008,NA
I4405255390,2009,NA
I4405255390,2010,NA
I4405255390,2011,NA
I4405255390,2012,NA
I4405255390,2013,NA
I4405255390,2014,NA
I4405255390,2015,NA
I4405255390,2016,NA
I4405255390,2017,NA
I4405255390,2018,NA
I4405255390,2019,NA
I4405255390,2020,NA
I4405255390,2021,NA
I4405255390,2022,NA
I4405255390,2023,NA
I4405255390,2024,NA
I4405255390,2025,NA
I74813324,2006,NA
I74813324,2007,NA
I74813324,2008,NA
I74813324,2009,NA
I74813324,2010,NA
I74813324,2011,NA
I74813324,2012,NA
I74813324,2013,NA
I74813324,2014,NA
I74813324,2015,NA
I74813324,2016,NA
I74813324,2017,NA
I74813324,2018,NA
I74813324,2019,NA
I74813324,2020,NA
I74813324,2021,NA
I74813324,2022,NA
I74813324,2023,NA
I74813324,2024,NA
I74813324,2025,NA
I63601056,2006,NA
I63601056,2007,NA
I63601056,2008,NA
I63601056,2009,NA
I63601056,2010,NA
I63601056,2011,NA
I63601056,2012,NA
I63601056,2013,NA
I63601056,2014,NA
I63601056,2015,NA
I63601056,2016,NA
I63601056,2017,NA
I63601056,2018,NA
I63601056,2019,NA
I63601056,2020,NA
I63601056,2021,NA
I63601056,2022,NA
I63601056,2023,NA
I63601056,2024,NA
I63601056,2025,NA
I3131204436,2006,NA
I3131204436,2007,NA
I3131204436,2008,NA
I3131204436,2009,NA
I3131204436,2010,NA
I3131204436,2011,NA
I3131204436,2012,NA
I3131204436,2013,NA
I3131204436,2014,NA
I3131204436,2015,NA
I3131204436,2016,NA
I3131204436,2017,NA
I3131204436,2018,NA
I3131204436,2019,NA
I3131204436,2020,NA
I3131204436,2021,NA
I3131204436,2022,NA
I3131204436,2023,NA
I3131204436,2024,NA
I3131204436,2025,NA
I327098606,2006,NA
I327098606,2007,NA
I327098606,2008,NA
I327098606,2009,NA
I327098606,2010,NA
I327098606,2011,NA
I327098606,2012,NA
I327098606,2013,NA
I327098606,2014,NA
I327098606,2015,NA
I327098606,2016,NA
I327098606,2017,NA
I327098606,2018,NA
I327098606,2019,NA
I327098606,2020,NA
I327098606,2021,NA
I327098606,2022,NA
I327098606,2023,NA
I327098606,2024,NA
I327098606,2025,NA
I4210125453,2006,NA
I4210125453,2007,NA
I4210125453,2008,NA
I4210125453,2009,NA
I4210125453,2010,NA
I4210125453,2011,NA
I4210125453,2012,NA
I4210125453,2013,NA
I4210125453,2014,NA
I4210125453,2015,NA
I4210125453,2016,NA
I4210125453,2017,NA
I4210125453,2018,NA
I4210125453,2019,NA
I4210125453,2020,NA
I4210125453,2021,NA
I4210125453,2022,NA
I4210125453,2023,NA
I4210125453,2024,NA
I4210125453,2025,NA
I4210111992,2006,NA
I4210111992,2007,NA
I4210111992,2008,NA
I4210111992,2009,NA
I4210111992,2010,NA
I4210111992,2011,NA
I4210111992,2012,NA
I4210111992,2013,NA
I4210111992,2014,NA
I4210111992,2015,NA
I4210111992,2016,NA
I4210111992,2017,NA
I4210111992,2018,NA
I4210111992,2019,NA
I4210111992,2020,NA
I4210111992,2021,NA
I4210111992,2022,NA
I4210111992,2023,NA
I4210111992,2024,NA
I4210111992,2025,NA
I4210095319,2006,NA
I4210095319,2007,NA
I4210095319,2008,NA
I4210095319,2009,NA
I4210095319,2010,NA
I4210095319,2011,NA
I4210095319,2012,NA
I4210095319,2013,NA
I4210095319,2014,NA
I4210095319,2015,NA
I4210095319,2016,NA
I4210095319,2017,NA
I4210095319,2018,NA
I4210095319,2019,NA
I4210095319,2020,NA
I4210095319,2021,NA
I4210095319,2022,NA
I4210095319,2023,NA
I4210095319,2024,NA
I4210095319,2025,NA
I98220444,2006,NA
I98220444,2007,NA
I98220444,2008,NA
I98220444,2009,NA
I98220444,2010,NA
I98220444,2011,NA
I98220444,2012,NA
I98220444,2013,NA
I98220444,2014,NA
I98220444,2015,NA
I98220444,2016,NA
I98220444,2017,NA
I98220444,2018,NA
I98220444,2019,NA
I98220444,2020,NA
I98220444,2021,NA
I98220444,2022,NA
I98220444,2023,NA
I98220444,2024,NA
I98220444,2025,NA
I60488453,2006,NA
I60488453,2007,NA
I60488453,2008,NA
I60488453,2009,NA
I60488453,2010,NA
I60488453,2011,NA
I60488453,2012,NA
I60488453,2013,NA
I60488453,2014,NA
I60488453,2015,NA
I60488453,2016,NA
I60488453,2017,NA
I60488453,2018,NA
I60488453,2019,NA
I60488453,2020,NA
I60488453,2021,NA
I60488453,2022,NA
I60488453,2023,NA
I60488453,2024,NA
I60488453,2025,NA
I72341686,2006,NA
I72341686,2007,NA
I72341686,2008,NA
I72341686,2009,NA
I72341686,2010,NA
I72341686,2011,NA
I72341686,2012,NA
I72341686,2013,NA
I72341686,2014,NA
I72341686,2015,NA
I72341686,2016,NA
I72341686,2017,NA
I72341686,2018,NA
I72341686,2019,NA
I72341686,2020,NA
I72341686,2021,NA
I72341686,2022,NA
I72341686,2023,NA
I72341686,2024,NA
I72341686,2025,NA
I4405255600,2006,NA
I4405255600,2007,NA
I4405255600,2008,NA
I4405255600,2009,NA
I4405255600,2010,NA
I4405255600,2011,NA
I4405255600,2012,NA
I4405255600,2013,NA
I4405255600,2014,NA
I4405255600,2015,NA
I4405255600,2016,NA
I4405255600,2017,NA
I4405255600,2018,NA
I4405255600,2019,NA
I4405255600,2020,NA
I4405255600,2021,NA
I4405255600,2022,NA
I4405255600,2023,NA
I4405255600,2024,NA
I4405255600,2025,NA
I142215875,2006,NA
I142215875,2007,NA
I142215875,2008,NA
I142215875,2009,NA
I142215875,2010,NA
I142215875,2011,NA
I142215875,2012,NA
I142215875,2013,NA
I142215875,2014,NA
I142215875,2015,NA
I142215875,2016,NA
I142215875,2017,NA
I142215875,2018,NA
I142215875,2019,NA
I142215875,2020,NA
I142215875,2021,NA
I142215875,2022,NA
I142215875,2023,NA
I142215875,2024,NA
I142215875,2025,NA
I4210100308,2006,NA
I4210100308,2007,NA
I4210100308,2008,NA
I4210100308,2009,NA
I4210100308,2010,NA
I4210100308,2011,NA
I4210100308,2012,NA
I4210100308,2013,NA
I4210100308,2014,NA
I4210100308,2015,NA
I4210100308,2016,NA
I4210100308,2017,NA
I4210100308,2018,NA
I4210100308,2019,NA
I4210100308,2020,NA
I4210100308,2021,NA
I4210100308,2022,NA
I4210100308,2023,NA
I4210100308,2024,NA
I4210100308,2025,NA
I3130591674,2006,NA
I3130591674,2007,NA
I3130591674,2008,NA
I3130591674,2009,NA
I3130591674,2010,NA
I3130591674,2011,NA
I3130591674,2012,NA
I3130591674,2013,NA
I3130591674,2014,NA
I3130591674,2015,NA
I3130591674,2016,NA
I3130591674,2017,NA
I3130591674,2018,NA
I3130591674,2019,NA
I3130591674,2020,NA
I3130591674,2021,NA
I3130591674,2022,NA
I3130591674,2023,NA
I3130591674,2024,NA
I3130591674,2025,NA
I89466785,2006,NA
I89466785,2007,NA
I89466785,2008,NA
I89466785,2009,NA
I89466785,2010,NA
I89466785,2011,NA
I89466785,2012,NA
I89466785,2013,NA
I89466785,2014,NA
I89466785,2015,NA
I89466785,2016,NA
I89466785,2017,NA
I89466785,2018,NA
I89466785,2019,NA
I89466785,2020,NA
I89466785,2021,NA
I89466785,2022,NA
I89466785,2023,NA
I89466785,2024,NA
I89466785,2025,NA
I47853400,2006,NA
I47853400,2007,NA
I47853400,2008,NA
I47853400,2009,NA
I47853400,2010,NA
I47853400,2011,NA
I47853400,2012,NA
I47853400,2013,NA
I47853400,2014,NA
I47853400,2015,NA
I47853400,2016,NA
I47853400,2017,NA
I47853400,2018,NA
I47853400,2019,NA
I47853400,2020,NA
I47853400,2021,NA
I47853400,2022,NA
I47853400,2023,NA
I47853400,2024,NA
I47853400,2025,NA
I154632036,2006,NA
I154632036,2007,NA
I154632036,2008,NA
I154632036,2009,NA
I154632036,2010,NA
I154632036,2011,NA
I154632036,2012,NA
I154632036,2013,NA
I154632036,2014,NA
I154632036,2015,NA
I154632036,2016,NA
I154632036,2017,NA
I154632036,2018,NA
I154632036,2019,NA
I154632036,2020,NA
I154632036,2021,NA
I154632036,2022,NA
I154632036,2023,NA
I154632036,2024,NA
I154632036,2025,NA
I4405253939,2006,NA
I4405253939,2007,NA
I4405253939,2008,NA
I4405253939,2009,NA
I4405253939,2010,NA
I4405253939,2011,NA
I4405253939,2012,NA
I4405253939,2013,NA
I4405253939,2014,NA
I4405253939,2015,NA
I4405253939,2016,NA
I4405253939,2017,NA
I4405253939,2018,NA
I4405253939,2019,NA
I4405253939,2020,NA
I4405253939,2021,NA
I4405253939,2022,NA
I4405253939,2023,NA
I4405253939,2024,NA
I4405253939,2025,NA
I152195623,2006,NA
I152195623,2007,NA
I152195623,2008,NA
I152195623,2009,NA
I152195623,2010,NA
I152195623,2011,NA
I152195623,2012,NA
I152195623,2013,NA
I152195623,2014,NA
I152195623,2015,NA
I152195623,2016,NA
I152195623,2017,NA
I152195623,2018,NA
I152195623,2019,NA
I152195623,2020,NA
I152195623,2021,NA
I152195623,2022,NA
I152195623,2023,NA
I152195623,2024,NA
I152195623,2025,NA
I267325792,2006,NA
I267325792,2007,NA
I267325792,2008,NA
I267325792,2009,NA
I267325792,2010,NA
I267325792,2011,NA
I267325792,2012,NA
I267325792,2013,NA
I267325792,2014,NA
I267325792,2015,NA
I267325792,2016,NA
I267325792,2017,NA
I267325792,2018,NA
I267325792,2019,NA
I267325792,2020,NA
I267325792,2021,NA
I267325792,2022,NA
I267325792,2023,NA
I267325792,2024,NA
I267325792,2025,NA
I890898191,2006,NA
I890898191,2007,NA
I890898191,2008,NA
I890898191,2009,NA
I890898191,2010,NA
I890898191,2011,NA
I890898191,2012,NA
I890898191,2013,NA
I890898191,2014,NA
I890898191,2015,NA
I890898191,2016,NA
I890898191,2017,NA
I890898191,2018,NA
I890898191,2019,NA
I890898191,2020,NA
I890898191,2021,NA
I890898191,2022,NA
I890898191,2023,NA
I890898191,2024,NA
I890898191,2025,NA
I4394709192,2006,NA
I4394709192,2007,NA
I4394709192,2008,NA
I4394709192,2009,NA
I4394709192,2010,NA
I4394709192,2011,NA
I4394709192,2012,NA
I4394709192,2013,NA
I4394709192,2014,NA
I4394709192,2015,NA
I4394709192,2016,NA
I4394709192,2017,NA
I4394709192,2018,NA
I4394709192,2019,NA
I4394709192,2020,NA
I4394709192,2021,NA
I4394709192,2022,NA
I4394709192,2023,NA
I4394709192,2024,NA
I4394709192,2025,NA
I4210089325,2006,NA
I4210089325,2007,NA
I4210089325,2008,NA
I4210089325,2009,NA
I4210089325,2010,NA
I4210089325,2011,NA
I4210089325,2012,NA
I4210089325,2013,NA
I4210089325,2014,NA
I4210089325,2015,NA
I4210089325,2016,NA
I4210089325,2017,NA
I4210089325,2018,NA
I4210089325,2019,NA
I4210089325,2020,NA
I4210089325,2021,NA
I4210089325,2022,NA
I4210089325,2023,NA
I4210089325,2024,NA
I4210089325,2025,NA
I60470151,2006,NA
I60470151,2007,NA
I60470151,2008,NA
I60470151,2009,NA
I60470151,2010,NA
I60470151,2011,NA
I60470151,2012,NA
I60470151,2013,NA
I60470151,2014,NA
I60470151,2015,NA
I60470151,2016,NA
I60470151,2017,NA
I60470151,2018,NA
I60470151,2019,NA
I60470151,2020,NA
I60470151,2021,NA
I60470151,2022,NA
I60470151,2023,NA
I60470151,2024,NA
I60470151,2025,NA
I4210110361,2006,NA
I4210110361,2007,NA
I4210110361,2008,NA
I4210110361,2009,NA
I4210110361,2010,NA
I4210110361,2011,NA
I4210110361,2012,NA
I4210110361,2013,NA
I4210110361,2014,NA
I4210110361,2015,NA
I4210110361,2016,NA
I4210110361,2017,NA
I4210110361,2018,NA
I4210110361,2019,NA
I4210110361,2020,NA
I4210110361,2021,NA
I4210110361,2022,NA
I4210110361,2023,NA
I4210110361,2024,NA
I4210110361,2025,NA
I4210108110,2006,NA
I4210108110,2007,NA
I4210108110,2008,NA
I4210108110,2009,NA
I4210108110,2010,NA
I4210108110,2011,NA
I4210108110,2012,NA
I4210108110,2013,NA
I4210108110,2014,NA
I4210108110,2015,NA
I4210108110,2016,NA
I4210108110,2017,NA
I4210108110,2018,NA
I4210108110,2019,NA
I4210108110,2020,NA
I4210108110,2021,NA
I4210108110,2022,NA
I4210108110,2023,NA
I4210108110,2024,NA
I4210108110,2025,NA
I1288970718,2006,NA
I1288970718,2007,NA
I1288970718,2008,NA
I1288970718,2009,NA
I1288970718,2010,NA
I1288970718,2011,NA
I1288970718,2012,NA
I1288970718,2013,NA
I1288970718,2014,NA
I1288970718,2015,NA
I1288970718,2016,NA
I1288970718,2017,NA
I1288970718,2018,NA
I1288970718,2019,NA
I1288970718,2020,NA
I1288970718,2021,NA
I1288970718,2022,NA
I1288970718,2023,NA
I1288970718,2024,NA
I1288970718,2025,NA
I126477371,2006,NA
I126477371,2007,NA
I126477371,2008,NA
I126477371,2009,NA
I126477371,2010,NA
I126477371,2011,NA
I126477371,2012,NA
I126477371,2013,NA
I126477371,2014,NA
I126477371,2015,NA
I126477371,2016,NA
I126477371,2017,NA
I126477371,2018,NA
I126477371,2019,NA
I126477371,2020,NA
I126477371,2021,NA
I126477371,2022,NA
I126477371,2023,NA
I126477371,2024,NA
I126477371,2025,NA
I147168166,2006,NA
I147168166,2007,NA
I147168166,2008,NA
I147168166,2009,NA
I147168166,2010,NA
I147168166,2011,NA
I147168166,2012,NA
I147168166,2013,NA
I147168166,2014,NA
I147168166,2015,NA
I147168166,2016,NA
I147168166,2017,NA
I147168166,2018,NA
I147168166,2019,NA
I147168166,2020,NA
I147168166,2021,NA
I147168166,2022,NA
I147168166,2023,NA
I147168166,2024,NA
I147168166,2025,NA
I4405260615,2006,NA
I4405260615,2007,NA
I4405260615,2008,NA
I4405260615,2009,NA
I4405260615,2010,NA
I4405260615,2011,NA
I4405260615,2012,NA
I4405260615,2013,NA
I4405260615,2014,NA
I4405260615,2015,NA
I4405260615,2016,NA
I4405260615,2017,NA
I4405260615,2018,NA
I4405260615,2019,NA
I4405260615,2020,NA
I4405260615,2021,NA
I4405260615,2022,NA
I4405260615,2023,NA
I4405260615,2024,NA
I4405260615,2025,NA
I3131787984,2006,NA
I3131787984,2007,NA
I3131787984,2008,NA
I3131787984,2009,NA
I3131787984,2010,NA
I3131787984,2011,NA
I3131787984,2012,NA
I3131787984,2013,NA
I3131787984,2014,NA
I3131787984,2015,NA
I3131787984,2016,NA
I3131787984,2017,NA
I3131787984,2018,NA
I3131787984,2019,NA
I3131787984,2020,NA
I3131787984,2021,NA
I3131787984,2022,NA
I3131787984,2023,NA
I3131787984,2024,NA
I3131787984,2025,NA
I4210159538,2006,NA
I4210159538,2007,NA
I4210159538,2008,NA
I4210159538,2009,NA
I4210159538,2010,NA
I4210159538,2011,NA
I4210159538,2012,NA
I4210159538,2013,NA
I4210159538,2014,NA
I4210159538,2015,NA
I4210159538,2016,NA
I4210159538,2017,NA
I4210159538,2018,NA
I4210159538,2019,NA
I4210159538,2020,NA
I4210159538,2021,NA
I4210159538,2022,NA
I4210159538,2023,NA
I4210159538,2024,NA
I4210159538,2025,NA
I250207469,2006,NA
I250207469,2007,NA
I250207469,2008,NA
I250207469,2009,NA
I250207469,2010,NA
I250207469,2011,NA
I250207469,2012,NA
I250207469,2013,NA
I250207469,2014,NA
I250207469,2015,NA
I250207469,2016,NA
I250207469,2017,NA
I250207469,2018,NA
I250207469,2019,NA
I250207469,2020,NA
I250207469,2021,NA
I250207469,2022,NA
I250207469,2023,NA
I250207469,2024,NA
I250207469,2025,NA
I3132446703,2006,NA
I3132446703,2007,NA
I3132446703,2008,NA
I3132446703,2009,NA
I3132446703,2010,NA
I3132446703,2011,NA
I3132446703,2012,NA
I3132446703,2013,NA
I3132446703,2014,NA
I3132446703,2015,NA
I3132446703,2016,NA
I3132446703,2017,NA
I3132446703,2018,NA
I3132446703,2019,NA
I3132446703,2020,NA
I3132446703,2021,NA
I3132446703,2022,NA
I3132446703,2023,NA
I3132446703,2024,NA
I3132446703,2025,NA
I4210092144,2006,NA
I4210092144,2007,NA
I4210092144,2008,NA
I4210092144,2009,NA
I4210092144,2010,NA
I4210092144,2011,NA
I4210092144,2012,NA
I4210092144,2013,NA
I4210092144,2014,NA
I4210092144,2015,NA
I4210092144,2016,NA
I4210092144,2017,NA
I4210092144,2018,NA
I4210092144,2019,NA
I4210092144,2020,NA
I4210092144,2021,NA
I4210092144,2022,NA
I4210092144,2023,NA
I4210092144,2024,NA
I4210092144,2025,NA
I33777917,2006,NA
I33777917,2007,NA
I33777917,2008,NA
I33777917,2009,NA
I33777917,2010,NA
I33777917,2011,NA
I33777917,2012,NA
I33777917,2013,NA
I33777917,2014,NA
I33777917,2015,NA
I33777917,2016,NA
I33777917,2017,NA
I33777917,2018,NA
I33777917,2019,NA
I33777917,2020,NA
I33777917,2021,NA
I33777917,2022,NA
I33777917,2023,NA
I33777917,2024,NA
I33777917,2025,NA
I2802211179,2006,NA
I2802211179,2007,NA
I2802211179,2008,NA
I2802211179,2009,NA
I2802211179,2010,NA
I2802211179,2011,NA
I2802211179,2012,NA
I2802211179,2013,NA
I2802211179,2014,NA
I2802211179,2015,NA
I2802211179,2016,NA
I2802211179,2017,NA
I2802211179,2018,NA
I2802211179,2019,NA
I2802211179,2020,NA
I2802211179,2021,NA
I2802211179,2022,NA
I2802211179,2023,NA
I2802211179,2024,NA
I2802211179,2025,NA
I154840374,2006,NA
I154840374,2007,NA
I154840374,2008,NA
I154840374,2009,NA
I154840374,2010,NA
I154840374,2011,NA
I154840374,2012,NA
I154840374,2013,NA
I154840374,2014,NA
I154840374,2015,NA
I154840374,2016,NA
I154840374,2017,NA
I154840374,2018,NA
I154840374,2019,NA
I154840374,2020,NA
I154840374,2021,NA
I154840374,2022,NA
I154840374,2023,NA
I154840374,2024,NA
I154840374,2025,NA
I4405256476,2006,NA
I4405256476,2007,NA
I4405256476,2008,NA
I4405256476,2009,NA
I4405256476,2010,NA
I4405256476,2011,NA
I4405256476,2012,NA
I4405256476,2013,NA
I4405256476,2014,NA
I4405256476,2015,NA
I4405256476,2016,NA
I4405256476,2017,NA
I4405256476,2018,NA
I4405256476,2019,NA
I4405256476,2020,NA
I4405256476,2021,NA
I4405256476,2022,NA
I4405256476,2023,NA
I4405256476,2024,NA
I4405256476,2025,NA
I4210153084,2006,NA
I4210153084,2007,NA
I4210153084,2008,NA
I4210153084,2009,NA
I4210153084,2010,NA
I4210153084,2011,NA
I4210153084,2012,NA
I4210153084,2013,NA
I4210153084,2014,NA
I4210153084,2015,NA
I4210153084,2016,NA
I4210153084,2017,NA
I4210153084,2018,NA
I4210153084,2019,NA
I4210153084,2020,NA
I4210153084,2021,NA
I4210153084,2022,NA
I4210153084,2023,NA
I4210153084,2024,NA
I4210153084,2025,NA
I327535454,2006,NA
I327535454,2007,NA
I327535454,2008,NA
I327535454,2009,NA
I327535454,2010,NA
I327535454,2011,NA
I327535454,2012,NA
I327535454,2013,NA
I327535454,2014,NA
I327535454,2015,NA
I327535454,2016,NA
I327535454,2017,NA
I327535454,2018,NA
I327535454,2019,NA
I327535454,2020,NA
I327535454,2021,NA
I327535454,2022,NA
I327535454,2023,NA
I327535454,2024,NA
I327535454,2025,NA
I3132976927,2006,NA
I3132976927,2007,NA
I3132976927,2008,NA
I3132976927,2009,NA
I3132976927,2010,NA
I3132976927,2011,NA
I3132976927,2012,NA
I3132976927,2013,NA
I3132976927,2014,NA
I3132976927,2015,NA
I3132976927,2016,NA
I3132976927,2017,NA
I3132976927,2018,NA
I3132976927,2019,NA
I3132976927,2020,NA
I3132976927,2021,NA
I3132976927,2022,NA
I3132976927,2023,NA
I3132976927,2024,NA
I3132976927,2025,NA
I3132109944,2006,NA
I3132109944,2007,NA
I3132109944,2008,NA
I3132109944,2009,NA
I3132109944,2010,NA
I3132109944,2011,NA
I3132109944,2012,NA
I3132109944,2013,NA
I3132109944,2014,NA
I3132109944,2015,NA
I3132109944,2016,NA
I3132109944,2017,NA
I3132109944,2018,NA
I3132109944,2019,NA
I3132109944,2020,NA
I3132109944,2021,NA
I3132109944,2022,NA
I3132109944,2023,NA
I3132109944,2024,NA
I3132109944,2025,NA
I3133159679,2006,NA
I3133159679,2007,NA
I3133159679,2008,NA
I3133159679,2009,NA
I3133159679,2010,NA
I3133159679,2011,NA
I3133159679,2012,NA
I3133159679,2013,NA
I3133159679,2014,NA
I3133159679,2015,NA
I3133159679,2016,NA
I3133159679,2017,NA
I3133159679,2018,NA
I3133159679,2019,NA
I3133159679,2020,NA
I3133159679,2021,NA
I3133159679,2022,NA
I3133159679,2023,NA
I3133159679,2024,NA
I3133159679,2025,NA
I3130741188,2006,NA
I3130741188,2007,NA
I3130741188,2008,NA
I3130741188,2009,NA
I3130741188,2010,NA
I3130741188,2011,NA
I3130741188,2012,NA
I3130741188,2013,NA
I3130741188,2014,NA
I3130741188,2015,NA
I3130741188,2016,NA
I3130741188,2017,NA
I3130741188,2018,NA
I3130741188,2019,NA
I3130741188,2020,NA
I3130741188,2021,NA
I3130741188,2022,NA
I3130741188,2023,NA
I3130741188,2024,NA
I3130741188,2025,NA
I4405262327,2006,NA
I4405262327,2007,NA
I4405262327,2008,NA
I4405262327,2009,NA
I4405262327,2010,NA
I4405262327,2011,NA
I4405262327,2012,NA
I4405262327,2013,NA
I4405262327,2014,NA
I4405262327,2015,NA
I4405262327,2016,NA
I4405262327,2017,NA
I4405262327,2018,NA
I4405262327,2019,NA
I4405262327,2020,NA
I4405262327,2021,NA
I4405262327,2022,NA
I4405262327,2023,NA
I4405262327,2024,NA
I4405262327,2025,NA
I3129738088,2006,NA
I3129738088,2007,NA
I3129738088,2008,NA
I3129738088,2009,NA
I3129738088,2010,NA
I3129738088,2011,NA
I3129738088,2012,NA
I3129738088,2013,NA
I3129738088,2014,NA
I3129738088,2015,NA
I3129738088,2016,NA
I3129738088,2017,NA
I3129738088,2018,NA
I3129738088,2019,NA
I3129738088,2020,NA
I3129738088,2021,NA
I3129738088,2022,NA
I3129738088,2023,NA
I3129738088,2024,NA
I3129738088,2025,NA
I15846685,2006,NA
I15846685,2007,NA
I15846685,2008,NA
I15846685,2009,NA
I15846685,2010,NA
I15846685,2011,NA
I15846685,2012,NA
I15846685,2013,NA
I15846685,2014,NA
I15846685,2015,NA
I15846685,2016,NA
I15846685,2017,NA
I15846685,2018,NA
I15846685,2019,NA
I15846685,2020,NA
I15846685,2021,NA
I15846685,2022,NA
I15846685,2023,NA
I15846685,2024,NA
I15846685,2025,NA
I18020613,2006,NA
I18020613,2007,NA
I18020613,2008,NA
I18020613,2009,NA
I18020613,2010,NA
I18020613,2011,NA
I18020613,2012,NA
I18020613,2013,NA
I18020613,2014,NA
I18020613,2015,NA
I18020613,2016,NA
I18020613,2017,NA
I18020613,2018,NA
I18020613,2019,NA
I18020613,2020,NA
I18020613,2021,NA
I18020613,2022,NA
I18020613,2023,NA
I18020613,2024,NA
I18020613,2025,NA
I2801034501,2006,NA
I2801034501,2007,NA
I2801034501,2008,NA
I2801034501,2009,NA
I2801034501,2010,NA
I2801034501,2011,NA
I2801034501,2012,NA
I2801034501,2013,NA
I2801034501,2014,NA
I2801034501,2015,NA
I2801034501,2016,NA
I2801034501,2017,NA
I2801034501,2018,NA
I2801034501,2019,NA
I2801034501,2020,NA
I2801034501,2021,NA
I2801034501,2022,NA
I2801034501,2023,NA
I2801034501,2024,NA
I2801034501,2025,NA
I2799409690,2006,NA
I2799409690,2007,NA
I2799409690,2008,NA
I2799409690,2009,NA
I2799409690,2010,NA
I2799409690,2011,NA
I2799409690,2012,NA
I2799409690,2013,NA
I2799409690,2014,NA
I2799409690,2015,NA
I2799409690,2016,NA
I2799409690,2017,NA
I2799409690,2018,NA
I2799409690,2019,NA
I2799409690,2020,NA
I2799409690,2021,NA
I2799409690,2022,NA
I2799409690,2023,NA
I2799409690,2024,NA
I2799409690,2025,NA
I4405265438,2006,NA
I4405265438,2007,NA
I4405265438,2008,NA
I4405265438,2009,NA
I4405265438,2010,NA
I4405265438,2011,NA
I4405265438,2012,NA
I4405265438,2013,NA
I4405265438,2014,NA
I4405265438,2015,NA
I4405265438,2016,NA
I4405265438,2017,NA
I4405265438,2018,NA
I4405265438,2019,NA
I4405265438,2020,NA
I4405265438,2021,NA
I4405265438,2022,NA
I4405265438,2023,NA
I4405265438,2024,NA
I4405265438,2025,NA
I4405259951,2006,NA
I4405259951,2007,NA
I4405259951,2008,NA
I4405259951,2009,NA
I4405259951,2010,NA
I4405259951,2011,NA
I4405259951,2012,NA
I4405259951,2013,NA
I4405259951,2014,NA
I4405259951,2015,NA
I4405259951,2016,NA
I4405259951,2017,NA
I4405259951,2018,NA
I4405259951,2019,NA
I4405259951,2020,NA
I4405259951,2021,NA
I4405259951,2022,NA
I4405259951,2023,NA
I4405259951,2024,NA
I4405259951,2025,NA
I4210163016,2006,NA
I4210163016,2007,NA
I4210163016,2008,NA
I4210163016,2009,NA
I4210163016,2010,NA
I4210163016,2011,NA
I4210163016,2012,NA
I4210163016,2013,NA
I4210163016,2014,NA
I4210163016,2015,NA
I4210163016,2016,NA
I4210163016,2017,NA
I4210163016,2018,NA
I4210163016,2019,NA
I4210163016,2020,NA
I4210163016,2021,NA
I4210163016,2022,NA
I4210163016,2023,NA
I4210163016,2024,NA
I4210163016,2025,NA
I101993903,2006,NA
I101993903,2007,NA
I101993903,2008,NA
I101993903,2009,NA
I101993903,2010,NA
I101993903,2011,NA
I101993903,2012,NA
I101993903,2013,NA
I101993903,2014,NA
I101993903,2015,NA
I101993903,2016,NA
I101993903,2017,NA
I101993903,2018,NA
I101993903,2019,NA
I101993903,2020,NA
I101993903,2021,NA
I101993903,2022,NA
I101993903,2023,NA
I101993903,2024,NA
I101993903,2025,NA
I31959934,2006,NA
I31959934,2007,NA
I31959934,2008,NA
I31959934,2009,NA
I31959934,2010,NA
I31959934,2011,NA
I31959934,2012,NA
I31959934,2013,NA
I31959934,2014,NA
I31959934,2015,NA
I31959934,2016,NA
I31959934,2017,NA
I31959934,2018,NA
I31959934,2019,NA
I31959934,2020,NA
I31959934,2021,NA
I31959934,2022,NA
I31959934,2023,NA
I31959934,2024,NA
I31959934,2025,NA
I4210149531,2006,NA
I4210149531,2007,NA
I4210149531,2008,NA
I4210149531,2009,NA
I4210149531,2010,NA
I4210149531,2011,NA
I4210149531,2012,NA
I4210149531,2013,NA
I4210149531,2014,NA
I4210149531,2015,NA
I4210149531,2016,NA
I4210149531,2017,NA
I4210149531,2018,NA
I4210149531,2019,NA
I4210149531,2020,NA
I4210149531,2021,NA
I4210149531,2022,NA
I4210149531,2023,NA
I4210149531,2024,NA
I4210149531,2025,NA
I4210122977,2006,NA
I4210122977,2007,NA
I4210122977,2008,NA
I4210122977,2009,NA
I4210122977,2010,NA
I4210122977,2011,NA
I4210122977,2012,NA
I4210122977,2013,NA
I4210122977,2014,NA
I4210122977,2015,NA
I4210122977,2016,NA
I4210122977,2017,NA
I4210122977,2018,NA
I4210122977,2019,NA
I4210122977,2020,NA
I4210122977,2021,NA
I4210122977,2022,NA
I4210122977,2023,NA
I4210122977,2024,NA
I4210122977,2025,NA
I4405262633,2006,NA
I4405262633,2007,NA
I4405262633,2008,NA
I4405262633,2009,NA
I4405262633,2010,NA
I4405262633,2011,NA
I4405262633,2012,NA
I4405262633,2013,NA
I4405262633,2014,NA
I4405262633,2015,NA
I4405262633,2016,NA
I4405262633,2017,NA
I4405262633,2018,NA
I4405262633,2019,NA
I4405262633,2020,NA
I4405262633,2021,NA
I4405262633,2022,NA
I4405262633,2023,NA
I4405262633,2024,NA
I4405262633,2025,NA
I4405257196,2006,NA
I4405257196,2007,NA
I4405257196,2008,NA
I4405257196,2009,NA
I4405257196,2010,NA
I4405257196,2011,NA
I4405257196,2012,NA
I4405257196,2013,NA
I4405257196,2014,NA
I4405257196,2015,NA
I4405257196,2016,NA
I4405257196,2017,NA
I4405257196,2018,NA
I4405257196,2019,NA
I4405257196,2020,NA
I4405257196,2021,NA
I4405257196,2022,NA
I4405257196,2023,NA
I4405257196,2024,NA
I4405257196,2025,NA
I4405261996,2006,NA
I4405261996,2007,NA
I4405261996,2008,NA
I4405261996,2009,NA
I4405261996,2010,NA
I4405261996,2011,NA
I4405261996,2012,NA
I4405261996,2013,NA
I4405261996,2014,NA
I4405261996,2015,NA
I4405261996,2016,NA
I4405261996,2017,NA
I4405261996,2018,NA
I4405261996,2019,NA
I4405261996,2020,NA
I4405261996,2021,NA
I4405261996,2022,NA
I4405261996,2023,NA
I4405261996,2024,NA
I4405261996,2025,NA
I4210150453,2006,NA
I4210150453,2007,NA
I4210150453,2008,NA
I4210150453,2009,NA
I4210150453,2010,NA
I4210150453,2011,NA
I4210150453,2012,NA
I4210150453,2013,NA
I4210150453,2014,NA
I4210150453,2015,NA
I4210150453,2016,NA
I4210150453,2017,NA
I4210150453,2018,NA
I4210150453,2019,NA
I4210150453,2020,NA
I4210150453,2021,NA
I4210150453,2022,NA
I4210150453,2023,NA
I4210150453,2024,NA
I4210150453,2025,NA
I4210131288,2006,NA
I4210131288,2007,NA
I4210131288,2008,NA
I4210131288,2009,NA
I4210131288,2010,NA
I4210131288,2011,NA
I4210131288,2012,NA
I4210131288,2013,NA
I4210131288,2014,NA
I4210131288,2015,NA
I4210131288,2016,NA
I4210131288,2017,NA
I4210131288,2018,NA
I4210131288,2019,NA
I4210131288,2020,NA
I4210131288,2021,NA
I4210131288,2022,NA
I4210131288,2023,NA
I4210131288,2024,NA
I4210131288,2025,NA
I4405257153,2006,NA
I4405257153,2007,NA
I4405257153,2008,NA
I4405257153,2009,NA
I4405257153,2010,NA
I4405257153,2011,NA
I4405257153,2012,NA
I4405257153,2013,NA
I4405257153,2014,NA
I4405257153,2015,NA
I4405257153,2016,NA
I4405257153,2017,NA
I4405257153,2018,NA
I4405257153,2019,NA
I4405257153,2020,NA
I4405257153,2021,NA
I4405257153,2022,NA
I4405257153,2023,NA
I4405257153,2024,NA
I4405257153,2025,NA
I4405263458,2006,NA
I4405263458,2007,NA
I4405263458,2008,NA
I4405263458,2009,NA
I4405263458,2010,NA
I4405263458,2011,NA
I4405263458,2012,NA
I4405263458,2013,NA
I4405263458,2014,NA
I4405263458,2015,NA
I4405263458,2016,NA
I4405263458,2017,NA
I4405263458,2018,NA
I4405263458,2019,NA
I4405263458,2020,NA
I4405263458,2021,NA
I4405263458,2022,NA
I4405263458,2023,NA
I4405263458,2024,NA
I4405263458,2025,NA
I4405255362,2006,NA
I4405255362,2007,NA
I4405255362,2008,NA
I4405255362,2009,NA
I4405255362,2010,NA
I4405255362,2011,NA
I4405255362,2012,NA
I4405255362,2013,NA
I4405255362,2014,NA
I4405255362,2015,NA
I4405255362,2016,NA
I4405255362,2017,NA
I4405255362,2018,NA
I4405255362,2019,NA
I4405255362,2020,NA
I4405255362,2021,NA
I4405255362,2022,NA
I4405255362,2023,NA
I4405255362,2024,NA
I4405255362,2025,NA
I4210091172,2006,NA
I4210091172,2007,NA
I4210091172,2008,NA
I4210091172,2009,NA
I4210091172,2010,NA
I4210091172,2011,NA
I4210091172,2012,NA
I4210091172,2013,NA
I4210091172,2014,NA
I4210091172,2015,NA
I4210091172,2016,NA
I4210091172,2017,NA
I4210091172,2018,NA
I4210091172,2019,NA
I4210091172,2020,NA
I4210091172,2021,NA
I4210091172,2022,NA
I4210091172,2023,NA
I4210091172,2024,NA
I4210091172,2025,NA
I4405258926,2006,NA
I4405258926,2007,NA
I4405258926,2008,NA
I4405258926,2009,NA
I4405258926,2010,NA
I4405258926,2011,NA
I4405258926,2012,NA
I4405258926,2013,NA
I4405258926,2014,NA
I4405258926,2015,NA
I4405258926,2016,NA
I4405258926,2017,NA
I4405258926,2018,NA
I4405258926,2019,NA
I4405258926,2020,NA
I4405258926,2021,NA
I4405258926,2022,NA
I4405258926,2023,NA
I4405258926,2024,NA
I4405258926,2025,NA
I4405254470,2006,NA
I4405254470,2007,NA
I4405254470,2008,NA
I4405254470,2009,NA
I4405254470,2010,NA
I4405254470,2011,NA
I4405254470,2012,NA
I4405254470,2013,NA
I4405254470,2014,NA
I4405254470,2015,NA
I4405254470,2016,NA
I4405254470,2017,NA
I4405254470,2018,NA
I4405254470,2019,NA
I4405254470,2020,NA
I4405254470,2021,NA
I4405254470,2022,NA
I4405254470,2023,NA
I4405254470,2024,NA
I4405254470,2025,NA
I4405261368,2006,NA
I4405261368,2007,NA
I4405261368,2008,NA
I4405261368,2009,NA
I4405261368,2010,NA
I4405261368,2011,NA
I4405261368,2012,NA
I4405261368,2013,NA
I4405261368,2014,NA
I4405261368,2015,NA
I4405261368,2016,NA
I4405261368,2017,NA
I4405261368,2018,NA
I4405261368,2019,NA
I4405261368,2020,NA
I4405261368,2021,NA
I4405261368,2022,NA
I4405261368,2023,NA
I4405261368,2024,NA
I4405261368,2025,NA
I4210121172,2006,NA
I4210121172,2007,NA
I4210121172,2008,NA
I4210121172,2009,NA
I4210121172,2010,NA
I4210121172,2011,NA
I4210121172,2012,NA
I4210121172,2013,NA
I4210121172,2014,NA
I4210121172,2015,NA
I4210121172,2016,NA
I4210121172,2017,NA
I4210121172,2018,NA
I4210121172,2019,NA
I4210121172,2020,NA
I4210121172,2021,NA
I4210121172,2022,NA
I4210121172,2023,NA
I4210121172,2024,NA
I4210121172,2025,NA
I4210160828,2006,NA
I4210160828,2007,NA
I4210160828,2008,NA
I4210160828,2009,NA
I4210160828,2010,NA
I4210160828,2011,NA
I4210160828,2012,NA
I4210160828,2013,NA
I4210160828,2014,NA
I4210160828,2015,NA
I4210160828,2016,NA
I4210160828,2017,NA
I4210160828,2018,NA
I4210160828,2019,NA
I4210160828,2020,NA
I4210160828,2021,NA
I4210160828,2022,NA
I4210160828,2023,NA
I4210160828,2024,NA
I4210160828,2025,NA
I4210106625,2006,NA
I4210106625,2007,NA
I4210106625,2008,NA
I4210106625,2009,NA
I4210106625,2010,NA
I4210106625,2011,NA
I4210106625,2012,NA
I4210106625,2013,NA
I4210106625,2014,NA
I4210106625,2015,NA
I4210106625,2016,NA
I4210106625,2017,NA
I4210106625,2018,NA
I4210106625,2019,NA
I4210106625,2020,NA
I4210106625,2021,NA
I4210106625,2022,NA
I4210106625,2023,NA
I4210106625,2024,NA
I4210106625,2025,NA
I4405266661,2006,NA
I4405266661,2007,NA
I4405266661,2008,NA
I4405266661,2009,NA
I4405266661,2010,NA
I4405266661,2011,NA
I4405266661,2012,NA
I4405266661,2013,NA
I4405266661,2014,NA
I4405266661,2015,NA
I4405266661,2016,NA
I4405266661,2017,NA
I4405266661,2018,NA
I4405266661,2019,NA
I4405266661,2020,NA
I4405266661,2021,NA
I4405266661,2022,NA
I4405266661,2023,NA
I4405266661,2024,NA
I4405266661,2025,NA
I4210119357,2006,NA
I4210119357,2007,NA
I4210119357,2008,NA
I4210119357,2009,NA
I4210119357,2010,NA
I4210119357,2011,NA
I4210119357,2012,NA
I4210119357,2013,NA
I4210119357,2014,NA
I4210119357,2015,NA
I4210119357,2016,NA
I4210119357,2017,NA
I4210119357,2018,NA
I4210119357,2019,NA
I4210119357,2020,NA
I4210119357,2021,NA
I4210119357,2022,NA
I4210119357,2023,NA
I4210119357,2024,NA
I4210119357,2025,NA
I52605992,2006,NA
I52605992,2007,NA
I52605992,2008,NA
I52605992,2009,NA
I52605992,2010,NA
I52605992,2011,NA
I52605992,2012,NA
I52605992,2013,NA
I52605992,2014,NA
I52605992,2015,NA
I52605992,2016,NA
I52605992,2017,NA
I52605992,2018,NA
I52605992,2019,NA
I52605992,2020,NA
I52605992,2021,NA
I52605992,2022,NA
I52605992,2023,NA
I52605992,2024,NA
I52605992,2025,NA
I4405259647,2006,NA
I4405259647,2007,NA
I4405259647,2008,NA
I4405259647,2009,NA
I4405259647,2010,NA
I4405259647,2011,NA
I4405259647,2012,NA
I4405259647,2013,NA
I4405259647,2014,NA
I4405259647,2015,NA
I4405259647,2016,NA
I4405259647,2017,NA
I4405259647,2018,NA
I4405259647,2019,NA
I4405259647,2020,NA
I4405259647,2021,NA
I4405259647,2022,NA
I4405259647,2023,NA
I4405259647,2024,NA
I4405259647,2025,NA
I3129828962,2006,NA
I3129828962,2007,NA
I3129828962,2008,NA
I3129828962,2009,NA
I3129828962,2010,NA
I3129828962,2011,NA
I3129828962,2012,NA
I3129828962,2013,NA
I3129828962,2014,NA
I3129828962,2015,NA
I3129828962,2016,NA
I3129828962,2017,NA
I3129828962,2018,NA
I3129828962,2019,NA
I3129828962,2020,NA
I3129828962,2021,NA
I3129828962,2022,NA
I3129828962,2023,NA
I3129828962,2024,NA
I3129828962,2025,NA
I3130760591,2006,NA
I3130760591,2007,NA
I3130760591,2008,NA
I3130760591,2009,NA
I3130760591,2010,NA
I3130760591,2011,NA
I3130760591,2012,NA
I3130760591,2013,NA
I3130760591,2014,NA
I3130760591,2015,NA
I3130760591,2016,NA
I3130760591,2017,NA
I3130760591,2018,NA
I3130760591,2019,NA
I3130760591,2020,NA
I3130760591,2021,NA
I3130760591,2022,NA
I3130760591,2023,NA
I3130760591,2024,NA
I3130760591,2025,NA
I4210093720,2006,NA
I4210093720,2007,NA
I4210093720,2008,NA
I4210093720,2009,NA
I4210093720,2010,NA
I4210093720,2011,NA
I4210093720,2012,NA
I4210093720,2013,NA
I4210093720,2014,NA
I4210093720,2015,NA
I4210093720,2016,NA
I4210093720,2017,NA
I4210093720,2018,NA
I4210093720,2019,NA
I4210093720,2020,NA
I4210093720,2021,NA
I4210093720,2022,NA
I4210093720,2023,NA
I4210093720,2024,NA
I4210093720,2025,NA
I4387154306,2006,NA
I4387154306,2007,NA
I4387154306,2008,NA
I4387154306,2009,NA
I4387154306,2010,NA
I4387154306,2011,NA
I4387154306,2012,NA
I4387154306,2013,NA
I4387154306,2014,NA
I4387154306,2015,NA
I4387154306,2016,NA
I4387154306,2017,NA
I4387154306,2018,NA
I4387154306,2019,NA
I4387154306,2020,NA
I4387154306,2021,NA
I4387154306,2022,NA
I4387154306,2023,NA
I4387154306,2024,NA
I4387154306,2025,NA
I4210116852,2006,NA
I4210116852,2007,NA
I4210116852,2008,NA
I4210116852,2009,NA
I4210116852,2010,NA
I4210116852,2011,NA
I4210116852,2012,NA
I4210116852,2013,NA
I4210116852,2014,NA
I4210116852,2015,NA
I4210116852,2016,NA
I4210116852,2017,NA
I4210116852,2018,NA
I4210116852,2019,NA
I4210116852,2020,NA
I4210116852,2021,NA
I4210116852,2022,NA
I4210116852,2023,NA
I4210116852,2024,NA
I4210116852,2025,NA
I3129602810,2006,NA
I3129602810,2007,NA
I3129602810,2008,NA
I3129602810,2009,NA
I3129602810,2010,NA
I3129602810,2011,NA
I3129602810,2012,NA
I3129602810,2013,NA
I3129602810,2014,NA
I3129602810,2015,NA
I3129602810,2016,NA
I3129602810,2017,NA
I3129602810,2018,NA
I3129602810,2019,NA
I3129602810,2020,NA
I3129602810,2021,NA
I3129602810,2022,NA
I3129602810,2023,NA
I3129602810,2024,NA
I3129602810,2025,NA
I4210097372,2006,NA
I4210097372,2007,NA
I4210097372,2008,NA
I4210097372,2009,NA
I4210097372,2010,NA
I4210097372,2011,NA
I4210097372,2012,NA
I4210097372,2013,NA
I4210097372,2014,NA
I4210097372,2015,NA
I4210097372,2016,NA
I4210097372,2017,NA
I4210097372,2018,NA
I4210097372,2019,NA
I4210097372,2020,NA
I4210097372,2021,NA
I4210097372,2022,NA
I4210097372,2023,NA
I4210097372,2024,NA
I4210097372,2025,NA
I4405255060,2006,NA
I4405255060,2007,NA
I4405255060,2008,NA
I4405255060,2009,NA
I4405255060,2010,NA
I4405255060,2011,NA
I4405255060,2012,NA
I4405255060,2013,NA
I4405255060,2014,NA
I4405255060,2015,NA
I4405255060,2016,NA
I4405255060,2017,NA
I4405255060,2018,NA
I4405255060,2019,NA
I4405255060,2020,NA
I4405255060,2021,NA
I4405255060,2022,NA
I4405255060,2023,NA
I4405255060,2024,NA
I4405255060,2025,NA
I4210155111,2006,NA
I4210155111,2007,NA
I4210155111,2008,NA
I4210155111,2009,NA
I4210155111,2010,NA
I4210155111,2011,NA
I4210155111,2012,NA
I4210155111,2013,NA
I4210155111,2014,NA
I4210155111,2015,NA
I4210155111,2016,NA
I4210155111,2017,NA
I4210155111,2018,NA
I4210155111,2019,NA
I4210155111,2020,NA
I4210155111,2021,NA
I4210155111,2022,NA
I4210155111,2023,NA
I4210155111,2024,NA
I4210155111,2025,NA
I4210165434,2006,NA
I4210165434,2007,NA
I4210165434,2008,NA
I4210165434,2009,NA
I4210165434,2010,NA
I4210165434,2011,NA
I4210165434,2012,NA
I4210165434,2013,NA
I4210165434,2014,NA
I4210165434,2015,NA
I4210165434,2016,NA
I4210165434,2017,NA
I4210165434,2018,NA
I4210165434,2019,NA
I4210165434,2020,NA
I4210165434,2021,NA
I4210165434,2022,NA
I4210165434,2023,NA
I4210165434,2024,NA
I4210165434,2025,NA
I41910991,2006,NA
I41910991,2007,NA
I41910991,2008,NA
I41910991,2009,NA
I41910991,2010,NA
I41910991,2011,NA
I41910991,2012,NA
I41910991,2013,NA
I41910991,2014,NA
I41910991,2015,NA
I41910991,2016,NA
I41910991,2017,NA
I41910991,2018,NA
I41910991,2019,NA
I41910991,2020,NA
I41910991,2021,NA
I41910991,2022,NA
I41910991,2023,NA
I41910991,2024,NA
I41910991,2025,NA
I139264467,2006,NA
I139264467,2007,NA
I139264467,2008,NA
I139264467,2009,NA
I139264467,2010,NA
I139264467,2011,NA
I139264467,2012,NA
I139264467,2013,NA
I139264467,2014,NA
I139264467,2015,NA
I139264467,2016,NA
I139264467,2017,NA
I139264467,2018,NA
I139264467,2019,NA
I139264467,2020,NA
I139264467,2021,NA
I139264467,2022,NA
I139264467,2023,NA
I139264467,2024,NA
I139264467,2025,NA
I4210152282,2006,NA
I4210152282,2007,NA
I4210152282,2008,NA
I4210152282,2009,NA
I4210152282,2010,NA
I4210152282,2011,NA
I4210152282,2012,NA
I4210152282,2013,NA
I4210152282,2014,NA
I4210152282,2015,NA
I4210152282,2016,NA
I4210152282,2017,NA
I4210152282,2018,NA
I4210152282,2019,NA
I4210152282,2020,NA
I4210152282,2021,NA
I4210152282,2022,NA
I4210152282,2023,NA
I4210152282,2024,NA
I4210152282,2025,NA
I162254961,2006,NA
I162254961,2007,NA
I162254961,2008,NA
I162254961,2009,NA
I162254961,2010,NA
I162254961,2011,NA
I162254961,2012,NA
I162254961,2013,NA
I162254961,2014,NA
I162254961,2015,NA
I162254961,2016,NA
I162254961,2017,NA
I162254961,2018,NA
I162254961,2019,NA
I162254961,2020,NA
I162254961,2021,NA
I162254961,2022,NA
I162254961,2023,NA
I162254961,2024,NA
I162254961,2025,NA
I12003341,2006,NA
I12003341,2007,NA
I12003341,2008,NA
I12003341,2009,NA
I12003341,2010,NA
I12003341,2011,NA
I12003341,2012,NA
I12003341,2013,NA
I12003341,2014,NA
I12003341,2015,NA
I12003341,2016,NA
I12003341,2017,NA
I12003341,2018,NA
I12003341,2019,NA
I12003341,2020,NA
I12003341,2021,NA
I12003341,2022,NA
I12003341,2023,NA
I12003341,2024,NA
I12003341,2025,NA
I4210134560,2006,NA
I4210134560,2007,NA
I4210134560,2008,NA
I4210134560,2009,NA
I4210134560,2010,NA
I4210134560,2011,NA
I4210134560,2012,NA
I4210134560,2013,NA
I4210134560,2014,NA
I4210134560,2015,NA
I4210134560,2016,NA
I4210134560,2017,NA
I4210134560,2018,NA
I4210134560,2019,NA
I4210134560,2020,NA
I4210134560,2021,NA
I4210134560,2022,NA
I4210134560,2023,NA
I4210134560,2024,NA
I4210134560,2025,NA
I3131918342,2006,NA
I3131918342,2007,NA
I3131918342,2008,NA
I3131918342,2009,NA
I3131918342,2010,NA
I3131918342,2011,NA
I3131918342,2012,NA
I3131918342,2013,NA
I3131918342,2014,NA
I3131918342,2015,NA
I3131918342,2016,NA
I3131918342,2017,NA
I3131918342,2018,NA
I3131918342,2019,NA
I3131918342,2020,NA
I3131918342,2021,NA
I3131918342,2022,NA
I3131918342,2023,NA
I3131918342,2024,NA
I3131918342,2025,NA
I3132131080,2006,NA
I3132131080,2007,NA
I3132131080,2008,NA
I3132131080,2009,NA
I3132131080,2010,NA
I3132131080,2011,NA
I3132131080,2012,NA
I3132131080,2013,NA
I3132131080,2014,NA
I3132131080,2015,NA
I3132131080,2016,NA
I3132131080,2017,NA
I3132131080,2018,NA
I3132131080,2019,NA
I3132131080,2020,NA
I3132131080,2021,NA
I3132131080,2022,NA
I3132131080,2023,NA
I3132131080,2024,NA
I3132131080,2025,NA
I97231232,2006,NA
I97231232,2007,NA
I97231232,2008,NA
I97231232,2009,NA
I97231232,2010,NA
I97231232,2011,NA
I97231232,2012,NA
I97231232,2013,NA
I97231232,2014,NA
I97231232,2015,NA
I97231232,2016,NA
I97231232,2017,NA
I97231232,2018,NA
I97231232,2019,NA
I97231232,2020,NA
I97231232,2021,NA
I97231232,2022,NA
I97231232,2023,NA
I97231232,2024,NA
I97231232,2025,NA
I99712911,2006,NA
I99712911,2007,NA
I99712911,2008,NA
I99712911,2009,NA
I99712911,2010,NA
I99712911,2011,NA
I99712911,2012,NA
I99712911,2013,NA
I99712911,2014,NA
I99712911,2015,NA
I99712911,2016,NA
I99712911,2017,NA
I99712911,2018,NA
I99712911,2019,NA
I99712911,2020,NA
I99712911,2021,NA
I99712911,2022,NA
I99712911,2023,NA
I99712911,2024,NA
I99712911,2025,NA
I2802457231,2006,NA
I2802457231,2007,NA
I2802457231,2008,NA
I2802457231,2009,NA
I2802457231,2010,NA
I2802457231,2011,NA
I2802457231,2012,NA
I2802457231,2013,NA
I2802457231,2014,NA
I2802457231,2015,NA
I2802457231,2016,NA
I2802457231,2017,NA
I2802457231,2018,NA
I2802457231,2019,NA
I2802457231,2020,NA
I2802457231,2021,NA
I2802457231,2022,NA
I2802457231,2023,NA
I2802457231,2024,NA
I2802457231,2025,NA
I4405261678,2006,NA
I4405261678,2007,NA
I4405261678,2008,NA
I4405261678,2009,NA
I4405261678,2010,NA
I4405261678,2011,NA
I4405261678,2012,NA
I4405261678,2013,NA
I4405261678,2014,NA
I4405261678,2015,NA
I4405261678,2016,NA
I4405261678,2017,NA
I4405261678,2018,NA
I4405261678,2019,NA
I4405261678,2020,NA
I4405261678,2021,NA
I4405261678,2022,NA
I4405261678,2023,NA
I4405261678,2024,NA
I4405261678,2025,NA
I4405259301,2006,NA
I4405259301,2007,NA
I4405259301,2008,NA
I4405259301,2009,NA
I4405259301,2010,NA
I4405259301,2011,NA
I4405259301,2012,NA
I4405259301,2013,NA
I4405259301,2014,NA
I4405259301,2015,NA
I4405259301,2016,NA
I4405259301,2017,NA
I4405259301,2018,NA
I4405259301,2019,NA
I4405259301,2020,NA
I4405259301,2021,NA
I4405259301,2022,NA
I4405259301,2023,NA
I4405259301,2024,NA
I4405259301,2025,NA
I147765412,2006,NA
I147765412,2007,NA
I147765412,2008,NA
I147765412,2009,NA
I147765412,2010,NA
I147765412,2011,NA
I147765412,2012,NA
I147765412,2013,NA
I147765412,2014,NA
I147765412,2015,NA
I147765412,2016,NA
I147765412,2017,NA
I147765412,2018,NA
I147765412,2019,NA
I147765412,2020,NA
I147765412,2021,NA
I147765412,2022,NA
I147765412,2023,NA
I147765412,2024,NA
I147765412,2025,NA
I4210150006,2006,NA
I4210150006,2007,NA
I4210150006,2008,NA
I4210150006,2009,NA
I4210150006,2010,NA
I4210150006,2011,NA
I4210150006,2012,NA
I4210150006,2013,NA
I4210150006,2014,NA
I4210150006,2015,NA
I4210150006,2016,NA
I4210150006,2017,NA
I4210150006,2018,NA
I4210150006,2019,NA
I4210150006,2020,NA
I4210150006,2021,NA
I4210150006,2022,NA
I4210150006,2023,NA
I4210150006,2024,NA
I4210150006,2025,NA
I4405252817,2006,NA
I4405252817,2007,NA
I4405252817,2008,NA
I4405252817,2009,NA
I4405252817,2010,NA
I4405252817,2011,NA
I4405252817,2012,NA
I4405252817,2013,NA
I4405252817,2014,NA
I4405252817,2015,NA
I4405252817,2016,NA
I4405252817,2017,NA
I4405252817,2018,NA
I4405252817,2019,NA
I4405252817,2020,NA
I4405252817,2021,NA
I4405252817,2022,NA
I4405252817,2023,NA
I4405252817,2024,NA
I4405252817,2025,NA
I4405255734,2006,NA
I4405255734,2007,NA
I4405255734,2008,NA
I4405255734,2009,NA
I4405255734,2010,NA
I4405255734,2011,NA
I4405255734,2012,NA
I4405255734,2013,NA
I4405255734,2014,NA
I4405255734,2015,NA
I4405255734,2016,NA
I4405255734,2017,NA
I4405255734,2018,NA
I4405255734,2019,NA
I4405255734,2020,NA
I4405255734,2021,NA
I4405255734,2022,NA
I4405255734,2023,NA
I4405255734,2024,NA
I4405255734,2025,NA
I33783412,2006,NA
I33783412,2007,NA
I33783412,2008,NA
I33783412,2009,NA
I33783412,2010,NA
I33783412,2011,NA
I33783412,2012,NA
I33783412,2013,NA
I33783412,2014,NA
I33783412,2015,NA
I33783412,2016,NA
I33783412,2017,NA
I33783412,2018,NA
I33783412,2019,NA
I33783412,2020,NA
I33783412,2021,NA
I33783412,2022,NA
I33783412,2023,NA
I33783412,2024,NA
I33783412,2025,NA
I4405260851,2006,NA
I4405260851,2007,NA
I4405260851,2008,NA
I4405260851,2009,NA
I4405260851,2010,NA
I4405260851,2011,NA
I4405260851,2012,NA
I4405260851,2013,NA
I4405260851,2014,NA
I4405260851,2015,NA
I4405260851,2016,NA
I4405260851,2017,NA
I4405260851,2018,NA
I4405260851,2019,NA
I4405260851,2020,NA
I4405260851,2021,NA
I4405260851,2022,NA
I4405260851,2023,NA
I4405260851,2024,NA
I4405260851,2025,NA
I4210140764,2006,NA
I4210140764,2007,NA
I4210140764,2008,NA
I4210140764,2009,NA
I4210140764,2010,NA
I4210140764,2011,NA
I4210140764,2012,NA
I4210140764,2013,NA
I4210140764,2014,NA
I4210140764,2015,NA
I4210140764,2016,NA
I4210140764,2017,NA
I4210140764,2018,NA
I4210140764,2019,NA
I4210140764,2020,NA
I4210140764,2021,NA
I4210140764,2022,NA
I4210140764,2023,NA
I4210140764,2024,NA
I4210140764,2025,NA
I4405259264,2006,NA
I4405259264,2007,NA
I4405259264,2008,NA
I4405259264,2009,NA
I4405259264,2010,NA
I4405259264,2011,NA
I4405259264,2012,NA
I4405259264,2013,NA
I4405259264,2014,NA
I4405259264,2015,NA
I4405259264,2016,NA
I4405259264,2017,NA
I4405259264,2018,NA
I4405259264,2019,NA
I4405259264,2020,NA
I4405259264,2021,NA
I4405259264,2022,NA
I4405259264,2023,NA
I4405259264,2024,NA
I4405259264,2025,NA
I57629906,2006,NA
I57629906,2007,NA
I57629906,2008,NA
I57629906,2009,NA
I57629906,2010,NA
I57629906,2011,NA
I57629906,2012,NA
I57629906,2013,NA
I57629906,2014,NA
I57629906,2015,NA
I57629906,2016,NA
I57629906,2017,NA
I57629906,2018,NA
I57629906,2019,NA
I57629906,2020,NA
I57629906,2021,NA
I57629906,2022,NA
I57629906,2023,NA
I57629906,2024,NA
I57629906,2025,NA
I4210165297,2006,NA
I4210165297,2007,NA
I4210165297,2008,NA
I4210165297,2009,NA
I4210165297,2010,NA
I4210165297,2011,NA
I4210165297,2012,NA
I4210165297,2013,NA
I4210165297,2014,NA
I4210165297,2015,NA
I4210165297,2016,NA
I4210165297,2017,NA
I4210165297,2018,NA
I4210165297,2019,NA
I4210165297,2020,NA
I4210165297,2021,NA
I4210165297,2022,NA
I4210165297,2023,NA
I4210165297,2024,NA
I4210165297,2025,NA
I4399598455,2006,NA
I4399598455,2007,NA
I4399598455,2008,NA
I4399598455,2009,NA
I4399598455,2010,NA
I4399598455,2011,NA
I4399598455,2012,NA
I4399598455,2013,NA
I4399598455,2014,NA
I4399598455,2015,NA
I4399598455,2016,NA
I4399598455,2017,NA
I4399598455,2018,NA
I4399598455,2019,NA
I4399598455,2020,NA
I4399598455,2021,NA
I4399598455,2022,NA
I4399598455,2023,NA
I4399598455,2024,NA
I4399598455,2025,NA
I158878888,2006,NA
I158878888,2007,NA
I158878888,2008,NA
I158878888,2009,NA
I158878888,2010,NA
I158878888,2011,NA
I158878888,2012,NA
I158878888,2013,NA
I158878888,2014,NA
I158878888,2015,NA
I158878888,2016,NA
I158878888,2017,NA
I158878888,2018,NA
I158878888,2019,NA
I158878888,2020,NA
I158878888,2021,NA
I158878888,2022,NA
I158878888,2023,NA
I158878888,2024,NA
I158878888,2025,NA
I195729267,2006,NA
I195729267,2007,NA
I195729267,2008,NA
I195729267,2009,NA
I195729267,2010,NA
I195729267,2011,NA
I195729267,2012,NA
I195729267,2013,NA
I195729267,2014,NA
I195729267,2015,NA
I195729267,2016,NA
I195729267,2017,NA
I195729267,2018,NA
I195729267,2019,NA
I195729267,2020,NA
I195729267,2021,NA
I195729267,2022,NA
I195729267,2023,NA
I195729267,2024,NA
I195729267,2025,NA
I119444248,2006,NA
I119444248,2007,NA
I119444248,2008,NA
I119444248,2009,NA
I119444248,2010,NA
I119444248,2011,NA
I119444248,2012,NA
I119444248,2013,NA
I119444248,2014,NA
I119444248,2015,NA
I119444248,2016,NA
I119444248,2017,NA
I119444248,2018,NA
I119444248,2019,NA
I119444248,2020,NA
I119444248,2021,NA
I119444248,2022,NA
I119444248,2023,NA
I119444248,2024,NA
I119444248,2025,NA
I207227095,2006,NA
I207227095,2007,NA
I207227095,2008,NA
I207227095,2009,NA
I207227095,2010,NA
I207227095,2011,NA
I207227095,2012,NA
I207227095,2013,NA
I207227095,2014,NA
I207227095,2015,NA
I207227095,2016,NA
I207227095,2017,NA
I207227095,2018,NA
I207227095,2019,NA
I207227095,2020,NA
I207227095,2021,NA
I207227095,2022,NA
I207227095,2023,NA
I207227095,2024,NA
I207227095,2025,NA
I4210157503,2006,NA
I4210157503,2007,NA
I4210157503,2008,NA
I4210157503,2009,NA
I4210157503,2010,NA
I4210157503,2011,NA
I4210157503,2012,NA
I4210157503,2013,NA
I4210157503,2014,NA
I4210157503,2015,NA
I4210157503,2016,NA
I4210157503,2017,NA
I4210157503,2018,NA
I4210157503,2019,NA
I4210157503,2020,NA
I4210157503,2021,NA
I4210157503,2022,NA
I4210157503,2023,NA
I4210157503,2024,NA
I4210157503,2025,NA
I4405254986,2006,NA
I4405254986,2007,NA
I4405254986,2008,NA
I4405254986,2009,NA
I4405254986,2010,NA
I4405254986,2011,NA
I4405254986,2012,NA
I4405254986,2013,NA
I4405254986,2014,NA
I4405254986,2015,NA
I4405254986,2016,NA
I4405254986,2017,NA
I4405254986,2018,NA
I4405254986,2019,NA
I4405254986,2020,NA
I4405254986,2021,NA
I4405254986,2022,NA
I4405254986,2023,NA
I4405254986,2024,NA
I4405254986,2025,NA
I27765905,2006,NA
I27765905,2007,NA
I27765905,2008,NA
I27765905,2009,NA
I27765905,2010,NA
I27765905,2011,NA
I27765905,2012,NA
I27765905,2013,NA
I27765905,2014,NA
I27765905,2015,NA
I27765905,2016,NA
I27765905,2017,NA
I27765905,2018,NA
I27765905,2019,NA
I27765905,2020,NA
I27765905,2021,NA
I27765905,2022,NA
I27765905,2023,NA
I27765905,2024,NA
I27765905,2025,NA
I3130391927,2006,NA
I3130391927,2007,NA
I3130391927,2008,NA
I3130391927,2009,NA
I3130391927,2010,NA
I3130391927,2011,NA
I3130391927,2012,NA
I3130391927,2013,NA
I3130391927,2014,NA
I3130391927,2015,NA
I3130391927,2016,NA
I3130391927,2017,NA
I3130391927,2018,NA
I3130391927,2019,NA
I3130391927,2020,NA
I3130391927,2021,NA
I3130391927,2022,NA
I3130391927,2023,NA
I3130391927,2024,NA
I3130391927,2025,NA
I233754661,2006,NA
I233754661,2007,NA
I233754661,2008,NA
I233754661,2009,NA
I233754661,2010,NA
I233754661,2011,NA
I233754661,2012,NA
I233754661,2013,NA
I233754661,2014,NA
I233754661,2015,NA
I233754661,2016,NA
I233754661,2017,NA
I233754661,2018,NA
I233754661,2019,NA
I233754661,2020,NA
I233754661,2021,NA
I233754661,2022,NA
I233754661,2023,NA
I233754661,2024,NA
I233754661,2025,NA
I3132836742,2006,NA
I3132836742,2007,NA
I3132836742,2008,NA
I3132836742,2009,NA
I3132836742,2010,NA
I3132836742,2011,NA
I3132836742,2012,NA
I3132836742,2013,NA
I3132836742,2014,NA
I3132836742,2015,NA
I3132836742,2016,NA
I3132836742,2017,NA
I3132836742,2018,NA
I3132836742,2019,NA
I3132836742,2020,NA
I3132836742,2021,NA
I3132836742,2022,NA
I3132836742,2023,NA
I3132836742,2024,NA
I3132836742,2025,NA
I2799828974,2006,NA
I2799828974,2007,NA
I2799828974,2008,NA
I2799828974,2009,NA
I2799828974,2010,NA
I2799828974,2011,NA
I2799828974,2012,NA
I2799828974,2013,NA
I2799828974,2014,NA
I2799828974,2015,NA
I2799828974,2016,NA
I2799828974,2017,NA
I2799828974,2018,NA
I2799828974,2019,NA
I2799828974,2020,NA
I2799828974,2021,NA
I2799828974,2022,NA
I2799828974,2023,NA
I2799828974,2024,NA
I2799828974,2025,NA
I45711476,2006,NA
I45711476,2007,NA
I45711476,2008,NA
I45711476,2009,NA
I45711476,2010,NA
I45711476,2011,NA
I45711476,2012,NA
I45711476,2013,NA
I45711476,2014,NA
I45711476,2015,NA
I45711476,2016,NA
I45711476,2017,NA
I45711476,2018,NA
I45711476,2019,NA
I45711476,2020,NA
I45711476,2021,NA
I45711476,2022,NA
I45711476,2023,NA
I45711476,2024,NA
I45711476,2025,NA
I3130618196,2006,NA
I3130618196,2007,NA
I3130618196,2008,NA
I3130618196,2009,NA
I3130618196,2010,NA
I3130618196,2011,NA
I3130618196,2012,NA
I3130618196,2013,NA
I3130618196,2014,NA
I3130618196,2015,NA
I3130618196,2016,NA
I3130618196,2017,NA
I3130618196,2018,NA
I3130618196,2019,NA
I3130618196,2020,NA
I3130618196,2021,NA
I3130618196,2022,NA
I3130618196,2023,NA
I3130618196,2024,NA
I3130618196,2025,NA
I4210132304,2006,NA
I4210132304,2007,NA
I4210132304,2008,NA
I4210132304,2009,NA
I4210132304,2010,NA
I4210132304,2011,NA
I4210132304,2012,NA
I4210132304,2013,NA
I4210132304,2014,NA
I4210132304,2015,NA
I4210132304,2016,NA
I4210132304,2017,NA
I4210132304,2018,NA
I4210132304,2019,NA
I4210132304,2020,NA
I4210132304,2021,NA
I4210132304,2022,NA
I4210132304,2023,NA
I4210132304,2024,NA
I4210132304,2025,NA
I4210165376,2006,NA
I4210165376,2007,NA
I4210165376,2008,NA
I4210165376,2009,NA
I4210165376,2010,NA
I4210165376,2011,NA
I4210165376,2012,NA
I4210165376,2013,NA
I4210165376,2014,NA
I4210165376,2015,NA
I4210165376,2016,NA
I4210165376,2017,NA
I4210165376,2018,NA
I4210165376,2019,NA
I4210165376,2020,NA
I4210165376,2021,NA
I4210165376,2022,NA
I4210165376,2023,NA
I4210165376,2024,NA
I4210165376,2025,NA
I4210136523,2006,NA
I4210136523,2007,NA
I4210136523,2008,NA
I4210136523,2009,NA
I4210136523,2010,NA
I4210136523,2011,NA
I4210136523,2012,NA
I4210136523,2013,NA
I4210136523,2014,NA
I4210136523,2015,NA
I4210136523,2016,NA
I4210136523,2017,NA
I4210136523,2018,NA
I4210136523,2019,NA
I4210136523,2020,NA
I4210136523,2021,NA
I4210136523,2022,NA
I4210136523,2023,NA
I4210136523,2024,NA
I4210136523,2025,NA
I895027328,2006,NA
I895027328,2007,NA
I895027328,2008,NA
I895027328,2009,NA
I895027328,2010,NA
I895027328,2011,NA
I895027328,2012,NA
I895027328,2013,NA
I895027328,2014,NA
I895027328,2015,NA
I895027328,2016,NA
I895027328,2017,NA
I895027328,2018,NA
I895027328,2019,NA
I895027328,2020,NA
I895027328,2021,NA
I895027328,2022,NA
I895027328,2023,NA
I895027328,2024,NA
I895027328,2025,NA
I4405257672,2006,NA
I4405257672,2007,NA
I4405257672,2008,NA
I4405257672,2009,NA
I4405257672,2010,NA
I4405257672,2011,NA
I4405257672,2012,NA
I4405257672,2013,NA
I4405257672,2014,NA
I4405257672,2015,NA
I4405257672,2016,NA
I4405257672,2017,NA
I4405257672,2018,NA
I4405257672,2019,NA
I4405257672,2020,NA
I4405257672,2021,NA
I4405257672,2022,NA
I4405257672,2023,NA
I4405257672,2024,NA
I4405257672,2025,NA
I3133298332,2006,NA
I3133298332,2007,NA
I3133298332,2008,NA
I3133298332,2009,NA
I3133298332,2010,NA
I3133298332,2011,NA
I3133298332,2012,NA
I3133298332,2013,NA
I3133298332,2014,NA
I3133298332,2015,NA
I3133298332,2016,NA
I3133298332,2017,NA
I3133298332,2018,NA
I3133298332,2019,NA
I3133298332,2020,NA
I3133298332,2021,NA
I3133298332,2022,NA
I3133298332,2023,NA
I3133298332,2024,NA
I3133298332,2025,NA
I4405264286,2006,NA
I4405264286,2007,NA
I4405264286,2008,NA
I4405264286,2009,NA
I4405264286,2010,NA
I4405264286,2011,NA
I4405264286,2012,NA
I4405264286,2013,NA
I4405264286,2014,NA
I4405264286,2015,NA
I4405264286,2016,NA
I4405264286,2017,NA
I4405264286,2018,NA
I4405264286,2019,NA
I4405264286,2020,NA
I4405264286,2021,NA
I4405264286,2022,NA
I4405264286,2023,NA
I4405264286,2024,NA
I4405264286,2025,NA
I894372087,2006,NA
I894372087,2007,NA
I894372087,2008,NA
I894372087,2009,NA
I894372087,2010,NA
I894372087,2011,NA
I894372087,2012,NA
I894372087,2013,NA
I894372087,2014,NA
I894372087,2015,NA
I894372087,2016,NA
I894372087,2017,NA
I894372087,2018,NA
I894372087,2019,NA
I894372087,2020,NA
I894372087,2021,NA
I894372087,2022,NA
I894372087,2023,NA
I894372087,2024,NA
I894372087,2025,NA
I904009604,2006,NA
I904009604,2007,NA
I904009604,2008,NA
I904009604,2009,NA
I904009604,2010,NA
I904009604,2011,NA
I904009604,2012,NA
I904009604,2013,NA
I904009604,2014,NA
I904009604,2015,NA
I904009604,2016,NA
I904009604,2017,NA
I904009604,2018,NA
I904009604,2019,NA
I904009604,2020,NA
I904009604,2021,NA
I904009604,2022,NA
I904009604,2023,NA
I904009604,2024,NA
I904009604,2025,NA
I299799659,2006,NA
I299799659,2007,NA
I299799659,2008,NA
I299799659,2009,NA
I299799659,2010,NA
I299799659,2011,NA
I299799659,2012,NA
I299799659,2013,NA
I299799659,2014,NA
I299799659,2015,NA
I299799659,2016,NA
I299799659,2017,NA
I299799659,2018,NA
I299799659,2019,NA
I299799659,2020,NA
I299799659,2021,NA
I299799659,2022,NA
I299799659,2023,NA
I299799659,2024,NA
I299799659,2025,NA
I3129570296,2006,NA
I3129570296,2007,NA
I3129570296,2008,NA
I3129570296,2009,NA
I3129570296,2010,NA
I3129570296,2011,NA
I3129570296,2012,NA
I3129570296,2013,NA
I3129570296,2014,NA
I3129570296,2015,NA
I3129570296,2016,NA
I3129570296,2017,NA
I3129570296,2018,NA
I3129570296,2019,NA
I3129570296,2020,NA
I3129570296,2021,NA
I3129570296,2022,NA
I3129570296,2023,NA
I3129570296,2024,NA
I3129570296,2025,NA
I308622825,2006,NA
I308622825,2007,NA
I308622825,2008,NA
I308622825,2009,NA
I308622825,2010,NA
I308622825,2011,NA
I308622825,2012,NA
I308622825,2013,NA
I308622825,2014,NA
I308622825,2015,NA
I308622825,2016,NA
I308622825,2017,NA
I308622825,2018,NA
I308622825,2019,NA
I308622825,2020,NA
I308622825,2021,NA
I308622825,2022,NA
I308622825,2023,NA
I308622825,2024,NA
I308622825,2025,NA
I37322517,2006,NA
I37322517,2007,NA
I37322517,2008,NA
I37322517,2009,NA
I37322517,2010,NA
I37322517,2011,NA
I37322517,2012,NA
I37322517,2013,NA
I37322517,2014,NA
I37322517,2015,NA
I37322517,2016,NA
I37322517,2017,NA
I37322517,2018,NA
I37322517,2019,NA
I37322517,2020,NA
I37322517,2021,NA
I37322517,2022,NA
I37322517,2023,NA
I37322517,2024,NA
I37322517,2025,NA
I4210166148,2006,NA
I4210166148,2007,NA
I4210166148,2008,NA
I4210166148,2009,NA
I4210166148,2010,NA
I4210166148,2011,NA
I4210166148,2012,NA
I4210166148,2013,NA
I4210166148,2014,NA
I4210166148,2015,NA
I4210166148,2016,NA
I4210166148,2017,NA
I4210166148,2018,NA
I4210166148,2019,NA
I4210166148,2020,NA
I4210166148,2021,NA
I4210166148,2022,NA
I4210166148,2023,NA
I4210166148,2024,NA
I4210166148,2025,NA
I4405256106,2006,NA
I4405256106,2007,NA
I4405256106,2008,NA
I4405256106,2009,NA
I4405256106,2010,NA
I4405256106,2011,NA
I4405256106,2012,NA
I4405256106,2013,NA
I4405256106,2014,NA
I4405256106,2015,NA
I4405256106,2016,NA
I4405256106,2017,NA
I4405256106,2018,NA
I4405256106,2019,NA
I4405256106,2020,NA
I4405256106,2021,NA
I4405256106,2022,NA
I4405256106,2023,NA
I4405256106,2024,NA
I4405256106,2025,NA
I4210094497,2006,NA
I4210094497,2007,NA
I4210094497,2008,NA
I4210094497,2009,NA
I4210094497,2010,NA
I4210094497,2011,NA
I4210094497,2012,NA
I4210094497,2013,NA
I4210094497,2014,NA
I4210094497,2015,NA
I4210094497,2016,NA
I4210094497,2017,NA
I4210094497,2018,NA
I4210094497,2019,NA
I4210094497,2020,NA
I4210094497,2021,NA
I4210094497,2022,NA
I4210094497,2023,NA
I4210094497,2024,NA
I4210094497,2025,NA
I4210118269,2006,NA
I4210118269,2007,NA
I4210118269,2008,NA
I4210118269,2009,NA
I4210118269,2010,NA
I4210118269,2011,NA
I4210118269,2012,NA
I4210118269,2013,NA
I4210118269,2014,NA
I4210118269,2015,NA
I4210118269,2016,NA
I4210118269,2017,NA
I4210118269,2018,NA
I4210118269,2019,NA
I4210118269,2020,NA
I4210118269,2021,NA
I4210118269,2022,NA
I4210118269,2023,NA
I4210118269,2024,NA
I4210118269,2025,NA
I912052591,2006,NA
I912052591,2007,NA
I912052591,2008,NA
I912052591,2009,NA
I912052591,2010,NA
I912052591,2011,NA
I912052591,2012,NA
I912052591,2013,NA
I912052591,2014,NA
I912052591,2015,NA
I912052591,2016,NA
I912052591,2017,NA
I912052591,2018,NA
I912052591,2019,NA
I912052591,2020,NA
I912052591,2021,NA
I912052591,2022,NA
I912052591,2023,NA
I912052591,2024,NA
I912052591,2025,NA
I4210166436,2006,NA
I4210166436,2007,NA
I4210166436,2008,NA
I4210166436,2009,NA
I4210166436,2010,NA
I4210166436,2011,NA
I4210166436,2012,NA
I4210166436,2013,NA
I4210166436,2014,NA
I4210166436,2015,NA
I4210166436,2016,NA
I4210166436,2017,NA
I4210166436,2018,NA
I4210166436,2019,NA
I4210166436,2020,NA
I4210166436,2021,NA
I4210166436,2022,NA
I4210166436,2023,NA
I4210166436,2024,NA
I4210166436,2025,NA
I4210103036,2006,NA
I4210103036,2007,NA
I4210103036,2008,NA
I4210103036,2009,NA
I4210103036,2010,NA
I4210103036,2011,NA
I4210103036,2012,NA
I4210103036,2013,NA
I4210103036,2014,NA
I4210103036,2015,NA
I4210103036,2016,NA
I4210103036,2017,NA
I4210103036,2018,NA
I4210103036,2019,NA
I4210103036,2020,NA
I4210103036,2021,NA
I4210103036,2022,NA
I4210103036,2023,NA
I4210103036,2024,NA
I4210103036,2025,NA
I4405261784,2006,NA
I4405261784,2007,NA
I4405261784,2008,NA
I4405261784,2009,NA
I4405261784,2010,NA
I4405261784,2011,NA
I4405261784,2012,NA
I4405261784,2013,NA
I4405261784,2014,NA
I4405261784,2015,NA
I4405261784,2016,NA
I4405261784,2017,NA
I4405261784,2018,NA
I4405261784,2019,NA
I4405261784,2020,NA
I4405261784,2021,NA
I4405261784,2022,NA
I4405261784,2023,NA
I4405261784,2024,NA
I4405261784,2025,NA
I4405260919,2006,NA
I4405260919,2007,NA
I4405260919,2008,NA
I4405260919,2009,NA
I4405260919,2010,NA
I4405260919,2011,NA
I4405260919,2012,NA
I4405260919,2013,NA
I4405260919,2014,NA
I4405260919,2015,NA
I4405260919,2016,NA
I4405260919,2017,NA
I4405260919,2018,NA
I4405260919,2019,NA
I4405260919,2020,NA
I4405260919,2021,NA
I4405260919,2022,NA
I4405260919,2023,NA
I4405260919,2024,NA
I4405260919,2025,NA
I4387156349,2006,NA
I4387156349,2007,NA
I4387156349,2008,NA
I4387156349,2009,NA
I4387156349,2010,NA
I4387156349,2011,NA
I4387156349,2012,NA
I4387156349,2013,NA
I4387156349,2014,NA
I4387156349,2015,NA
I4387156349,2016,NA
I4387156349,2017,NA
I4387156349,2018,NA
I4387156349,2019,NA
I4387156349,2020,NA
I4387156349,2021,NA
I4387156349,2022,NA
I4387156349,2023,NA
I4387156349,2024,NA
I4387156349,2025,NA
I35601441,2006,NA
I35601441,2007,NA
I35601441,2008,NA
I35601441,2009,NA
I35601441,2010,NA
I35601441,2011,NA
I35601441,2012,NA
I35601441,2013,NA
I35601441,2014,NA
I35601441,2015,NA
I35601441,2016,NA
I35601441,2017,NA
I35601441,2018,NA
I35601441,2019,NA
I35601441,2020,NA
I35601441,2021,NA
I35601441,2022,NA
I35601441,2023,NA
I35601441,2024,NA
I35601441,2025,NA
I3133129679,2006,NA
I3133129679,2007,NA
I3133129679,2008,NA
I3133129679,2009,NA
I3133129679,2010,NA
I3133129679,2011,NA
I3133129679,2012,NA
I3133129679,2013,NA
I3133129679,2014,NA
I3133129679,2015,NA
I3133129679,2016,NA
I3133129679,2017,NA
I3133129679,2018,NA
I3133129679,2019,NA
I3133129679,2020,NA
I3133129679,2021,NA
I3133129679,2022,NA
I3133129679,2023,NA
I3133129679,2024,NA
I3133129679,2025,NA
I4210136168,2006,NA
I4210136168,2007,NA
I4210136168,2008,NA
I4210136168,2009,NA
I4210136168,2010,NA
I4210136168,2011,NA
I4210136168,2012,NA
I4210136168,2013,NA
I4210136168,2014,NA
I4210136168,2015,NA
I4210136168,2016,NA
I4210136168,2017,NA
I4210136168,2018,NA
I4210136168,2019,NA
I4210136168,2020,NA
I4210136168,2021,NA
I4210136168,2022,NA
I4210136168,2023,NA
I4210136168,2024,NA
I4210136168,2025,NA
I4210123176,2006,NA
I4210123176,2007,NA
I4210123176,2008,NA
I4210123176,2009,NA
I4210123176,2010,NA
I4210123176,2011,NA
I4210123176,2012,NA
I4210123176,2013,NA
I4210123176,2014,NA
I4210123176,2015,NA
I4210123176,2016,NA
I4210123176,2017,NA
I4210123176,2018,NA
I4210123176,2019,NA
I4210123176,2020,NA
I4210123176,2021,NA
I4210123176,2022,NA
I4210123176,2023,NA
I4210123176,2024,NA
I4210123176,2025,NA
I4405259508,2006,NA
I4405259508,2007,NA
I4405259508,2008,NA
I4405259508,2009,NA
I4405259508,2010,NA
I4405259508,2011,NA
I4405259508,2012,NA
I4405259508,2013,NA
I4405259508,2014,NA
I4405259508,2015,NA
I4405259508,2016,NA
I4405259508,2017,NA
I4405259508,2018,NA
I4405259508,2019,NA
I4405259508,2020,NA
I4405259508,2021,NA
I4405259508,2022,NA
I4405259508,2023,NA
I4405259508,2024,NA
I4405259508,2025,NA
I4387152863,2006,NA
I4387152863,2007,NA
I4387152863,2008,NA
I4387152863,2009,NA
I4387152863,2010,NA
I4387152863,2011,NA
I4387152863,2012,NA
I4387152863,2013,NA
I4387152863,2014,NA
I4387152863,2015,NA
I4387152863,2016,NA
I4387152863,2017,NA
I4387152863,2018,NA
I4387152863,2019,NA
I4387152863,2020,NA
I4387152863,2021,NA
I4387152863,2022,NA
I4387152863,2023,NA
I4387152863,2024,NA
I4387152863,2025,NA
I64032852,2006,NA
I64032852,2007,NA
I64032852,2008,NA
I64032852,2009,NA
I64032852,2010,NA
I64032852,2011,NA
I64032852,2012,NA
I64032852,2013,NA
I64032852,2014,NA
I64032852,2015,NA
I64032852,2016,NA
I64032852,2017,NA
I64032852,2018,NA
I64032852,2019,NA
I64032852,2020,NA
I64032852,2021,NA
I64032852,2022,NA
I64032852,2023,NA
I64032852,2024,NA
I64032852,2025,NA
I2799770396,2006,NA
I2799770396,2007,NA
I2799770396,2008,NA
I2799770396,2009,NA
I2799770396,2010,NA
I2799770396,2011,NA
I2799770396,2012,NA
I2799770396,2013,NA
I2799770396,2014,NA
I2799770396,2015,NA
I2799770396,2016,NA
I2799770396,2017,NA
I2799770396,2018,NA
I2799770396,2019,NA
I2799770396,2020,NA
I2799770396,2021,NA
I2799770396,2022,NA
I2799770396,2023,NA
I2799770396,2024,NA
I2799770396,2025,NA
I157338126,2006,NA
I157338126,2007,NA
I157338126,2008,NA
I157338126,2009,NA
I157338126,2010,NA
I157338126,2011,NA
I157338126,2012,NA
I157338126,2013,NA
I157338126,2014,NA
I157338126,2015,NA
I157338126,2016,NA
I157338126,2017,NA
I157338126,2018,NA
I157338126,2019,NA
I157338126,2020,NA
I157338126,2021,NA
I157338126,2022,NA
I157338126,2023,NA
I157338126,2024,NA
I157338126,2025,NA
I2800079435,2006,NA
I2800079435,2007,NA
I2800079435,2008,NA
I2800079435,2009,NA
I2800079435,2010,NA
I2800079435,2011,NA
I2800079435,2012,NA
I2800079435,2013,NA
I2800079435,2014,NA
I2800079435,2015,NA
I2800079435,2016,NA
I2800079435,2017,NA
I2800079435,2018,NA
I2800079435,2019,NA
I2800079435,2020,NA
I2800079435,2021,NA
I2800079435,2022,NA
I2800079435,2023,NA
I2800079435,2024,NA
I2800079435,2025,NA
I4210116887,2006,NA
I4210116887,2007,NA
I4210116887,2008,NA
I4210116887,2009,NA
I4210116887,2010,NA
I4210116887,2011,NA
I4210116887,2012,NA
I4210116887,2013,NA
I4210116887,2014,NA
I4210116887,2015,NA
I4210116887,2016,NA
I4210116887,2017,NA
I4210116887,2018,NA
I4210116887,2019,NA
I4210116887,2020,NA
I4210116887,2021,NA
I4210116887,2022,NA
I4210116887,2023,NA
I4210116887,2024,NA
I4210116887,2025,NA
I146977602,2006,NA
I146977602,2007,NA
I146977602,2008,NA
I146977602,2009,NA
I146977602,2010,NA
I146977602,2011,NA
I146977602,2012,NA
I146977602,2013,NA
I146977602,2014,NA
I146977602,2015,NA
I146977602,2016,NA
I146977602,2017,NA
I146977602,2018,NA
I146977602,2019,NA
I146977602,2020,NA
I146977602,2021,NA
I146977602,2022,NA
I146977602,2023,NA
I146977602,2024,NA
I146977602,2025,NA
I4405255197,2006,NA
I4405255197,2007,NA
I4405255197,2008,NA
I4405255197,2009,NA
I4405255197,2010,NA
I4405255197,2011,NA
I4405255197,2012,NA
I4405255197,2013,NA
I4405255197,2014,NA
I4405255197,2015,NA
I4405255197,2016,NA
I4405255197,2017,NA
I4405255197,2018,NA
I4405255197,2019,NA
I4405255197,2020,NA
I4405255197,2021,NA
I4405255197,2022,NA
I4405255197,2023,NA
I4405255197,2024,NA
I4405255197,2025,NA
I4210164972,2006,NA
I4210164972,2007,NA
I4210164972,2008,NA
I4210164972,2009,NA
I4210164972,2010,NA
I4210164972,2011,NA
I4210164972,2012,NA
I4210164972,2013,NA
I4210164972,2014,NA
I4210164972,2015,NA
I4210164972,2016,NA
I4210164972,2017,NA
I4210164972,2018,NA
I4210164972,2019,NA
I4210164972,2020,NA
I4210164972,2021,NA
I4210164972,2022,NA
I4210164972,2023,NA
I4210164972,2024,NA
I4210164972,2025,NA
I4210118751,2006,NA
I4210118751,2007,NA
I4210118751,2008,NA
I4210118751,2009,NA
I4210118751,2010,NA
I4210118751,2011,NA
I4210118751,2012,NA
I4210118751,2013,NA
I4210118751,2014,NA
I4210118751,2015,NA
I4210118751,2016,NA
I4210118751,2017,NA
I4210118751,2018,NA
I4210118751,2019,NA
I4210118751,2020,NA
I4210118751,2021,NA
I4210118751,2022,NA
I4210118751,2023,NA
I4210118751,2024,NA
I4210118751,2025,NA
I4210151313,2006,NA
I4210151313,2007,NA
I4210151313,2008,NA
I4210151313,2009,NA
I4210151313,2010,NA
I4210151313,2011,NA
I4210151313,2012,NA
I4210151313,2013,NA
I4210151313,2014,NA
I4210151313,2015,NA
I4210151313,2016,NA
I4210151313,2017,NA
I4210151313,2018,NA
I4210151313,2019,NA
I4210151313,2020,NA
I4210151313,2021,NA
I4210151313,2022,NA
I4210151313,2023,NA
I4210151313,2024,NA
I4210151313,2025,NA
I4210110229,2006,NA
I4210110229,2007,NA
I4210110229,2008,NA
I4210110229,2009,NA
I4210110229,2010,NA
I4210110229,2011,NA
I4210110229,2012,NA
I4210110229,2013,NA
I4210110229,2014,NA
I4210110229,2015,NA
I4210110229,2016,NA
I4210110229,2017,NA
I4210110229,2018,NA
I4210110229,2019,NA
I4210110229,2020,NA
I4210110229,2021,NA
I4210110229,2022,NA
I4210110229,2023,NA
I4210110229,2024,NA
I4210110229,2025,NA
I3132245663,2006,NA
I3132245663,2007,NA
I3132245663,2008,NA
I3132245663,2009,NA
I3132245663,2010,NA
I3132245663,2011,NA
I3132245663,2012,NA
I3132245663,2013,NA
I3132245663,2014,NA
I3132245663,2015,NA
I3132245663,2016,NA
I3132245663,2017,NA
I3132245663,2018,NA
I3132245663,2019,NA
I3132245663,2020,NA
I3132245663,2021,NA
I3132245663,2022,NA
I3132245663,2023,NA
I3132245663,2024,NA
I3132245663,2025,NA
I2802493600,2006,NA
I2802493600,2007,NA
I2802493600,2008,NA
I2802493600,2009,NA
I2802493600,2010,NA
I2802493600,2011,NA
I2802493600,2012,NA
I2802493600,2013,NA
I2802493600,2014,NA
I2802493600,2015,NA
I2802493600,2016,NA
I2802493600,2017,NA
I2802493600,2018,NA
I2802493600,2019,NA
I2802493600,2020,NA
I2802493600,2021,NA
I2802493600,2022,NA
I2802493600,2023,NA
I2802493600,2024,NA
I2802493600,2025,NA
I4210092979,2006,NA
I4210092979,2007,NA
I4210092979,2008,NA
I4210092979,2009,NA
I4210092979,2010,NA
I4210092979,2011,NA
I4210092979,2012,NA
I4210092979,2013,NA
I4210092979,2014,NA
I4210092979,2015,NA
I4210092979,2016,NA
I4210092979,2017,NA
I4210092979,2018,NA
I4210092979,2019,NA
I4210092979,2020,NA
I4210092979,2021,NA
I4210092979,2022,NA
I4210092979,2023,NA
I4210092979,2024,NA
I4210092979,2025,NA
I88017793,2006,NA
I88017793,2007,NA
I88017793,2008,NA
I88017793,2009,NA
I88017793,2010,NA
I88017793,2011,NA
I88017793,2012,NA
I88017793,2013,NA
I88017793,2014,NA
I88017793,2015,NA
I88017793,2016,NA
I88017793,2017,NA
I88017793,2018,NA
I88017793,2019,NA
I88017793,2020,NA
I88017793,2021,NA
I88017793,2022,NA
I88017793,2023,NA
I88017793,2024,NA
I88017793,2025,NA
I209195179,2006,NA
I209195179,2007,NA
I209195179,2008,NA
I209195179,2009,NA
I209195179,2010,NA
I209195179,2011,NA
I209195179,2012,NA
I209195179,2013,NA
I209195179,2014,NA
I209195179,2015,NA
I209195179,2016,NA
I209195179,2017,NA
I209195179,2018,NA
I209195179,2019,NA
I209195179,2020,NA
I209195179,2021,NA
I209195179,2022,NA
I209195179,2023,NA
I209195179,2024,NA
I209195179,2025,NA
I41545563,2006,NA
I41545563,2007,NA
I41545563,2008,NA
I41545563,2009,NA
I41545563,2010,NA
I41545563,2011,NA
I41545563,2012,NA
I41545563,2013,NA
I41545563,2014,NA
I41545563,2015,NA
I41545563,2016,NA
I41545563,2017,NA
I41545563,2018,NA
I41545563,2019,NA
I41545563,2020,NA
I41545563,2021,NA
I41545563,2022,NA
I41545563,2023,NA
I41545563,2024,NA
I41545563,2025,NA
I4210093741,2006,NA
I4210093741,2007,NA
I4210093741,2008,NA
I4210093741,2009,NA
I4210093741,2010,NA
I4210093741,2011,NA
I4210093741,2012,NA
I4210093741,2013,NA
I4210093741,2014,NA
I4210093741,2015,NA
I4210093741,2016,NA
I4210093741,2017,NA
I4210093741,2018,NA
I4210093741,2019,NA
I4210093741,2020,NA
I4210093741,2021,NA
I4210093741,2022,NA
I4210093741,2023,NA
I4210093741,2024,NA
I4210093741,2025,NA
I4210124375,2006,NA
I4210124375,2007,NA
I4210124375,2008,NA
I4210124375,2009,NA
I4210124375,2010,NA
I4210124375,2011,NA
I4210124375,2012,NA
I4210124375,2013,NA
I4210124375,2014,NA
I4210124375,2015,NA
I4210124375,2016,NA
I4210124375,2017,NA
I4210124375,2018,NA
I4210124375,2019,NA
I4210124375,2020,NA
I4210124375,2021,NA
I4210124375,2022,NA
I4210124375,2023,NA
I4210124375,2024,NA
I4210124375,2025,NA
I3133274995,2006,NA
I3133274995,2007,NA
I3133274995,2008,NA
I3133274995,2009,NA
I3133274995,2010,NA
I3133274995,2011,NA
I3133274995,2012,NA
I3133274995,2013,NA
I3133274995,2014,NA
I3133274995,2015,NA
I3133274995,2016,NA
I3133274995,2017,NA
I3133274995,2018,NA
I3133274995,2019,NA
I3133274995,2020,NA
I3133274995,2021,NA
I3133274995,2022,NA
I3133274995,2023,NA
I3133274995,2024,NA
I3133274995,2025,NA
I279922783,2006,NA
I279922783,2007,NA
I279922783,2008,NA
I279922783,2009,NA
I279922783,2010,NA
I279922783,2011,NA
I279922783,2012,NA
I279922783,2013,NA
I279922783,2014,NA
I279922783,2015,NA
I279922783,2016,NA
I279922783,2017,NA
I279922783,2018,NA
I279922783,2019,NA
I279922783,2020,NA
I279922783,2021,NA
I279922783,2022,NA
I279922783,2023,NA
I279922783,2024,NA
I279922783,2025,NA
I2801272733,2006,NA
I2801272733,2007,NA
I2801272733,2008,NA
I2801272733,2009,NA
I2801272733,2010,NA
I2801272733,2011,NA
I2801272733,2012,NA
I2801272733,2013,NA
I2801272733,2014,NA
I2801272733,2015,NA
I2801272733,2016,NA
I2801272733,2017,NA
I2801272733,2018,NA
I2801272733,2019,NA
I2801272733,2020,NA
I2801272733,2021,NA
I2801272733,2022,NA
I2801272733,2023,NA
I2801272733,2024,NA
I2801272733,2025,NA
I3132488046,2006,NA
I3132488046,2007,NA
I3132488046,2008,NA
I3132488046,2009,NA
I3132488046,2010,NA
I3132488046,2011,NA
I3132488046,2012,NA
I3132488046,2013,NA
I3132488046,2014,NA
I3132488046,2015,NA
I3132488046,2016,NA
I3132488046,2017,NA
I3132488046,2018,NA
I3132488046,2019,NA
I3132488046,2020,NA
I3132488046,2021,NA
I3132488046,2022,NA
I3132488046,2023,NA
I3132488046,2024,NA
I3132488046,2025,NA
I90097577,2006,NA
I90097577,2007,NA
I90097577,2008,NA
I90097577,2009,NA
I90097577,2010,NA
I90097577,2011,NA
I90097577,2012,NA
I90097577,2013,NA
I90097577,2014,NA
I90097577,2015,NA
I90097577,2016,NA
I90097577,2017,NA
I90097577,2018,NA
I90097577,2019,NA
I90097577,2020,NA
I90097577,2021,NA
I90097577,2022,NA
I90097577,2023,NA
I90097577,2024,NA
I90097577,2025,NA
I265584191,2006,NA
I265584191,2007,NA
I265584191,2008,NA
I265584191,2009,NA
I265584191,2010,NA
I265584191,2011,NA
I265584191,2012,NA
I265584191,2013,NA
I265584191,2014,NA
I265584191,2015,NA
I265584191,2016,NA
I265584191,2017,NA
I265584191,2018,NA
I265584191,2019,NA
I265584191,2020,NA
I265584191,2021,NA
I265584191,2022,NA
I265584191,2023,NA
I265584191,2024,NA
I265584191,2025,NA
I2802418398,2006,NA
I2802418398,2007,NA
I2802418398,2008,NA
I2802418398,2009,NA
I2802418398,2010,NA
I2802418398,2011,NA
I2802418398,2012,NA
I2802418398,2013,NA
I2802418398,2014,NA
I2802418398,2015,NA
I2802418398,2016,NA
I2802418398,2017,NA
I2802418398,2018,NA
I2802418398,2019,NA
I2802418398,2020,NA
I2802418398,2021,NA
I2802418398,2022,NA
I2802418398,2023,NA
I2802418398,2024,NA
I2802418398,2025,NA
I3133096102,2006,NA
I3133096102,2007,NA
I3133096102,2008,NA
I3133096102,2009,NA
I3133096102,2010,NA
I3133096102,2011,NA
I3133096102,2012,NA
I3133096102,2013,NA
I3133096102,2014,NA
I3133096102,2015,NA
I3133096102,2016,NA
I3133096102,2017,NA
I3133096102,2018,NA
I3133096102,2019,NA
I3133096102,2020,NA
I3133096102,2021,NA
I3133096102,2022,NA
I3133096102,2023,NA
I3133096102,2024,NA
I3133096102,2025,NA
I3129462672,2006,NA
I3129462672,2007,NA
I3129462672,2008,NA
I3129462672,2009,NA
I3129462672,2010,NA
I3129462672,2011,NA
I3129462672,2012,NA
I3129462672,2013,NA
I3129462672,2014,NA
I3129462672,2015,NA
I3129462672,2016,NA
I3129462672,2017,NA
I3129462672,2018,NA
I3129462672,2019,NA
I3129462672,2020,NA
I3129462672,2021,NA
I3129462672,2022,NA
I3129462672,2023,NA
I3129462672,2024,NA
I3129462672,2025,NA
I4210130454,2006,NA
I4210130454,2007,NA
I4210130454,2008,NA
I4210130454,2009,NA
I4210130454,2010,NA
I4210130454,2011,NA
I4210130454,2012,NA
I4210130454,2013,NA
I4210130454,2014,NA
I4210130454,2015,NA
I4210130454,2016,NA
I4210130454,2017,NA
I4210130454,2018,NA
I4210130454,2019,NA
I4210130454,2020,NA
I4210130454,2021,NA
I4210130454,2022,NA
I4210130454,2023,NA
I4210130454,2024,NA
I4210130454,2025,NA
I4405254915,2006,NA
I4405254915,2007,NA
I4405254915,2008,NA
I4405254915,2009,NA
I4405254915,2010,NA
I4405254915,2011,NA
I4405254915,2012,NA
I4405254915,2013,NA
I4405254915,2014,NA
I4405254915,2015,NA
I4405254915,2016,NA
I4405254915,2017,NA
I4405254915,2018,NA
I4405254915,2019,NA
I4405254915,2020,NA
I4405254915,2021,NA
I4405254915,2022,NA
I4405254915,2023,NA
I4405254915,2024,NA
I4405254915,2025,NA
I4210085862,2006,NA
I4210085862,2007,NA
I4210085862,2008,NA
I4210085862,2009,NA
I4210085862,2010,NA
I4210085862,2011,NA
I4210085862,2012,NA
I4210085862,2013,NA
I4210085862,2014,NA
I4210085862,2015,NA
I4210085862,2016,NA
I4210085862,2017,NA
I4210085862,2018,NA
I4210085862,2019,NA
I4210085862,2020,NA
I4210085862,2021,NA
I4210085862,2022,NA
I4210085862,2023,NA
I4210085862,2024,NA
I4210085862,2025,NA
I3132438211,2006,NA
I3132438211,2007,NA
I3132438211,2008,NA
I3132438211,2009,NA
I3132438211,2010,NA
I3132438211,2011,NA
I3132438211,2012,NA
I3132438211,2013,NA
I3132438211,2014,NA
I3132438211,2015,NA
I3132438211,2016,NA
I3132438211,2017,NA
I3132438211,2018,NA
I3132438211,2019,NA
I3132438211,2020,NA
I3132438211,2021,NA
I3132438211,2022,NA
I3132438211,2023,NA
I3132438211,2024,NA
I3132438211,2025,NA
I3131949601,2006,NA
I3131949601,2007,NA
I3131949601,2008,NA
I3131949601,2009,NA
I3131949601,2010,NA
I3131949601,2011,NA
I3131949601,2012,NA
I3131949601,2013,NA
I3131949601,2014,NA
I3131949601,2015,NA
I3131949601,2016,NA
I3131949601,2017,NA
I3131949601,2018,NA
I3131949601,2019,NA
I3131949601,2020,NA
I3131949601,2021,NA
I3131949601,2022,NA
I3131949601,2023,NA
I3131949601,2024,NA
I3131949601,2025,NA
I3133127056,2006,NA
I3133127056,2007,NA
I3133127056,2008,NA
I3133127056,2009,NA
I3133127056,2010,NA
I3133127056,2011,NA
I3133127056,2012,NA
I3133127056,2013,NA
I3133127056,2014,NA
I3133127056,2015,NA
I3133127056,2016,NA
I3133127056,2017,NA
I3133127056,2018,NA
I3133127056,2019,NA
I3133127056,2020,NA
I3133127056,2021,NA
I3133127056,2022,NA
I3133127056,2023,NA
I3133127056,2024,NA
I3133127056,2025,NA
I203238179,2006,NA
I203238179,2007,NA
I203238179,2008,NA
I203238179,2009,NA
I203238179,2010,NA
I203238179,2011,NA
I203238179,2012,NA
I203238179,2013,NA
I203238179,2014,NA
I203238179,2015,NA
I203238179,2016,NA
I203238179,2017,NA
I203238179,2018,NA
I203238179,2019,NA
I203238179,2020,NA
I203238179,2021,NA
I203238179,2022,NA
I203238179,2023,NA
I203238179,2024,NA
I203238179,2025,NA
I3130753050,2006,NA
I3130753050,2007,NA
I3130753050,2008,NA
I3130753050,2009,NA
I3130753050,2010,NA
I3130753050,2011,NA
I3130753050,2012,NA
I3130753050,2013,NA
I3130753050,2014,NA
I3130753050,2015,NA
I3130753050,2016,NA
I3130753050,2017,NA
I3130753050,2018,NA
I3130753050,2019,NA
I3130753050,2020,NA
I3130753050,2021,NA
I3130753050,2022,NA
I3130753050,2023,NA
I3130753050,2024,NA
I3130753050,2025,NA
I2801704801,2006,NA
I2801704801,2007,NA
I2801704801,2008,NA
I2801704801,2009,NA
I2801704801,2010,NA
I2801704801,2011,NA
I2801704801,2012,NA
I2801704801,2013,NA
I2801704801,2014,NA
I2801704801,2015,NA
I2801704801,2016,NA
I2801704801,2017,NA
I2801704801,2018,NA
I2801704801,2019,NA
I2801704801,2020,NA
I2801704801,2021,NA
I2801704801,2022,NA
I2801704801,2023,NA
I2801704801,2024,NA
I2801704801,2025,NA
I96576516,2006,NA
I96576516,2007,NA
I96576516,2008,NA
I96576516,2009,NA
I96576516,2010,NA
I96576516,2011,NA
I96576516,2012,NA
I96576516,2013,NA
I96576516,2014,NA
I96576516,2015,NA
I96576516,2016,NA
I96576516,2017,NA
I96576516,2018,NA
I96576516,2019,NA
I96576516,2020,NA
I96576516,2021,NA
I96576516,2022,NA
I96576516,2023,NA
I96576516,2024,NA
I96576516,2025,NA
I4210102998,2006,NA
I4210102998,2007,NA
I4210102998,2008,NA
I4210102998,2009,NA
I4210102998,2010,NA
I4210102998,2011,NA
I4210102998,2012,NA
I4210102998,2013,NA
I4210102998,2014,NA
I4210102998,2015,NA
I4210102998,2016,NA
I4210102998,2017,NA
I4210102998,2018,NA
I4210102998,2019,NA
I4210102998,2020,NA
I4210102998,2021,NA
I4210102998,2022,NA
I4210102998,2023,NA
I4210102998,2024,NA
I4210102998,2025,NA
I4210105732,2006,NA
I4210105732,2007,NA
I4210105732,2008,NA
I4210105732,2009,NA
I4210105732,2010,NA
I4210105732,2011,NA
I4210105732,2012,NA
I4210105732,2013,NA
I4210105732,2014,NA
I4210105732,2015,NA
I4210105732,2016,NA
I4210105732,2017,NA
I4210105732,2018,NA
I4210105732,2019,NA
I4210105732,2020,NA
I4210105732,2021,NA
I4210105732,2022,NA
I4210105732,2023,NA
I4210105732,2024,NA
I4210105732,2025,NA
I4405253150,2006,NA
I4405253150,2007,NA
I4405253150,2008,NA
I4405253150,2009,NA
I4405253150,2010,NA
I4405253150,2011,NA
I4405253150,2012,NA
I4405253150,2013,NA
I4405253150,2014,NA
I4405253150,2015,NA
I4405253150,2016,NA
I4405253150,2017,NA
I4405253150,2018,NA
I4405253150,2019,NA
I4405253150,2020,NA
I4405253150,2021,NA
I4405253150,2022,NA
I4405253150,2023,NA
I4405253150,2024,NA
I4405253150,2025,NA
I4210166474,2006,NA
I4210166474,2007,NA
I4210166474,2008,NA
I4210166474,2009,NA
I4210166474,2010,NA
I4210166474,2011,NA
I4210166474,2012,NA
I4210166474,2013,NA
I4210166474,2014,NA
I4210166474,2015,NA
I4210166474,2016,NA
I4210166474,2017,NA
I4210166474,2018,NA
I4210166474,2019,NA
I4210166474,2020,NA
I4210166474,2021,NA
I4210166474,2022,NA
I4210166474,2023,NA
I4210166474,2024,NA
I4210166474,2025,NA
I3130371724,2006,NA
I3130371724,2007,NA
I3130371724,2008,NA
I3130371724,2009,NA
I3130371724,2010,NA
I3130371724,2011,NA
I3130371724,2012,NA
I3130371724,2013,NA
I3130371724,2014,NA
I3130371724,2015,NA
I3130371724,2016,NA
I3130371724,2017,NA
I3130371724,2018,NA
I3130371724,2019,NA
I3130371724,2020,NA
I3130371724,2021,NA
I3130371724,2022,NA
I3130371724,2023,NA
I3130371724,2024,NA
I3130371724,2025,NA
I4405262977,2006,NA
I4405262977,2007,NA
I4405262977,2008,NA
I4405262977,2009,NA
I4405262977,2010,NA
I4405262977,2011,NA
I4405262977,2012,NA
I4405262977,2013,NA
I4405262977,2014,NA
I4405262977,2015,NA
I4405262977,2016,NA
I4405262977,2017,NA
I4405262977,2018,NA
I4405262977,2019,NA
I4405262977,2020,NA
I4405262977,2021,NA
I4405262977,2022,NA
I4405262977,2023,NA
I4405262977,2024,NA
I4405262977,2025,NA
I4210127735,2006,NA
I4210127735,2007,NA
I4210127735,2008,NA
I4210127735,2009,NA
I4210127735,2010,NA
I4210127735,2011,NA
I4210127735,2012,NA
I4210127735,2013,NA
I4210127735,2014,NA
I4210127735,2015,NA
I4210127735,2016,NA
I4210127735,2017,NA
I4210127735,2018,NA
I4210127735,2019,NA
I4210127735,2020,NA
I4210127735,2021,NA
I4210127735,2022,NA
I4210127735,2023,NA
I4210127735,2024,NA
I4210127735,2025,NA
I4405261054,2006,NA
I4405261054,2007,NA
I4405261054,2008,NA
I4405261054,2009,NA
I4405261054,2010,NA
I4405261054,2011,NA
I4405261054,2012,NA
I4405261054,2013,NA
I4405261054,2014,NA
I4405261054,2015,NA
I4405261054,2016,NA
I4405261054,2017,NA
I4405261054,2018,NA
I4405261054,2019,NA
I4405261054,2020,NA
I4405261054,2021,NA
I4405261054,2022,NA
I4405261054,2023,NA
I4405261054,2024,NA
I4405261054,2025,NA
I4210138822,2006,NA
I4210138822,2007,NA
I4210138822,2008,NA
I4210138822,2009,NA
I4210138822,2010,NA
I4210138822,2011,NA
I4210138822,2012,NA
I4210138822,2013,NA
I4210138822,2014,NA
I4210138822,2015,NA
I4210138822,2016,NA
I4210138822,2017,NA
I4210138822,2018,NA
I4210138822,2019,NA
I4210138822,2020,NA
I4210138822,2021,NA
I4210138822,2022,NA
I4210138822,2023,NA
I4210138822,2024,NA
I4210138822,2025,NA
I4210109391,2006,NA
I4210109391,2007,NA
I4210109391,2008,NA
I4210109391,2009,NA
I4210109391,2010,NA
I4210109391,2011,NA
I4210109391,2012,NA
I4210109391,2013,NA
I4210109391,2014,NA
I4210109391,2015,NA
I4210109391,2016,NA
I4210109391,2017,NA
I4210109391,2018,NA
I4210109391,2019,NA
I4210109391,2020,NA
I4210109391,2021,NA
I4210109391,2022,NA
I4210109391,2023,NA
I4210109391,2024,NA
I4210109391,2025,NA
I4405257151,2006,NA
I4405257151,2007,NA
I4405257151,2008,NA
I4405257151,2009,NA
I4405257151,2010,NA
I4405257151,2011,NA
I4405257151,2012,NA
I4405257151,2013,NA
I4405257151,2014,NA
I4405257151,2015,NA
I4405257151,2016,NA
I4405257151,2017,NA
I4405257151,2018,NA
I4405257151,2019,NA
I4405257151,2020,NA
I4405257151,2021,NA
I4405257151,2022,NA
I4405257151,2023,NA
I4405257151,2024,NA
I4405257151,2025,NA
I43424612,2006,NA
I43424612,2007,NA
I43424612,2008,NA
I43424612,2009,NA
I43424612,2010,NA
I43424612,2011,NA
I43424612,2012,NA
I43424612,2013,NA
I43424612,2014,NA
I43424612,2015,NA
I43424612,2016,NA
I43424612,2017,NA
I43424612,2018,NA
I43424612,2019,NA
I43424612,2020,NA
I43424612,2021,NA
I43424612,2022,NA
I43424612,2023,NA
I43424612,2024,NA
I43424612,2025,NA
I9729102,2006,NA
I9729102,2007,NA
I9729102,2008,NA
I9729102,2009,NA
I9729102,2010,NA
I9729102,2011,NA
I9729102,2012,NA
I9729102,2013,NA
I9729102,2014,NA
I9729102,2015,NA
I9729102,2016,NA
I9729102,2017,NA
I9729102,2018,NA
I9729102,2019,NA
I9729102,2020,NA
I9729102,2021,NA
I9729102,2022,NA
I9729102,2023,NA
I9729102,2024,NA
I9729102,2025,NA
I4210100457,2006,NA
I4210100457,2007,NA
I4210100457,2008,NA
I4210100457,2009,NA
I4210100457,2010,NA
I4210100457,2011,NA
I4210100457,2012,NA
I4210100457,2013,NA
I4210100457,2014,NA
I4210100457,2015,NA
I4210100457,2016,NA
I4210100457,2017,NA
I4210100457,2018,NA
I4210100457,2019,NA
I4210100457,2020,NA
I4210100457,2021,NA
I4210100457,2022,NA
I4210100457,2023,NA
I4210100457,2024,NA
I4210100457,2025,NA
I4210167438,2006,NA
I4210167438,2007,NA
I4210167438,2008,NA
I4210167438,2009,NA
I4210167438,2010,NA
I4210167438,2011,NA
I4210167438,2012,NA
I4210167438,2013,NA
I4210167438,2014,NA
I4210167438,2015,NA
I4210167438,2016,NA
I4210167438,2017,NA
I4210167438,2018,NA
I4210167438,2019,NA
I4210167438,2020,NA
I4210167438,2021,NA
I4210167438,2022,NA
I4210167438,2023,NA
I4210167438,2024,NA
I4210167438,2025,NA
I3130586695,2006,NA
I3130586695,2007,NA
I3130586695,2008,NA
I3130586695,2009,NA
I3130586695,2010,NA
I3130586695,2011,NA
I3130586695,2012,NA
I3130586695,2013,NA
I3130586695,2014,NA
I3130586695,2015,NA
I3130586695,2016,NA
I3130586695,2017,NA
I3130586695,2018,NA
I3130586695,2019,NA
I3130586695,2020,NA
I3130586695,2021,NA
I3130586695,2022,NA
I3130586695,2023,NA
I3130586695,2024,NA
I3130586695,2025,NA
I4210119808,2006,NA
I4210119808,2007,NA
I4210119808,2008,NA
I4210119808,2009,NA
I4210119808,2010,NA
I4210119808,2011,NA
I4210119808,2012,NA
I4210119808,2013,NA
I4210119808,2014,NA
I4210119808,2015,NA
I4210119808,2016,NA
I4210119808,2017,NA
I4210119808,2018,NA
I4210119808,2019,NA
I4210119808,2020,NA
I4210119808,2021,NA
I4210119808,2022,NA
I4210119808,2023,NA
I4210119808,2024,NA
I4210119808,2025,NA
I153265617,2006,NA
I153265617,2007,NA
I153265617,2008,NA
I153265617,2009,NA
I153265617,2010,NA
I153265617,2011,NA
I153265617,2012,NA
I153265617,2013,NA
I153265617,2014,NA
I153265617,2015,NA
I153265617,2016,NA
I153265617,2017,NA
I153265617,2018,NA
I153265617,2019,NA
I153265617,2020,NA
I153265617,2021,NA
I153265617,2022,NA
I153265617,2023,NA
I153265617,2024,NA
I153265617,2025,NA
I4210092972,2006,NA
I4210092972,2007,NA
I4210092972,2008,NA
I4210092972,2009,NA
I4210092972,2010,NA
I4210092972,2011,NA
I4210092972,2012,NA
I4210092972,2013,NA
I4210092972,2014,NA
I4210092972,2015,NA
I4210092972,2016,NA
I4210092972,2017,NA
I4210092972,2018,NA
I4210092972,2019,NA
I4210092972,2020,NA
I4210092972,2021,NA
I4210092972,2022,NA
I4210092972,2023,NA
I4210092972,2024,NA
I4210092972,2025,NA
I3131965639,2006,NA
I3131965639,2007,NA
I3131965639,2008,NA
I3131965639,2009,NA
I3131965639,2010,NA
I3131965639,2011,NA
I3131965639,2012,NA
I3131965639,2013,NA
I3131965639,2014,NA
I3131965639,2015,NA
I3131965639,2016,NA
I3131965639,2017,NA
I3131965639,2018,NA
I3131965639,2019,NA
I3131965639,2020,NA
I3131965639,2021,NA
I3131965639,2022,NA
I3131965639,2023,NA
I3131965639,2024,NA
I3131965639,2025,NA
I4210126656,2006,NA
I4210126656,2007,NA
I4210126656,2008,NA
I4210126656,2009,NA
I4210126656,2010,NA
I4210126656,2011,NA
I4210126656,2012,NA
I4210126656,2013,NA
I4210126656,2014,NA
I4210126656,2015,NA
I4210126656,2016,NA
I4210126656,2017,NA
I4210126656,2018,NA
I4210126656,2019,NA
I4210126656,2020,NA
I4210126656,2021,NA
I4210126656,2022,NA
I4210126656,2023,NA
I4210126656,2024,NA
I4210126656,2025,NA
I4210163669,2006,NA
I4210163669,2007,NA
I4210163669,2008,NA
I4210163669,2009,NA
I4210163669,2010,NA
I4210163669,2011,NA
I4210163669,2012,NA
I4210163669,2013,NA
I4210163669,2014,NA
I4210163669,2015,NA
I4210163669,2016,NA
I4210163669,2017,NA
I4210163669,2018,NA
I4210163669,2019,NA
I4210163669,2020,NA
I4210163669,2021,NA
I4210163669,2022,NA
I4210163669,2023,NA
I4210163669,2024,NA
I4210163669,2025,NA
I4210158605,2006,NA
I4210158605,2007,NA
I4210158605,2008,NA
I4210158605,2009,NA
I4210158605,2010,NA
I4210158605,2011,NA
I4210158605,2012,NA
I4210158605,2013,NA
I4210158605,2014,NA
I4210158605,2015,NA
I4210158605,2016,NA
I4210158605,2017,NA
I4210158605,2018,NA
I4210158605,2019,NA
I4210158605,2020,NA
I4210158605,2021,NA
I4210158605,2022,NA
I4210158605,2023,NA
I4210158605,2024,NA
I4210158605,2025,NA
I81605866,2006,NA
I81605866,2007,NA
I81605866,2008,NA
I81605866,2009,NA
I81605866,2010,NA
I81605866,2011,NA
I81605866,2012,NA
I81605866,2013,NA
I81605866,2014,NA
I81605866,2015,NA
I81605866,2016,NA
I81605866,2017,NA
I81605866,2018,NA
I81605866,2019,NA
I81605866,2020,NA
I81605866,2021,NA
I81605866,2022,NA
I81605866,2023,NA
I81605866,2024,NA
I81605866,2025,NA
I81433678,2006,NA
I81433678,2007,NA
I81433678,2008,NA
I81433678,2009,NA
I81433678,2010,NA
I81433678,2011,NA
I81433678,2012,NA
I81433678,2013,NA
I81433678,2014,NA
I81433678,2015,NA
I81433678,2016,NA
I81433678,2017,NA
I81433678,2018,NA
I81433678,2019,NA
I81433678,2020,NA
I81433678,2021,NA
I81433678,2022,NA
I81433678,2023,NA
I81433678,2024,NA
I81433678,2025,NA
I1355163,2006,NA
I1355163,2007,NA
I1355163,2008,NA
I1355163,2009,NA
I1355163,2010,NA
I1355163,2011,NA
I1355163,2012,NA
I1355163,2013,NA
I1355163,2014,NA
I1355163,2015,NA
I1355163,2016,NA
I1355163,2017,NA
I1355163,2018,NA
I1355163,2019,NA
I1355163,2020,NA
I1355163,2021,NA
I1355163,2022,NA
I1355163,2023,NA
I1355163,2024,NA
I1355163,2025,NA
I3132574604,2006,NA
I3132574604,2007,NA
I3132574604,2008,NA
I3132574604,2009,NA
I3132574604,2010,NA
I3132574604,2011,NA
I3132574604,2012,NA
I3132574604,2013,NA
I3132574604,2014,NA
I3132574604,2015,NA
I3132574604,2016,NA
I3132574604,2017,NA
I3132574604,2018,NA
I3132574604,2019,NA
I3132574604,2020,NA
I3132574604,2021,NA
I3132574604,2022,NA
I3132574604,2023,NA
I3132574604,2024,NA
I3132574604,2025,NA
I99296679,2006,NA
I99296679,2007,NA
I99296679,2008,NA
I99296679,2009,NA
I99296679,2010,NA
I99296679,2011,NA
I99296679,2012,NA
I99296679,2013,NA
I99296679,2014,NA
I99296679,2015,NA
I99296679,2016,NA
I99296679,2017,NA
I99296679,2018,NA
I99296679,2019,NA
I99296679,2020,NA
I99296679,2021,NA
I99296679,2022,NA
I99296679,2023,NA
I99296679,2024,NA
I99296679,2025,NA
I4210164620,2006,NA
I4210164620,2007,NA
I4210164620,2008,NA
I4210164620,2009,NA
I4210164620,2010,NA
I4210164620,2011,NA
I4210164620,2012,NA
I4210164620,2013,NA
I4210164620,2014,NA
I4210164620,2015,NA
I4210164620,2016,NA
I4210164620,2017,NA
I4210164620,2018,NA
I4210164620,2019,NA
I4210164620,2020,NA
I4210164620,2021,NA
I4210164620,2022,NA
I4210164620,2023,NA
I4210164620,2024,NA
I4210164620,2025,NA
I4210162686,2006,NA
I4210162686,2007,NA
I4210162686,2008,NA
I4210162686,2009,NA
I4210162686,2010,NA
I4210162686,2011,NA
I4210162686,2012,NA
I4210162686,2013,NA
I4210162686,2014,NA
I4210162686,2015,NA
I4210162686,2016,NA
I4210162686,2017,NA
I4210162686,2018,NA
I4210162686,2019,NA
I4210162686,2020,NA
I4210162686,2021,NA
I4210162686,2022,NA
I4210162686,2023,NA
I4210162686,2024,NA
I4210162686,2025,NA
I97455420,2006,NA
I97455420,2007,NA
I97455420,2008,NA
I97455420,2009,NA
I97455420,2010,NA
I97455420,2011,NA
I97455420,2012,NA
I97455420,2013,NA
I97455420,2014,NA
I97455420,2015,NA
I97455420,2016,NA
I97455420,2017,NA
I97455420,2018,NA
I97455420,2019,NA
I97455420,2020,NA
I97455420,2021,NA
I97455420,2022,NA
I97455420,2023,NA
I97455420,2024,NA
I97455420,2025,NA
I84641585,2006,NA
I84641585,2007,NA
I84641585,2008,NA
I84641585,2009,NA
I84641585,2010,NA
I84641585,2011,NA
I84641585,2012,NA
I84641585,2013,NA
I84641585,2014,NA
I84641585,2015,NA
I84641585,2016,NA
I84641585,2017,NA
I84641585,2018,NA
I84641585,2019,NA
I84641585,2020,NA
I84641585,2021,NA
I84641585,2022,NA
I84641585,2023,NA
I84641585,2024,NA
I84641585,2025,NA
I3129379329,2006,NA
I3129379329,2007,NA
I3129379329,2008,NA
I3129379329,2009,NA
I3129379329,2010,NA
I3129379329,2011,NA
I3129379329,2012,NA
I3129379329,2013,NA
I3129379329,2014,NA
I3129379329,2015,NA
I3129379329,2016,NA
I3129379329,2017,NA
I3129379329,2018,NA
I3129379329,2019,NA
I3129379329,2020,NA
I3129379329,2021,NA
I3129379329,2022,NA
I3129379329,2023,NA
I3129379329,2024,NA
I3129379329,2025,NA
I3131135081,2006,NA
I3131135081,2007,NA
I3131135081,2008,NA
I3131135081,2009,NA
I3131135081,2010,NA
I3131135081,2011,NA
I3131135081,2012,NA
I3131135081,2013,NA
I3131135081,2014,NA
I3131135081,2015,NA
I3131135081,2016,NA
I3131135081,2017,NA
I3131135081,2018,NA
I3131135081,2019,NA
I3131135081,2020,NA
I3131135081,2021,NA
I3131135081,2022,NA
I3131135081,2023,NA
I3131135081,2024,NA
I3131135081,2025,NA
I3129793404,2006,NA
I3129793404,2007,NA
I3129793404,2008,NA
I3129793404,2009,NA
I3129793404,2010,NA
I3129793404,2011,NA
I3129793404,2012,NA
I3129793404,2013,NA
I3129793404,2014,NA
I3129793404,2015,NA
I3129793404,2016,NA
I3129793404,2017,NA
I3129793404,2018,NA
I3129793404,2019,NA
I3129793404,2020,NA
I3129793404,2021,NA
I3129793404,2022,NA
I3129793404,2023,NA
I3129793404,2024,NA
I3129793404,2025,NA
I4210157016,2006,NA
I4210157016,2007,NA
I4210157016,2008,NA
I4210157016,2009,NA
I4210157016,2010,NA
I4210157016,2011,NA
I4210157016,2012,NA
I4210157016,2013,NA
I4210157016,2014,NA
I4210157016,2015,NA
I4210157016,2016,NA
I4210157016,2017,NA
I4210157016,2018,NA
I4210157016,2019,NA
I4210157016,2020,NA
I4210157016,2021,NA
I4210157016,2022,NA
I4210157016,2023,NA
I4210157016,2024,NA
I4210157016,2025,NA
I2801301251,2006,NA
I2801301251,2007,NA
I2801301251,2008,NA
I2801301251,2009,NA
I2801301251,2010,NA
I2801301251,2011,NA
I2801301251,2012,NA
I2801301251,2013,NA
I2801301251,2014,NA
I2801301251,2015,NA
I2801301251,2016,NA
I2801301251,2017,NA
I2801301251,2018,NA
I2801301251,2019,NA
I2801301251,2020,NA
I2801301251,2021,NA
I2801301251,2022,NA
I2801301251,2023,NA
I2801301251,2024,NA
I2801301251,2025,NA
I4405266704,2006,NA
I4405266704,2007,NA
I4405266704,2008,NA
I4405266704,2009,NA
I4405266704,2010,NA
I4405266704,2011,NA
I4405266704,2012,NA
I4405266704,2013,NA
I4405266704,2014,NA
I4405266704,2015,NA
I4405266704,2016,NA
I4405266704,2017,NA
I4405266704,2018,NA
I4405266704,2019,NA
I4405266704,2020,NA
I4405266704,2021,NA
I4405266704,2022,NA
I4405266704,2023,NA
I4405266704,2024,NA
I4405266704,2025,NA
I4210098482,2006,NA
I4210098482,2007,NA
I4210098482,2008,NA
I4210098482,2009,NA
I4210098482,2010,NA
I4210098482,2011,NA
I4210098482,2012,NA
I4210098482,2013,NA
I4210098482,2014,NA
I4210098482,2015,NA
I4210098482,2016,NA
I4210098482,2017,NA
I4210098482,2018,NA
I4210098482,2019,NA
I4210098482,2020,NA
I4210098482,2021,NA
I4210098482,2022,NA
I4210098482,2023,NA
I4210098482,2024,NA
I4210098482,2025,NA
I4210161311,2006,NA
I4210161311,2007,NA
I4210161311,2008,NA
I4210161311,2009,NA
I4210161311,2010,NA
I4210161311,2011,NA
I4210161311,2012,NA
I4210161311,2013,NA
I4210161311,2014,NA
I4210161311,2015,NA
I4210161311,2016,NA
I4210161311,2017,NA
I4210161311,2018,NA
I4210161311,2019,NA
I4210161311,2020,NA
I4210161311,2021,NA
I4210161311,2022,NA
I4210161311,2023,NA
I4210161311,2024,NA
I4210161311,2025,NA
I4210144462,2006,NA
I4210144462,2007,NA
I4210144462,2008,NA
I4210144462,2009,NA
I4210144462,2010,NA
I4210144462,2011,NA
I4210144462,2012,NA
I4210144462,2013,NA
I4210144462,2014,NA
I4210144462,2015,NA
I4210144462,2016,NA
I4210144462,2017,NA
I4210144462,2018,NA
I4210144462,2019,NA
I4210144462,2020,NA
I4210144462,2021,NA
I4210144462,2022,NA
I4210144462,2023,NA
I4210144462,2024,NA
I4210144462,2025,NA
I4210143728,2006,NA
I4210143728,2007,NA
I4210143728,2008,NA
I4210143728,2009,NA
I4210143728,2010,NA
I4210143728,2011,NA
I4210143728,2012,NA
I4210143728,2013,NA
I4210143728,2014,NA
I4210143728,2015,NA
I4210143728,2016,NA
I4210143728,2017,NA
I4210143728,2018,NA
I4210143728,2019,NA
I4210143728,2020,NA
I4210143728,2021,NA
I4210143728,2022,NA
I4210143728,2023,NA
I4210143728,2024,NA
I4210143728,2025,NA
I4210163664,2006,NA
I4210163664,2007,NA
I4210163664,2008,NA
I4210163664,2009,NA
I4210163664,2010,NA
I4210163664,2011,NA
I4210163664,2012,NA
I4210163664,2013,NA
I4210163664,2014,NA
I4210163664,2015,NA
I4210163664,2016,NA
I4210163664,2017,NA
I4210163664,2018,NA
I4210163664,2019,NA
I4210163664,2020,NA
I4210163664,2021,NA
I4210163664,2022,NA
I4210163664,2023,NA
I4210163664,2024,NA
I4210163664,2025,NA
I2802827535,2006,NA
I2802827535,2007,NA
I2802827535,2008,NA
I2802827535,2009,NA
I2802827535,2010,NA
I2802827535,2011,NA
I2802827535,2012,NA
I2802827535,2013,NA
I2802827535,2014,NA
I2802827535,2015,NA
I2802827535,2016,NA
I2802827535,2017,NA
I2802827535,2018,NA
I2802827535,2019,NA
I2802827535,2020,NA
I2802827535,2021,NA
I2802827535,2022,NA
I2802827535,2023,NA
I2802827535,2024,NA
I2802827535,2025,NA
I263567798,2006,NA
I263567798,2007,NA
I263567798,2008,NA
I263567798,2009,NA
I263567798,2010,NA
I263567798,2011,NA
I263567798,2012,NA
I263567798,2013,NA
I263567798,2014,NA
I263567798,2015,NA
I263567798,2016,NA
I263567798,2017,NA
I263567798,2018,NA
I263567798,2019,NA
I263567798,2020,NA
I263567798,2021,NA
I263567798,2022,NA
I263567798,2023,NA
I263567798,2024,NA
I263567798,2025,NA
I189575948,2006,NA
I189575948,2007,NA
I189575948,2008,NA
I189575948,2009,NA
I189575948,2010,NA
I189575948,2011,NA
I189575948,2012,NA
I189575948,2013,NA
I189575948,2014,NA
I189575948,2015,NA
I189575948,2016,NA
I189575948,2017,NA
I189575948,2018,NA
I189575948,2019,NA
I189575948,2020,NA
I189575948,2021,NA
I189575948,2022,NA
I189575948,2023,NA
I189575948,2024,NA
I189575948,2025,NA
I4210149376,2006,NA
I4210149376,2007,NA
I4210149376,2008,NA
I4210149376,2009,NA
I4210149376,2010,NA
I4210149376,2011,NA
I4210149376,2012,NA
I4210149376,2013,NA
I4210149376,2014,NA
I4210149376,2015,NA
I4210149376,2016,NA
I4210149376,2017,NA
I4210149376,2018,NA
I4210149376,2019,NA
I4210149376,2020,NA
I4210149376,2021,NA
I4210149376,2022,NA
I4210149376,2023,NA
I4210149376,2024,NA
I4210149376,2025,NA
I4399598398,2006,NA
I4399598398,2007,NA
I4399598398,2008,NA
I4399598398,2009,NA
I4399598398,2010,NA
I4399598398,2011,NA
I4399598398,2012,NA
I4399598398,2013,NA
I4399598398,2014,NA
I4399598398,2015,NA
I4399598398,2016,NA
I4399598398,2017,NA
I4399598398,2018,NA
I4399598398,2019,NA
I4399598398,2020,NA
I4399598398,2021,NA
I4399598398,2022,NA
I4399598398,2023,NA
I4399598398,2024,NA
I4399598398,2025,NA
I4405256426,2006,NA
I4405256426,2007,NA
I4405256426,2008,NA
I4405256426,2009,NA
I4405256426,2010,NA
I4405256426,2011,NA
I4405256426,2012,NA
I4405256426,2013,NA
I4405256426,2014,NA
I4405256426,2015,NA
I4405256426,2016,NA
I4405256426,2017,NA
I4405256426,2018,NA
I4405256426,2019,NA
I4405256426,2020,NA
I4405256426,2021,NA
I4405256426,2022,NA
I4405256426,2023,NA
I4405256426,2024,NA
I4405256426,2025,NA
I25613804,2006,NA
I25613804,2007,NA
I25613804,2008,NA
I25613804,2009,NA
I25613804,2010,NA
I25613804,2011,NA
I25613804,2012,NA
I25613804,2013,NA
I25613804,2014,NA
I25613804,2015,NA
I25613804,2016,NA
I25613804,2017,NA
I25613804,2018,NA
I25613804,2019,NA
I25613804,2020,NA
I25613804,2021,NA
I25613804,2022,NA
I25613804,2023,NA
I25613804,2024,NA
I25613804,2025,NA
I2801604535,2006,NA
I2801604535,2007,NA
I2801604535,2008,NA
I2801604535,2009,NA
I2801604535,2010,NA
I2801604535,2011,NA
I2801604535,2012,NA
I2801604535,2013,NA
I2801604535,2014,NA
I2801604535,2015,NA
I2801604535,2016,NA
I2801604535,2017,NA
I2801604535,2018,NA
I2801604535,2019,NA
I2801604535,2020,NA
I2801604535,2021,NA
I2801604535,2022,NA
I2801604535,2023,NA
I2801604535,2024,NA
I2801604535,2025,NA
I158990150,2006,NA
I158990150,2007,NA
I158990150,2008,NA
I158990150,2009,NA
I158990150,2010,NA
I158990150,2011,NA
I158990150,2012,NA
I158990150,2013,NA
I158990150,2014,NA
I158990150,2015,NA
I158990150,2016,NA
I158990150,2017,NA
I158990150,2018,NA
I158990150,2019,NA
I158990150,2020,NA
I158990150,2021,NA
I158990150,2022,NA
I158990150,2023,NA
I158990150,2024,NA
I158990150,2025,NA
I3132822907,2006,NA
I3132822907,2007,NA
I3132822907,2008,NA
I3132822907,2009,NA
I3132822907,2010,NA
I3132822907,2011,NA
I3132822907,2012,NA
I3132822907,2013,NA
I3132822907,2014,NA
I3132822907,2015,NA
I3132822907,2016,NA
I3132822907,2017,NA
I3132822907,2018,NA
I3132822907,2019,NA
I3132822907,2020,NA
I3132822907,2021,NA
I3132822907,2022,NA
I3132822907,2023,NA
I3132822907,2024,NA
I3132822907,2025,NA
I4405261229,2006,NA
I4405261229,2007,NA
I4405261229,2008,NA
I4405261229,2009,NA
I4405261229,2010,NA
I4405261229,2011,NA
I4405261229,2012,NA
I4405261229,2013,NA
I4405261229,2014,NA
I4405261229,2015,NA
I4405261229,2016,NA
I4405261229,2017,NA
I4405261229,2018,NA
I4405261229,2019,NA
I4405261229,2020,NA
I4405261229,2021,NA
I4405261229,2022,NA
I4405261229,2023,NA
I4405261229,2024,NA
I4405261229,2025,NA
I284050080,2006,NA
I284050080,2007,NA
I284050080,2008,NA
I284050080,2009,NA
I284050080,2010,NA
I284050080,2011,NA
I284050080,2012,NA
I284050080,2013,NA
I284050080,2014,NA
I284050080,2015,NA
I284050080,2016,NA
I284050080,2017,NA
I284050080,2018,NA
I284050080,2019,NA
I284050080,2020,NA
I284050080,2021,NA
I284050080,2022,NA
I284050080,2023,NA
I284050080,2024,NA
I284050080,2025,NA
I4210159779,2006,NA
I4210159779,2007,NA
I4210159779,2008,NA
I4210159779,2009,NA
I4210159779,2010,NA
I4210159779,2011,NA
I4210159779,2012,NA
I4210159779,2013,NA
I4210159779,2014,NA
I4210159779,2015,NA
I4210159779,2016,NA
I4210159779,2017,NA
I4210159779,2018,NA
I4210159779,2019,NA
I4210159779,2020,NA
I4210159779,2021,NA
I4210159779,2022,NA
I4210159779,2023,NA
I4210159779,2024,NA
I4210159779,2025,NA
I100236772,2006,NA
I100236772,2007,NA
I100236772,2008,NA
I100236772,2009,NA
I100236772,2010,NA
I100236772,2011,NA
I100236772,2012,NA
I100236772,2013,NA
I100236772,2014,NA
I100236772,2015,NA
I100236772,2016,NA
I100236772,2017,NA
I100236772,2018,NA
I100236772,2019,NA
I100236772,2020,NA
I100236772,2021,NA
I100236772,2022,NA
I100236772,2023,NA
I100236772,2024,NA
I100236772,2025,NA
I4210160144,2006,NA
I4210160144,2007,NA
I4210160144,2008,NA
I4210160144,2009,NA
I4210160144,2010,NA
I4210160144,2011,NA
I4210160144,2012,NA
I4210160144,2013,NA
I4210160144,2014,NA
I4210160144,2015,NA
I4210160144,2016,NA
I4210160144,2017,NA
I4210160144,2018,NA
I4210160144,2019,NA
I4210160144,2020,NA
I4210160144,2021,NA
I4210160144,2022,NA
I4210160144,2023,NA
I4210160144,2024,NA
I4210160144,2025,NA
I4210166823,2006,NA
I4210166823,2007,NA
I4210166823,2008,NA
I4210166823,2009,NA
I4210166823,2010,NA
I4210166823,2011,NA
I4210166823,2012,NA
I4210166823,2013,NA
I4210166823,2014,NA
I4210166823,2015,NA
I4210166823,2016,NA
I4210166823,2017,NA
I4210166823,2018,NA
I4210166823,2019,NA
I4210166823,2020,NA
I4210166823,2021,NA
I4210166823,2022,NA
I4210166823,2023,NA
I4210166823,2024,NA
I4210166823,2025,NA
I4210089933,2006,NA
I4210089933,2007,NA
I4210089933,2008,NA
I4210089933,2009,NA
I4210089933,2010,NA
I4210089933,2011,NA
I4210089933,2012,NA
I4210089933,2013,NA
I4210089933,2014,NA
I4210089933,2015,NA
I4210089933,2016,NA
I4210089933,2017,NA
I4210089933,2018,NA
I4210089933,2019,NA
I4210089933,2020,NA
I4210089933,2021,NA
I4210089933,2022,NA
I4210089933,2023,NA
I4210089933,2024,NA
I4210089933,2025,NA
I4210138504,2006,NA
I4210138504,2007,NA
I4210138504,2008,NA
I4210138504,2009,NA
I4210138504,2010,NA
I4210138504,2011,NA
I4210138504,2012,NA
I4210138504,2013,NA
I4210138504,2014,NA
I4210138504,2015,NA
I4210138504,2016,NA
I4210138504,2017,NA
I4210138504,2018,NA
I4210138504,2019,NA
I4210138504,2020,NA
I4210138504,2021,NA
I4210138504,2022,NA
I4210138504,2023,NA
I4210138504,2024,NA
I4210138504,2025,NA
I4405259403,2006,NA
I4405259403,2007,NA
I4405259403,2008,NA
I4405259403,2009,NA
I4405259403,2010,NA
I4405259403,2011,NA
I4405259403,2012,NA
I4405259403,2013,NA
I4405259403,2014,NA
I4405259403,2015,NA
I4405259403,2016,NA
I4405259403,2017,NA
I4405259403,2018,NA
I4405259403,2019,NA
I4405259403,2020,NA
I4405259403,2021,NA
I4405259403,2022,NA
I4405259403,2023,NA
I4405259403,2024,NA
I4405259403,2025,NA
I4405256974,2006,NA
I4405256974,2007,NA
I4405256974,2008,NA
I4405256974,2009,NA
I4405256974,2010,NA
I4405256974,2011,NA
I4405256974,2012,NA
I4405256974,2013,NA
I4405256974,2014,NA
I4405256974,2015,NA
I4405256974,2016,NA
I4405256974,2017,NA
I4405256974,2018,NA
I4405256974,2019,NA
I4405256974,2020,NA
I4405256974,2021,NA
I4405256974,2022,NA
I4405256974,2023,NA
I4405256974,2024,NA
I4405256974,2025,NA
I72235472,2006,NA
I72235472,2007,NA
I72235472,2008,NA
I72235472,2009,NA
I72235472,2010,NA
I72235472,2011,NA
I72235472,2012,NA
I72235472,2013,NA
I72235472,2014,NA
I72235472,2015,NA
I72235472,2016,NA
I72235472,2017,NA
I72235472,2018,NA
I72235472,2019,NA
I72235472,2020,NA
I72235472,2021,NA
I72235472,2022,NA
I72235472,2023,NA
I72235472,2024,NA
I72235472,2025,NA
I4210122897,2006,NA
I4210122897,2007,NA
I4210122897,2008,NA
I4210122897,2009,NA
I4210122897,2010,NA
I4210122897,2011,NA
I4210122897,2012,NA
I4210122897,2013,NA
I4210122897,2014,NA
I4210122897,2015,NA
I4210122897,2016,NA
I4210122897,2017,NA
I4210122897,2018,NA
I4210122897,2019,NA
I4210122897,2020,NA
I4210122897,2021,NA
I4210122897,2022,NA
I4210122897,2023,NA
I4210122897,2024,NA
I4210122897,2025,NA
I26092322,2006,NA
I26092322,2007,NA
I26092322,2008,NA
I26092322,2009,NA
I26092322,2010,NA
I26092322,2011,NA
I26092322,2012,NA
I26092322,2013,NA
I26092322,2014,NA
I26092322,2015,NA
I26092322,2016,NA
I26092322,2017,NA
I26092322,2018,NA
I26092322,2019,NA
I26092322,2020,NA
I26092322,2021,NA
I26092322,2022,NA
I26092322,2023,NA
I26092322,2024,NA
I26092322,2025,NA
I161372803,2006,NA
I161372803,2007,NA
I161372803,2008,NA
I161372803,2009,NA
I161372803,2010,NA
I161372803,2011,NA
I161372803,2012,NA
I161372803,2013,NA
I161372803,2014,NA
I161372803,2015,NA
I161372803,2016,NA
I161372803,2017,NA
I161372803,2018,NA
I161372803,2019,NA
I161372803,2020,NA
I161372803,2021,NA
I161372803,2022,NA
I161372803,2023,NA
I161372803,2024,NA
I161372803,2025,NA
I4210115035,2006,NA
I4210115035,2007,NA
I4210115035,2008,NA
I4210115035,2009,NA
I4210115035,2010,NA
I4210115035,2011,NA
I4210115035,2012,NA
I4210115035,2013,NA
I4210115035,2014,NA
I4210115035,2015,NA
I4210115035,2016,NA
I4210115035,2017,NA
I4210115035,2018,NA
I4210115035,2019,NA
I4210115035,2020,NA
I4210115035,2021,NA
I4210115035,2022,NA
I4210115035,2023,NA
I4210115035,2024,NA
I4210115035,2025,NA
I4210156887,2006,NA
I4210156887,2007,NA
I4210156887,2008,NA
I4210156887,2009,NA
I4210156887,2010,NA
I4210156887,2011,NA
I4210156887,2012,NA
I4210156887,2013,NA
I4210156887,2014,NA
I4210156887,2015,NA
I4210156887,2016,NA
I4210156887,2017,NA
I4210156887,2018,NA
I4210156887,2019,NA
I4210156887,2020,NA
I4210156887,2021,NA
I4210156887,2022,NA
I4210156887,2023,NA
I4210156887,2024,NA
I4210156887,2025,NA
I4210090762,2006,NA
I4210090762,2007,NA
I4210090762,2008,NA
I4210090762,2009,NA
I4210090762,2010,NA
I4210090762,2011,NA
I4210090762,2012,NA
I4210090762,2013,NA
I4210090762,2014,NA
I4210090762,2015,NA
I4210090762,2016,NA
I4210090762,2017,NA
I4210090762,2018,NA
I4210090762,2019,NA
I4210090762,2020,NA
I4210090762,2021,NA
I4210090762,2022,NA
I4210090762,2023,NA
I4210090762,2024,NA
I4210090762,2025,NA
I4210094049,2006,NA
I4210094049,2007,NA
I4210094049,2008,NA
I4210094049,2009,NA
I4210094049,2010,NA
I4210094049,2011,NA
I4210094049,2012,NA
I4210094049,2013,NA
I4210094049,2014,NA
I4210094049,2015,NA
I4210094049,2016,NA
I4210094049,2017,NA
I4210094049,2018,NA
I4210094049,2019,NA
I4210094049,2020,NA
I4210094049,2021,NA
I4210094049,2022,NA
I4210094049,2023,NA
I4210094049,2024,NA
I4210094049,2025,NA
I4210135870,2006,NA
I4210135870,2007,NA
I4210135870,2008,NA
I4210135870,2009,NA
I4210135870,2010,NA
I4210135870,2011,NA
I4210135870,2012,NA
I4210135870,2013,NA
I4210135870,2014,NA
I4210135870,2015,NA
I4210135870,2016,NA
I4210135870,2017,NA
I4210135870,2018,NA
I4210135870,2019,NA
I4210135870,2020,NA
I4210135870,2021,NA
I4210135870,2022,NA
I4210135870,2023,NA
I4210135870,2024,NA
I4210135870,2025,NA
I9353105,2006,NA
I9353105,2007,NA
I9353105,2008,NA
I9353105,2009,NA
I9353105,2010,NA
I9353105,2011,NA
I9353105,2012,NA
I9353105,2013,NA
I9353105,2014,NA
I9353105,2015,NA
I9353105,2016,NA
I9353105,2017,NA
I9353105,2018,NA
I9353105,2019,NA
I9353105,2020,NA
I9353105,2021,NA
I9353105,2022,NA
I9353105,2023,NA
I9353105,2024,NA
I9353105,2025,NA
I4210163744,2006,NA
I4210163744,2007,NA
I4210163744,2008,NA
I4210163744,2009,NA
I4210163744,2010,NA
I4210163744,2011,NA
I4210163744,2012,NA
I4210163744,2013,NA
I4210163744,2014,NA
I4210163744,2015,NA
I4210163744,2016,NA
I4210163744,2017,NA
I4210163744,2018,NA
I4210163744,2019,NA
I4210163744,2020,NA
I4210163744,2021,NA
I4210163744,2022,NA
I4210163744,2023,NA
I4210163744,2024,NA
I4210163744,2025,NA
I114794399,2006,NA
I114794399,2007,NA
I114794399,2008,NA
I114794399,2009,NA
I114794399,2010,NA
I114794399,2011,NA
I114794399,2012,NA
I114794399,2013,NA
I114794399,2014,NA
I114794399,2015,NA
I114794399,2016,NA
I114794399,2017,NA
I114794399,2018,NA
I114794399,2019,NA
I114794399,2020,NA
I114794399,2021,NA
I114794399,2022,NA
I114794399,2023,NA
I114794399,2024,NA
I114794399,2025,NA
I130009713,2006,NA
I130009713,2007,NA
I130009713,2008,NA
I130009713,2009,NA
I130009713,2010,NA
I130009713,2011,NA
I130009713,2012,NA
I130009713,2013,NA
I130009713,2014,NA
I130009713,2015,NA
I130009713,2016,NA
I130009713,2017,NA
I130009713,2018,NA
I130009713,2019,NA
I130009713,2020,NA
I130009713,2021,NA
I130009713,2022,NA
I130009713,2023,NA
I130009713,2024,NA
I130009713,2025,NA
I3129351386,2006,NA
I3129351386,2007,NA
I3129351386,2008,NA
I3129351386,2009,NA
I3129351386,2010,NA
I3129351386,2011,NA
I3129351386,2012,NA
I3129351386,2013,NA
I3129351386,2014,NA
I3129351386,2015,NA
I3129351386,2016,NA
I3129351386,2017,NA
I3129351386,2018,NA
I3129351386,2019,NA
I3129351386,2020,NA
I3129351386,2021,NA
I3129351386,2022,NA
I3129351386,2023,NA
I3129351386,2024,NA
I3129351386,2025,NA
I4405255726,2006,NA
I4405255726,2007,NA
I4405255726,2008,NA
I4405255726,2009,NA
I4405255726,2010,NA
I4405255726,2011,NA
I4405255726,2012,NA
I4405255726,2013,NA
I4405255726,2014,NA
I4405255726,2015,NA
I4405255726,2016,NA
I4405255726,2017,NA
I4405255726,2018,NA
I4405255726,2019,NA
I4405255726,2020,NA
I4405255726,2021,NA
I4405255726,2022,NA
I4405255726,2023,NA
I4405255726,2024,NA
I4405255726,2025,NA
I4210164771,2006,NA
I4210164771,2007,NA
I4210164771,2008,NA
I4210164771,2009,NA
I4210164771,2010,NA
I4210164771,2011,NA
I4210164771,2012,NA
I4210164771,2013,NA
I4210164771,2014,NA
I4210164771,2015,NA
I4210164771,2016,NA
I4210164771,2017,NA
I4210164771,2018,NA
I4210164771,2019,NA
I4210164771,2020,NA
I4210164771,2021,NA
I4210164771,2022,NA
I4210164771,2023,NA
I4210164771,2024,NA
I4210164771,2025,NA
I4210154748,2006,NA
I4210154748,2007,NA
I4210154748,2008,NA
I4210154748,2009,NA
I4210154748,2010,NA
I4210154748,2011,NA
I4210154748,2012,NA
I4210154748,2013,NA
I4210154748,2014,NA
I4210154748,2015,NA
I4210154748,2016,NA
I4210154748,2017,NA
I4210154748,2018,NA
I4210154748,2019,NA
I4210154748,2020,NA
I4210154748,2021,NA
I4210154748,2022,NA
I4210154748,2023,NA
I4210154748,2024,NA
I4210154748,2025,NA
I4210147360,2006,NA
I4210147360,2007,NA
I4210147360,2008,NA
I4210147360,2009,NA
I4210147360,2010,NA
I4210147360,2011,NA
I4210147360,2012,NA
I4210147360,2013,NA
I4210147360,2014,NA
I4210147360,2015,NA
I4210147360,2016,NA
I4210147360,2017,NA
I4210147360,2018,NA
I4210147360,2019,NA
I4210147360,2020,NA
I4210147360,2021,NA
I4210147360,2022,NA
I4210147360,2023,NA
I4210147360,2024,NA
I4210147360,2025,NA
I4210151047,2006,NA
I4210151047,2007,NA
I4210151047,2008,NA
I4210151047,2009,NA
I4210151047,2010,NA
I4210151047,2011,NA
I4210151047,2012,NA
I4210151047,2013,NA
I4210151047,2014,NA
I4210151047,2015,NA
I4210151047,2016,NA
I4210151047,2017,NA
I4210151047,2018,NA
I4210151047,2019,NA
I4210151047,2020,NA
I4210151047,2021,NA
I4210151047,2022,NA
I4210151047,2023,NA
I4210151047,2024,NA
I4210151047,2025,NA
I4405261043,2006,NA
I4405261043,2007,NA
I4405261043,2008,NA
I4405261043,2009,NA
I4405261043,2010,NA
I4405261043,2011,NA
I4405261043,2012,NA
I4405261043,2013,NA
I4405261043,2014,NA
I4405261043,2015,NA
I4405261043,2016,NA
I4405261043,2017,NA
I4405261043,2018,NA
I4405261043,2019,NA
I4405261043,2020,NA
I4405261043,2021,NA
I4405261043,2022,NA
I4405261043,2023,NA
I4405261043,2024,NA
I4405261043,2025,NA
I4405261355,2006,NA
I4405261355,2007,NA
I4405261355,2008,NA
I4405261355,2009,NA
I4405261355,2010,NA
I4405261355,2011,NA
I4405261355,2012,NA
I4405261355,2013,NA
I4405261355,2014,NA
I4405261355,2015,NA
I4405261355,2016,NA
I4405261355,2017,NA
I4405261355,2018,NA
I4405261355,2019,NA
I4405261355,2020,NA
I4405261355,2021,NA
I4405261355,2022,NA
I4405261355,2023,NA
I4405261355,2024,NA
I4405261355,2025,NA
I4405266617,2006,NA
I4405266617,2007,NA
I4405266617,2008,NA
I4405266617,2009,NA
I4405266617,2010,NA
I4405266617,2011,NA
I4405266617,2012,NA
I4405266617,2013,NA
I4405266617,2014,NA
I4405266617,2015,NA
I4405266617,2016,NA
I4405266617,2017,NA
I4405266617,2018,NA
I4405266617,2019,NA
I4405266617,2020,NA
I4405266617,2021,NA
I4405266617,2022,NA
I4405266617,2023,NA
I4405266617,2024,NA
I4405266617,2025,NA
I91972364,2006,NA
I91972364,2007,NA
I91972364,2008,NA
I91972364,2009,NA
I91972364,2010,NA
I91972364,2011,NA
I91972364,2012,NA
I91972364,2013,NA
I91972364,2014,NA
I91972364,2015,NA
I91972364,2016,NA
I91972364,2017,NA
I91972364,2018,NA
I91972364,2019,NA
I91972364,2020,NA
I91972364,2021,NA
I91972364,2022,NA
I91972364,2023,NA
I91972364,2024,NA
I91972364,2025,NA
I4210131222,2006,NA
I4210131222,2007,NA
I4210131222,2008,NA
I4210131222,2009,NA
I4210131222,2010,NA
I4210131222,2011,NA
I4210131222,2012,NA
I4210131222,2013,NA
I4210131222,2014,NA
I4210131222,2015,NA
I4210131222,2016,NA
I4210131222,2017,NA
I4210131222,2018,NA
I4210131222,2019,NA
I4210131222,2020,NA
I4210131222,2021,NA
I4210131222,2022,NA
I4210131222,2023,NA
I4210131222,2024,NA
I4210131222,2025,NA
I4405266166,2006,NA
I4405266166,2007,NA
I4405266166,2008,NA
I4405266166,2009,NA
I4405266166,2010,NA
I4405266166,2011,NA
I4405266166,2012,NA
I4405266166,2013,NA
I4405266166,2014,NA
I4405266166,2015,NA
I4405266166,2016,NA
I4405266166,2017,NA
I4405266166,2018,NA
I4405266166,2019,NA
I4405266166,2020,NA
I4405266166,2021,NA
I4405266166,2022,NA
I4405266166,2023,NA
I4405266166,2024,NA
I4405266166,2025,NA
I3131906498,2006,NA
I3131906498,2007,NA
I3131906498,2008,NA
I3131906498,2009,NA
I3131906498,2010,NA
I3131906498,2011,NA
I3131906498,2012,NA
I3131906498,2013,NA
I3131906498,2014,NA
I3131906498,2015,NA
I3131906498,2016,NA
I3131906498,2017,NA
I3131906498,2018,NA
I3131906498,2019,NA
I3131906498,2020,NA
I3131906498,2021,NA
I3131906498,2022,NA
I3131906498,2023,NA
I3131906498,2024,NA
I3131906498,2025,NA
I21376657,2006,NA
I21376657,2007,NA
I21376657,2008,NA
I21376657,2009,NA
I21376657,2010,NA
I21376657,2011,NA
I21376657,2012,NA
I21376657,2013,NA
I21376657,2014,NA
I21376657,2015,NA
I21376657,2016,NA
I21376657,2017,NA
I21376657,2018,NA
I21376657,2019,NA
I21376657,2020,NA
I21376657,2021,NA
I21376657,2022,NA
I21376657,2023,NA
I21376657,2024,NA
I21376657,2025,NA
I4405263296,2006,NA
I4405263296,2007,NA
I4405263296,2008,NA
I4405263296,2009,NA
I4405263296,2010,NA
I4405263296,2011,NA
I4405263296,2012,NA
I4405263296,2013,NA
I4405263296,2014,NA
I4405263296,2015,NA
I4405263296,2016,NA
I4405263296,2017,NA
I4405263296,2018,NA
I4405263296,2019,NA
I4405263296,2020,NA
I4405263296,2021,NA
I4405263296,2022,NA
I4405263296,2023,NA
I4405263296,2024,NA
I4405263296,2025,NA
I3129228679,2006,NA
I3129228679,2007,NA
I3129228679,2008,NA
I3129228679,2009,NA
I3129228679,2010,NA
I3129228679,2011,NA
I3129228679,2012,NA
I3129228679,2013,NA
I3129228679,2014,NA
I3129228679,2015,NA
I3129228679,2016,NA
I3129228679,2017,NA
I3129228679,2018,NA
I3129228679,2019,NA
I3129228679,2020,NA
I3129228679,2021,NA
I3129228679,2022,NA
I3129228679,2023,NA
I3129228679,2024,NA
I3129228679,2025,NA
I4405259358,2006,NA
I4405259358,2007,NA
I4405259358,2008,NA
I4405259358,2009,NA
I4405259358,2010,NA
I4405259358,2011,NA
I4405259358,2012,NA
I4405259358,2013,NA
I4405259358,2014,NA
I4405259358,2015,NA
I4405259358,2016,NA
I4405259358,2017,NA
I4405259358,2018,NA
I4405259358,2019,NA
I4405259358,2020,NA
I4405259358,2021,NA
I4405259358,2022,NA
I4405259358,2023,NA
I4405259358,2024,NA
I4405259358,2025,NA
I4405253151,2006,NA
I4405253151,2007,NA
I4405253151,2008,NA
I4405253151,2009,NA
I4405253151,2010,NA
I4405253151,2011,NA
I4405253151,2012,NA
I4405253151,2013,NA
I4405253151,2014,NA
I4405253151,2015,NA
I4405253151,2016,NA
I4405253151,2017,NA
I4405253151,2018,NA
I4405253151,2019,NA
I4405253151,2020,NA
I4405253151,2021,NA
I4405253151,2022,NA
I4405253151,2023,NA
I4405253151,2024,NA
I4405253151,2025,NA
I4405263029,2006,NA
I4405263029,2007,NA
I4405263029,2008,NA
I4405263029,2009,NA
I4405263029,2010,NA
I4405263029,2011,NA
I4405263029,2012,NA
I4405263029,2013,NA
I4405263029,2014,NA
I4405263029,2015,NA
I4405263029,2016,NA
I4405263029,2017,NA
I4405263029,2018,NA
I4405263029,2019,NA
I4405263029,2020,NA
I4405263029,2021,NA
I4405263029,2022,NA
I4405263029,2023,NA
I4405263029,2024,NA
I4405263029,2025,NA
I3133101575,2006,NA
I3133101575,2007,NA
I3133101575,2008,NA
I3133101575,2009,NA
I3133101575,2010,NA
I3133101575,2011,NA
I3133101575,2012,NA
I3133101575,2013,NA
I3133101575,2014,NA
I3133101575,2015,NA
I3133101575,2016,NA
I3133101575,2017,NA
I3133101575,2018,NA
I3133101575,2019,NA
I3133101575,2020,NA
I3133101575,2021,NA
I3133101575,2022,NA
I3133101575,2023,NA
I3133101575,2024,NA
I3133101575,2025,NA
I4210145961,2006,NA
I4210145961,2007,NA
I4210145961,2008,NA
I4210145961,2009,NA
I4210145961,2010,NA
I4210145961,2011,NA
I4210145961,2012,NA
I4210145961,2013,NA
I4210145961,2014,NA
I4210145961,2015,NA
I4210145961,2016,NA
I4210145961,2017,NA
I4210145961,2018,NA
I4210145961,2019,NA
I4210145961,2020,NA
I4210145961,2021,NA
I4210145961,2022,NA
I4210145961,2023,NA
I4210145961,2024,NA
I4210145961,2025,NA
I4210102036,2006,NA
I4210102036,2007,NA
I4210102036,2008,NA
I4210102036,2009,NA
I4210102036,2010,NA
I4210102036,2011,NA
I4210102036,2012,NA
I4210102036,2013,NA
I4210102036,2014,NA
I4210102036,2015,NA
I4210102036,2016,NA
I4210102036,2017,NA
I4210102036,2018,NA
I4210102036,2019,NA
I4210102036,2020,NA
I4210102036,2021,NA
I4210102036,2022,NA
I4210102036,2023,NA
I4210102036,2024,NA
I4210102036,2025,NA
I140287389,2006,NA
I140287389,2007,NA
I140287389,2008,NA
I140287389,2009,NA
I140287389,2010,NA
I140287389,2011,NA
I140287389,2012,NA
I140287389,2013,NA
I140287389,2014,NA
I140287389,2015,NA
I140287389,2016,NA
I140287389,2017,NA
I140287389,2018,NA
I140287389,2019,NA
I140287389,2020,NA
I140287389,2021,NA
I140287389,2022,NA
I140287389,2023,NA
I140287389,2024,NA
I140287389,2025,NA
I294845491,2006,NA
I294845491,2007,NA
I294845491,2008,NA
I294845491,2009,NA
I294845491,2010,NA
I294845491,2011,NA
I294845491,2012,NA
I294845491,2013,NA
I294845491,2014,NA
I294845491,2015,NA
I294845491,2016,NA
I294845491,2017,NA
I294845491,2018,NA
I294845491,2019,NA
I294845491,2020,NA
I294845491,2021,NA
I294845491,2022,NA
I294845491,2023,NA
I294845491,2024,NA
I294845491,2025,NA
I4405263647,2006,NA
I4405263647,2007,NA
I4405263647,2008,NA
I4405263647,2009,NA
I4405263647,2010,NA
I4405263647,2011,NA
I4405263647,2012,NA
I4405263647,2013,NA
I4405263647,2014,NA
I4405263647,2015,NA
I4405263647,2016,NA
I4405263647,2017,NA
I4405263647,2018,NA
I4405263647,2019,NA
I4405263647,2020,NA
I4405263647,2021,NA
I4405263647,2022,NA
I4405263647,2023,NA
I4405263647,2024,NA
I4405263647,2025,NA
I3133312331,2006,NA
I3133312331,2007,NA
I3133312331,2008,NA
I3133312331,2009,NA
I3133312331,2010,NA
I3133312331,2011,NA
I3133312331,2012,NA
I3133312331,2013,NA
I3133312331,2014,NA
I3133312331,2015,NA
I3133312331,2016,NA
I3133312331,2017,NA
I3133312331,2018,NA
I3133312331,2019,NA
I3133312331,2020,NA
I3133312331,2021,NA
I3133312331,2022,NA
I3133312331,2023,NA
I3133312331,2024,NA
I3133312331,2025,NA
I4405254663,2006,NA
I4405254663,2007,NA
I4405254663,2008,NA
I4405254663,2009,NA
I4405254663,2010,NA
I4405254663,2011,NA
I4405254663,2012,NA
I4405254663,2013,NA
I4405254663,2014,NA
I4405254663,2015,NA
I4405254663,2016,NA
I4405254663,2017,NA
I4405254663,2018,NA
I4405254663,2019,NA
I4405254663,2020,NA
I4405254663,2021,NA
I4405254663,2022,NA
I4405254663,2023,NA
I4405254663,2024,NA
I4405254663,2025,NA
I4210162858,2006,NA
I4210162858,2007,NA
I4210162858,2008,NA
I4210162858,2009,NA
I4210162858,2010,NA
I4210162858,2011,NA
I4210162858,2012,NA
I4210162858,2013,NA
I4210162858,2014,NA
I4210162858,2015,NA
I4210162858,2016,NA
I4210162858,2017,NA
I4210162858,2018,NA
I4210162858,2019,NA
I4210162858,2020,NA
I4210162858,2021,NA
I4210162858,2022,NA
I4210162858,2023,NA
I4210162858,2024,NA
I4210162858,2025,NA
I4210113643,2006,NA
I4210113643,2007,NA
I4210113643,2008,NA
I4210113643,2009,NA
I4210113643,2010,NA
I4210113643,2011,NA
I4210113643,2012,NA
I4210113643,2013,NA
I4210113643,2014,NA
I4210113643,2015,NA
I4210113643,2016,NA
I4210113643,2017,NA
I4210113643,2018,NA
I4210113643,2019,NA
I4210113643,2020,NA
I4210113643,2021,NA
I4210113643,2022,NA
I4210113643,2023,NA
I4210113643,2024,NA
I4210113643,2025,NA
I4210090078,2006,NA
I4210090078,2007,NA
I4210090078,2008,NA
I4210090078,2009,NA
I4210090078,2010,NA
I4210090078,2011,NA
I4210090078,2012,NA
I4210090078,2013,NA
I4210090078,2014,NA
I4210090078,2015,NA
I4210090078,2016,NA
I4210090078,2017,NA
I4210090078,2018,NA
I4210090078,2019,NA
I4210090078,2020,NA
I4210090078,2021,NA
I4210090078,2022,NA
I4210090078,2023,NA
I4210090078,2024,NA
I4210090078,2025,NA
I4405259792,2006,NA
I4405259792,2007,NA
I4405259792,2008,NA
I4405259792,2009,NA
I4405259792,2010,NA
I4405259792,2011,NA
I4405259792,2012,NA
I4405259792,2013,NA
I4405259792,2014,NA
I4405259792,2015,NA
I4405259792,2016,NA
I4405259792,2017,NA
I4405259792,2018,NA
I4405259792,2019,NA
I4405259792,2020,NA
I4405259792,2021,NA
I4405259792,2022,NA
I4405259792,2023,NA
I4405259792,2024,NA
I4405259792,2025,NA
I4405263392,2006,NA
I4405263392,2007,NA
I4405263392,2008,NA
I4405263392,2009,NA
I4405263392,2010,NA
I4405263392,2011,NA
I4405263392,2012,NA
I4405263392,2013,NA
I4405263392,2014,NA
I4405263392,2015,NA
I4405263392,2016,NA
I4405263392,2017,NA
I4405263392,2018,NA
I4405263392,2019,NA
I4405263392,2020,NA
I4405263392,2021,NA
I4405263392,2022,NA
I4405263392,2023,NA
I4405263392,2024,NA
I4405263392,2025,NA
I4405263733,2006,NA
I4405263733,2007,NA
I4405263733,2008,NA
I4405263733,2009,NA
I4405263733,2010,NA
I4405263733,2011,NA
I4405263733,2012,NA
I4405263733,2013,NA
I4405263733,2014,NA
I4405263733,2015,NA
I4405263733,2016,NA
I4405263733,2017,NA
I4405263733,2018,NA
I4405263733,2019,NA
I4405263733,2020,NA
I4405263733,2021,NA
I4405263733,2022,NA
I4405263733,2023,NA
I4405263733,2024,NA
I4405263733,2025,NA
I4405259000,2006,NA
I4405259000,2007,NA
I4405259000,2008,NA
I4405259000,2009,NA
I4405259000,2010,NA
I4405259000,2011,NA
I4405259000,2012,NA
I4405259000,2013,NA
I4405259000,2014,NA
I4405259000,2015,NA
I4405259000,2016,NA
I4405259000,2017,NA
I4405259000,2018,NA
I4405259000,2019,NA
I4405259000,2020,NA
I4405259000,2021,NA
I4405259000,2022,NA
I4405259000,2023,NA
I4405259000,2024,NA
I4405259000,2025,NA
I4210141751,2006,NA
I4210141751,2007,NA
I4210141751,2008,NA
I4210141751,2009,NA
I4210141751,2010,NA
I4210141751,2011,NA
I4210141751,2012,NA
I4210141751,2013,NA
I4210141751,2014,NA
I4210141751,2015,NA
I4210141751,2016,NA
I4210141751,2017,NA
I4210141751,2018,NA
I4210141751,2019,NA
I4210141751,2020,NA
I4210141751,2021,NA
I4210141751,2022,NA
I4210141751,2023,NA
I4210141751,2024,NA
I4210141751,2025,NA
I4405266786,2006,NA
I4405266786,2007,NA
I4405266786,2008,NA
I4405266786,2009,NA
I4405266786,2010,NA
I4405266786,2011,NA
I4405266786,2012,NA
I4405266786,2013,NA
I4405266786,2014,NA
I4405266786,2015,NA
I4405266786,2016,NA
I4405266786,2017,NA
I4405266786,2018,NA
I4405266786,2019,NA
I4405266786,2020,NA
I4405266786,2021,NA
I4405266786,2022,NA
I4405266786,2023,NA
I4405266786,2024,NA
I4405266786,2025,NA
I4405258297,2006,NA
I4405258297,2007,NA
I4405258297,2008,NA
I4405258297,2009,NA
I4405258297,2010,NA
I4405258297,2011,NA
I4405258297,2012,NA
I4405258297,2013,NA
I4405258297,2014,NA
I4405258297,2015,NA
I4405258297,2016,NA
I4405258297,2017,0
I4405258297,2018,NA
I4405258297,2019,NA
I4405258297,2020,NA
I4405258297,2021,NA
I4405258297,2022,NA
I4405258297,2023,NA
I4405258297,2024,NA
I4405258297,2025,NA
I4405253712,2006,NA
I4405253712,2007,NA
I4405253712,2008,NA
I4405253712,2009,NA
I4405253712,2010,NA
I4405253712,2011,NA
I4405253712,2012,NA
I4405253712,2013,NA
I4405253712,2014,NA
I4405253712,2015,NA
I4405253712,2016,NA
I4405253712,2017,NA
I4405253712,2018,NA
I4405253712,2019,NA
I4405253712,2020,NA
I4405253712,2021,NA
I4405253712,2022,NA
I4405253712,2023,NA
I4405253712,2024,NA
I4405253712,2025,NA
I4210134659,2006,NA
I4210134659,2007,NA
I4210134659,2008,NA
I4210134659,2009,NA
I4210134659,2010,160
I4210134659,2011,NA
I4210134659,2012,NA
I4210134659,2013,NA
I4210134659,2014,NA
I4210134659,2015,NA
I4210134659,2016,NA
I4210134659,2017,NA
I4210134659,2018,NA
I4210134659,2019,NA
I4210134659,2020,NA
I4210134659,2021,NA
I4210134659,2022,NA
I4210134659,2023,NA
I4210134659,2024,NA
I4210134659,2025,NA
I4405266070,2006,NA
I4405266070,2007,0
I4405266070,2008,NA
I4405266070,2009,NA
I4405266070,2010,NA
I4405266070,2011,NA
I4405266070,2012,NA
I4405266070,2013,NA
I4405266070,2014,NA
I4405266070,2015,NA
I4405266070,2016,NA
I4405266070,2017,NA
I4405266070,2018,NA
I4405266070,2019,NA
I4405266070,2020,NA
I4405266070,2021,NA
I4405266070,2022,NA
I4405266070,2023,NA
I4405266070,2024,NA
I4405266070,2025,NA
I28285804,2006,NA
I28285804,2007,NA
I28285804,2008,NA
I28285804,2009,NA
I28285804,2010,NA
I28285804,2011,NA
I28285804,2012,NA
I28285804,2013,NA
I28285804,2014,NA
I28285804,2015,NA
I28285804,2016,NA
I28285804,2017,NA
I28285804,2018,NA
I28285804,2019,NA
I28285804,2020,3431
I28285804,2021,4361
I28285804,2022,5355
I28285804,2023,4016
I28285804,2024,3316
I28285804,2025,2441
I4210127389,2006,0
I4210127389,2007,1
I4210127389,2008,2
I4210127389,2009,1
I4210127389,2010,0
I4210127389,2011,0
I4210127389,2012,64
I4210127389,2013,0
I4210127389,2014,19
I4210127389,2015,8
I4210127389,2016,0
I4210127389,2017,0
I4210127389,2018,172
I4210127389,2019,41
I4210127389,2020,104
I4210127389,2021,166
I4210127389,2022,612
I4210127389,2023,383
I4210127389,2024,135
I4210127389,2025,118
I4210145739,2006,0
I4210145739,2007,0
I4210145739,2008,18
I4210145739,2009,0
I4210145739,2010,0
I4210145739,2011,58
I4210145739,2012,93
I4210145739,2013,160
I4210145739,2014,156
I4210145739,2015,161
I4210145739,2016,126
I4210145739,2017,86
I4210145739,2018,131
I4210145739,2019,174
I4210145739,2020,75
I4210145739,2021,65
I4210145739,2022,35
I4210145739,2023,85
I4210145739,2024,21
I4210145739,2025,5
I4210103375,2006,5
I4210103375,2007,0
I4210103375,2008,14
I4210103375,2009,0
I4210103375,2010,5
I4210103375,2011,92
I4210103375,2012,57
I4210103375,2013,13
I4210103375,2014,203
I4210103375,2015,207
I4210103375,2016,405
I4210103375,2017,53
I4210103375,2018,469
I4210103375,2019,369
I4210103375,2020,451
I4210103375,2021,413
I4210103375,2022,624
I4210103375,2023,1021
I4210103375,2024,929
I4210103375,2025,337
I4405260281,2006,0
I4405260281,2007,0
I4405260281,2008,0
I4405260281,2009,0
I4405260281,2010,0
I4405260281,2011,0
I4405260281,2012,0
I4405260281,2013,0
I4405260281,2014,0
I4405260281,2015,0
I4405260281,2016,0
I4405260281,2017,0
I4405260281,2018,0
I4405260281,2019,0
I4405260281,2020,0
I4405260281,2021,0
I4405260281,2022,0
I4405260281,2023,0
I4405260281,2024,0
I4405260281,2025,0
I60060512,2006,4049
I60060512,2007,3124
I60060512,2008,4118
I60060512,2009,5596
I60060512,2010,5075
I60060512,2011,5145
I60060512,2012,3463
I60060512,2013,5151
I60060512,2014,5360
I60060512,2015,8717
I60060512,2016,30356
I60060512,2017,27411
I60060512,2018,9906
I60060512,2019,10245
I60060512,2020,6946
I60060512,2021,7289
I60060512,2022,2078
I60060512,2023,1805
I60060512,2024,930
I60060512,2025,193
I137616099,2006,3223
I137616099,2007,3444
I137616099,2008,6148
I137616099,2009,8150
I137616099,2010,10089
I137616099,2011,9277
I137616099,2012,10153
I137616099,2013,12753
I137616099,2014,13377
I137616099,2015,12550
I137616099,2016,16185
I137616099,2017,19427
I137616099,2018,21303
I137616099,2019,26549
I137616099,2020,20415
I137616099,2021,13449
I137616099,2022,13130
I137616099,2023,8082
I137616099,2024,5648
I137616099,2025,2352
I38365063,2006,1163
I38365063,2007,1648
I38365063,2008,1169
I38365063,2009,2099
I38365063,2010,2197
I38365063,2011,4119
I38365063,2012,1676
I38365063,2013,1470
I38365063,2014,1172
I38365063,2015,656
I38365063,2016,1309
I38365063,2017,414
I38365063,2018,542
I38365063,2019,584
I38365063,2020,696
I38365063,2021,815
I38365063,2022,345
I38365063,2023,214
I38365063,2024,288
I38365063,2025,102
I63596082,2006,3662
I63596082,2007,4132
I63596082,2008,5233
I63596082,2009,6345
I63596082,2010,10379
I63596082,2011,11178
I63596082,2012,12860
I63596082,2013,17081
I63596082,2014,20015
I63596082,2015,25840
I63596082,2016,30512
I63596082,2017,34471
I63596082,2018,34150
I63596082,2019,33060
I63596082,2020,36897
I63596082,2021,28754
I63596082,2022,25936
I63596082,2023,17387
I63596082,2024,11507
I63596082,2025,3743
I108714496,2006,7489
I108714496,2007,8322
I108714496,2008,10628
I108714496,2009,12116
I108714496,2010,14752
I108714496,2011,15661
I108714496,2012,14218
I108714496,2013,18955
I108714496,2014,29383
I108714496,2015,22849
I108714496,2016,25498
I108714496,2017,27348
I108714496,2018,24468
I108714496,2019,21670
I108714496,2020,22155
I108714496,2021,22369
I108714496,2022,17392
I108714496,2023,13558
I108714496,2024,7764
I108714496,2025,1959
I2800887215,2006,1415
I2800887215,2007,771
I2800887215,2008,577
I2800887215,2009,1058
I2800887215,2010,1491
I2800887215,2011,1336
I2800887215,2012,790
I2800887215,2013,1492
I2800887215,2014,1621
I2800887215,2015,863
I2800887215,2016,1416
I2800887215,2017,1903
I2800887215,2018,1290
I2800887215,2019,1254
I2800887215,2020,1715
I2800887215,2021,2026
I2800887215,2022,2837
I2800887215,2023,848
I2800887215,2024,475
I2800887215,2025,187
I3129295481,2006,11
I3129295481,2007,258
I3129295481,2008,127
I3129295481,2009,59
I3129295481,2010,665
I3129295481,2011,195
I3129295481,2012,89
I3129295481,2013,149
I3129295481,2014,346
I3129295481,2015,336
I3129295481,2016,358
I3129295481,2017,317
I3129295481,2018,306
I3129295481,2019,162
I3129295481,2020,282
I3129295481,2021,380
I3129295481,2022,258
I3129295481,2023,246
I3129295481,2024,232
I3129295481,2025,155
I92808645,2006,0
I92808645,2007,217
I92808645,2008,4
I92808645,2009,17
I92808645,2010,53
I92808645,2011,544
I92808645,2012,132
I92808645,2013,441
I92808645,2014,194
I92808645,2015,79
I92808645,2016,223
I92808645,2017,458
I92808645,2018,546
I92808645,2019,341
I92808645,2020,319
I92808645,2021,357
I92808645,2022,575
I92808645,2023,200
I92808645,2024,292
I92808645,2025,204
I4210159211,2006,0
I4210159211,2007,5
I4210159211,2008,0
I4210159211,2009,26
I4210159211,2010,1
I4210159211,2011,43
I4210159211,2012,5
I4210159211,2013,5
I4210159211,2014,0
I4210159211,2015,1
I4210159211,2016,2
I4210159211,2017,1
I4210159211,2018,0
I4210159211,2019,3
I4210159211,2020,0
I4210159211,2021,0
I4210159211,2022,0
I4210159211,2023,8
I4210159211,2024,1
I4210159211,2025,3
I4210157324,2006,0
I4210157324,2007,0
I4210157324,2008,0
I4210157324,2009,0
I4210157324,2010,1
I4210157324,2011,0
I4210157324,2012,5
I4210157324,2013,33
I4210157324,2014,1
I4210157324,2015,63
I4210157324,2016,8
I4210157324,2017,63
I4210157324,2018,194
I4210157324,2019,131
I4210157324,2020,178
I4210157324,2021,161
I4210157324,2022,98
I4210157324,2023,28
I4210157324,2024,17
I4210157324,2025,3
I230965063,2006,2
I230965063,2007,0
I230965063,2008,95
I230965063,2009,211
I230965063,2010,20
I230965063,2011,57
I230965063,2012,137
I230965063,2013,296
I230965063,2014,839
I230965063,2015,744
I230965063,2016,501
I230965063,2017,613
I230965063,2018,544
I230965063,2019,486
I230965063,2020,446
I230965063,2021,647
I230965063,2022,729
I230965063,2023,591
I230965063,2024,312
I230965063,2025,73
I199936661,2006,16
I199936661,2007,82
I199936661,2008,3
I199936661,2009,179
I199936661,2010,133
I199936661,2011,71
I199936661,2012,174
I199936661,2013,229
I199936661,2014,256
I199936661,2015,473
I199936661,2016,663
I199936661,2017,451
I199936661,2018,1521
I199936661,2019,771
I199936661,2020,875
I199936661,2021,706
I199936661,2022,831
I199936661,2023,726
I199936661,2024,367
I199936661,2025,202
I4210123676,2006,0
I4210123676,2007,0
I4210123676,2008,0
I4210123676,2009,0
I4210123676,2010,0
I4210123676,2011,0
I4210123676,2012,0
I4210123676,2013,0
I4210123676,2014,0
I4210123676,2015,0
I4210123676,2016,0
I4210123676,2017,29
I4210123676,2018,0
I4210123676,2019,0
I4210123676,2020,0
I4210123676,2021,1
I4210123676,2022,0
I4210123676,2023,0
I4210123676,2024,0
I4210123676,2025,1
I4210115927,2006,0
I4210115927,2007,0
I4210115927,2008,0
I4210115927,2009,0
I4210115927,2010,0
I4210115927,2011,0
I4210115927,2012,0
I4210115927,2013,0
I4210115927,2014,0
I4210115927,2015,0
I4210115927,2016,0
I4210115927,2017,0
I4210115927,2018,0
I4210115927,2019,0
I4210115927,2020,0
I4210115927,2021,0
I4210115927,2022,0
I4210115927,2023,1
I4210115927,2024,0
I4210115927,2025,8
I3132347332,2006,0
I3132347332,2007,0
I3132347332,2008,0
I3132347332,2009,0
I3132347332,2010,12
I3132347332,2011,23
I3132347332,2012,13
I3132347332,2013,32
I3132347332,2014,22
I3132347332,2015,50
I3132347332,2016,27
I3132347332,2017,40
I3132347332,2018,49
I3132347332,2019,28
I3132347332,2020,36
I3132347332,2021,17
I3132347332,2022,14
I3132347332,2023,8
I3132347332,2024,14
I3132347332,2025,2
I327500432,2006,0
I327500432,2007,0
I327500432,2008,0
I327500432,2009,0
I327500432,2010,79
I327500432,2011,76
I327500432,2012,37
I327500432,2013,444
I327500432,2014,506
I327500432,2015,389
I327500432,2016,906
I327500432,2017,563
I327500432,2018,605
I327500432,2019,815
I327500432,2020,1125
I327500432,2021,682
I327500432,2022,569
I327500432,2023,778
I327500432,2024,529
I327500432,2025,192
I3130817511,2006,52
I3130817511,2007,138
I3130817511,2008,315
I3130817511,2009,80
I3130817511,2010,122
I3130817511,2011,112
I3130817511,2012,131
I3130817511,2013,55
I3130817511,2014,166
I3130817511,2015,192
I3130817511,2016,140
I3130817511,2017,260
I3130817511,2018,468
I3130817511,2019,269
I3130817511,2020,87
I3130817511,2021,210
I3130817511,2022,224
I3130817511,2023,263
I3130817511,2024,71
I3130817511,2025,33
I3133343259,2006,47
I3133343259,2007,18
I3133343259,2008,0
I3133343259,2009,1
I3133343259,2010,0
I3133343259,2011,20
I3133343259,2012,10
I3133343259,2013,0
I3133343259,2014,73
I3133343259,2015,20
I3133343259,2016,237
I3133343259,2017,172
I3133343259,2018,160
I3133343259,2019,21
I3133343259,2020,227
I3133343259,2021,176
I3133343259,2022,641
I3133343259,2023,222
I3133343259,2024,55
I3133343259,2025,47
I4210163681,2006,0
I4210163681,2007,0
I4210163681,2008,0
I4210163681,2009,0
I4210163681,2010,0
I4210163681,2011,0
I4210163681,2012,2
I4210163681,2013,0
I4210163681,2014,8
I4210163681,2015,0
I4210163681,2016,2
I4210163681,2017,58
I4210163681,2018,2
I4210163681,2019,14
I4210163681,2020,3
I4210163681,2021,0
I4210163681,2022,0
I4210163681,2023,7
I4210163681,2024,13
I4210163681,2025,2
I4210139384,2006,0
I4210139384,2007,0
I4210139384,2008,0
I4210139384,2009,0
I4210139384,2010,9
I4210139384,2011,0
I4210139384,2012,0
I4210139384,2013,51
I4210139384,2014,16
I4210139384,2015,0
I4210139384,2016,0
I4210139384,2017,1
I4210139384,2018,0
I4210139384,2019,2
I4210139384,2020,1
I4210139384,2021,3
I4210139384,2022,87
I4210139384,2023,10
I4210139384,2024,7
I4210139384,2025,0
I4210159989,2006,0
I4210159989,2007,58
I4210159989,2008,21
I4210159989,2009,0
I4210159989,2010,490
I4210159989,2011,347
I4210159989,2012,9
I4210159989,2013,243
I4210159989,2014,331
I4210159989,2015,368
I4210159989,2016,237
I4210159989,2017,312
I4210159989,2018,448
I4210159989,2019,769
I4210159989,2020,906
I4210159989,2021,1849
I4210159989,2022,1225
I4210159989,2023,379
I4210159989,2024,379
I4210159989,2025,206
I4210152827,2006,0
I4210152827,2007,1
I4210152827,2008,0
I4210152827,2009,0
I4210152827,2010,0
I4210152827,2011,8
I4210152827,2012,15
I4210152827,2013,103
I4210152827,2014,31
I4210152827,2015,34
I4210152827,2016,39
I4210152827,2017,40
I4210152827,2018,13
I4210152827,2019,19
I4210152827,2020,109
I4210152827,2021,79
I4210152827,2022,117
I4210152827,2023,25
I4210152827,2024,61
I4210152827,2025,12
I4210119741,2006,0
I4210119741,2007,0
I4210119741,2008,0
I4210119741,2009,0
I4210119741,2010,0
I4210119741,2011,0
I4210119741,2012,29
I4210119741,2013,199
I4210119741,2014,0
I4210119741,2015,62
I4210119741,2016,166
I4210119741,2017,205
I4210119741,2018,29
I4210119741,2019,325
I4210119741,2020,250
I4210119741,2021,127
I4210119741,2022,306
I4210119741,2023,136
I4210119741,2024,272
I4210119741,2025,64
I4210138499,2006,0
I4210138499,2007,0
I4210138499,2008,1
I4210138499,2009,0
I4210138499,2010,23
I4210138499,2011,0
I4210138499,2012,1
I4210138499,2013,240
I4210138499,2014,25
I4210138499,2015,1
I4210138499,2016,21
I4210138499,2017,0
I4210138499,2018,16
I4210138499,2019,30
I4210138499,2020,3
I4210138499,2021,37
I4210138499,2022,98
I4210138499,2023,64
I4210138499,2024,12
I4210138499,2025,25
I4210152842,2006,0
I4210152842,2007,0
I4210152842,2008,0
I4210152842,2009,0
I4210152842,2010,0
I4210152842,2011,0
I4210152842,2012,0
I4210152842,2013,0
I4210152842,2014,0
I4210152842,2015,0
I4210152842,2016,3
I4210152842,2017,0
I4210152842,2018,4
I4210152842,2019,2
I4210152842,2020,2
I4210152842,2021,0
I4210152842,2022,177
I4210152842,2023,18
I4210152842,2024,0
I4210152842,2025,1
I4210105134,2006,48
I4210105134,2007,0
I4210105134,2008,0
I4210105134,2009,0
I4210105134,2010,0
I4210105134,2011,3
I4210105134,2012,0
I4210105134,2013,1
I4210105134,2014,22
I4210105134,2015,8
I4210105134,2016,3
I4210105134,2017,66
I4210105134,2018,51
I4210105134,2019,15
I4210105134,2020,33
I4210105134,2021,99
I4210105134,2022,20
I4210105134,2023,22
I4210105134,2024,7
I4210105134,2025,5
I4210116901,2006,1
I4210116901,2007,0
I4210116901,2008,0
I4210116901,2009,0
I4210116901,2010,16
I4210116901,2011,1
I4210116901,2012,35
I4210116901,2013,0
I4210116901,2014,1
I4210116901,2015,2
I4210116901,2016,53
I4210116901,2017,0
I4210116901,2018,64
I4210116901,2019,23
I4210116901,2020,17
I4210116901,2021,1
I4210116901,2022,5
I4210116901,2023,9
I4210116901,2024,6
I4210116901,2025,7
I4210098919,2006,0
I4210098919,2007,0
I4210098919,2008,0
I4210098919,2009,0
I4210098919,2010,0
I4210098919,2011,0
I4210098919,2012,0
I4210098919,2013,0
I4210098919,2014,0
I4210098919,2015,0
I4210098919,2016,0
I4210098919,2017,0
I4210098919,2018,0
I4210098919,2019,0
I4210098919,2020,0
I4210098919,2021,0
I4210098919,2022,0
I4210098919,2023,0
I4210098919,2024,0
I4210098919,2025,0
I4405258496,2006,0
I4405258496,2007,0
I4405258496,2008,0
I4405258496,2009,0
I4405258496,2010,0
I4405258496,2011,0
I4405258496,2012,0
I4405258496,2013,0
I4405258496,2014,0
I4405258496,2015,0
I4405258496,2016,0
I4405258496,2017,0
I4405258496,2018,0
I4405258496,2019,0
I4405258496,2020,0
I4405258496,2021,0
I4405258496,2022,0
I4405258496,2023,0
I4405258496,2024,0
I4405258496,2025,0
I4210120595,2006,0
I4210120595,2007,0
I4210120595,2008,0
I4210120595,2009,0
I4210120595,2010,0
I4210120595,2011,5
I4210120595,2012,33
I4210120595,2013,2
I4210120595,2014,50
I4210120595,2015,67
I4210120595,2016,63
I4210120595,2017,389
I4210120595,2018,11
I4210120595,2019,23
I4210120595,2020,57
I4210120595,2021,8
I4210120595,2022,76
I4210120595,2023,60
I4210120595,2024,17
I4210120595,2025,105
I4405261565,2006,0
I4405261565,2007,0
I4405261565,2008,0
I4405261565,2009,0
I4405261565,2010,0
I4405261565,2011,0
I4405261565,2012,0
I4405261565,2013,0
I4405261565,2014,0
I4405261565,2015,0
I4405261565,2016,0
I4405261565,2017,0
I4405261565,2018,0
I4405261565,2019,0
I4405261565,2020,0
I4405261565,2021,0
I4405261565,2022,0
I4405261565,2023,0
I4405261565,2024,0
I4405261565,2025,0
I4210164448,2006,55
I4210164448,2007,9
I4210164448,2008,2
I4210164448,2009,553
I4210164448,2010,32
I4210164448,2011,0
I4210164448,2012,226
I4210164448,2013,33
I4210164448,2014,43
I4210164448,2015,45
I4210164448,2016,228
I4210164448,2017,299
I4210164448,2018,113
I4210164448,2019,159
I4210164448,2020,63
I4210164448,2021,96
I4210164448,2022,115
I4210164448,2023,48
I4210164448,2024,20
I4210164448,2025,7
I4210163474,2006,0
I4210163474,2007,0
I4210163474,2008,2
I4210163474,2009,0
I4210163474,2010,0
I4210163474,2011,0
I4210163474,2012,10
I4210163474,2013,0
I4210163474,2014,0
I4210163474,2015,0
I4210163474,2016,0
I4210163474,2017,19
I4210163474,2018,49
I4210163474,2019,0
I4210163474,2020,160
I4210163474,2021,34
I4210163474,2022,10
I4210163474,2023,0
I4210163474,2024,34
I4210163474,2025,5
I4405261374,2006,0
I4405261374,2007,0
I4405261374,2008,0
I4405261374,2009,0
I4405261374,2010,0
I4405261374,2011,0
I4405261374,2012,0
I4405261374,2013,0
I4405261374,2014,0
I4405261374,2015,0
I4405261374,2016,0
I4405261374,2017,0
I4405261374,2018,0
I4405261374,2019,0
I4405261374,2020,0
I4405261374,2021,0
I4405261374,2022,0
I4405261374,2023,0
I4405261374,2024,0
I4405261374,2025,0
I4210096134,2006,538
I4210096134,2007,432
I4210096134,2008,563
I4210096134,2009,435
I4210096134,2010,583
I4210096134,2011,1203
I4210096134,2012,459
I4210096134,2013,625
I4210096134,2014,548
I4210096134,2015,565
I4210096134,2016,791
I4210096134,2017,648
I4210096134,2018,394
I4210096134,2019,484
I4210096134,2020,328
I4210096134,2021,703
I4210096134,2022,407
I4210096134,2023,312
I4210096134,2024,245
I4210096134,2025,265
I4405255432,2006,0
I4405255432,2007,0
I4405255432,2008,0
I4405255432,2009,0
I4405255432,2010,0
I4405255432,2011,0
I4405255432,2012,0
I4405255432,2013,0
I4405255432,2014,0
I4405255432,2015,0
I4405255432,2016,0
I4405255432,2017,0
I4405255432,2018,0
I4405255432,2019,0
I4405255432,2020,0
I4405255432,2021,0
I4405255432,2022,0
I4405255432,2023,0
I4405255432,2024,0
I4405255432,2025,0
I4210149956,2006,4
I4210149956,2007,0
I4210149956,2008,2
I4210149956,2009,0
I4210149956,2010,2
I4210149956,2011,0
I4210149956,2012,0
I4210149956,2013,0
I4210149956,2014,0
I4210149956,2015,3
I4210149956,2016,18
I4210149956,2017,10
I4210149956,2018,33
I4210149956,2019,11
I4210149956,2020,48
I4210149956,2021,88
I4210149956,2022,75
I4210149956,2023,7
I4210149956,2024,3
I4210149956,2025,2
I4210130263,2006,11
I4210130263,2007,1
I4210130263,2008,48
I4210130263,2009,0
I4210130263,2010,0
I4210130263,2011,32
I4210130263,2012,4
I4210130263,2013,63
I4210130263,2014,4
I4210130263,2015,0
I4210130263,2016,32
I4210130263,2017,4
I4210130263,2018,22
I4210130263,2019,28
I4210130263,2020,6
I4210130263,2021,25
I4210130263,2022,12
I4210130263,2023,13
I4210130263,2024,6
I4210130263,2025,10
I4210118949,2006,0
I4210118949,2007,9
I4210118949,2008,61
I4210118949,2009,9
I4210118949,2010,0
I4210118949,2011,37
I4210118949,2012,82
I4210118949,2013,2
I4210118949,2014,32
I4210118949,2015,59
I4210118949,2016,24
I4210118949,2017,90
I4210118949,2018,99
I4210118949,2019,239
I4210118949,2020,522
I4210118949,2021,548
I4210118949,2022,370
I4210118949,2023,111
I4210118949,2024,223
I4210118949,2025,73
I4405260293,2006,0
I4405260293,2007,0
I4405260293,2008,0
I4405260293,2009,0
I4405260293,2010,0
I4405260293,2011,0
I4405260293,2012,0
I4405260293,2013,0
I4405260293,2014,0
I4405260293,2015,0
I4405260293,2016,0
I4405260293,2017,0
I4405260293,2018,0
I4405260293,2019,0
I4405260293,2020,0
I4405260293,2021,0
I4405260293,2022,0
I4405260293,2023,0
I4405260293,2024,0
I4405260293,2025,0
I4405266030,2006,0
I4405266030,2007,0
I4405266030,2008,0
I4405266030,2009,0
I4405266030,2010,0
I4405266030,2011,0
I4405266030,2012,0
I4405266030,2013,0
I4405266030,2014,0
I4405266030,2015,0
I4405266030,2016,0
I4405266030,2017,0
I4405266030,2018,0
I4405266030,2019,0
I4405266030,2020,0
I4405266030,2021,0
I4405266030,2022,0
I4405266030,2023,0
I4405266030,2024,0
I4405266030,2025,0
I4210105945,2006,15
I4210105945,2007,15
I4210105945,2008,13
I4210105945,2009,1
I4210105945,2010,152
I4210105945,2011,0
I4210105945,2012,37
I4210105945,2013,4
I4210105945,2014,40
I4210105945,2015,20
I4210105945,2016,27
I4210105945,2017,66
I4210105945,2018,27
I4210105945,2019,23
I4210105945,2020,48
I4210105945,2021,41
I4210105945,2022,18
I4210105945,2023,1
I4210105945,2024,9
I4210105945,2025,9
I4210167342,2006,0
I4210167342,2007,0
I4210167342,2008,0
I4210167342,2009,0
I4210167342,2010,0
I4210167342,2011,415
I4210167342,2012,0
I4210167342,2013,0
I4210167342,2014,0
I4210167342,2015,0
I4210167342,2016,0
I4210167342,2017,12
I4210167342,2018,0
I4210167342,2019,0
I4210167342,2020,2
I4210167342,2021,8
I4210167342,2022,20
I4210167342,2023,3
I4210167342,2024,3
I4210167342,2025,1
I4210163272,2006,0
I4210163272,2007,0
I4210163272,2008,0
I4210163272,2009,0
I4210163272,2010,0
I4210163272,2011,0
I4210163272,2012,0
I4210163272,2013,0
I4210163272,2014,1
I4210163272,2015,4
I4210163272,2016,0
I4210163272,2017,0
I4210163272,2018,0
I4210163272,2019,0
I4210163272,2020,0
I4210163272,2021,0
I4210163272,2022,0
I4210163272,2023,13
I4210163272,2024,0
I4210163272,2025,1
I4405253896,2006,0
I4405253896,2007,0
I4405253896,2008,0
I4405253896,2009,0
I4405253896,2010,0
I4405253896,2011,0
I4405253896,2012,0
I4405253896,2013,0
I4405253896,2014,0
I4405253896,2015,0
I4405253896,2016,0
I4405253896,2017,0
I4405253896,2018,0
I4405253896,2019,0
I4405253896,2020,0
I4405253896,2021,0
I4405253896,2022,0
I4405253896,2023,0
I4405253896,2024,0
I4405253896,2025,0
I4405257451,2006,0
I4405257451,2007,0
I4405257451,2008,0
I4405257451,2009,0
I4405257451,2010,0
I4405257451,2011,0
I4405257451,2012,0
I4405257451,2013,0
I4405257451,2014,0
I4405257451,2015,0
I4405257451,2016,0
I4405257451,2017,0
I4405257451,2018,0
I4405257451,2019,0
I4405257451,2020,0
I4405257451,2021,0
I4405257451,2022,0
I4405257451,2023,0
I4405257451,2024,0
I4405257451,2025,0
I4392738204,2006,0
I4392738204,2007,0
I4392738204,2008,0
I4392738204,2009,0
I4392738204,2010,0
I4392738204,2011,0
I4392738204,2012,0
I4392738204,2013,0
I4392738204,2014,0
I4392738204,2015,0
I4392738204,2016,1
I4392738204,2017,47
I4392738204,2018,0
I4392738204,2019,50
I4392738204,2020,307
I4392738204,2021,203
I4392738204,2022,227
I4392738204,2023,467
I4392738204,2024,253
I4392738204,2025,17
I2801170945,2006,0
I2801170945,2007,0
I2801170945,2008,15
I2801170945,2009,22
I2801170945,2010,17
I2801170945,2011,10
I2801170945,2012,106
I2801170945,2013,121
I2801170945,2014,0
I2801170945,2015,10
I2801170945,2016,185
I2801170945,2017,99
I2801170945,2018,136
I2801170945,2019,125
I2801170945,2020,125
I2801170945,2021,39
I2801170945,2022,22
I2801170945,2023,14
I2801170945,2024,34
I2801170945,2025,1
I4210166331,2006,0
I4210166331,2007,0
I4210166331,2008,0
I4210166331,2009,0
I4210166331,2010,0
I4210166331,2011,0
I4210166331,2012,0
I4210166331,2013,0
I4210166331,2014,0
I4210166331,2015,0
I4210166331,2016,0
I4210166331,2017,0
I4210166331,2018,0
I4210166331,2019,0
I4210166331,2020,0
I4210166331,2021,0
I4210166331,2022,0
I4210166331,2023,9
I4210166331,2024,0
I4210166331,2025,0
I3130259207,2006,0
I3130259207,2007,0
I3130259207,2008,0
I3130259207,2009,0
I3130259207,2010,0
I3130259207,2011,0
I3130259207,2012,0
I3130259207,2013,0
I3130259207,2014,0
I3130259207,2015,0
I3130259207,2016,2
I3130259207,2017,1
I3130259207,2018,0
I3130259207,2019,60
I3130259207,2020,4
I3130259207,2021,50
I3130259207,2022,8
I3130259207,2023,38
I3130259207,2024,24
I3130259207,2025,26
I4210162553,2006,26
I4210162553,2007,6
I4210162553,2008,0
I4210162553,2009,164
I4210162553,2010,5
I4210162553,2011,134
I4210162553,2012,108
I4210162553,2013,56
I4210162553,2014,69
I4210162553,2015,220
I4210162553,2016,80
I4210162553,2017,152
I4210162553,2018,478
I4210162553,2019,419
I4210162553,2020,151
I4210162553,2021,252
I4210162553,2022,296
I4210162553,2023,248
I4210162553,2024,223
I4210162553,2025,165
I4210148074,2006,38
I4210148074,2007,21
I4210148074,2008,39
I4210148074,2009,13
I4210148074,2010,149
I4210148074,2011,182
I4210148074,2012,264
I4210148074,2013,404
I4210148074,2014,272
I4210148074,2015,356
I4210148074,2016,556
I4210148074,2017,289
I4210148074,2018,398
I4210148074,2019,456
I4210148074,2020,840
I4210148074,2021,1128
I4210148074,2022,460
I4210148074,2023,500
I4210148074,2024,592
I4210148074,2025,233
I40193446,2006,3007
I40193446,2007,2833
I40193446,2008,3739
I40193446,2009,4105
I40193446,2010,2790
I40193446,2011,4662
I40193446,2012,3704
I40193446,2013,5161
I40193446,2014,6140
I40193446,2015,7270
I40193446,2016,6868
I40193446,2017,11692
I40193446,2018,9682
I40193446,2019,10481
I40193446,2020,9039
I40193446,2021,9551
I40193446,2022,6989
I40193446,2023,7339
I40193446,2024,5975
I40193446,2025,3314
I125485651,2006,2757
I125485651,2007,2882
I125485651,2008,2955
I125485651,2009,4344
I125485651,2010,3738
I125485651,2011,3935
I125485651,2012,4514
I125485651,2013,4619
I125485651,2014,6017
I125485651,2015,6162
I125485651,2016,7790
I125485651,2017,8733
I125485651,2018,8622
I125485651,2019,6937
I125485651,2020,8945
I125485651,2021,7263
I125485651,2022,5324
I125485651,2023,5211
I125485651,2024,3981
I125485651,2025,1742
I4210128965,2006,474
I4210128965,2007,1149
I4210128965,2008,1150
I4210128965,2009,638
I4210128965,2010,752
I4210128965,2011,1004
I4210128965,2012,563
I4210128965,2013,770
I4210128965,2014,665
I4210128965,2015,1162
I4210128965,2016,1342
I4210128965,2017,1995
I4210128965,2018,2347
I4210128965,2019,1064
I4210128965,2020,1658
I4210128965,2021,2072
I4210128965,2022,1709
I4210128965,2023,3161
I4210128965,2024,2653
I4210128965,2025,930
I83291730,2006,827
I83291730,2007,790
I83291730,2008,394
I83291730,2009,1414
I83291730,2010,405
I83291730,2011,817
I83291730,2012,1850
I83291730,2013,2622
I83291730,2014,4081
I83291730,2015,5159
I83291730,2016,5023
I83291730,2017,6117
I83291730,2018,8773
I83291730,2019,14277
I83291730,2020,11665
I83291730,2021,10845
I83291730,2022,9943
I83291730,2023,7905
I83291730,2024,4511
I83291730,2025,2011
I4405257265,2006,0
I4405257265,2007,0
I4405257265,2008,0
I4405257265,2009,0
I4405257265,2010,0
I4405257265,2011,0
I4405257265,2012,0
I4405257265,2013,0
I4405257265,2014,0
I4405257265,2015,0
I4405257265,2016,0
I4405257265,2017,0
I4405257265,2018,0
I4405257265,2019,0
I4405257265,2020,0
I4405257265,2021,0
I4405257265,2022,0
I4405257265,2023,0
I4405257265,2024,0
I4405257265,2025,0
I4405256953,2006,0
I4405256953,2007,0
I4405256953,2008,0
I4405256953,2009,0
I4405256953,2010,0
I4405256953,2011,0
I4405256953,2012,0
I4405256953,2013,0
I4405256953,2014,0
I4405256953,2015,0
I4405256953,2016,0
I4405256953,2017,0
I4405256953,2018,0
I4405256953,2019,0
I4405256953,2020,0
I4405256953,2021,0
I4405256953,2022,0
I4405256953,2023,0
I4405256953,2024,0
I4405256953,2025,0
I4405253411,2006,0
I4405253411,2007,0
I4405253411,2008,0
I4405253411,2009,0
I4405253411,2010,0
I4405253411,2011,0
I4405253411,2012,0
I4405253411,2013,0
I4405253411,2014,0
I4405253411,2015,0
I4405253411,2016,0
I4405253411,2017,0
I4405253411,2018,0
I4405253411,2019,0
I4405253411,2020,0
I4405253411,2021,0
I4405253411,2022,0
I4405253411,2023,0
I4405253411,2024,0
I4405253411,2025,0
I4210107086,2006,68
I4210107086,2007,171
I4210107086,2008,973
I4210107086,2009,251
I4210107086,2010,289
I4210107086,2011,144
I4210107086,2012,183
I4210107086,2013,283
I4210107086,2014,401
I4210107086,2015,207
I4210107086,2016,871
I4210107086,2017,263
I4210107086,2018,215
I4210107086,2019,2255
I4210107086,2020,927
I4210107086,2021,1037
I4210107086,2022,1694
I4210107086,2023,911
I4210107086,2024,542
I4210107086,2025,310
I192268740,2006,458
I192268740,2007,1064
I192268740,2008,1069
I192268740,2009,1312
I192268740,2010,2424
I192268740,2011,1808
I192268740,2012,2313
I192268740,2013,2412
I192268740,2014,2929
I192268740,2015,5056
I192268740,2016,3827
I192268740,2017,4172
I192268740,2018,3924
I192268740,2019,4011
I192268740,2020,4012
I192268740,2021,3905
I192268740,2022,3085
I192268740,2023,2478
I192268740,2024,1732
I192268740,2025,979
I137724175,2006,2883
I137724175,2007,2500
I137724175,2008,3659
I137724175,2009,3479
I137724175,2010,2984
I137724175,2011,4000
I137724175,2012,1893
I137724175,2013,2869
I137724175,2014,3254
I137724175,2015,3057
I137724175,2016,4260
I137724175,2017,11741
I137724175,2018,5465
I137724175,2019,3533
I137724175,2020,4899
I137724175,2021,5951
I137724175,2022,4191
I137724175,2023,2193
I137724175,2024,1513
I137724175,2025,823
I2802394218,2006,103
I2802394218,2007,10
I2802394218,2008,79
I2802394218,2009,74
I2802394218,2010,291
I2802394218,2011,775
I2802394218,2012,177
I2802394218,2013,225
I2802394218,2014,284
I2802394218,2015,149
I2802394218,2016,239
I2802394218,2017,512
I2802394218,2018,121
I2802394218,2019,284
I2802394218,2020,279
I2802394218,2021,348
I2802394218,2022,262
I2802394218,2023,146
I2802394218,2024,91
I2802394218,2025,26
I3130965160,2006,154
I3130965160,2007,71
I3130965160,2008,25
I3130965160,2009,31
I3130965160,2010,363
I3130965160,2011,82
I3130965160,2012,29
I3130965160,2013,374
I3130965160,2014,83
I3130965160,2015,169
I3130965160,2016,448
I3130965160,2017,201
I3130965160,2018,88
I3130965160,2019,543
I3130965160,2020,327
I3130965160,2021,401
I3130965160,2022,281
I3130965160,2023,478
I3130965160,2024,389
I3130965160,2025,199
I86539363,2006,2128
I86539363,2007,700
I86539363,2008,480
I86539363,2009,718
I86539363,2010,808
I86539363,2011,1046
I86539363,2012,957
I86539363,2013,2090
I86539363,2014,543
I86539363,2015,1278
I86539363,2016,1108
I86539363,2017,1659
I86539363,2018,2156
I86539363,2019,2045
I86539363,2020,2669
I86539363,2021,1552
I86539363,2022,1115
I86539363,2023,747
I86539363,2024,406
I86539363,2025,234
I3129199519,2006,0
I3129199519,2007,226
I3129199519,2008,550
I3129199519,2009,150
I3129199519,2010,38
I3129199519,2011,63
I3129199519,2012,0
I3129199519,2013,21
I3129199519,2014,67
I3129199519,2015,214
I3129199519,2016,51
I3129199519,2017,106
I3129199519,2018,74
I3129199519,2019,151
I3129199519,2020,30
I3129199519,2021,53
I3129199519,2022,7
I3129199519,2023,23
I3129199519,2024,30
I3129199519,2025,13
I2802194555,2006,0
I2802194555,2007,15
I2802194555,2008,74
I2802194555,2009,93
I2802194555,2010,24
I2802194555,2011,19
I2802194555,2012,80
I2802194555,2013,0
I2802194555,2014,30
I2802194555,2015,30
I2802194555,2016,125
I2802194555,2017,6
I2802194555,2018,126
I2802194555,2019,102
I2802194555,2020,49
I2802194555,2021,51
I2802194555,2022,84
I2802194555,2023,43
I2802194555,2024,49
I2802194555,2025,161
I4210148209,2006,68
I4210148209,2007,15
I4210148209,2008,28
I4210148209,2009,12
I4210148209,2010,38
I4210148209,2011,9
I4210148209,2012,99
I4210148209,2013,1129
I4210148209,2014,418
I4210148209,2015,608
I4210148209,2016,512
I4210148209,2017,600
I4210148209,2018,820
I4210148209,2019,1121
I4210148209,2020,1485
I4210148209,2021,1296
I4210148209,2022,673
I4210148209,2023,856
I4210148209,2024,582
I4210148209,2025,269
I3129221262,2006,0
I3129221262,2007,0
I3129221262,2008,0
I3129221262,2009,0
I3129221262,2010,38
I3129221262,2011,10
I3129221262,2012,25
I3129221262,2013,101
I3129221262,2014,107
I3129221262,2015,15
I3129221262,2016,137
I3129221262,2017,17
I3129221262,2018,9
I3129221262,2019,10
I3129221262,2020,26
I3129221262,2021,20
I3129221262,2022,128
I3129221262,2023,476
I3129221262,2024,253
I3129221262,2025,72
I41343362,2006,2312
I41343362,2007,2278
I41343362,2008,2388
I41343362,2009,6796
I41343362,2010,4286
I41343362,2011,4392
I41343362,2012,5264
I41343362,2013,3544
I41343362,2014,2706
I41343362,2015,3432
I41343362,2016,2416
I41343362,2017,2798
I41343362,2018,3222
I41343362,2019,3115
I41343362,2020,2920
I41343362,2021,2267
I41343362,2022,1894
I41343362,2023,907
I41343362,2024,751
I41343362,2025,186
I263774594,2006,145
I263774594,2007,206
I263774594,2008,211
I263774594,2009,171
I263774594,2010,249
I263774594,2011,106
I263774594,2012,651
I263774594,2013,1137
I263774594,2014,4921
I263774594,2015,1777
I263774594,2016,1781
I263774594,2017,2109
I263774594,2018,2172
I263774594,2019,3780
I263774594,2020,7384
I263774594,2021,4910
I263774594,2022,5047
I263774594,2023,3773
I263774594,2024,2474
I263774594,2025,1850
I4210165398,2006,0
I4210165398,2007,0
I4210165398,2008,0
I4210165398,2009,45
I4210165398,2010,0
I4210165398,2011,0
I4210165398,2012,25
I4210165398,2013,0
I4210165398,2014,0
I4210165398,2015,25
I4210165398,2016,5
I4210165398,2017,269
I4210165398,2018,0
I4210165398,2019,14
I4210165398,2020,13
I4210165398,2021,116
I4210165398,2022,220
I4210165398,2023,13
I4210165398,2024,55
I4210165398,2025,17
I4210112994,2006,330
I4210112994,2007,465
I4210112994,2008,474
I4210112994,2009,486
I4210112994,2010,507
I4210112994,2011,730
I4210112994,2012,1770
I4210112994,2013,1334
I4210112994,2014,974
I4210112994,2015,596
I4210112994,2016,952
I4210112994,2017,1274
I4210112994,2018,1328
I4210112994,2019,768
I4210112994,2020,2410
I4210112994,2021,1247
I4210112994,2022,1068
I4210112994,2023,615
I4210112994,2024,643
I4210112994,2025,184
I162489102,2006,660
I162489102,2007,1102
I162489102,2008,1594
I162489102,2009,8738
I162489102,2010,2263
I162489102,2011,2428
I162489102,2012,2435
I162489102,2013,2040
I162489102,2014,3490
I162489102,2015,3756
I162489102,2016,3888
I162489102,2017,4821
I162489102,2018,5689
I162489102,2019,4475
I162489102,2020,5020
I162489102,2021,5240
I162489102,2022,4005
I162489102,2023,3016
I162489102,2024,2601
I162489102,2025,1193
I143936627,2006,228
I143936627,2007,580
I143936627,2008,578
I143936627,2009,861
I143936627,2010,371
I143936627,2011,1510
I143936627,2012,903
I143936627,2013,712
I143936627,2014,1106
I143936627,2015,908
I143936627,2016,1177
I143936627,2017,1074
I143936627,2018,1059
I143936627,2019,1490
I143936627,2020,1329
I143936627,2021,1078
I143936627,2022,916
I143936627,2023,823
I143936627,2024,648
I143936627,2025,282
I31439502,2006,1081
I31439502,2007,1154
I31439502,2008,1149
I31439502,2009,838
I31439502,2010,907
I31439502,2011,1613
I31439502,2012,2832
I31439502,2013,1334
I31439502,2014,2420
I31439502,2015,2403
I31439502,2016,2214
I31439502,2017,2879
I31439502,2018,2689
I31439502,2019,2284
I31439502,2020,4541
I31439502,2021,5266
I31439502,2022,2399
I31439502,2023,2323
I31439502,2024,1117
I31439502,2025,509
I6406202,2006,4759
I6406202,2007,3593
I6406202,2008,3857
I6406202,2009,3754
I6406202,2010,5483
I6406202,2011,8055
I6406202,2012,4072
I6406202,2013,6449
I6406202,2014,5290
I6406202,2015,5493
I6406202,2016,5381
I6406202,2017,5670
I6406202,2018,6082
I6406202,2019,6817
I6406202,2020,8422
I6406202,2021,10187
I6406202,2022,7535
I6406202,2023,4677
I6406202,2024,4067
I6406202,2025,2330
I206961696,2006,556
I206961696,2007,802
I206961696,2008,560
I206961696,2009,955
I206961696,2010,1726
I206961696,2011,1225
I206961696,2012,2021
I206961696,2013,2710
I206961696,2014,3487
I206961696,2015,3974
I206961696,2016,3600
I206961696,2017,4420
I206961696,2018,4239
I206961696,2019,5130
I206961696,2020,5680
I206961696,2021,6637
I206961696,2022,5884
I206961696,2023,4948
I206961696,2024,3561
I206961696,2025,2567
I83332908,2006,1079
I83332908,2007,2868
I83332908,2008,1921
I83332908,2009,2764
I83332908,2010,3388
I83332908,2011,3856
I83332908,2012,3492
I83332908,2013,3929
I83332908,2014,4315
I83332908,2015,4401
I83332908,2016,5060
I83332908,2017,6318
I83332908,2018,5946
I83332908,2019,4305
I83332908,2020,11501
I83332908,2021,3903
I83332908,2022,4107
I83332908,2023,2601
I83332908,2024,3218
I83332908,2025,1210
I157273133,2006,7298
I157273133,2007,7429
I157273133,2008,5374
I157273133,2009,5756
I157273133,2010,7344
I157273133,2011,8998
I157273133,2012,7882
I157273133,2013,6465
I157273133,2014,6415
I157273133,2015,7334
I157273133,2016,8364
I157273133,2017,13522
I157273133,2018,8782
I157273133,2019,10200
I157273133,2020,9598
I157273133,2021,11171
I157273133,2022,8739
I157273133,2023,6446
I157273133,2024,4224
I157273133,2025,2614
I3129390127,2006,51
I3129390127,2007,12
I3129390127,2008,32
I3129390127,2009,66
I3129390127,2010,12
I3129390127,2011,55
I3129390127,2012,413
I3129390127,2013,226
I3129390127,2014,613
I3129390127,2015,2353
I3129390127,2016,1538
I3129390127,2017,2035
I3129390127,2018,1758
I3129390127,2019,2066
I3129390127,2020,2457
I3129390127,2021,2198
I3129390127,2022,1488
I3129390127,2023,1875
I3129390127,2024,1705
I3129390127,2025,626
I3121272148,2006,363
I3121272148,2007,420
I3121272148,2008,1633
I3121272148,2009,1543
I3121272148,2010,1796
I3121272148,2011,1700
I3121272148,2012,1045
I3121272148,2013,6222
I3121272148,2014,3428
I3121272148,2015,4671
I3121272148,2016,4040
I3121272148,2017,3974
I3121272148,2018,5273
I3121272148,2019,4534
I3121272148,2020,5906
I3121272148,2021,5688
I3121272148,2022,4355
I3121272148,2023,3027
I3121272148,2024,2088
I3121272148,2025,750
I144693123,2006,2228
I144693123,2007,1174
I144693123,2008,2175
I144693123,2009,2132
I144693123,2010,2776
I144693123,2011,4075
I144693123,2012,4073
I144693123,2013,6202
I144693123,2014,7217
I144693123,2015,4670
I144693123,2016,5856
I144693123,2017,7514
I144693123,2018,8074
I144693123,2019,7715
I144693123,2020,9290
I144693123,2021,8061
I144693123,2022,6532
I144693123,2023,5965
I144693123,2024,3856
I144693123,2025,2615
I187560010,2006,900
I187560010,2007,1474
I187560010,2008,2527
I187560010,2009,3150
I187560010,2010,2636
I187560010,2011,3117
I187560010,2012,4219
I187560010,2013,5289
I187560010,2014,6736
I187560010,2015,7985
I187560010,2016,9819
I187560010,2017,7752
I187560010,2018,6076
I187560010,2019,5968
I187560010,2020,8894
I187560010,2021,5816
I187560010,2022,5814
I187560010,2023,4472
I187560010,2024,2961
I187560010,2025,1415
I3970730,2006,1827
I3970730,2007,2562
I3970730,2008,3088
I3970730,2009,3734
I3970730,2010,4431
I3970730,2011,3830
I3970730,2012,5051
I3970730,2013,5220
I3970730,2014,5719
I3970730,2015,6226
I3970730,2016,5410
I3970730,2017,5692
I3970730,2018,5250
I3970730,2019,6314
I3970730,2020,8306
I3970730,2021,11487
I3970730,2022,10562
I3970730,2023,9138
I3970730,2024,3676
I3970730,2025,1438
I133771110,2006,837
I133771110,2007,856
I133771110,2008,823
I133771110,2009,1262
I133771110,2010,3793
I133771110,2011,2501
I133771110,2012,3493
I133771110,2013,4712
I133771110,2014,9579
I133771110,2015,7092
I133771110,2016,6897
I133771110,2017,8575
I133771110,2018,13438
I133771110,2019,16727
I133771110,2020,19359
I133771110,2021,21531
I133771110,2022,15734
I133771110,2023,16206
I133771110,2024,7070
I133771110,2025,3288
I157614274,2006,77921
I157614274,2007,98226
I157614274,2008,122956
I157614274,2009,122410
I157614274,2010,132815
I157614274,2011,125077
I157614274,2012,175539
I157614274,2013,148139
I157614274,2014,162864
I157614274,2015,160864
I157614274,2016,172314
I157614274,2017,179534
I157614274,2018,179502
I157614274,2019,170641
I157614274,2020,190321
I157614274,2021,152184
I157614274,2022,102243
I157614274,2023,66036
I157614274,2024,37432
I157614274,2025,13807
I250481426,2006,39
I250481426,2007,527
I250481426,2008,252
I250481426,2009,14
I250481426,2010,507
I250481426,2011,83
I250481426,2012,342
I250481426,2013,713
I250481426,2014,474
I250481426,2015,993
I250481426,2016,917
I250481426,2017,570
I250481426,2018,630
I250481426,2019,567
I250481426,2020,608
I250481426,2021,1336
I250481426,2022,850
I250481426,2023,718
I250481426,2024,221
I250481426,2025,270
I179097149,2006,1228
I179097149,2007,1163
I179097149,2008,1936
I179097149,2009,1764
I179097149,2010,2488
I179097149,2011,7184
I179097149,2012,5560
I179097149,2013,8558
I179097149,2014,9487
I179097149,2015,16361
I179097149,2016,20743
I179097149,2017,21658
I179097149,2018,20785
I179097149,2019,20331
I179097149,2020,23173
I179097149,2021,19071
I179097149,2022,17609
I179097149,2023,11498
I179097149,2024,6622
I179097149,2025,2620
I4391767747,2006,1451
I4391767747,2007,578
I4391767747,2008,652
I4391767747,2009,844
I4391767747,2010,1349
I4391767747,2011,935
I4391767747,2012,782
I4391767747,2013,1752
I4391767747,2014,2864
I4391767747,2015,2600
I4391767747,2016,1655
I4391767747,2017,1928
I4391767747,2018,2052
I4391767747,2019,969
I4391767747,2020,1768
I4391767747,2021,1438
I4391767747,2022,915
I4391767747,2023,1596
I4391767747,2024,1604
I4391767747,2025,286
I3131845690,2006,56
I3131845690,2007,346
I3131845690,2008,195
I3131845690,2009,476
I3131845690,2010,351
I3131845690,2011,640
I3131845690,2012,1275
I3131845690,2013,1743
I3131845690,2014,1309
I3131845690,2015,1411
I3131845690,2016,1481
I3131845690,2017,1141
I3131845690,2018,1403
I3131845690,2019,1132
I3131845690,2020,1895
I3131845690,2021,1614
I3131845690,2022,2184
I3131845690,2023,1782
I3131845690,2024,1079
I3131845690,2025,448
I182078086,2006,5059
I182078086,2007,5823
I182078086,2008,5333
I182078086,2009,7602
I182078086,2010,6127
I182078086,2011,5007
I182078086,2012,8421
I182078086,2013,7868
I182078086,2014,9585
I182078086,2015,8176
I182078086,2016,6729
I182078086,2017,7193
I182078086,2018,10293
I182078086,2019,10437
I182078086,2020,9605
I182078086,2021,9502
I182078086,2022,9678
I182078086,2023,5548
I182078086,2024,4117
I182078086,2025,2208
I4405253389,2006,0
I4405253389,2007,0
I4405253389,2008,0
I4405253389,2009,0
I4405253389,2010,0
I4405253389,2011,0
I4405253389,2012,0
I4405253389,2013,0
I4405253389,2014,0
I4405253389,2015,0
I4405253389,2016,0
I4405253389,2017,0
I4405253389,2018,0
I4405253389,2019,0
I4405253389,2020,0
I4405253389,2021,0
I4405253389,2022,0
I4405253389,2023,0
I4405253389,2024,0
I4405253389,2025,0
I4210154350,2006,0
I4210154350,2007,8
I4210154350,2008,22
I4210154350,2009,16
I4210154350,2010,136
I4210154350,2011,154
I4210154350,2012,235
I4210154350,2013,544
I4210154350,2014,543
I4210154350,2015,227
I4210154350,2016,260
I4210154350,2017,761
I4210154350,2018,294
I4210154350,2019,225
I4210154350,2020,653
I4210154350,2021,950
I4210154350,2022,329
I4210154350,2023,524
I4210154350,2024,410
I4210154350,2025,65
I3131077051,2006,26
I3131077051,2007,0
I3131077051,2008,27
I3131077051,2009,0
I3131077051,2010,0
I3131077051,2011,21
I3131077051,2012,31
I3131077051,2013,12
I3131077051,2014,43
I3131077051,2015,66
I3131077051,2016,70
I3131077051,2017,50
I3131077051,2018,108
I3131077051,2019,85
I3131077051,2020,49
I3131077051,2021,87
I3131077051,2022,84
I3131077051,2023,92
I3131077051,2024,78
I3131077051,2025,38
I163423212,2006,1785
I163423212,2007,1729
I163423212,2008,1695
I163423212,2009,1694
I163423212,2010,1849
I163423212,2011,2116
I163423212,2012,2829
I163423212,2013,5783
I163423212,2014,3983
I163423212,2015,7197
I163423212,2016,4924
I163423212,2017,5696
I163423212,2018,7704
I163423212,2019,7565
I163423212,2020,17251
I163423212,2021,7431
I163423212,2022,6316
I163423212,2023,6097
I163423212,2024,3842
I163423212,2025,2067
I89008938,2006,12
I89008938,2007,0
I89008938,2008,40
I89008938,2009,79
I89008938,2010,133
I89008938,2011,47
I89008938,2012,64
I89008938,2013,134
I89008938,2014,111
I89008938,2015,33
I89008938,2016,120
I89008938,2017,214
I89008938,2018,95
I89008938,2019,81
I89008938,2020,33
I89008938,2021,48
I89008938,2022,78
I89008938,2023,36
I89008938,2024,9
I89008938,2025,1
I4405262537,2006,0
I4405262537,2007,0
I4405262537,2008,0
I4405262537,2009,0
I4405262537,2010,0
I4405262537,2011,0
I4405262537,2012,0
I4405262537,2013,0
I4405262537,2014,0
I4405262537,2015,0
I4405262537,2016,0
I4405262537,2017,0
I4405262537,2018,0
I4405262537,2019,0
I4405262537,2020,0
I4405262537,2021,0
I4405262537,2022,0
I4405262537,2023,0
I4405262537,2024,0
I4405262537,2025,0
I145876445,2006,1347
I145876445,2007,1509
I145876445,2008,981
I145876445,2009,718
I145876445,2010,1269
I145876445,2011,1890
I145876445,2012,1628
I145876445,2013,2545
I145876445,2014,2642
I145876445,2015,2548
I145876445,2016,1405
I145876445,2017,1695
I145876445,2018,3260
I145876445,2019,3105
I145876445,2020,4980
I145876445,2021,2927
I145876445,2022,3374
I145876445,2023,2597
I145876445,2024,1568
I145876445,2025,1575
I4210102129,2006,24
I4210102129,2007,50
I4210102129,2008,44
I4210102129,2009,24
I4210102129,2010,19
I4210102129,2011,28
I4210102129,2012,44
I4210102129,2013,31
I4210102129,2014,18
I4210102129,2015,443
I4210102129,2016,609
I4210102129,2017,238
I4210102129,2018,233
I4210102129,2019,149
I4210102129,2020,295
I4210102129,2021,456
I4210102129,2022,281
I4210102129,2023,358
I4210102129,2024,160
I4210102129,2025,94
I22607950,2006,48
I22607950,2007,23
I22607950,2008,78
I22607950,2009,31
I22607950,2010,4
I22607950,2011,137
I22607950,2012,474
I22607950,2013,788
I22607950,2014,880
I22607950,2015,897
I22607950,2016,1769
I22607950,2017,1236
I22607950,2018,2471
I22607950,2019,1855
I22607950,2020,1548
I22607950,2021,2039
I22607950,2022,1276
I22607950,2023,1028
I22607950,2024,890
I22607950,2025,187
I4210157185,2006,23
I4210157185,2007,9
I4210157185,2008,4
I4210157185,2009,18
I4210157185,2010,20
I4210157185,2011,11
I4210157185,2012,102
I4210157185,2013,14
I4210157185,2014,146
I4210157185,2015,364
I4210157185,2016,305
I4210157185,2017,204
I4210157185,2018,474
I4210157185,2019,410
I4210157185,2020,1310
I4210157185,2021,2086
I4210157185,2022,1181
I4210157185,2023,1214
I4210157185,2024,1497
I4210157185,2025,875
I3132506069,2006,7
I3132506069,2007,0
I3132506069,2008,42
I3132506069,2009,138
I3132506069,2010,162
I3132506069,2011,26
I3132506069,2012,83
I3132506069,2013,460
I3132506069,2014,447
I3132506069,2015,826
I3132506069,2016,602
I3132506069,2017,855
I3132506069,2018,659
I3132506069,2019,4137
I3132506069,2020,2226
I3132506069,2021,2654
I3132506069,2022,1099
I3132506069,2023,867
I3132506069,2024,789
I3132506069,2025,981
I291863076,2006,0
I291863076,2007,0
I291863076,2008,0
I291863076,2009,0
I291863076,2010,0
I291863076,2011,2
I291863076,2012,0
I291863076,2013,146
I291863076,2014,457
I291863076,2015,295
I291863076,2016,543
I291863076,2017,1288
I291863076,2018,1130
I291863076,2019,3624
I291863076,2020,4571
I291863076,2021,5447
I291863076,2022,5935
I291863076,2023,4890
I291863076,2024,2123
I291863076,2025,711
I16969244,2006,298
I16969244,2007,972
I16969244,2008,1306
I16969244,2009,1414
I16969244,2010,1546
I16969244,2011,1497
I16969244,2012,1054
I16969244,2013,1129
I16969244,2014,898
I16969244,2015,873
I16969244,2016,1150
I16969244,2017,1134
I16969244,2018,1623
I16969244,2019,2279
I16969244,2020,2704
I16969244,2021,2533
I16969244,2022,2010
I16969244,2023,858
I16969244,2024,531
I16969244,2025,178
I114499477,2006,3863
I114499477,2007,4179
I114499477,2008,5872
I114499477,2009,5552
I114499477,2010,8403
I114499477,2011,7329
I114499477,2012,8552
I114499477,2013,6863
I114499477,2014,9275
I114499477,2015,9343
I114499477,2016,8044
I114499477,2017,10832
I114499477,2018,17467
I114499477,2019,11137
I114499477,2020,13156
I114499477,2021,8601
I114499477,2022,7383
I114499477,2023,4196
I114499477,2024,3102
I114499477,2025,1172
I68916915,2006,1210
I68916915,2007,1482
I68916915,2008,1011
I68916915,2009,1297
I68916915,2010,2044
I68916915,2011,3621
I68916915,2012,3471
I68916915,2013,4844
I68916915,2014,7119
I68916915,2015,6767
I68916915,2016,7947
I68916915,2017,10333
I68916915,2018,9031
I68916915,2019,8142
I68916915,2020,10932
I68916915,2021,11427
I68916915,2022,8811
I68916915,2023,8325
I68916915,2024,6318
I68916915,2025,2079
I35845393,2006,78
I35845393,2007,338
I35845393,2008,504
I35845393,2009,619
I35845393,2010,566
I35845393,2011,1538
I35845393,2012,717
I35845393,2013,1664
I35845393,2014,1476
I35845393,2015,1898
I35845393,2016,2022
I35845393,2017,3213
I35845393,2018,2285
I35845393,2019,2350
I35845393,2020,5057
I35845393,2021,2448
I35845393,2022,3927
I35845393,2023,2104
I35845393,2024,1690
I35845393,2025,880
I2890612012,2006,4
I2890612012,2007,0
I2890612012,2008,0
I2890612012,2009,8
I2890612012,2010,248
I2890612012,2011,98
I2890612012,2012,71
I2890612012,2013,22
I2890612012,2014,2
I2890612012,2015,16
I2890612012,2016,27
I2890612012,2017,44
I2890612012,2018,75
I2890612012,2019,38
I2890612012,2020,160
I2890612012,2021,73
I2890612012,2022,604
I2890612012,2023,135
I2890612012,2024,123
I2890612012,2025,28
I4210152847,2006,0
I4210152847,2007,0
I4210152847,2008,0
I4210152847,2009,0
I4210152847,2010,0
I4210152847,2011,0
I4210152847,2012,0
I4210152847,2013,1
I4210152847,2014,0
I4210152847,2015,0
I4210152847,2016,0
I4210152847,2017,0
I4210152847,2018,0
I4210152847,2019,0
I4210152847,2020,3
I4210152847,2021,0
I4210152847,2022,0
I4210152847,2023,0
I4210152847,2024,0
I4210152847,2025,0
I78157869,2006,298
I78157869,2007,420
I78157869,2008,408
I78157869,2009,788
I78157869,2010,1145
I78157869,2011,894
I78157869,2012,987
I78157869,2013,1494
I78157869,2014,1036
I78157869,2015,1469
I78157869,2016,1590
I78157869,2017,1575
I78157869,2018,2432
I78157869,2019,3031
I78157869,2020,3429
I78157869,2021,3383
I78157869,2022,3533
I78157869,2023,1812
I78157869,2024,1211
I78157869,2025,910
I138690464,2006,5910
I138690464,2007,10268
I138690464,2008,13592
I138690464,2009,9559
I138690464,2010,17723
I138690464,2011,16455
I138690464,2012,18313
I138690464,2013,25818
I138690464,2014,26763
I138690464,2015,28887
I138690464,2016,32668
I138690464,2017,40833
I138690464,2018,37042
I138690464,2019,35548
I138690464,2020,43757
I138690464,2021,39793
I138690464,2022,36284
I138690464,2023,25232
I138690464,2024,14958
I138690464,2025,6397
I4210115782,2006,0
I4210115782,2007,42
I4210115782,2008,0
I4210115782,2009,57
I4210115782,2010,26
I4210115782,2011,121
I4210115782,2012,146
I4210115782,2013,27
I4210115782,2014,127
I4210115782,2015,263
I4210115782,2016,289
I4210115782,2017,282
I4210115782,2018,483
I4210115782,2019,921
I4210115782,2020,991
I4210115782,2021,990
I4210115782,2022,966
I4210115782,2023,908
I4210115782,2024,866
I4210115782,2025,273
I4210165767,2006,4
I4210165767,2007,29
I4210165767,2008,154
I4210165767,2009,32
I4210165767,2010,120
I4210165767,2011,228
I4210165767,2012,458
I4210165767,2013,1168
I4210165767,2014,168
I4210165767,2015,310
I4210165767,2016,511
I4210165767,2017,418
I4210165767,2018,384
I4210165767,2019,164
I4210165767,2020,891
I4210165767,2021,301
I4210165767,2022,181
I4210165767,2023,113
I4210165767,2024,179
I4210165767,2025,90
I4210143973,2006,0
I4210143973,2007,13
I4210143973,2008,0
I4210143973,2009,34
I4210143973,2010,102
I4210143973,2011,280
I4210143973,2012,323
I4210143973,2013,161
I4210143973,2014,1065
I4210143973,2015,328
I4210143973,2016,7054
I4210143973,2017,1944
I4210143973,2018,2377
I4210143973,2019,1549
I4210143973,2020,3048
I4210143973,2021,3348
I4210143973,2022,2625
I4210143973,2023,1468
I4210143973,2024,990
I4210143973,2025,1684
I4210144392,2006,11
I4210144392,2007,6
I4210144392,2008,25
I4210144392,2009,112
I4210144392,2010,90
I4210144392,2011,566
I4210144392,2012,132
I4210144392,2013,134
I4210144392,2014,48
I4210144392,2015,70
I4210144392,2016,41
I4210144392,2017,326
I4210144392,2018,116
I4210144392,2019,792
I4210144392,2020,471
I4210144392,2021,463
I4210144392,2022,498
I4210144392,2023,379
I4210144392,2024,790
I4210144392,2025,224
I8764889,2006,2199
I8764889,2007,1008
I8764889,2008,860
I8764889,2009,1282
I8764889,2010,1878
I8764889,2011,3044
I8764889,2012,4961
I8764889,2013,8479
I8764889,2014,13888
I8764889,2015,18013
I8764889,2016,19825
I8764889,2017,21346
I8764889,2018,23151
I8764889,2019,31188
I8764889,2020,31913
I8764889,2021,25864
I8764889,2022,17691
I8764889,2023,12973
I8764889,2024,9535
I8764889,2025,5116
I4210097536,2006,1291
I4210097536,2007,336
I4210097536,2008,1228
I4210097536,2009,1003
I4210097536,2010,833
I4210097536,2011,1425
I4210097536,2012,1328
I4210097536,2013,1055
I4210097536,2014,2199
I4210097536,2015,2458
I4210097536,2016,2754
I4210097536,2017,5093
I4210097536,2018,4111
I4210097536,2019,4898
I4210097536,2020,6012
I4210097536,2021,5984
I4210097536,2022,4484
I4210097536,2023,2899
I4210097536,2024,2567
I4210097536,2025,982
I246527472,2006,108
I246527472,2007,0
I246527472,2008,78
I246527472,2009,0
I246527472,2010,0
I246527472,2011,320
I246527472,2012,12
I246527472,2013,79
I246527472,2014,82
I246527472,2015,26
I246527472,2016,18
I246527472,2017,308
I246527472,2018,114
I246527472,2019,182
I246527472,2020,137
I246527472,2021,334
I246527472,2022,259
I246527472,2023,197
I246527472,2024,500
I246527472,2025,1094
I99297268,2006,2391
I99297268,2007,1500
I99297268,2008,6785
I99297268,2009,2532
I99297268,2010,3340
I99297268,2011,6363
I99297268,2012,21337
I99297268,2013,9363
I99297268,2014,13002
I99297268,2015,18349
I99297268,2016,19159
I99297268,2017,17116
I99297268,2018,20446
I99297268,2019,20757
I99297268,2020,31255
I99297268,2021,27367
I99297268,2022,25909
I99297268,2023,19993
I99297268,2024,13802
I99297268,2025,5768
I131736796,2006,981
I131736796,2007,527
I131736796,2008,613
I131736796,2009,467
I131736796,2010,1975
I131736796,2011,7188
I131736796,2012,11145
I131736796,2013,8507
I131736796,2014,12829
I131736796,2015,11785
I131736796,2016,17099
I131736796,2017,11745
I131736796,2018,14378
I131736796,2019,20338
I131736796,2020,17265
I131736796,2021,14970
I131736796,2022,9170
I131736796,2023,7319
I131736796,2024,4226
I131736796,2025,1582
I181631907,2006,12654
I181631907,2007,20942
I181631907,2008,16773
I181631907,2009,16157
I181631907,2010,19477
I181631907,2011,21376
I181631907,2012,16319
I181631907,2013,20184
I181631907,2014,23891
I181631907,2015,26400
I181631907,2016,28143
I181631907,2017,32072
I181631907,2018,47223
I181631907,2019,36738
I181631907,2020,59115
I181631907,2021,41330
I181631907,2022,29442
I181631907,2023,19370
I181631907,2024,13519
I181631907,2025,5880
I4387155173,2006,0
I4387155173,2007,0
I4387155173,2008,0
I4387155173,2009,0
I4387155173,2010,0
I4387155173,2011,0
I4387155173,2012,0
I4387155173,2013,0
I4387155173,2014,0
I4387155173,2015,0
I4387155173,2016,0
I4387155173,2017,0
I4387155173,2018,0
I4387155173,2019,0
I4387155173,2020,0
I4387155173,2021,0
I4387155173,2022,0
I4387155173,2023,0
I4387155173,2024,0
I4387155173,2025,0
I134542131,2006,1272
I134542131,2007,2175
I134542131,2008,2457
I134542131,2009,2298
I134542131,2010,5050
I134542131,2011,4836
I134542131,2012,4872
I134542131,2013,6081
I134542131,2014,6979
I134542131,2015,7025
I134542131,2016,7923
I134542131,2017,10381
I134542131,2018,12853
I134542131,2019,13577
I134542131,2020,23870
I134542131,2021,22619
I134542131,2022,17030
I134542131,2023,13093
I134542131,2024,8300
I134542131,2025,3763
I54316950,2006,18
I54316950,2007,63
I54316950,2008,205
I54316950,2009,312
I54316950,2010,478
I54316950,2011,656
I54316950,2012,432
I54316950,2013,1397
I54316950,2014,1126
I54316950,2015,1550
I54316950,2016,1331
I54316950,2017,1825
I54316950,2018,3934
I54316950,2019,3812
I54316950,2020,4347
I54316950,2021,3307
I54316950,2022,3021
I54316950,2023,2943
I54316950,2024,2144
I54316950,2025,2047
I116970179,2006,749
I116970179,2007,1938
I116970179,2008,2815
I116970179,2009,1586
I116970179,2010,2897
I116970179,2011,2811
I116970179,2012,1806
I116970179,2013,2438
I116970179,2014,3196
I116970179,2015,2710
I116970179,2016,4103
I116970179,2017,3468
I116970179,2018,3257
I116970179,2019,2591
I116970179,2020,3133
I116970179,2021,3280
I116970179,2022,2705
I116970179,2023,2700
I116970179,2024,1885
I116970179,2025,776
I24027795,2006,8104
I24027795,2007,9271
I24027795,2008,9850
I24027795,2009,15175
I24027795,2010,15520
I24027795,2011,25151
I24027795,2012,45410
I24027795,2013,37366
I24027795,2014,41404
I24027795,2015,57148
I24027795,2016,64753
I24027795,2017,70812
I24027795,2018,71981
I24027795,2019,88911
I24027795,2020,105400
I24027795,2021,96165
I24027795,2022,106403
I24027795,2023,72229
I24027795,2024,46644
I24027795,2025,16188
I161374704,2006,630
I161374704,2007,1132
I161374704,2008,1529
I161374704,2009,1896
I161374704,2010,1755
I161374704,2011,1576
I161374704,2012,1901
I161374704,2013,2222
I161374704,2014,1977
I161374704,2015,1913
I161374704,2016,2440
I161374704,2017,3563
I161374704,2018,4464
I161374704,2019,5857
I161374704,2020,7621
I161374704,2021,5774
I161374704,2022,4338
I161374704,2023,2361
I161374704,2024,1223
I161374704,2025,1466
I192929712,2006,1
I192929712,2007,0
I192929712,2008,67
I192929712,2009,924
I192929712,2010,201
I192929712,2011,19
I192929712,2012,188
I192929712,2013,268
I192929712,2014,424
I192929712,2015,197
I192929712,2016,335
I192929712,2017,605
I192929712,2018,649
I192929712,2019,1038
I192929712,2020,790
I192929712,2021,686
I192929712,2022,2357
I192929712,2023,268
I192929712,2024,335
I192929712,2025,133
I299595467,2006,0
I299595467,2007,0
I299595467,2008,0
I299595467,2009,0
I299595467,2010,0
I299595467,2011,6
I299595467,2012,174
I299595467,2013,59
I299595467,2014,109
I299595467,2015,322
I299595467,2016,286
I299595467,2017,485
I299595467,2018,490
I299595467,2019,979
I299595467,2020,972
I299595467,2021,435
I299595467,2022,225
I299595467,2023,437
I299595467,2024,77
I299595467,2025,47
I55167344,2006,115
I55167344,2007,157
I55167344,2008,70
I55167344,2009,205
I55167344,2010,238
I55167344,2011,339
I55167344,2012,273
I55167344,2013,346
I55167344,2014,1214
I55167344,2015,1258
I55167344,2016,1979
I55167344,2017,2377
I55167344,2018,2242
I55167344,2019,2771
I55167344,2020,2912
I55167344,2021,3203
I55167344,2022,2621
I55167344,2023,2210
I55167344,2024,1624
I55167344,2025,741
I4210166830,2006,0
I4210166830,2007,0
I4210166830,2008,103
I4210166830,2009,0
I4210166830,2010,0
I4210166830,2011,0
I4210166830,2012,0
I4210166830,2013,35
I4210166830,2014,23
I4210166830,2015,2
I4210166830,2016,2
I4210166830,2017,0
I4210166830,2018,8
I4210166830,2019,27
I4210166830,2020,59
I4210166830,2021,60
I4210166830,2022,16
I4210166830,2023,35
I4210166830,2024,21
I4210166830,2025,3
I4210104488,2006,0
I4210104488,2007,0
I4210104488,2008,0
I4210104488,2009,0
I4210104488,2010,0
I4210104488,2011,1
I4210104488,2012,0
I4210104488,2013,24
I4210104488,2014,169
I4210104488,2015,10
I4210104488,2016,34
I4210104488,2017,113
I4210104488,2018,46
I4210104488,2019,52
I4210104488,2020,633
I4210104488,2021,16
I4210104488,2022,3
I4210104488,2023,26
I4210104488,2024,26
I4210104488,2025,3
I4210086877,2006,1464
I4210086877,2007,178
I4210086877,2008,99
I4210086877,2009,449
I4210086877,2010,335
I4210086877,2011,377
I4210086877,2012,275
I4210086877,2013,260
I4210086877,2014,412
I4210086877,2015,1195
I4210086877,2016,709
I4210086877,2017,594
I4210086877,2018,1179
I4210086877,2019,1144
I4210086877,2020,1652
I4210086877,2021,1291
I4210086877,2022,1147
I4210086877,2023,704
I4210086877,2024,513
I4210086877,2025,236
I150406212,2006,7203
I150406212,2007,3727
I150406212,2008,4176
I150406212,2009,7300
I150406212,2010,6107
I150406212,2011,6948
I150406212,2012,7389
I150406212,2013,6618
I150406212,2014,8205
I150406212,2015,7871
I150406212,2016,9337
I150406212,2017,10666
I150406212,2018,8831
I150406212,2019,9450
I150406212,2020,13295
I150406212,2021,9992
I150406212,2022,9131
I150406212,2023,6620
I150406212,2024,4637
I150406212,2025,3157
I3132931743,2006,267
I3132931743,2007,245
I3132931743,2008,328
I3132931743,2009,315
I3132931743,2010,892
I3132931743,2011,970
I3132931743,2012,735
I3132931743,2013,1328
I3132931743,2014,872
I3132931743,2015,1731
I3132931743,2016,1455
I3132931743,2017,1120
I3132931743,2018,2431
I3132931743,2019,2122
I3132931743,2020,2317
I3132931743,2021,2627
I3132931743,2022,1973
I3132931743,2023,1647
I3132931743,2024,1400
I3132931743,2025,1035
I4210100160,2006,0
I4210100160,2007,0
I4210100160,2008,0
I4210100160,2009,3
I4210100160,2010,0
I4210100160,2011,0
I4210100160,2012,0
I4210100160,2013,0
I4210100160,2014,0
I4210100160,2015,2
I4210100160,2016,22
I4210100160,2017,39
I4210100160,2018,6
I4210100160,2019,1
I4210100160,2020,17
I4210100160,2021,39
I4210100160,2022,3
I4210100160,2023,21
I4210100160,2024,26
I4210100160,2025,3
I3129744201,2006,0
I3129744201,2007,0
I3129744201,2008,3
I3129744201,2009,63
I3129744201,2010,0
I3129744201,2011,0
I3129744201,2012,0
I3129744201,2013,17
I3129744201,2014,0
I3129744201,2015,29
I3129744201,2016,22
I3129744201,2017,0
I3129744201,2018,95
I3129744201,2019,32
I3129744201,2020,67
I3129744201,2021,66
I3129744201,2022,131
I3129744201,2023,62
I3129744201,2024,36
I3129744201,2025,17
I34942010,2006,1067
I34942010,2007,1333
I34942010,2008,2432
I34942010,2009,1640
I34942010,2010,1639
I34942010,2011,2438
I34942010,2012,3223
I34942010,2013,4068
I34942010,2014,5704
I34942010,2015,5320
I34942010,2016,13908
I34942010,2017,7755
I34942010,2018,5114
I34942010,2019,6554
I34942010,2020,13213
I34942010,2021,7970
I34942010,2022,7674
I34942010,2023,4329
I34942010,2024,3488
I34942010,2025,1204
I3129257098,2006,0
I3129257098,2007,0
I3129257098,2008,0
I3129257098,2009,38
I3129257098,2010,2
I3129257098,2011,0
I3129257098,2012,0
I3129257098,2013,6
I3129257098,2014,0
I3129257098,2015,19
I3129257098,2016,0
I3129257098,2017,0
I3129257098,2018,15
I3129257098,2019,39
I3129257098,2020,36
I3129257098,2021,112
I3129257098,2022,8
I3129257098,2023,5
I3129257098,2024,6
I3129257098,2025,6
I4210116596,2006,0
I4210116596,2007,140
I4210116596,2008,0
I4210116596,2009,0
I4210116596,2010,0
I4210116596,2011,8
I4210116596,2012,45
I4210116596,2013,12
I4210116596,2014,168
I4210116596,2015,1
I4210116596,2016,280
I4210116596,2017,110
I4210116596,2018,3
I4210116596,2019,140
I4210116596,2020,119
I4210116596,2021,83
I4210116596,2022,127
I4210116596,2023,9
I4210116596,2024,392
I4210116596,2025,88
I4210100477,2006,0
I4210100477,2007,22
I4210100477,2008,0
I4210100477,2009,0
I4210100477,2010,0
I4210100477,2011,0
I4210100477,2012,0
I4210100477,2013,0
I4210100477,2014,1
I4210100477,2015,8
I4210100477,2016,0
I4210100477,2017,4
I4210100477,2018,12
I4210100477,2019,45
I4210100477,2020,16
I4210100477,2021,8
I4210100477,2022,18
I4210100477,2023,15
I4210100477,2024,22
I4210100477,2025,3
I77072003,2006,11
I77072003,2007,0
I77072003,2008,143
I77072003,2009,189
I77072003,2010,44
I77072003,2011,77
I77072003,2012,106
I77072003,2013,262
I77072003,2014,286
I77072003,2015,360
I77072003,2016,578
I77072003,2017,1363
I77072003,2018,484
I77072003,2019,289
I77072003,2020,760
I77072003,2021,705
I77072003,2022,552
I77072003,2023,416
I77072003,2024,482
I77072003,2025,119
I4210122444,2006,15
I4210122444,2007,1
I4210122444,2008,108
I4210122444,2009,86
I4210122444,2010,5
I4210122444,2011,38
I4210122444,2012,117
I4210122444,2013,113
I4210122444,2014,55
I4210122444,2015,151
I4210122444,2016,60
I4210122444,2017,153
I4210122444,2018,858
I4210122444,2019,393
I4210122444,2020,437
I4210122444,2021,354
I4210122444,2022,478
I4210122444,2023,496
I4210122444,2024,453
I4210122444,2025,60
I95023434,2006,35594
I95023434,2007,44640
I95023434,2008,40361
I95023434,2009,46253
I95023434,2010,47881
I95023434,2011,53907
I95023434,2012,90657
I95023434,2013,79321
I95023434,2014,100952
I95023434,2015,87963
I95023434,2016,121509
I95023434,2017,95023
I95023434,2018,87360
I95023434,2019,108713
I95023434,2020,119995
I95023434,2021,103365
I95023434,2022,71461
I95023434,2023,41382
I95023434,2024,22602
I95023434,2025,9653
I50219554,2006,754
I50219554,2007,98
I50219554,2008,474
I50219554,2009,869
I50219554,2010,841
I50219554,2011,853
I50219554,2012,1757
I50219554,2013,1861
I50219554,2014,1552
I50219554,2015,2473
I50219554,2016,2837
I50219554,2017,2840
I50219554,2018,2839
I50219554,2019,4156
I50219554,2020,4526
I50219554,2021,3609
I50219554,2022,3038
I50219554,2023,2966
I50219554,2024,2113
I50219554,2025,706
I197610006,2006,6298
I197610006,2007,5996
I197610006,2008,7319
I197610006,2009,6357
I197610006,2010,6391
I197610006,2011,8328
I197610006,2012,9596
I197610006,2013,9138
I197610006,2014,9289
I197610006,2015,9007
I197610006,2016,11173
I197610006,2017,13157
I197610006,2018,16062
I197610006,2019,22097
I197610006,2020,23766
I197610006,2021,25743
I197610006,2022,16327
I197610006,2023,11244
I197610006,2024,7732
I197610006,2025,3540
I4210094054,2006,0
I4210094054,2007,0
I4210094054,2008,18
I4210094054,2009,3
I4210094054,2010,9
I4210094054,2011,97
I4210094054,2012,13
I4210094054,2013,2
I4210094054,2014,17
I4210094054,2015,0
I4210094054,2016,622
I4210094054,2017,868
I4210094054,2018,756
I4210094054,2019,564
I4210094054,2020,333
I4210094054,2021,500
I4210094054,2022,254
I4210094054,2023,99
I4210094054,2024,93
I4210094054,2025,138
I149743910,2006,29
I149743910,2007,0
I149743910,2008,4
I149743910,2009,0
I149743910,2010,194
I149743910,2011,184
I149743910,2012,162
I149743910,2013,631
I149743910,2014,462
I149743910,2015,1031
I149743910,2016,2003
I149743910,2017,2213
I149743910,2018,5579
I149743910,2019,1714
I149743910,2020,2240
I149743910,2021,2356
I149743910,2022,1231
I149743910,2023,957
I149743910,2024,939
I149743910,2025,265
I90546491,2006,3220
I90546491,2007,3841
I90546491,2008,5181
I90546491,2009,4359
I90546491,2010,6208
I90546491,2011,4267
I90546491,2012,5899
I90546491,2013,7884
I90546491,2014,11233
I90546491,2015,6428
I90546491,2016,8017
I90546491,2017,7593
I90546491,2018,7435
I90546491,2019,7594
I90546491,2020,8189
I90546491,2021,9739
I90546491,2022,6313
I90546491,2023,4683
I90546491,2024,3281
I90546491,2025,1492
I4210118457,2006,0
I4210118457,2007,0
I4210118457,2008,0
I4210118457,2009,0
I4210118457,2010,6
I4210118457,2011,0
I4210118457,2012,0
I4210118457,2013,0
I4210118457,2014,0
I4210118457,2015,0
I4210118457,2016,204
I4210118457,2017,78
I4210118457,2018,110
I4210118457,2019,11
I4210118457,2020,187
I4210118457,2021,159
I4210118457,2022,199
I4210118457,2023,74
I4210118457,2024,83
I4210118457,2025,20
I4287427,2006,1267
I4287427,2007,1114
I4287427,2008,1312
I4287427,2009,850
I4287427,2010,2150
I4287427,2011,1730
I4287427,2012,1731
I4287427,2013,1544
I4287427,2014,2450
I4287427,2015,2713
I4287427,2016,2931
I4287427,2017,2171
I4287427,2018,3306
I4287427,2019,3396
I4287427,2020,3956
I4287427,2021,4177
I4287427,2022,3784
I4287427,2023,2231
I4287427,2024,2068
I4287427,2025,782
I134231150,2006,348
I134231150,2007,358
I134231150,2008,403
I134231150,2009,1035
I134231150,2010,293
I134231150,2011,950
I134231150,2012,1385
I134231150,2013,655
I134231150,2014,1041
I134231150,2015,1009
I134231150,2016,1373
I134231150,2017,1220
I134231150,2018,2000
I134231150,2019,1547
I134231150,2020,2267
I134231150,2021,1924
I134231150,2022,1824
I134231150,2023,1269
I134231150,2024,731
I134231150,2025,354
I224527630,2006,101
I224527630,2007,108
I224527630,2008,332
I224527630,2009,1101
I224527630,2010,203
I224527630,2011,205
I224527630,2012,473
I224527630,2013,146
I224527630,2014,161
I224527630,2015,384
I224527630,2016,175
I224527630,2017,163
I224527630,2018,104
I224527630,2019,200
I224527630,2020,530
I224527630,2021,601
I224527630,2022,839
I224527630,2023,730
I224527630,2024,279
I224527630,2025,379
I64351976,2006,1884
I64351976,2007,4107
I64351976,2008,1396
I64351976,2009,2676
I64351976,2010,2837
I64351976,2011,2106
I64351976,2012,2518
I64351976,2013,3705
I64351976,2014,2757
I64351976,2015,3051
I64351976,2016,3882
I64351976,2017,2349
I64351976,2018,3263
I64351976,2019,9116
I64351976,2020,5137
I64351976,2021,4940
I64351976,2022,5065
I64351976,2023,4166
I64351976,2024,2693
I64351976,2025,1839
I3132465432,2006,0
I3132465432,2007,55
I3132465432,2008,0
I3132465432,2009,2
I3132465432,2010,42
I3132465432,2011,22
I3132465432,2012,544
I3132465432,2013,168
I3132465432,2014,74
I3132465432,2015,48
I3132465432,2016,463
I3132465432,2017,728
I3132465432,2018,149
I3132465432,2019,216
I3132465432,2020,427
I3132465432,2021,289
I3132465432,2022,91
I3132465432,2023,91
I3132465432,2024,178
I3132465432,2025,62
I157591606,2006,4435
I157591606,2007,7954
I157591606,2008,7463
I157591606,2009,9388
I157591606,2010,10179
I157591606,2011,7307
I157591606,2012,17414
I157591606,2013,11044
I157591606,2014,14208
I157591606,2015,16866
I157591606,2016,15494
I157591606,2017,12347
I157591606,2018,12676
I157591606,2019,11635
I157591606,2020,12489
I157591606,2021,12483
I157591606,2022,7232
I157591606,2023,3155
I157591606,2024,2108
I157591606,2025,910
I87482320,2006,54
I87482320,2007,76
I87482320,2008,590
I87482320,2009,477
I87482320,2010,159
I87482320,2011,381
I87482320,2012,733
I87482320,2013,1044
I87482320,2014,922
I87482320,2015,1838
I87482320,2016,3427
I87482320,2017,7894
I87482320,2018,9430
I87482320,2019,15339
I87482320,2020,24790
I87482320,2021,37636
I87482320,2022,31644
I87482320,2023,23722
I87482320,2024,13420
I87482320,2025,4387
I213072177,2006,47
I213072177,2007,187
I213072177,2008,42
I213072177,2009,353
I213072177,2010,263
I213072177,2011,875
I213072177,2012,882
I213072177,2013,919
I213072177,2014,1947
I213072177,2015,1947
I213072177,2016,2924
I213072177,2017,3214
I213072177,2018,3874
I213072177,2019,3051
I213072177,2020,4872
I213072177,2021,5170
I213072177,2022,4521
I213072177,2023,3905
I213072177,2024,1990
I213072177,2025,835
I69072986,2006,3147
I69072986,2007,2071
I69072986,2008,3216
I69072986,2009,1702
I69072986,2010,3982
I69072986,2011,4217
I69072986,2012,4858
I69072986,2013,5155
I69072986,2014,5048
I69072986,2015,7428
I69072986,2016,6346
I69072986,2017,9863
I69072986,2018,8696
I69072986,2019,13472
I69072986,2020,10884
I69072986,2021,8800
I69072986,2022,5487
I69072986,2023,3051
I69072986,2024,1662
I69072986,2025,573
I4210158612,2006,0
I4210158612,2007,0
I4210158612,2008,0
I4210158612,2009,0
I4210158612,2010,0
I4210158612,2011,0
I4210158612,2012,0
I4210158612,2013,22
I4210158612,2014,0
I4210158612,2015,219
I4210158612,2016,3
I4210158612,2017,0
I4210158612,2018,50
I4210158612,2019,47
I4210158612,2020,23
I4210158612,2021,53
I4210158612,2022,277
I4210158612,2023,55
I4210158612,2024,3
I4210158612,2025,8
I2802111147,2006,0
I2802111147,2007,1
I2802111147,2008,23
I2802111147,2009,42
I2802111147,2010,0
I2802111147,2011,0
I2802111147,2012,95
I2802111147,2013,5
I2802111147,2014,29
I2802111147,2015,16
I2802111147,2016,70
I2802111147,2017,60
I2802111147,2018,51
I2802111147,2019,93
I2802111147,2020,1384
I2802111147,2021,357
I2802111147,2022,299
I2802111147,2023,447
I2802111147,2024,188
I2802111147,2025,125
I4399657971,2006,0
I4399657971,2007,0
I4399657971,2008,0
I4399657971,2009,0
I4399657971,2010,0
I4399657971,2011,0
I4399657971,2012,0
I4399657971,2013,0
I4399657971,2014,0
I4399657971,2015,0
I4399657971,2016,0
I4399657971,2017,0
I4399657971,2018,0
I4399657971,2019,0
I4399657971,2020,0
I4399657971,2021,0
I4399657971,2022,0
I4399657971,2023,107
I4399657971,2024,132
I4399657971,2025,19
I145354842,2006,679
I145354842,2007,1018
I145354842,2008,404
I145354842,2009,706
I145354842,2010,626
I145354842,2011,2026
I145354842,2012,443
I145354842,2013,366
I145354842,2014,640
I145354842,2015,885
I145354842,2016,814
I145354842,2017,1389
I145354842,2018,764
I145354842,2019,1066
I145354842,2020,3646
I145354842,2021,903
I145354842,2022,1164
I145354842,2023,411
I145354842,2024,188
I145354842,2025,250
I4210167133,2006,1
I4210167133,2007,0
I4210167133,2008,0
I4210167133,2009,0
I4210167133,2010,2
I4210167133,2011,0
I4210167133,2012,8
I4210167133,2013,17
I4210167133,2014,1154
I4210167133,2015,0
I4210167133,2016,18
I4210167133,2017,41
I4210167133,2018,0
I4210167133,2019,12
I4210167133,2020,52
I4210167133,2021,27
I4210167133,2022,23
I4210167133,2023,121
I4210167133,2024,10
I4210167133,2025,4
I27031042,2006,19
I27031042,2007,17
I27031042,2008,222
I27031042,2009,199
I27031042,2010,284
I27031042,2011,68
I27031042,2012,90
I27031042,2013,357
I27031042,2014,321
I27031042,2015,956
I27031042,2016,869
I27031042,2017,546
I27031042,2018,1241
I27031042,2019,1602
I27031042,2020,1740
I27031042,2021,1591
I27031042,2022,2868
I27031042,2023,1219
I27031042,2024,1149
I27031042,2025,275
I3129970296,2006,98
I3129970296,2007,3
I3129970296,2008,18
I3129970296,2009,2
I3129970296,2010,27
I3129970296,2011,7
I3129970296,2012,10
I3129970296,2013,74
I3129970296,2014,63
I3129970296,2015,128
I3129970296,2016,73
I3129970296,2017,97
I3129970296,2018,92
I3129970296,2019,19
I3129970296,2020,241
I3129970296,2021,113
I3129970296,2022,119
I3129970296,2023,54
I3129970296,2024,32
I3129970296,2025,35
I166928557,2006,8121
I166928557,2007,10178
I166928557,2008,10370
I166928557,2009,12049
I166928557,2010,10616
I166928557,2011,14540
I166928557,2012,15065
I166928557,2013,13354
I166928557,2014,15956
I166928557,2015,19276
I166928557,2016,20487
I166928557,2017,21179
I166928557,2018,23102
I166928557,2019,23580
I166928557,2020,31212
I166928557,2021,30983
I166928557,2022,24042
I166928557,2023,16163
I166928557,2024,10991
I166928557,2025,3901
I3130933589,2006,425
I3130933589,2007,145
I3130933589,2008,238
I3130933589,2009,539
I3130933589,2010,114
I3130933589,2011,288
I3130933589,2012,390
I3130933589,2013,302
I3130933589,2014,398
I3130933589,2015,493
I3130933589,2016,458
I3130933589,2017,522
I3130933589,2018,853
I3130933589,2019,2278
I3130933589,2020,2006
I3130933589,2021,2491
I3130933589,2022,1799
I3130933589,2023,1700
I3130933589,2024,1114
I3130933589,2025,578
I117723502,2006,1252
I117723502,2007,742
I117723502,2008,724
I117723502,2009,1306
I117723502,2010,321
I117723502,2011,482
I117723502,2012,306
I117723502,2013,837
I117723502,2014,433
I117723502,2015,392
I117723502,2016,1138
I117723502,2017,811
I117723502,2018,849
I117723502,2019,2152
I117723502,2020,784
I117723502,2021,1260
I117723502,2022,1419
I117723502,2023,603
I117723502,2024,725
I117723502,2025,241
I12859529,2006,8390
I12859529,2007,11635
I12859529,2008,12441
I12859529,2009,12230
I12859529,2010,14471
I12859529,2011,15870
I12859529,2012,18942
I12859529,2013,14603
I12859529,2014,18645
I12859529,2015,16654
I12859529,2016,19876
I12859529,2017,19015
I12859529,2018,21988
I12859529,2019,23432
I12859529,2020,23787
I12859529,2021,22621
I12859529,2022,17124
I12859529,2023,10417
I12859529,2024,5587
I12859529,2025,NA
I217085601,2006,NA
I217085601,2007,NA
I217085601,2008,NA
I217085601,2009,NA
I217085601,2010,NA
I217085601,2011,NA
I217085601,2012,NA
I217085601,2013,NA
I217085601,2014,NA
I217085601,2015,NA
I217085601,2016,NA
I217085601,2017,NA
I217085601,2018,5782
I217085601,2019,7222
I217085601,2020,7639
I217085601,2021,7060
I217085601,2022,5088
I217085601,2023,4012
I217085601,2024,2160
I217085601,2025,1074
I59196294,2006,1461
I59196294,2007,2111
I59196294,2008,927
I59196294,2009,1023
I59196294,2010,NA
I59196294,2011,NA
I59196294,2012,NA
I59196294,2013,NA
I59196294,2014,2429
I59196294,2015,2717
I59196294,2016,3581
I59196294,2017,3710
I59196294,2018,3598
I59196294,2019,3619
I59196294,2020,5997
I59196294,2021,5108
I59196294,2022,3559
I59196294,2023,3044
I59196294,2024,1845
I59196294,2025,596
I4210135081,2006,0
I4210135081,2007,0
I4210135081,2008,10
I4210135081,2009,0
I4210135081,2010,NA
I4210135081,2011,0
I4210135081,2012,0
I4210135081,2013,8
I4210135081,2014,3
I4210135081,2015,0
I4210135081,2016,0
I4210135081,2017,0
I4210135081,2018,0
I4210135081,2019,1
I4210135081,2020,17
I4210135081,2021,0
I4210135081,2022,28
I4210135081,2023,24
I4210135081,2024,13
I4210135081,2025,3
I11892038,2006,2921
I11892038,2007,3678
I11892038,2008,4139
I11892038,2009,4271
I11892038,2010,7017
I11892038,2011,7002
I11892038,2012,7882
I11892038,2013,11321
I11892038,2014,13229
I11892038,2015,11243
I11892038,2016,21788
I11892038,2017,NA
I11892038,2018,NA
I11892038,2019,NA
I11892038,2020,NA
I11892038,2021,NA
I11892038,2022,NA
I11892038,2023,NA
I11892038,2024,11738
I11892038,2025,5326
I4210134437,2006,117
I4210134437,2007,88
I4210134437,2008,38
I4210134437,2009,69
I4210134437,2010,231
I4210134437,2011,195
I4210134437,2012,205
I4210134437,2013,NA
I4210134437,2014,NA
I4210134437,2015,NA
I4210134437,2016,NA
I4210134437,2017,NA
I4210134437,2018,NA
I4210134437,2019,NA
I4210134437,2020,NA
I4210134437,2021,NA
I4210134437,2022,NA
I4210134437,2023,NA
I4210134437,2024,NA
I4210134437,2025,NA
I114564095,2006,NA
I114564095,2007,NA
I114564095,2008,NA
I114564095,2009,NA
I114564095,2010,NA
I114564095,2011,NA
I114564095,2012,NA
I114564095,2013,NA
I114564095,2014,NA
I114564095,2015,NA
I114564095,2016,NA
I114564095,2017,NA
I114564095,2018,NA
I114564095,2019,NA
I114564095,2020,NA
I114564095,2021,NA
I114564095,2022,NA
I114564095,2023,NA
I114564095,2024,NA
I114564095,2025,NA
I100116408,2006,NA
I100116408,2007,NA
I100116408,2008,NA
I100116408,2009,NA
I100116408,2010,NA
I100116408,2011,NA
I100116408,2012,NA
I100116408,2013,NA
I100116408,2014,NA
I100116408,2015,NA
I100116408,2016,NA
I100116408,2017,NA
I100116408,2018,NA
I100116408,2019,NA
I100116408,2020,NA
I100116408,2021,NA
I100116408,2022,NA
I100116408,2023,NA
I100116408,2024,NA
I100116408,2025,NA
I69552723,2006,NA
I69552723,2007,NA
I69552723,2008,NA
I69552723,2009,NA
I69552723,2010,NA
I69552723,2011,NA
I69552723,2012,NA
I69552723,2013,NA
I69552723,2014,NA
I69552723,2015,NA
I69552723,2016,NA
I69552723,2017,NA
I69552723,2018,NA
I69552723,2019,NA
I69552723,2020,NA
I69552723,2021,NA
I69552723,2022,NA
I69552723,2023,NA
I69552723,2024,NA
I69552723,2025,NA
I7589121,2006,NA
I7589121,2007,NA
I7589121,2008,NA
I7589121,2009,NA
I7589121,2010,NA
I7589121,2011,NA
I7589121,2012,NA
I7589121,2013,NA
I7589121,2014,NA
I7589121,2015,NA
I7589121,2016,NA
I7589121,2017,NA
I7589121,2018,NA
I7589121,2019,NA
I7589121,2020,NA
I7589121,2021,NA
I7589121,2022,NA
I7589121,2023,NA
I7589121,2024,NA
I7589121,2025,NA
I24715933,2006,NA
I24715933,2007,NA
I24715933,2008,NA
I24715933,2009,NA
I24715933,2010,NA
I24715933,2011,NA
I24715933,2012,NA
I24715933,2013,NA
I24715933,2014,NA
I24715933,2015,NA
I24715933,2016,NA
I24715933,2017,NA
I24715933,2018,NA
I24715933,2019,NA
I24715933,2020,NA
I24715933,2021,NA
I24715933,2022,NA
I24715933,2023,NA
I24715933,2024,NA
I24715933,2025,NA
I4210087849,2006,NA
I4210087849,2007,NA
I4210087849,2008,NA
I4210087849,2009,NA
I4210087849,2010,NA
I4210087849,2011,NA
I4210087849,2012,NA
I4210087849,2013,NA
I4210087849,2014,NA
I4210087849,2015,NA
I4210087849,2016,NA
I4210087849,2017,NA
I4210087849,2018,NA
I4210087849,2019,NA
I4210087849,2020,NA
I4210087849,2021,NA
I4210087849,2022,NA
I4210087849,2023,NA
I4210087849,2024,NA
I4210087849,2025,NA
I338016083,2006,NA
I338016083,2007,NA
I338016083,2008,NA
I338016083,2009,NA
I338016083,2010,NA
I338016083,2011,NA
I338016083,2012,NA
I338016083,2013,NA
I338016083,2014,NA
I338016083,2015,NA
I338016083,2016,NA
I338016083,2017,NA
I338016083,2018,NA
I338016083,2019,NA
I338016083,2020,NA
I338016083,2021,NA
I338016083,2022,NA
I338016083,2023,NA
I338016083,2024,NA
I338016083,2025,NA
I4210088616,2006,NA
I4210088616,2007,NA
I4210088616,2008,NA
I4210088616,2009,NA
I4210088616,2010,NA
I4210088616,2011,NA
I4210088616,2012,NA
I4210088616,2013,NA
I4210088616,2014,NA
I4210088616,2015,NA
I4210088616,2016,NA
I4210088616,2017,NA
I4210088616,2018,NA
I4210088616,2019,NA
I4210088616,2020,NA
I4210088616,2021,NA
I4210088616,2022,NA
I4210088616,2023,NA
I4210088616,2024,NA
I4210088616,2025,NA
I3132158071,2006,NA
I3132158071,2007,NA
I3132158071,2008,NA
I3132158071,2009,NA
I3132158071,2010,NA
I3132158071,2011,NA
I3132158071,2012,NA
I3132158071,2013,NA
I3132158071,2014,NA
I3132158071,2015,NA
I3132158071,2016,NA
I3132158071,2017,NA
I3132158071,2018,NA
I3132158071,2019,NA
I3132158071,2020,NA
I3132158071,2021,NA
I3132158071,2022,NA
I3132158071,2023,NA
I3132158071,2024,NA
I3132158071,2025,NA
I4210117593,2006,NA
I4210117593,2007,NA
I4210117593,2008,NA
I4210117593,2009,NA
I4210117593,2010,NA
I4210117593,2011,NA
I4210117593,2012,NA
I4210117593,2013,NA
I4210117593,2014,NA
I4210117593,2015,NA
I4210117593,2016,NA
I4210117593,2017,NA
I4210117593,2018,NA
I4210117593,2019,NA
I4210117593,2020,NA
I4210117593,2021,NA
I4210117593,2022,NA
I4210117593,2023,NA
I4210117593,2024,NA
I4210117593,2025,NA
I4210126854,2006,NA
I4210126854,2007,NA
I4210126854,2008,NA
I4210126854,2009,NA
I4210126854,2010,NA
I4210126854,2011,NA
I4210126854,2012,NA
I4210126854,2013,NA
I4210126854,2014,NA
I4210126854,2015,NA
I4210126854,2016,NA
I4210126854,2017,NA
I4210126854,2018,NA
I4210126854,2019,NA
I4210126854,2020,NA
I4210126854,2021,NA
I4210126854,2022,NA
I4210126854,2023,NA
I4210126854,2024,NA
I4210126854,2025,NA
I157169809,2006,NA
I157169809,2007,NA
I157169809,2008,NA
I157169809,2009,NA
I157169809,2010,NA
I157169809,2011,NA
I157169809,2012,NA
I157169809,2013,NA
I157169809,2014,NA
I157169809,2015,NA
I157169809,2016,NA
I157169809,2017,NA
I157169809,2018,NA
I157169809,2019,NA
I157169809,2020,NA
I157169809,2021,NA
I157169809,2022,NA
I157169809,2023,NA
I157169809,2024,NA
I157169809,2025,NA
I4210157386,2006,NA
I4210157386,2007,NA
I4210157386,2008,NA
I4210157386,2009,NA
I4210157386,2010,NA
I4210157386,2011,NA
I4210157386,2012,NA
I4210157386,2013,NA
I4210157386,2014,NA
I4210157386,2015,NA
I4210157386,2016,NA
I4210157386,2017,NA
I4210157386,2018,NA
I4210157386,2019,NA
I4210157386,2020,NA
I4210157386,2021,NA
I4210157386,2022,NA
I4210157386,2023,NA
I4210157386,2024,NA
I4210157386,2025,NA
I142899784,2006,NA
I142899784,2007,NA
I142899784,2008,NA
I142899784,2009,NA
I142899784,2010,NA
I142899784,2011,NA
I142899784,2012,NA
I142899784,2013,NA
I142899784,2014,NA
I142899784,2015,NA
I142899784,2016,NA
I142899784,2017,NA
I142899784,2018,NA
I142899784,2019,NA
I142899784,2020,NA
I142899784,2021,NA
I142899784,2022,NA
I142899784,2023,NA
I142899784,2024,NA
I142899784,2025,NA
I182377803,2006,NA
I182377803,2007,NA
I182377803,2008,NA
I182377803,2009,NA
I182377803,2010,NA
I182377803,2011,NA
I182377803,2012,NA
I182377803,2013,NA
I182377803,2014,NA
I182377803,2015,NA
I182377803,2016,NA
I182377803,2017,NA
I182377803,2018,NA
I182377803,2019,NA
I182377803,2020,NA
I182377803,2021,NA
I182377803,2022,NA
I182377803,2023,NA
I182377803,2024,NA
I182377803,2025,NA
I98962006,2006,NA
I98962006,2007,NA
I98962006,2008,NA
I98962006,2009,NA
I98962006,2010,NA
I98962006,2011,NA
I98962006,2012,NA
I98962006,2013,NA
I98962006,2014,NA
I98962006,2015,NA
I98962006,2016,NA
I98962006,2017,NA
I98962006,2018,NA
I98962006,2019,NA
I98962006,2020,NA
I98962006,2021,NA
I98962006,2022,NA
I98962006,2023,NA
I98962006,2024,NA
I98962006,2025,NA
I2802043524,2006,NA
I2802043524,2007,NA
I2802043524,2008,NA
I2802043524,2009,NA
I2802043524,2010,NA
I2802043524,2011,NA
I2802043524,2012,NA
I2802043524,2013,NA
I2802043524,2014,NA
I2802043524,2015,NA
I2802043524,2016,NA
I2802043524,2017,NA
I2802043524,2018,NA
I2802043524,2019,NA
I2802043524,2020,NA
I2802043524,2021,NA
I2802043524,2022,NA
I2802043524,2023,NA
I2802043524,2024,NA
I2802043524,2025,NA
I8636806,2006,NA
I8636806,2007,NA
I8636806,2008,NA
I8636806,2009,NA
I8636806,2010,NA
I8636806,2011,NA
I8636806,2012,NA
I8636806,2013,NA
I8636806,2014,NA
I8636806,2015,NA
I8636806,2016,NA
I8636806,2017,NA
I8636806,2018,NA
I8636806,2019,NA
I8636806,2020,NA
I8636806,2021,NA
I8636806,2022,NA
I8636806,2023,NA
I8636806,2024,NA
I8636806,2025,NA
I4210129720,2006,NA
I4210129720,2007,NA
I4210129720,2008,NA
I4210129720,2009,NA
I4210129720,2010,NA
I4210129720,2011,NA
I4210129720,2012,NA
I4210129720,2013,NA
I4210129720,2014,NA
I4210129720,2015,NA
I4210129720,2016,NA
I4210129720,2017,NA
I4210129720,2018,NA
I4210129720,2019,NA
I4210129720,2020,NA
I4210129720,2021,NA
I4210129720,2022,NA
I4210129720,2023,NA
I4210129720,2024,NA
I4210129720,2025,NA
I4210096460,2006,NA
I4210096460,2007,NA
I4210096460,2008,NA
I4210096460,2009,NA
I4210096460,2010,NA
I4210096460,2011,NA
I4210096460,2012,NA
I4210096460,2013,NA
I4210096460,2014,NA
I4210096460,2015,NA
I4210096460,2016,NA
I4210096460,2017,NA
I4210096460,2018,NA
I4210096460,2019,NA
I4210096460,2020,NA
I4210096460,2021,NA
I4210096460,2022,NA
I4210096460,2023,NA
I4210096460,2024,NA
I4210096460,2025,NA
I98358874,2006,NA
I98358874,2007,NA
I98358874,2008,NA
I98358874,2009,NA
I98358874,2010,NA
I98358874,2011,NA
I98358874,2012,NA
I98358874,2013,NA
I98358874,2014,NA
I98358874,2015,NA
I98358874,2016,NA
I98358874,2017,NA
I98358874,2018,NA
I98358874,2019,NA
I98358874,2020,NA
I98358874,2021,NA
I98358874,2022,NA
I98358874,2023,NA
I98358874,2024,NA
I98358874,2025,NA
I56592726,2006,NA
I56592726,2007,NA
I56592726,2008,NA
I56592726,2009,NA
I56592726,2010,NA
I56592726,2011,NA
I56592726,2012,NA
I56592726,2013,NA
I56592726,2014,NA
I56592726,2015,NA
I56592726,2016,NA
I56592726,2017,NA
I56592726,2018,NA
I56592726,2019,NA
I56592726,2020,NA
I56592726,2021,NA
I56592726,2022,NA
I56592726,2023,NA
I56592726,2024,NA
I56592726,2025,NA
I4210152109,2006,NA
I4210152109,2007,NA
I4210152109,2008,NA
I4210152109,2009,NA
I4210152109,2010,NA
I4210152109,2011,NA
I4210152109,2012,NA
I4210152109,2013,NA
I4210152109,2014,NA
I4210152109,2015,NA
I4210152109,2016,NA
I4210152109,2017,NA
I4210152109,2018,NA
I4210152109,2019,NA
I4210152109,2020,NA
I4210152109,2021,NA
I4210152109,2022,NA
I4210152109,2023,NA
I4210152109,2024,NA
I4210152109,2025,NA
I3130315128,2006,NA
I3130315128,2007,NA
I3130315128,2008,NA
I3130315128,2009,NA
I3130315128,2010,NA
I3130315128,2011,NA
I3130315128,2012,NA
I3130315128,2013,NA
I3130315128,2014,NA
I3130315128,2015,NA
I3130315128,2016,NA
I3130315128,2017,NA
I3130315128,2018,NA
I3130315128,2019,NA
I3130315128,2020,NA
I3130315128,2021,NA
I3130315128,2022,NA
I3130315128,2023,NA
I3130315128,2024,NA
I3130315128,2025,NA
I3132291312,2006,NA
I3132291312,2007,NA
I3132291312,2008,NA
I3132291312,2009,NA
I3132291312,2010,NA
I3132291312,2011,NA
I3132291312,2012,NA
I3132291312,2013,NA
I3132291312,2014,NA
I3132291312,2015,NA
I3132291312,2016,NA
I3132291312,2017,NA
I3132291312,2018,NA
I3132291312,2019,NA
I3132291312,2020,NA
I3132291312,2021,NA
I3132291312,2022,NA
I3132291312,2023,NA
I3132291312,2024,NA
I3132291312,2025,NA
I23906160,2006,NA
I23906160,2007,NA
I23906160,2008,NA
I23906160,2009,NA
I23906160,2010,NA
I23906160,2011,NA
I23906160,2012,NA
I23906160,2013,NA
I23906160,2014,NA
I23906160,2015,NA
I23906160,2016,NA
I23906160,2017,NA
I23906160,2018,NA
I23906160,2019,NA
I23906160,2020,NA
I23906160,2021,NA
I23906160,2022,NA
I23906160,2023,NA
I23906160,2024,NA
I23906160,2025,NA
I4210143427,2006,NA
I4210143427,2007,NA
I4210143427,2008,NA
I4210143427,2009,NA
I4210143427,2010,NA
I4210143427,2011,NA
I4210143427,2012,NA
I4210143427,2013,NA
I4210143427,2014,NA
I4210143427,2015,NA
I4210143427,2016,NA
I4210143427,2017,NA
I4210143427,2018,NA
I4210143427,2019,NA
I4210143427,2020,NA
I4210143427,2021,NA
I4210143427,2022,NA
I4210143427,2023,NA
I4210143427,2024,NA
I4210143427,2025,NA
I37797678,2006,NA
I37797678,2007,NA
I37797678,2008,NA
I37797678,2009,NA
I37797678,2010,NA
I37797678,2011,NA
I37797678,2012,NA
I37797678,2013,NA
I37797678,2014,NA
I37797678,2015,NA
I37797678,2016,NA
I37797678,2017,NA
I37797678,2018,NA
I37797678,2019,NA
I37797678,2020,NA
I37797678,2021,NA
I37797678,2022,NA
I37797678,2023,NA
I37797678,2024,NA
I37797678,2025,NA
I84929415,2006,NA
I84929415,2007,NA
I84929415,2008,NA
I84929415,2009,NA
I84929415,2010,NA
I84929415,2011,NA
I84929415,2012,NA
I84929415,2013,NA
I84929415,2014,NA
I84929415,2015,NA
I84929415,2016,NA
I84929415,2017,NA
I84929415,2018,NA
I84929415,2019,NA
I84929415,2020,NA
I84929415,2021,NA
I84929415,2022,NA
I84929415,2023,NA
I84929415,2024,NA
I84929415,2025,NA
I3130857668,2006,NA
I3130857668,2007,NA
I3130857668,2008,NA
I3130857668,2009,NA
I3130857668,2010,NA
I3130857668,2011,NA
I3130857668,2012,NA
I3130857668,2013,NA
I3130857668,2014,NA
I3130857668,2015,NA
I3130857668,2016,NA
I3130857668,2017,NA
I3130857668,2018,NA
I3130857668,2019,NA
I3130857668,2020,NA
I3130857668,2021,NA
I3130857668,2022,NA
I3130857668,2023,NA
I3130857668,2024,NA
I3130857668,2025,NA
I33278361,2006,NA
I33278361,2007,NA
I33278361,2008,NA
I33278361,2009,NA
I33278361,2010,NA
I33278361,2011,NA
I33278361,2012,NA
I33278361,2013,NA
I33278361,2014,NA
I33278361,2015,NA
I33278361,2016,NA
I33278361,2017,NA
I33278361,2018,NA
I33278361,2019,NA
I33278361,2020,NA
I33278361,2021,NA
I33278361,2022,NA
I33278361,2023,NA
I33278361,2024,NA
I33278361,2025,NA
I153455119,2006,NA
I153455119,2007,NA
I153455119,2008,NA
I153455119,2009,NA
I153455119,2010,NA
I153455119,2011,NA
I153455119,2012,NA
I153455119,2013,NA
I153455119,2014,NA
I153455119,2015,NA
I153455119,2016,NA
I153455119,2017,NA
I153455119,2018,NA
I153455119,2019,NA
I153455119,2020,NA
I153455119,2021,NA
I153455119,2022,NA
I153455119,2023,NA
I153455119,2024,NA
I153455119,2025,NA
I12553626,2006,NA
I12553626,2007,NA
I12553626,2008,NA
I12553626,2009,NA
I12553626,2010,NA
I12553626,2011,NA
I12553626,2012,NA
I12553626,2013,NA
I12553626,2014,NA
I12553626,2015,NA
I12553626,2016,NA
I12553626,2017,NA
I12553626,2018,NA
I12553626,2019,NA
I12553626,2020,NA
I12553626,2021,NA
I12553626,2022,NA
I12553626,2023,NA
I12553626,2024,NA
I12553626,2025,NA
I3141888691,2006,NA
I3141888691,2007,NA
I3141888691,2008,NA
I3141888691,2009,NA
I3141888691,2010,NA
I3141888691,2011,NA
I3141888691,2012,NA
I3141888691,2013,NA
I3141888691,2014,NA
I3141888691,2015,NA
I3141888691,2016,NA
I3141888691,2017,NA
I3141888691,2018,NA
I3141888691,2019,NA
I3141888691,2020,NA
I3141888691,2021,NA
I3141888691,2022,NA
I3141888691,2023,NA
I3141888691,2024,NA
I3141888691,2025,NA
I26999989,2006,NA
I26999989,2007,NA
I26999989,2008,NA
I26999989,2009,NA
I26999989,2010,NA
I26999989,2011,NA
I26999989,2012,NA
I26999989,2013,NA
I26999989,2014,NA
I26999989,2015,NA
I26999989,2016,NA
I26999989,2017,NA
I26999989,2018,NA
I26999989,2019,NA
I26999989,2020,NA
I26999989,2021,NA
I26999989,2022,NA
I26999989,2023,NA
I26999989,2024,NA
I26999989,2025,NA
I176150703,2006,NA
I176150703,2007,NA
I176150703,2008,NA
I176150703,2009,NA
I176150703,2010,NA
I176150703,2011,NA
I176150703,2012,NA
I176150703,2013,NA
I176150703,2014,NA
I176150703,2015,NA
I176150703,2016,NA
I176150703,2017,NA
I176150703,2018,NA
I176150703,2019,NA
I176150703,2020,NA
I176150703,2021,NA
I176150703,2022,NA
I176150703,2023,NA
I176150703,2024,NA
I176150703,2025,NA
I3131611021,2006,NA
I3131611021,2007,NA
I3131611021,2008,NA
I3131611021,2009,NA
I3131611021,2010,NA
I3131611021,2011,NA
I3131611021,2012,NA
I3131611021,2013,NA
I3131611021,2014,NA
I3131611021,2015,NA
I3131611021,2016,NA
I3131611021,2017,NA
I3131611021,2018,NA
I3131611021,2019,NA
I3131611021,2020,NA
I3131611021,2021,NA
I3131611021,2022,NA
I3131611021,2023,NA
I3131611021,2024,NA
I3131611021,2025,NA
I4210107656,2006,NA
I4210107656,2007,NA
I4210107656,2008,NA
I4210107656,2009,NA
I4210107656,2010,NA
I4210107656,2011,NA
I4210107656,2012,NA
I4210107656,2013,NA
I4210107656,2014,NA
I4210107656,2015,NA
I4210107656,2016,NA
I4210107656,2017,NA
I4210107656,2018,NA
I4210107656,2019,NA
I4210107656,2020,NA
I4210107656,2021,NA
I4210107656,2022,NA
I4210107656,2023,NA
I4210107656,2024,NA
I4210107656,2025,NA
I869660684,2006,NA
I869660684,2007,NA
I869660684,2008,NA
I869660684,2009,NA
I869660684,2010,NA
I869660684,2011,NA
I869660684,2012,NA
I869660684,2013,NA
I869660684,2014,NA
I869660684,2015,NA
I869660684,2016,NA
I869660684,2017,NA
I869660684,2018,NA
I869660684,2019,NA
I869660684,2020,NA
I869660684,2021,NA
I869660684,2022,NA
I869660684,2023,NA
I869660684,2024,NA
I869660684,2025,NA
I192619145,2006,NA
I192619145,2007,NA
I192619145,2008,NA
I192619145,2009,NA
I192619145,2010,NA
I192619145,2011,NA
I192619145,2012,NA
I192619145,2013,NA
I192619145,2014,NA
I192619145,2015,NA
I192619145,2016,NA
I192619145,2017,NA
I192619145,2018,NA
I192619145,2019,NA
I192619145,2020,NA
I192619145,2021,NA
I192619145,2022,NA
I192619145,2023,NA
I192619145,2024,NA
I192619145,2025,NA
I130359222,2006,NA
I130359222,2007,NA
I130359222,2008,NA
I130359222,2009,NA
I130359222,2010,NA
I130359222,2011,NA
I130359222,2012,NA
I130359222,2013,NA
I130359222,2014,NA
I130359222,2015,NA
I130359222,2016,NA
I130359222,2017,NA
I130359222,2018,NA
I130359222,2019,NA
I130359222,2020,NA
I130359222,2021,NA
I130359222,2022,NA
I130359222,2023,NA
I130359222,2024,NA
I130359222,2025,NA
I4210166478,2006,NA
I4210166478,2007,NA
I4210166478,2008,NA
I4210166478,2009,NA
I4210166478,2010,NA
I4210166478,2011,NA
I4210166478,2012,NA
I4210166478,2013,NA
I4210166478,2014,NA
I4210166478,2015,NA
I4210166478,2016,NA
I4210166478,2017,NA
I4210166478,2018,NA
I4210166478,2019,NA
I4210166478,2020,NA
I4210166478,2021,NA
I4210166478,2022,NA
I4210166478,2023,NA
I4210166478,2024,NA
I4210166478,2025,NA
I4405259904,2006,NA
I4405259904,2007,NA
I4405259904,2008,NA
I4405259904,2009,NA
I4405259904,2010,NA
I4405259904,2011,NA
I4405259904,2012,NA
I4405259904,2013,NA
I4405259904,2014,NA
I4405259904,2015,NA
I4405259904,2016,NA
I4405259904,2017,NA
I4405259904,2018,NA
I4405259904,2019,NA
I4405259904,2020,NA
I4405259904,2021,NA
I4405259904,2022,NA
I4405259904,2023,NA
I4405259904,2024,NA
I4405259904,2025,NA
I4210117789,2006,NA
I4210117789,2007,NA
I4210117789,2008,NA
I4210117789,2009,NA
I4210117789,2010,NA
I4210117789,2011,NA
I4210117789,2012,NA
I4210117789,2013,NA
I4210117789,2014,NA
I4210117789,2015,NA
I4210117789,2016,NA
I4210117789,2017,NA
I4210117789,2018,NA
I4210117789,2019,NA
I4210117789,2020,NA
I4210117789,2021,NA
I4210117789,2022,NA
I4210117789,2023,NA
I4210117789,2024,NA
I4210117789,2025,NA
I4210126148,2006,NA
I4210126148,2007,NA
I4210126148,2008,NA
I4210126148,2009,NA
I4210126148,2010,NA
I4210126148,2011,NA
I4210126148,2012,NA
I4210126148,2013,NA
I4210126148,2014,NA
I4210126148,2015,NA
I4210126148,2016,NA
I4210126148,2017,NA
I4210126148,2018,NA
I4210126148,2019,NA
I4210126148,2020,NA
I4210126148,2021,NA
I4210126148,2022,NA
I4210126148,2023,NA
I4210126148,2024,NA
I4210126148,2025,NA
I277791926,2006,NA
I277791926,2007,NA
I277791926,2008,NA
I277791926,2009,NA
I277791926,2010,NA
I277791926,2011,NA
I277791926,2012,NA
I277791926,2013,NA
I277791926,2014,NA
I277791926,2015,NA
I277791926,2016,NA
I277791926,2017,NA
I277791926,2018,NA
I277791926,2019,NA
I277791926,2020,NA
I277791926,2021,NA
I277791926,2022,NA
I277791926,2023,NA
I277791926,2024,NA
I277791926,2025,NA
I4210137601,2006,NA
I4210137601,2007,NA
I4210137601,2008,NA
I4210137601,2009,NA
I4210137601,2010,NA
I4210137601,2011,NA
I4210137601,2012,NA
I4210137601,2013,NA
I4210137601,2014,NA
I4210137601,2015,NA
I4210137601,2016,NA
I4210137601,2017,NA
I4210137601,2018,NA
I4210137601,2019,NA
I4210137601,2020,NA
I4210137601,2021,NA
I4210137601,2022,NA
I4210137601,2023,NA
I4210137601,2024,NA
I4210137601,2025,NA
I4210087064,2006,NA
I4210087064,2007,NA
I4210087064,2008,NA
I4210087064,2009,NA
I4210087064,2010,NA
I4210087064,2011,NA
I4210087064,2012,NA
I4210087064,2013,NA
I4210087064,2014,NA
I4210087064,2015,NA
I4210087064,2016,NA
I4210087064,2017,NA
I4210087064,2018,NA
I4210087064,2019,NA
I4210087064,2020,NA
I4210087064,2021,NA
I4210087064,2022,NA
I4210087064,2023,NA
I4210087064,2024,NA
I4210087064,2025,NA
I4405261108,2006,NA
I4405261108,2007,NA
I4405261108,2008,NA
I4405261108,2009,NA
I4405261108,2010,NA
I4405261108,2011,NA
I4405261108,2012,NA
I4405261108,2013,NA
I4405261108,2014,NA
I4405261108,2015,NA
I4405261108,2016,NA
I4405261108,2017,NA
I4405261108,2018,NA
I4405261108,2019,NA
I4405261108,2020,NA
I4405261108,2021,NA
I4405261108,2022,NA
I4405261108,2023,NA
I4405261108,2024,NA
I4405261108,2025,NA
I4210151218,2006,NA
I4210151218,2007,NA
I4210151218,2008,NA
I4210151218,2009,NA
I4210151218,2010,NA
I4210151218,2011,NA
I4210151218,2012,NA
I4210151218,2013,NA
I4210151218,2014,NA
I4210151218,2015,NA
I4210151218,2016,NA
I4210151218,2017,NA
I4210151218,2018,NA
I4210151218,2019,NA
I4210151218,2020,NA
I4210151218,2021,NA
I4210151218,2022,NA
I4210151218,2023,NA
I4210151218,2024,NA
I4210151218,2025,NA
I4210143442,2006,NA
I4210143442,2007,NA
I4210143442,2008,NA
I4210143442,2009,NA
I4210143442,2010,NA
I4210143442,2011,NA
I4210143442,2012,NA
I4210143442,2013,NA
I4210143442,2014,NA
I4210143442,2015,NA
I4210143442,2016,NA
I4210143442,2017,NA
I4210143442,2018,NA
I4210143442,2019,NA
I4210143442,2020,NA
I4210143442,2021,NA
I4210143442,2022,NA
I4210143442,2023,NA
I4210143442,2024,NA
I4210143442,2025,NA
I4210135456,2006,NA
I4210135456,2007,NA
I4210135456,2008,NA
I4210135456,2009,NA
I4210135456,2010,NA
I4210135456,2011,NA
I4210135456,2012,NA
I4210135456,2013,NA
I4210135456,2014,NA
I4210135456,2015,NA
I4210135456,2016,NA
I4210135456,2017,NA
I4210135456,2018,NA
I4210135456,2019,NA
I4210135456,2020,NA
I4210135456,2021,NA
I4210135456,2022,NA
I4210135456,2023,NA
I4210135456,2024,NA
I4210135456,2025,NA
I4210162887,2006,NA
I4210162887,2007,NA
I4210162887,2008,NA
I4210162887,2009,NA
I4210162887,2010,NA
I4210162887,2011,NA
I4210162887,2012,NA
I4210162887,2013,NA
I4210162887,2014,NA
I4210162887,2015,NA
I4210162887,2016,NA
I4210162887,2017,NA
I4210162887,2018,NA
I4210162887,2019,NA
I4210162887,2020,NA
I4210162887,2021,NA
I4210162887,2022,NA
I4210162887,2023,NA
I4210162887,2024,NA
I4210162887,2025,NA
I4210124924,2006,NA
I4210124924,2007,NA
I4210124924,2008,NA
I4210124924,2009,NA
I4210124924,2010,NA
I4210124924,2011,NA
I4210124924,2012,NA
I4210124924,2013,NA
I4210124924,2014,NA
I4210124924,2015,NA
I4210124924,2016,NA
I4210124924,2017,NA
I4210124924,2018,NA
I4210124924,2019,NA
I4210124924,2020,NA
I4210124924,2021,NA
I4210124924,2022,NA
I4210124924,2023,NA
I4210124924,2024,NA
I4210124924,2025,NA
I4405258452,2006,NA
I4405258452,2007,NA
I4405258452,2008,NA
I4405258452,2009,NA
I4405258452,2010,NA
I4405258452,2011,NA
I4405258452,2012,NA
I4405258452,2013,NA
I4405258452,2014,NA
I4405258452,2015,NA
I4405258452,2016,NA
I4405258452,2017,NA
I4405258452,2018,NA
I4405258452,2019,NA
I4405258452,2020,NA
I4405258452,2021,NA
I4405258452,2022,NA
I4405258452,2023,NA
I4405258452,2024,NA
I4405258452,2025,NA
I4210118667,2006,NA
I4210118667,2007,NA
I4210118667,2008,NA
I4210118667,2009,NA
I4210118667,2010,NA
I4210118667,2011,NA
I4210118667,2012,NA
I4210118667,2013,NA
I4210118667,2014,NA
I4210118667,2015,NA
I4210118667,2016,NA
I4210118667,2017,NA
I4210118667,2018,NA
I4210118667,2019,NA
I4210118667,2020,NA
I4210118667,2021,NA
I4210118667,2022,NA
I4210118667,2023,NA
I4210118667,2024,NA
I4210118667,2025,NA
I4210096933,2006,NA
I4210096933,2007,NA
I4210096933,2008,NA
I4210096933,2009,NA
I4210096933,2010,NA
I4210096933,2011,NA
I4210096933,2012,NA
I4210096933,2013,NA
I4210096933,2014,NA
I4210096933,2015,NA
I4210096933,2016,NA
I4210096933,2017,NA
I4210096933,2018,NA
I4210096933,2019,NA
I4210096933,2020,NA
I4210096933,2021,NA
I4210096933,2022,NA
I4210096933,2023,NA
I4210096933,2024,NA
I4210096933,2025,NA
I4210131235,2006,NA
I4210131235,2007,NA
I4210131235,2008,NA
I4210131235,2009,NA
I4210131235,2010,NA
I4210131235,2011,NA
I4210131235,2012,NA
I4210131235,2013,NA
I4210131235,2014,NA
I4210131235,2015,NA
I4210131235,2016,NA
I4210131235,2017,NA
I4210131235,2018,NA
I4210131235,2019,NA
I4210131235,2020,NA
I4210131235,2021,NA
I4210131235,2022,NA
I4210131235,2023,NA
I4210131235,2024,NA
I4210131235,2025,NA
I4210160465,2006,NA
I4210160465,2007,NA
I4210160465,2008,NA
I4210160465,2009,NA
I4210160465,2010,NA
I4210160465,2011,NA
I4210160465,2012,NA
I4210160465,2013,NA
I4210160465,2014,NA
I4210160465,2015,NA
I4210160465,2016,NA
I4210160465,2017,NA
I4210160465,2018,NA
I4210160465,2019,NA
I4210160465,2020,NA
I4210160465,2021,NA
I4210160465,2022,NA
I4210160465,2023,NA
I4210160465,2024,NA
I4210160465,2025,NA
I4210161963,2006,NA
I4210161963,2007,NA
I4210161963,2008,NA
I4210161963,2009,NA
I4210161963,2010,NA
I4210161963,2011,NA
I4210161963,2012,NA
I4210161963,2013,NA
I4210161963,2014,NA
I4210161963,2015,NA
I4210161963,2016,NA
I4210161963,2017,NA
I4210161963,2018,NA
I4210161963,2019,NA
I4210161963,2020,NA
I4210161963,2021,NA
I4210161963,2022,NA
I4210161963,2023,NA
I4210161963,2024,NA
I4210161963,2025,NA
I4405261041,2006,NA
I4405261041,2007,NA
I4405261041,2008,NA
I4405261041,2009,NA
I4405261041,2010,NA
I4405261041,2011,NA
I4405261041,2012,NA
I4405261041,2013,NA
I4405261041,2014,NA
I4405261041,2015,NA
I4405261041,2016,NA
I4405261041,2017,NA
I4405261041,2018,NA
I4405261041,2019,NA
I4405261041,2020,NA
I4405261041,2021,NA
I4405261041,2022,NA
I4405261041,2023,NA
I4405261041,2024,NA
I4405261041,2025,NA
I4210160578,2006,NA
I4210160578,2007,NA
I4210160578,2008,NA
I4210160578,2009,NA
I4210160578,2010,NA
I4210160578,2011,NA
I4210160578,2012,NA
I4210160578,2013,NA
I4210160578,2014,NA
I4210160578,2015,NA
I4210160578,2016,NA
I4210160578,2017,NA
I4210160578,2018,NA
I4210160578,2019,NA
I4210160578,2020,NA
I4210160578,2021,NA
I4210160578,2022,NA
I4210160578,2023,NA
I4210160578,2024,NA
I4210160578,2025,NA
I4210125514,2006,NA
I4210125514,2007,NA
I4210125514,2008,NA
I4210125514,2009,NA
I4210125514,2010,NA
I4210125514,2011,NA
I4210125514,2012,NA
I4210125514,2013,NA
I4210125514,2014,NA
I4210125514,2015,NA
I4210125514,2016,NA
I4210125514,2017,NA
I4210125514,2018,NA
I4210125514,2019,NA
I4210125514,2020,NA
I4210125514,2021,NA
I4210125514,2022,NA
I4210125514,2023,NA
I4210125514,2024,NA
I4210125514,2025,NA
I4210113163,2006,NA
I4210113163,2007,NA
I4210113163,2008,NA
I4210113163,2009,NA
I4210113163,2010,NA
I4210113163,2011,NA
I4210113163,2012,NA
I4210113163,2013,NA
I4210113163,2014,NA
I4210113163,2015,NA
I4210113163,2016,NA
I4210113163,2017,NA
I4210113163,2018,NA
I4210113163,2019,NA
I4210113163,2020,NA
I4210113163,2021,NA
I4210113163,2022,NA
I4210113163,2023,NA
I4210113163,2024,NA
I4210113163,2025,NA
I4210125530,2006,NA
I4210125530,2007,NA
I4210125530,2008,NA
I4210125530,2009,NA
I4210125530,2010,NA
I4210125530,2011,NA
I4210125530,2012,NA
I4210125530,2013,NA
I4210125530,2014,NA
I4210125530,2015,NA
I4210125530,2016,NA
I4210125530,2017,NA
I4210125530,2018,NA
I4210125530,2019,NA
I4210125530,2020,NA
I4210125530,2021,NA
I4210125530,2022,NA
I4210125530,2023,NA
I4210125530,2024,NA
I4210125530,2025,NA
I48615539,2006,NA
I48615539,2007,NA
I48615539,2008,NA
I48615539,2009,NA
I48615539,2010,NA
I48615539,2011,NA
I48615539,2012,NA
I48615539,2013,NA
I48615539,2014,NA
I48615539,2015,NA
I48615539,2016,NA
I48615539,2017,NA
I48615539,2018,NA
I48615539,2019,NA
I48615539,2020,NA
I48615539,2021,NA
I48615539,2022,NA
I48615539,2023,NA
I48615539,2024,NA
I48615539,2025,NA
I112713213,2006,NA
I112713213,2007,NA
I112713213,2008,NA
I112713213,2009,NA
I112713213,2010,NA
I112713213,2011,NA
I112713213,2012,NA
I112713213,2013,NA
I112713213,2014,NA
I112713213,2015,NA
I112713213,2016,NA
I112713213,2017,NA
I112713213,2018,NA
I112713213,2019,NA
I112713213,2020,NA
I112713213,2021,NA
I112713213,2022,NA
I112713213,2023,NA
I112713213,2024,NA
I112713213,2025,NA
I4210108361,2006,NA
I4210108361,2007,NA
I4210108361,2008,NA
I4210108361,2009,NA
I4210108361,2010,NA
I4210108361,2011,NA
I4210108361,2012,NA
I4210108361,2013,NA
I4210108361,2014,NA
I4210108361,2015,NA
I4210108361,2016,NA
I4210108361,2017,NA
I4210108361,2018,NA
I4210108361,2019,NA
I4210108361,2020,NA
I4210108361,2021,NA
I4210108361,2022,NA
I4210108361,2023,NA
I4210108361,2024,NA
I4210108361,2025,NA
I4210145365,2006,NA
I4210145365,2007,NA
I4210145365,2008,NA
I4210145365,2009,NA
I4210145365,2010,NA
I4210145365,2011,NA
I4210145365,2012,NA
I4210145365,2013,NA
I4210145365,2014,NA
I4210145365,2015,NA
I4210145365,2016,NA
I4210145365,2017,NA
I4210145365,2018,NA
I4210145365,2019,NA
I4210145365,2020,NA
I4210145365,2021,NA
I4210145365,2022,NA
I4210145365,2023,NA
I4210145365,2024,NA
I4210145365,2025,NA
I4210164065,2006,NA
I4210164065,2007,NA
I4210164065,2008,NA
I4210164065,2009,NA
I4210164065,2010,NA
I4210164065,2011,NA
I4210164065,2012,NA
I4210164065,2013,NA
I4210164065,2014,NA
I4210164065,2015,NA
I4210164065,2016,NA
I4210164065,2017,NA
I4210164065,2018,NA
I4210164065,2019,NA
I4210164065,2020,NA
I4210164065,2021,NA
I4210164065,2022,NA
I4210164065,2023,NA
I4210164065,2024,NA
I4210164065,2025,NA
I4210106700,2006,NA
I4210106700,2007,NA
I4210106700,2008,NA
I4210106700,2009,NA
I4210106700,2010,NA
I4210106700,2011,NA
I4210106700,2012,NA
I4210106700,2013,NA
I4210106700,2014,NA
I4210106700,2015,NA
I4210106700,2016,NA
I4210106700,2017,NA
I4210106700,2018,NA
I4210106700,2019,NA
I4210106700,2020,NA
I4210106700,2021,NA
I4210106700,2022,NA
I4210106700,2023,NA
I4210106700,2024,NA
I4210106700,2025,NA
I4210088687,2006,NA
I4210088687,2007,NA
I4210088687,2008,NA
I4210088687,2009,NA
I4210088687,2010,NA
I4210088687,2011,NA
I4210088687,2012,NA
I4210088687,2013,NA
I4210088687,2014,NA
I4210088687,2015,NA
I4210088687,2016,NA
I4210088687,2017,NA
I4210088687,2018,NA
I4210088687,2019,NA
I4210088687,2020,NA
I4210088687,2021,NA
I4210088687,2022,NA
I4210088687,2023,NA
I4210088687,2024,NA
I4210088687,2025,NA
I3121676899,2006,NA
I3121676899,2007,NA
I3121676899,2008,NA
I3121676899,2009,NA
I3121676899,2010,NA
I3121676899,2011,NA
I3121676899,2012,NA
I3121676899,2013,NA
I3121676899,2014,NA
I3121676899,2015,NA
I3121676899,2016,NA
I3121676899,2017,NA
I3121676899,2018,NA
I3121676899,2019,NA
I3121676899,2020,NA
I3121676899,2021,NA
I3121676899,2022,NA
I3121676899,2023,NA
I3121676899,2024,NA
I3121676899,2025,NA
I4210095535,2006,NA
I4210095535,2007,NA
I4210095535,2008,NA
I4210095535,2009,NA
I4210095535,2010,NA
I4210095535,2011,NA
I4210095535,2012,NA
I4210095535,2013,NA
I4210095535,2014,NA
I4210095535,2015,NA
I4210095535,2016,NA
I4210095535,2017,NA
I4210095535,2018,NA
I4210095535,2019,NA
I4210095535,2020,NA
I4210095535,2021,NA
I4210095535,2022,NA
I4210095535,2023,NA
I4210095535,2024,NA
I4210095535,2025,NA
I4210127797,2006,NA
I4210127797,2007,NA
I4210127797,2008,NA
I4210127797,2009,NA
I4210127797,2010,NA
I4210127797,2011,NA
I4210127797,2012,NA
I4210127797,2013,NA
I4210127797,2014,NA
I4210127797,2015,NA
I4210127797,2016,NA
I4210127797,2017,NA
I4210127797,2018,NA
I4210127797,2019,NA
I4210127797,2020,NA
I4210127797,2021,NA
I4210127797,2022,NA
I4210127797,2023,NA
I4210127797,2024,NA
I4210127797,2025,NA
I4210131988,2006,NA
I4210131988,2007,NA
I4210131988,2008,NA
I4210131988,2009,NA
I4210131988,2010,NA
I4210131988,2011,NA
I4210131988,2012,NA
I4210131988,2013,NA
I4210131988,2014,NA
I4210131988,2015,NA
I4210131988,2016,NA
I4210131988,2017,NA
I4210131988,2018,NA
I4210131988,2019,NA
I4210131988,2020,NA
I4210131988,2021,NA
I4210131988,2022,NA
I4210131988,2023,NA
I4210131988,2024,NA
I4210131988,2025,NA
I129628643,2006,NA
I129628643,2007,NA
I129628643,2008,NA
I129628643,2009,NA
I129628643,2010,NA
I129628643,2011,NA
I129628643,2012,NA
I129628643,2013,NA
I129628643,2014,NA
I129628643,2015,NA
I129628643,2016,NA
I129628643,2017,NA
I129628643,2018,NA
I129628643,2019,NA
I129628643,2020,NA
I129628643,2021,NA
I129628643,2022,NA
I129628643,2023,NA
I129628643,2024,NA
I129628643,2025,NA
I4210141251,2006,NA
I4210141251,2007,NA
I4210141251,2008,NA
I4210141251,2009,NA
I4210141251,2010,NA
I4210141251,2011,NA
I4210141251,2012,NA
I4210141251,2013,NA
I4210141251,2014,NA
I4210141251,2015,NA
I4210141251,2016,NA
I4210141251,2017,NA
I4210141251,2018,NA
I4210141251,2019,NA
I4210141251,2020,NA
I4210141251,2021,NA
I4210141251,2022,NA
I4210141251,2023,NA
I4210141251,2024,NA
I4210141251,2025,NA
I4210095290,2006,NA
I4210095290,2007,NA
I4210095290,2008,NA
I4210095290,2009,NA
I4210095290,2010,NA
I4210095290,2011,NA
I4210095290,2012,NA
I4210095290,2013,NA
I4210095290,2014,NA
I4210095290,2015,NA
I4210095290,2016,NA
I4210095290,2017,NA
I4210095290,2018,NA
I4210095290,2019,NA
I4210095290,2020,NA
I4210095290,2021,NA
I4210095290,2022,NA
I4210095290,2023,NA
I4210095290,2024,NA
I4210095290,2025,NA
I4210134038,2006,NA
I4210134038,2007,NA
I4210134038,2008,NA
I4210134038,2009,NA
I4210134038,2010,NA
I4210134038,2011,NA
I4210134038,2012,NA
I4210134038,2013,NA
I4210134038,2014,NA
I4210134038,2015,NA
I4210134038,2016,NA
I4210134038,2017,NA
I4210134038,2018,NA
I4210134038,2019,NA
I4210134038,2020,NA
I4210134038,2021,NA
I4210134038,2022,NA
I4210134038,2023,NA
I4210134038,2024,NA
I4210134038,2025,NA
I4210126533,2006,NA
I4210126533,2007,NA
I4210126533,2008,NA
I4210126533,2009,NA
I4210126533,2010,NA
I4210126533,2011,NA
I4210126533,2012,NA
I4210126533,2013,NA
I4210126533,2014,NA
I4210126533,2015,NA
I4210126533,2016,NA
I4210126533,2017,NA
I4210126533,2018,NA
I4210126533,2019,NA
I4210126533,2020,NA
I4210126533,2021,NA
I4210126533,2022,NA
I4210126533,2023,NA
I4210126533,2024,NA
I4210126533,2025,NA
I4405260064,2006,NA
I4405260064,2007,NA
I4405260064,2008,NA
I4405260064,2009,NA
I4405260064,2010,NA
I4405260064,2011,NA
I4405260064,2012,NA
I4405260064,2013,NA
I4405260064,2014,NA
I4405260064,2015,NA
I4405260064,2016,NA
I4405260064,2017,NA
I4405260064,2018,NA
I4405260064,2019,NA
I4405260064,2020,NA
I4405260064,2021,NA
I4405260064,2022,NA
I4405260064,2023,NA
I4405260064,2024,NA
I4405260064,2025,NA
I4210159331,2006,NA
I4210159331,2007,NA
I4210159331,2008,NA
I4210159331,2009,NA
I4210159331,2010,NA
I4210159331,2011,NA
I4210159331,2012,NA
I4210159331,2013,NA
I4210159331,2014,NA
I4210159331,2015,NA
I4210159331,2016,NA
I4210159331,2017,NA
I4210159331,2018,NA
I4210159331,2019,NA
I4210159331,2020,NA
I4210159331,2021,NA
I4210159331,2022,NA
I4210159331,2023,NA
I4210159331,2024,NA
I4210159331,2025,NA
I4210131560,2006,NA
I4210131560,2007,NA
I4210131560,2008,NA
I4210131560,2009,NA
I4210131560,2010,NA
I4210131560,2011,NA
I4210131560,2012,NA
I4210131560,2013,NA
I4210131560,2014,NA
I4210131560,2015,NA
I4210131560,2016,NA
I4210131560,2017,NA
I4210131560,2018,NA
I4210131560,2019,NA
I4210131560,2020,NA
I4210131560,2021,NA
I4210131560,2022,NA
I4210131560,2023,NA
I4210131560,2024,NA
I4210131560,2025,NA
I4210119819,2006,NA
I4210119819,2007,NA
I4210119819,2008,NA
I4210119819,2009,NA
I4210119819,2010,NA
I4210119819,2011,NA
I4210119819,2012,NA
I4210119819,2013,NA
I4210119819,2014,NA
I4210119819,2015,NA
I4210119819,2016,NA
I4210119819,2017,NA
I4210119819,2018,NA
I4210119819,2019,NA
I4210119819,2020,NA
I4210119819,2021,NA
I4210119819,2022,NA
I4210119819,2023,NA
I4210119819,2024,NA
I4210119819,2025,NA
I4210157202,2006,NA
I4210157202,2007,NA
I4210157202,2008,NA
I4210157202,2009,NA
I4210157202,2010,NA
I4210157202,2011,NA
I4210157202,2012,NA
I4210157202,2013,NA
I4210157202,2014,NA
I4210157202,2015,NA
I4210157202,2016,NA
I4210157202,2017,NA
I4210157202,2018,NA
I4210157202,2019,NA
I4210157202,2020,NA
I4210157202,2021,NA
I4210157202,2022,NA
I4210157202,2023,NA
I4210157202,2024,NA
I4210157202,2025,NA
I4210153608,2006,NA
I4210153608,2007,NA
I4210153608,2008,NA
I4210153608,2009,NA
I4210153608,2010,NA
I4210153608,2011,NA
I4210153608,2012,NA
I4210153608,2013,NA
I4210153608,2014,NA
I4210153608,2015,NA
I4210153608,2016,NA
I4210153608,2017,NA
I4210153608,2018,NA
I4210153608,2019,NA
I4210153608,2020,NA
I4210153608,2021,NA
I4210153608,2022,NA
I4210153608,2023,NA
I4210153608,2024,NA
I4210153608,2025,NA
I4210124230,2006,NA
I4210124230,2007,NA
I4210124230,2008,NA
I4210124230,2009,NA
I4210124230,2010,NA
I4210124230,2011,NA
I4210124230,2012,NA
I4210124230,2013,NA
I4210124230,2014,NA
I4210124230,2015,NA
I4210124230,2016,NA
I4210124230,2017,NA
I4210124230,2018,NA
I4210124230,2019,NA
I4210124230,2020,NA
I4210124230,2021,NA
I4210124230,2022,NA
I4210124230,2023,NA
I4210124230,2024,NA
I4210124230,2025,NA
I4210163371,2006,NA
I4210163371,2007,NA
I4210163371,2008,NA
I4210163371,2009,NA
I4210163371,2010,NA
I4210163371,2011,NA
I4210163371,2012,NA
I4210163371,2013,NA
I4210163371,2014,NA
I4210163371,2015,NA
I4210163371,2016,NA
I4210163371,2017,NA
I4210163371,2018,NA
I4210163371,2019,NA
I4210163371,2020,NA
I4210163371,2021,NA
I4210163371,2022,NA
I4210163371,2023,NA
I4210163371,2024,NA
I4210163371,2025,NA
I17024267,2006,NA
I17024267,2007,NA
I17024267,2008,NA
I17024267,2009,NA
I17024267,2010,NA
I17024267,2011,NA
I17024267,2012,NA
I17024267,2013,NA
I17024267,2014,NA
I17024267,2015,NA
I17024267,2016,NA
I17024267,2017,NA
I17024267,2018,NA
I17024267,2019,NA
I17024267,2020,NA
I17024267,2021,NA
I17024267,2022,NA
I17024267,2023,NA
I17024267,2024,NA
I17024267,2025,NA
I4405261460,2006,NA
I4405261460,2007,NA
I4405261460,2008,NA
I4405261460,2009,NA
I4405261460,2010,NA
I4405261460,2011,NA
I4405261460,2012,NA
I4405261460,2013,NA
I4405261460,2014,NA
I4405261460,2015,NA
I4405261460,2016,NA
I4405261460,2017,NA
I4405261460,2018,NA
I4405261460,2019,NA
I4405261460,2020,NA
I4405261460,2021,NA
I4405261460,2022,NA
I4405261460,2023,NA
I4405261460,2024,NA
I4405261460,2025,NA
I4405263895,2006,NA
I4405263895,2007,NA
I4405263895,2008,NA
I4405263895,2009,NA
I4405263895,2010,NA
I4405263895,2011,NA
I4405263895,2012,NA
I4405263895,2013,NA
I4405263895,2014,NA
I4405263895,2015,NA
I4405263895,2016,NA
I4405263895,2017,NA
I4405263895,2018,NA
I4405263895,2019,NA
I4405263895,2020,NA
I4405263895,2021,NA
I4405263895,2022,NA
I4405263895,2023,NA
I4405263895,2024,NA
I4405263895,2025,NA
I4210122770,2006,NA
I4210122770,2007,NA
I4210122770,2008,NA
I4210122770,2009,NA
I4210122770,2010,NA
I4210122770,2011,NA
I4210122770,2012,NA
I4210122770,2013,NA
I4210122770,2014,NA
I4210122770,2015,NA
I4210122770,2016,NA
I4210122770,2017,NA
I4210122770,2018,NA
I4210122770,2019,NA
I4210122770,2020,NA
I4210122770,2021,NA
I4210122770,2022,NA
I4210122770,2023,NA
I4210122770,2024,NA
I4210122770,2025,NA
I4405261061,2006,NA
I4405261061,2007,NA
I4405261061,2008,NA
I4405261061,2009,NA
I4405261061,2010,NA
I4405261061,2011,NA
I4405261061,2012,NA
I4405261061,2013,NA
I4405261061,2014,NA
I4405261061,2015,NA
I4405261061,2016,NA
I4405261061,2017,NA
I4405261061,2018,NA
I4405261061,2019,NA
I4405261061,2020,NA
I4405261061,2021,NA
I4405261061,2022,NA
I4405261061,2023,NA
I4405261061,2024,NA
I4405261061,2025,NA
I137407579,2006,NA
I137407579,2007,NA
I137407579,2008,NA
I137407579,2009,NA
I137407579,2010,NA
I137407579,2011,NA
I137407579,2012,NA
I137407579,2013,NA
I137407579,2014,NA
I137407579,2015,NA
I137407579,2016,NA
I137407579,2017,NA
I137407579,2018,NA
I137407579,2019,NA
I137407579,2020,NA
I137407579,2021,NA
I137407579,2022,NA
I137407579,2023,NA
I137407579,2024,NA
I137407579,2025,NA
I4210089495,2006,NA
I4210089495,2007,NA
I4210089495,2008,NA
I4210089495,2009,NA
I4210089495,2010,NA
I4210089495,2011,NA
I4210089495,2012,NA
I4210089495,2013,NA
I4210089495,2014,NA
I4210089495,2015,NA
I4210089495,2016,NA
I4210089495,2017,NA
I4210089495,2018,NA
I4210089495,2019,NA
I4210089495,2020,NA
I4210089495,2021,NA
I4210089495,2022,NA
I4210089495,2023,NA
I4210089495,2024,NA
I4210089495,2025,NA
I4210126051,2006,NA
I4210126051,2007,NA
I4210126051,2008,NA
I4210126051,2009,NA
I4210126051,2010,NA
I4210126051,2011,NA
I4210126051,2012,NA
I4210126051,2013,NA
I4210126051,2014,NA
I4210126051,2015,NA
I4210126051,2016,NA
I4210126051,2017,NA
I4210126051,2018,NA
I4210126051,2019,NA
I4210126051,2020,NA
I4210126051,2021,NA
I4210126051,2022,NA
I4210126051,2023,NA
I4210126051,2024,NA
I4210126051,2025,NA
I4405260853,2006,NA
I4405260853,2007,NA
I4405260853,2008,NA
I4405260853,2009,NA
I4405260853,2010,NA
I4405260853,2011,NA
I4405260853,2012,NA
I4405260853,2013,NA
I4405260853,2014,NA
I4405260853,2015,NA
I4405260853,2016,NA
I4405260853,2017,NA
I4405260853,2018,NA
I4405260853,2019,NA
I4405260853,2020,NA
I4405260853,2021,NA
I4405260853,2022,NA
I4405260853,2023,NA
I4405260853,2024,NA
I4405260853,2025,NA
I4405261190,2006,NA
I4405261190,2007,NA
I4405261190,2008,NA
I4405261190,2009,NA
I4405261190,2010,NA
I4405261190,2011,NA
I4405261190,2012,NA
I4405261190,2013,NA
I4405261190,2014,NA
I4405261190,2015,NA
I4405261190,2016,NA
I4405261190,2017,NA
I4405261190,2018,NA
I4405261190,2019,NA
I4405261190,2020,NA
I4405261190,2021,NA
I4405261190,2022,NA
I4405261190,2023,NA
I4405261190,2024,NA
I4405261190,2025,NA
I4210166476,2006,NA
I4210166476,2007,NA
I4210166476,2008,NA
I4210166476,2009,NA
I4210166476,2010,NA
I4210166476,2011,NA
I4210166476,2012,NA
I4210166476,2013,NA
I4210166476,2014,NA
I4210166476,2015,NA
I4210166476,2016,NA
I4210166476,2017,NA
I4210166476,2018,NA
I4210166476,2019,NA
I4210166476,2020,NA
I4210166476,2021,NA
I4210166476,2022,NA
I4210166476,2023,NA
I4210166476,2024,NA
I4210166476,2025,NA
I4405259825,2006,NA
I4405259825,2007,NA
I4405259825,2008,NA
I4405259825,2009,NA
I4405259825,2010,NA
I4405259825,2011,NA
I4405259825,2012,NA
I4405259825,2013,NA
I4405259825,2014,NA
I4405259825,2015,NA
I4405259825,2016,NA
I4405259825,2017,NA
I4405259825,2018,NA
I4405259825,2019,NA
I4405259825,2020,NA
I4405259825,2021,NA
I4405259825,2022,NA
I4405259825,2023,NA
I4405259825,2024,NA
I4405259825,2025,NA
I4405258238,2006,NA
I4405258238,2007,NA
I4405258238,2008,NA
I4405258238,2009,NA
I4405258238,2010,NA
I4405258238,2011,NA
I4405258238,2012,NA
I4405258238,2013,NA
I4405258238,2014,NA
I4405258238,2015,NA
I4405258238,2016,NA
I4405258238,2017,NA
I4405258238,2018,NA
I4405258238,2019,NA
I4405258238,2020,NA
I4405258238,2021,NA
I4405258238,2022,NA
I4405258238,2023,NA
I4405258238,2024,NA
I4405258238,2025,NA
I4210095206,2006,NA
I4210095206,2007,NA
I4210095206,2008,NA
I4210095206,2009,NA
I4210095206,2010,NA
I4210095206,2011,NA
I4210095206,2012,NA
I4210095206,2013,NA
I4210095206,2014,NA
I4210095206,2015,NA
I4210095206,2016,NA
I4210095206,2017,NA
I4210095206,2018,NA
I4210095206,2019,NA
I4210095206,2020,NA
I4210095206,2021,NA
I4210095206,2022,NA
I4210095206,2023,NA
I4210095206,2024,NA
I4210095206,2025,NA
I4210166886,2006,NA
I4210166886,2007,NA
I4210166886,2008,NA
I4210166886,2009,NA
I4210166886,2010,NA
I4210166886,2011,NA
I4210166886,2012,NA
I4210166886,2013,NA
I4210166886,2014,NA
I4210166886,2015,NA
I4210166886,2016,NA
I4210166886,2017,NA
I4210166886,2018,NA
I4210166886,2019,NA
I4210166886,2020,NA
I4210166886,2021,NA
I4210166886,2022,NA
I4210166886,2023,NA
I4210166886,2024,NA
I4210166886,2025,NA
I4210100376,2006,NA
I4210100376,2007,NA
I4210100376,2008,NA
I4210100376,2009,NA
I4210100376,2010,NA
I4210100376,2011,NA
I4210100376,2012,NA
I4210100376,2013,NA
I4210100376,2014,NA
I4210100376,2015,NA
I4210100376,2016,NA
I4210100376,2017,NA
I4210100376,2018,NA
I4210100376,2019,NA
I4210100376,2020,NA
I4210100376,2021,NA
I4210100376,2022,NA
I4210100376,2023,NA
I4210100376,2024,NA
I4210100376,2025,NA
I4210137785,2006,NA
I4210137785,2007,NA
I4210137785,2008,NA
I4210137785,2009,NA
I4210137785,2010,NA
I4210137785,2011,NA
I4210137785,2012,NA
I4210137785,2013,NA
I4210137785,2014,NA
I4210137785,2015,NA
I4210137785,2016,NA
I4210137785,2017,NA
I4210137785,2018,NA
I4210137785,2019,NA
I4210137785,2020,NA
I4210137785,2021,NA
I4210137785,2022,NA
I4210137785,2023,NA
I4210137785,2024,NA
I4210137785,2025,NA
I4210087041,2006,NA
I4210087041,2007,NA
I4210087041,2008,NA
I4210087041,2009,NA
I4210087041,2010,NA
I4210087041,2011,NA
I4210087041,2012,NA
I4210087041,2013,NA
I4210087041,2014,NA
I4210087041,2015,NA
I4210087041,2016,NA
I4210087041,2017,NA
I4210087041,2018,NA
I4210087041,2019,NA
I4210087041,2020,NA
I4210087041,2021,NA
I4210087041,2022,NA
I4210087041,2023,NA
I4210087041,2024,NA
I4210087041,2025,NA
I4210119842,2006,NA
I4210119842,2007,NA
I4210119842,2008,NA
I4210119842,2009,NA
I4210119842,2010,NA
I4210119842,2011,NA
I4210119842,2012,NA
I4210119842,2013,NA
I4210119842,2014,NA
I4210119842,2015,NA
I4210119842,2016,NA
I4210119842,2017,NA
I4210119842,2018,NA
I4210119842,2019,NA
I4210119842,2020,NA
I4210119842,2021,NA
I4210119842,2022,NA
I4210119842,2023,NA
I4210119842,2024,NA
I4210119842,2025,NA
I4210166849,2006,NA
I4210166849,2007,NA
I4210166849,2008,NA
I4210166849,2009,NA
I4210166849,2010,NA
I4210166849,2011,NA
I4210166849,2012,NA
I4210166849,2013,NA
I4210166849,2014,NA
I4210166849,2015,NA
I4210166849,2016,NA
I4210166849,2017,NA
I4210166849,2018,NA
I4210166849,2019,NA
I4210166849,2020,NA
I4210166849,2021,NA
I4210166849,2022,NA
I4210166849,2023,NA
I4210166849,2024,NA
I4210166849,2025,NA
I4210133764,2006,NA
I4210133764,2007,NA
I4210133764,2008,NA
I4210133764,2009,NA
I4210133764,2010,NA
I4210133764,2011,NA
I4210133764,2012,NA
I4210133764,2013,NA
I4210133764,2014,NA
I4210133764,2015,NA
I4210133764,2016,NA
I4210133764,2017,NA
I4210133764,2018,NA
I4210133764,2019,NA
I4210133764,2020,NA
I4210133764,2021,NA
I4210133764,2022,NA
I4210133764,2023,NA
I4210133764,2024,NA
I4210133764,2025,NA
I4210139536,2006,NA
I4210139536,2007,NA
I4210139536,2008,NA
I4210139536,2009,NA
I4210139536,2010,NA
I4210139536,2011,NA
I4210139536,2012,NA
I4210139536,2013,NA
I4210139536,2014,NA
I4210139536,2015,NA
I4210139536,2016,NA
I4210139536,2017,NA
I4210139536,2018,NA
I4210139536,2019,NA
I4210139536,2020,NA
I4210139536,2021,NA
I4210139536,2022,NA
I4210139536,2023,NA
I4210139536,2024,NA
I4210139536,2025,NA
I4210116281,2006,NA
I4210116281,2007,NA
I4210116281,2008,NA
I4210116281,2009,NA
I4210116281,2010,NA
I4210116281,2011,NA
I4210116281,2012,NA
I4210116281,2013,NA
I4210116281,2014,NA
I4210116281,2015,NA
I4210116281,2016,NA
I4210116281,2017,NA
I4210116281,2018,NA
I4210116281,2019,NA
I4210116281,2020,NA
I4210116281,2021,NA
I4210116281,2022,NA
I4210116281,2023,NA
I4210116281,2024,NA
I4210116281,2025,NA
I4210119856,2006,NA
I4210119856,2007,NA
I4210119856,2008,NA
I4210119856,2009,NA
I4210119856,2010,NA
I4210119856,2011,NA
I4210119856,2012,NA
I4210119856,2013,NA
I4210119856,2014,NA
I4210119856,2015,NA
I4210119856,2016,NA
I4210119856,2017,NA
I4210119856,2018,NA
I4210119856,2019,NA
I4210119856,2020,NA
I4210119856,2021,NA
I4210119856,2022,NA
I4210119856,2023,NA
I4210119856,2024,NA
I4210119856,2025,NA
I4210092763,2006,NA
I4210092763,2007,NA
I4210092763,2008,NA
I4210092763,2009,NA
I4210092763,2010,NA
I4210092763,2011,NA
I4210092763,2012,NA
I4210092763,2013,NA
I4210092763,2014,NA
I4210092763,2015,NA
I4210092763,2016,NA
I4210092763,2017,NA
I4210092763,2018,NA
I4210092763,2019,NA
I4210092763,2020,NA
I4210092763,2021,NA
I4210092763,2022,NA
I4210092763,2023,NA
I4210092763,2024,NA
I4210092763,2025,NA
I4210110695,2006,NA
I4210110695,2007,NA
I4210110695,2008,NA
I4210110695,2009,NA
I4210110695,2010,NA
I4210110695,2011,NA
I4210110695,2012,NA
I4210110695,2013,NA
I4210110695,2014,NA
I4210110695,2015,NA
I4210110695,2016,NA
I4210110695,2017,NA
I4210110695,2018,NA
I4210110695,2019,NA
I4210110695,2020,NA
I4210110695,2021,NA
I4210110695,2022,NA
I4210110695,2023,NA
I4210110695,2024,NA
I4210110695,2025,NA
I4388446411,2006,NA
I4388446411,2007,NA
I4388446411,2008,NA
I4388446411,2009,NA
I4388446411,2010,NA
I4388446411,2011,NA
I4388446411,2012,NA
I4388446411,2013,NA
I4388446411,2014,NA
I4388446411,2015,NA
I4388446411,2016,NA
I4388446411,2017,NA
I4388446411,2018,NA
I4388446411,2019,NA
I4388446411,2020,NA
I4388446411,2021,NA
I4388446411,2022,NA
I4388446411,2023,NA
I4388446411,2024,NA
I4388446411,2025,NA
I4210161938,2006,NA
I4210161938,2007,NA
I4210161938,2008,NA
I4210161938,2009,NA
I4210161938,2010,NA
I4210161938,2011,NA
I4210161938,2012,NA
I4210161938,2013,NA
I4210161938,2014,NA
I4210161938,2015,NA
I4210161938,2016,NA
I4210161938,2017,NA
I4210161938,2018,NA
I4210161938,2019,NA
I4210161938,2020,NA
I4210161938,2021,NA
I4210161938,2022,NA
I4210161938,2023,NA
I4210161938,2024,NA
I4210161938,2025,NA
I4210119417,2006,NA
I4210119417,2007,NA
I4210119417,2008,NA
I4210119417,2009,NA
I4210119417,2010,NA
I4210119417,2011,NA
I4210119417,2012,NA
I4210119417,2013,NA
I4210119417,2014,NA
I4210119417,2015,NA
I4210119417,2016,NA
I4210119417,2017,NA
I4210119417,2018,NA
I4210119417,2019,NA
I4210119417,2020,NA
I4210119417,2021,NA
I4210119417,2022,NA
I4210119417,2023,NA
I4210119417,2024,NA
I4210119417,2025,NA
I4210131662,2006,NA
I4210131662,2007,NA
I4210131662,2008,NA
I4210131662,2009,NA
I4210131662,2010,NA
I4210131662,2011,NA
I4210131662,2012,NA
I4210131662,2013,NA
I4210131662,2014,NA
I4210131662,2015,NA
I4210131662,2016,NA
I4210131662,2017,NA
I4210131662,2018,NA
I4210131662,2019,NA
I4210131662,2020,NA
I4210131662,2021,NA
I4210131662,2022,NA
I4210131662,2023,NA
I4210131662,2024,NA
I4210131662,2025,NA
I4210149660,2006,NA
I4210149660,2007,NA
I4210149660,2008,NA
I4210149660,2009,NA
I4210149660,2010,NA
I4210149660,2011,NA
I4210149660,2012,NA
I4210149660,2013,NA
I4210149660,2014,NA
I4210149660,2015,NA
I4210149660,2016,NA
I4210149660,2017,NA
I4210149660,2018,NA
I4210149660,2019,NA
I4210149660,2020,NA
I4210149660,2021,NA
I4210149660,2022,NA
I4210149660,2023,NA
I4210149660,2024,NA
I4210149660,2025,NA
I4405263204,2006,NA
I4405263204,2007,NA
I4405263204,2008,NA
I4405263204,2009,NA
I4405263204,2010,NA
I4405263204,2011,NA
I4405263204,2012,NA
I4405263204,2013,NA
I4405263204,2014,NA
I4405263204,2015,NA
I4405263204,2016,NA
I4405263204,2017,NA
I4405263204,2018,NA
I4405263204,2019,NA
I4405263204,2020,NA
I4405263204,2021,NA
I4405263204,2022,NA
I4405263204,2023,NA
I4405263204,2024,NA
I4405263204,2025,NA
I4405261038,2006,NA
I4405261038,2007,NA
I4405261038,2008,NA
I4405261038,2009,NA
I4405261038,2010,NA
I4405261038,2011,NA
I4405261038,2012,NA
I4405261038,2013,NA
I4405261038,2014,NA
I4405261038,2015,NA
I4405261038,2016,NA
I4405261038,2017,NA
I4405261038,2018,NA
I4405261038,2019,NA
I4405261038,2020,NA
I4405261038,2021,NA
I4405261038,2022,NA
I4405261038,2023,NA
I4405261038,2024,NA
I4405261038,2025,NA
I4210088584,2006,NA
I4210088584,2007,NA
I4210088584,2008,NA
I4210088584,2009,NA
I4210088584,2010,NA
I4210088584,2011,NA
I4210088584,2012,NA
I4210088584,2013,NA
I4210088584,2014,NA
I4210088584,2015,NA
I4210088584,2016,NA
I4210088584,2017,NA
I4210088584,2018,NA
I4210088584,2019,NA
I4210088584,2020,NA
I4210088584,2021,NA
I4210088584,2022,NA
I4210088584,2023,NA
I4210088584,2024,NA
I4210088584,2025,NA
I4405260314,2006,NA
I4405260314,2007,NA
I4405260314,2008,NA
I4405260314,2009,NA
I4405260314,2010,NA
I4405260314,2011,NA
I4405260314,2012,NA
I4405260314,2013,NA
I4405260314,2014,NA
I4405260314,2015,NA
I4405260314,2016,NA
I4405260314,2017,NA
I4405260314,2018,NA
I4405260314,2019,NA
I4405260314,2020,NA
I4405260314,2021,NA
I4405260314,2022,NA
I4405260314,2023,NA
I4405260314,2024,NA
I4405260314,2025,NA
I4405258442,2006,NA
I4405258442,2007,NA
I4405258442,2008,NA
I4405258442,2009,NA
I4405258442,2010,NA
I4405258442,2011,NA
I4405258442,2012,NA
I4405258442,2013,NA
I4405258442,2014,NA
I4405258442,2015,NA
I4405258442,2016,NA
I4405258442,2017,NA
I4405258442,2018,NA
I4405258442,2019,NA
I4405258442,2020,NA
I4405258442,2021,NA
I4405258442,2022,NA
I4405258442,2023,NA
I4405258442,2024,NA
I4405258442,2025,NA
I178331978,2006,NA
I178331978,2007,NA
I178331978,2008,NA
I178331978,2009,NA
I178331978,2010,NA
I178331978,2011,NA
I178331978,2012,NA
I178331978,2013,NA
I178331978,2014,NA
I178331978,2015,NA
I178331978,2016,NA
I178331978,2017,NA
I178331978,2018,NA
I178331978,2019,NA
I178331978,2020,NA
I178331978,2021,NA
I178331978,2022,NA
I178331978,2023,NA
I178331978,2024,NA
I178331978,2025,NA
I4405260316,2006,NA
I4405260316,2007,NA
I4405260316,2008,NA
I4405260316,2009,NA
I4405260316,2010,NA
I4405260316,2011,NA
I4405260316,2012,NA
I4405260316,2013,NA
I4405260316,2014,NA
I4405260316,2015,NA
I4405260316,2016,NA
I4405260316,2017,NA
I4405260316,2018,NA
I4405260316,2019,NA
I4405260316,2020,NA
I4405260316,2021,NA
I4405260316,2022,NA
I4405260316,2023,NA
I4405260316,2024,NA
I4405260316,2025,NA
I4210104797,2006,NA
I4210104797,2007,NA
I4210104797,2008,NA
I4210104797,2009,NA
I4210104797,2010,NA
I4210104797,2011,NA
I4210104797,2012,NA
I4210104797,2013,NA
I4210104797,2014,NA
I4210104797,2015,NA
I4210104797,2016,NA
I4210104797,2017,NA
I4210104797,2018,NA
I4210104797,2019,NA
I4210104797,2020,NA
I4210104797,2021,NA
I4210104797,2022,NA
I4210104797,2023,NA
I4210104797,2024,NA
I4210104797,2025,NA
I4405260552,2006,NA
I4405260552,2007,NA
I4405260552,2008,NA
I4405260552,2009,NA
I4405260552,2010,NA
I4405260552,2011,NA
I4405260552,2012,NA
I4405260552,2013,NA
I4405260552,2014,NA
I4405260552,2015,NA
I4405260552,2016,NA
I4405260552,2017,NA
I4405260552,2018,NA
I4405260552,2019,NA
I4405260552,2020,NA
I4405260552,2021,NA
I4405260552,2022,NA
I4405260552,2023,NA
I4405260552,2024,NA
I4405260552,2025,NA
I63445334,2006,NA
I63445334,2007,NA
I63445334,2008,NA
I63445334,2009,NA
I63445334,2010,NA
I63445334,2011,NA
I63445334,2012,NA
I63445334,2013,NA
I63445334,2014,NA
I63445334,2015,NA
I63445334,2016,NA
I63445334,2017,NA
I63445334,2018,NA
I63445334,2019,NA
I63445334,2020,NA
I63445334,2021,NA
I63445334,2022,NA
I63445334,2023,NA
I63445334,2024,NA
I63445334,2025,NA
I4210093537,2006,NA
I4210093537,2007,NA
I4210093537,2008,NA
I4210093537,2009,NA
I4210093537,2010,NA
I4210093537,2011,NA
I4210093537,2012,NA
I4210093537,2013,NA
I4210093537,2014,NA
I4210093537,2015,NA
I4210093537,2016,NA
I4210093537,2017,NA
I4210093537,2018,NA
I4210093537,2019,NA
I4210093537,2020,NA
I4210093537,2021,NA
I4210093537,2022,NA
I4210093537,2023,NA
I4210093537,2024,NA
I4210093537,2025,NA
I4210158796,2006,NA
I4210158796,2007,NA
I4210158796,2008,NA
I4210158796,2009,NA
I4210158796,2010,NA
I4210158796,2011,NA
I4210158796,2012,NA
I4210158796,2013,NA
I4210158796,2014,NA
I4210158796,2015,NA
I4210158796,2016,NA
I4210158796,2017,NA
I4210158796,2018,NA
I4210158796,2019,NA
I4210158796,2020,NA
I4210158796,2021,NA
I4210158796,2022,NA
I4210158796,2023,NA
I4210158796,2024,NA
I4210158796,2025,NA
I177657909,2006,NA
I177657909,2007,NA
I177657909,2008,NA
I177657909,2009,NA
I177657909,2010,NA
I177657909,2011,NA
I177657909,2012,NA
I177657909,2013,NA
I177657909,2014,NA
I177657909,2015,NA
I177657909,2016,NA
I177657909,2017,NA
I177657909,2018,NA
I177657909,2019,NA
I177657909,2020,NA
I177657909,2021,NA
I177657909,2022,NA
I177657909,2023,NA
I177657909,2024,NA
I177657909,2025,NA
I4210124126,2006,NA
I4210124126,2007,NA
I4210124126,2008,NA
I4210124126,2009,NA
I4210124126,2010,NA
I4210124126,2011,NA
I4210124126,2012,NA
I4210124126,2013,NA
I4210124126,2014,NA
I4210124126,2015,NA
I4210124126,2016,NA
I4210124126,2017,NA
I4210124126,2018,NA
I4210124126,2019,NA
I4210124126,2020,NA
I4210124126,2021,NA
I4210124126,2022,NA
I4210124126,2023,NA
I4210124126,2024,NA
I4210124126,2025,NA
I4210167235,2006,NA
I4210167235,2007,NA
I4210167235,2008,NA
I4210167235,2009,NA
I4210167235,2010,NA
I4210167235,2011,NA
I4210167235,2012,NA
I4210167235,2013,NA
I4210167235,2014,NA
I4210167235,2015,NA
I4210167235,2016,NA
I4210167235,2017,NA
I4210167235,2018,NA
I4210167235,2019,NA
I4210167235,2020,NA
I4210167235,2021,NA
I4210167235,2022,NA
I4210167235,2023,NA
I4210167235,2024,NA
I4210167235,2025,NA
I90527594,2006,NA
I90527594,2007,NA
I90527594,2008,NA
I90527594,2009,NA
I90527594,2010,NA
I90527594,2011,NA
I90527594,2012,NA
I90527594,2013,NA
I90527594,2014,NA
I90527594,2015,NA
I90527594,2016,NA
I90527594,2017,NA
I90527594,2018,NA
I90527594,2019,NA
I90527594,2020,NA
I90527594,2021,NA
I90527594,2022,NA
I90527594,2023,NA
I90527594,2024,NA
I90527594,2025,NA
I4210113655,2006,NA
I4210113655,2007,NA
I4210113655,2008,NA
I4210113655,2009,NA
I4210113655,2010,NA
I4210113655,2011,NA
I4210113655,2012,NA
I4210113655,2013,NA
I4210113655,2014,NA
I4210113655,2015,NA
I4210113655,2016,NA
I4210113655,2017,NA
I4210113655,2018,NA
I4210113655,2019,NA
I4210113655,2020,NA
I4210113655,2021,NA
I4210113655,2022,NA
I4210113655,2023,NA
I4210113655,2024,NA
I4210113655,2025,NA
I4210148060,2006,NA
I4210148060,2007,NA
I4210148060,2008,NA
I4210148060,2009,NA
I4210148060,2010,NA
I4210148060,2011,NA
I4210148060,2012,NA
I4210148060,2013,NA
I4210148060,2014,NA
I4210148060,2015,NA
I4210148060,2016,NA
I4210148060,2017,NA
I4210148060,2018,NA
I4210148060,2019,NA
I4210148060,2020,NA
I4210148060,2021,NA
I4210148060,2022,NA
I4210148060,2023,NA
I4210148060,2024,NA
I4210148060,2025,NA
I4210120684,2006,NA
I4210120684,2007,NA
I4210120684,2008,NA
I4210120684,2009,NA
I4210120684,2010,NA
I4210120684,2011,NA
I4210120684,2012,NA
I4210120684,2013,NA
I4210120684,2014,NA
I4210120684,2015,NA
I4210120684,2016,NA
I4210120684,2017,NA
I4210120684,2018,NA
I4210120684,2019,NA
I4210120684,2020,NA
I4210120684,2021,NA
I4210120684,2022,NA
I4210120684,2023,NA
I4210120684,2024,NA
I4210120684,2025,NA
I79793008,2006,NA
I79793008,2007,NA
I79793008,2008,NA
I79793008,2009,NA
I79793008,2010,NA
I79793008,2011,NA
I79793008,2012,NA
I79793008,2013,NA
I79793008,2014,NA
I79793008,2015,NA
I79793008,2016,NA
I79793008,2017,NA
I79793008,2018,NA
I79793008,2019,NA
I79793008,2020,NA
I79793008,2021,NA
I79793008,2022,NA
I79793008,2023,NA
I79793008,2024,NA
I79793008,2025,NA
I1331070479,2006,NA
I1331070479,2007,NA
I1331070479,2008,NA
I1331070479,2009,NA
I1331070479,2010,NA
I1331070479,2011,NA
I1331070479,2012,NA
I1331070479,2013,NA
I1331070479,2014,NA
I1331070479,2015,NA
I1331070479,2016,NA
I1331070479,2017,NA
I1331070479,2018,NA
I1331070479,2019,NA
I1331070479,2020,NA
I1331070479,2021,NA
I1331070479,2022,NA
I1331070479,2023,NA
I1331070479,2024,NA
I1331070479,2025,NA
I4210163438,2006,NA
I4210163438,2007,NA
I4210163438,2008,NA
I4210163438,2009,NA
I4210163438,2010,NA
I4210163438,2011,NA
I4210163438,2012,NA
I4210163438,2013,NA
I4210163438,2014,NA
I4210163438,2015,NA
I4210163438,2016,NA
I4210163438,2017,NA
I4210163438,2018,NA
I4210163438,2019,NA
I4210163438,2020,NA
I4210163438,2021,NA
I4210163438,2022,NA
I4210163438,2023,NA
I4210163438,2024,NA
I4210163438,2025,NA
I4405259336,2006,NA
I4405259336,2007,NA
I4405259336,2008,NA
I4405259336,2009,NA
I4405259336,2010,NA
I4405259336,2011,NA
I4405259336,2012,NA
I4405259336,2013,NA
I4405259336,2014,NA
I4405259336,2015,NA
I4405259336,2016,NA
I4405259336,2017,NA
I4405259336,2018,NA
I4405259336,2019,NA
I4405259336,2020,NA
I4405259336,2021,NA
I4405259336,2022,NA
I4405259336,2023,NA
I4405259336,2024,NA
I4405259336,2025,NA
I4210142940,2006,NA
I4210142940,2007,NA
I4210142940,2008,NA
I4210142940,2009,NA
I4210142940,2010,NA
I4210142940,2011,NA
I4210142940,2012,NA
I4210142940,2013,NA
I4210142940,2014,NA
I4210142940,2015,NA
I4210142940,2016,NA
I4210142940,2017,NA
I4210142940,2018,NA
I4210142940,2019,NA
I4210142940,2020,NA
I4210142940,2021,NA
I4210142940,2022,NA
I4210142940,2023,NA
I4210142940,2024,NA
I4210142940,2025,NA
I4405258604,2006,NA
I4405258604,2007,NA
I4405258604,2008,NA
I4405258604,2009,NA
I4405258604,2010,NA
I4405258604,2011,NA
I4405258604,2012,NA
I4405258604,2013,NA
I4405258604,2014,NA
I4405258604,2015,NA
I4405258604,2016,NA
I4405258604,2017,NA
I4405258604,2018,NA
I4405258604,2019,NA
I4405258604,2020,NA
I4405258604,2021,NA
I4405258604,2022,NA
I4405258604,2023,NA
I4405258604,2024,NA
I4405258604,2025,NA
I4210104141,2006,NA
I4210104141,2007,NA
I4210104141,2008,NA
I4210104141,2009,NA
I4210104141,2010,NA
I4210104141,2011,NA
I4210104141,2012,NA
I4210104141,2013,NA
I4210104141,2014,NA
I4210104141,2015,NA
I4210104141,2016,NA
I4210104141,2017,NA
I4210104141,2018,NA
I4210104141,2019,NA
I4210104141,2020,NA
I4210104141,2021,NA
I4210104141,2022,NA
I4210104141,2023,NA
I4210104141,2024,NA
I4210104141,2025,NA
I4210099332,2006,NA
I4210099332,2007,NA
I4210099332,2008,NA
I4210099332,2009,NA
I4210099332,2010,NA
I4210099332,2011,NA
I4210099332,2012,NA
I4210099332,2013,NA
I4210099332,2014,NA
I4210099332,2015,NA
I4210099332,2016,NA
I4210099332,2017,NA
I4210099332,2018,NA
I4210099332,2019,NA
I4210099332,2020,NA
I4210099332,2021,NA
I4210099332,2022,NA
I4210099332,2023,NA
I4210099332,2024,NA
I4210099332,2025,NA
I279418767,2006,NA
I279418767,2007,NA
I279418767,2008,NA
I279418767,2009,NA
I279418767,2010,NA
I279418767,2011,NA
I279418767,2012,NA
I279418767,2013,NA
I279418767,2014,NA
I279418767,2015,NA
I279418767,2016,NA
I279418767,2017,NA
I279418767,2018,NA
I279418767,2019,NA
I279418767,2020,NA
I279418767,2021,NA
I279418767,2022,NA
I279418767,2023,NA
I279418767,2024,NA
I279418767,2025,NA
I4210129427,2006,NA
I4210129427,2007,NA
I4210129427,2008,NA
I4210129427,2009,NA
I4210129427,2010,NA
I4210129427,2011,NA
I4210129427,2012,NA
I4210129427,2013,NA
I4210129427,2014,NA
I4210129427,2015,NA
I4210129427,2016,NA
I4210129427,2017,NA
I4210129427,2018,NA
I4210129427,2019,NA
I4210129427,2020,NA
I4210129427,2021,NA
I4210129427,2022,NA
I4210129427,2023,NA
I4210129427,2024,NA
I4210129427,2025,NA
I4210106126,2006,NA
I4210106126,2007,NA
I4210106126,2008,NA
I4210106126,2009,NA
I4210106126,2010,NA
I4210106126,2011,NA
I4210106126,2012,NA
I4210106126,2013,NA
I4210106126,2014,NA
I4210106126,2015,NA
I4210106126,2016,NA
I4210106126,2017,NA
I4210106126,2018,NA
I4210106126,2019,NA
I4210106126,2020,NA
I4210106126,2021,NA
I4210106126,2022,NA
I4210106126,2023,NA
I4210106126,2024,NA
I4210106126,2025,NA
I4210131477,2006,NA
I4210131477,2007,NA
I4210131477,2008,NA
I4210131477,2009,NA
I4210131477,2010,NA
I4210131477,2011,NA
I4210131477,2012,NA
I4210131477,2013,NA
I4210131477,2014,NA
I4210131477,2015,NA
I4210131477,2016,NA
I4210131477,2017,NA
I4210131477,2018,NA
I4210131477,2019,NA
I4210131477,2020,NA
I4210131477,2021,NA
I4210131477,2022,NA
I4210131477,2023,NA
I4210131477,2024,NA
I4210131477,2025,NA
I4405261598,2006,NA
I4405261598,2007,NA
I4405261598,2008,NA
I4405261598,2009,NA
I4405261598,2010,NA
I4405261598,2011,NA
I4405261598,2012,NA
I4405261598,2013,NA
I4405261598,2014,NA
I4405261598,2015,NA
I4405261598,2016,NA
I4405261598,2017,NA
I4405261598,2018,NA
I4405261598,2019,NA
I4405261598,2020,NA
I4405261598,2021,NA
I4405261598,2022,NA
I4405261598,2023,NA
I4405261598,2024,NA
I4405261598,2025,NA
I3124969661,2006,NA
I3124969661,2007,NA
I3124969661,2008,NA
I3124969661,2009,NA
I3124969661,2010,NA
I3124969661,2011,NA
I3124969661,2012,NA
I3124969661,2013,NA
I3124969661,2014,NA
I3124969661,2015,NA
I3124969661,2016,NA
I3124969661,2017,NA
I3124969661,2018,NA
I3124969661,2019,NA
I3124969661,2020,NA
I3124969661,2021,NA
I3124969661,2022,NA
I3124969661,2023,NA
I3124969661,2024,NA
I3124969661,2025,NA
I4210164586,2006,NA
I4210164586,2007,NA
I4210164586,2008,NA
I4210164586,2009,NA
I4210164586,2010,NA
I4210164586,2011,NA
I4210164586,2012,NA
I4210164586,2013,NA
I4210164586,2014,NA
I4210164586,2015,NA
I4210164586,2016,NA
I4210164586,2017,NA
I4210164586,2018,NA
I4210164586,2019,NA
I4210164586,2020,NA
I4210164586,2021,NA
I4210164586,2022,NA
I4210164586,2023,NA
I4210164586,2024,NA
I4210164586,2025,NA
I4210112095,2006,NA
I4210112095,2007,NA
I4210112095,2008,NA
I4210112095,2009,NA
I4210112095,2010,NA
I4210112095,2011,NA
I4210112095,2012,NA
I4210112095,2013,NA
I4210112095,2014,NA
I4210112095,2015,NA
I4210112095,2016,NA
I4210112095,2017,NA
I4210112095,2018,NA
I4210112095,2019,NA
I4210112095,2020,NA
I4210112095,2021,NA
I4210112095,2022,NA
I4210112095,2023,NA
I4210112095,2024,NA
I4210112095,2025,NA
I208899625,2006,NA
I208899625,2007,NA
I208899625,2008,NA
I208899625,2009,NA
I208899625,2010,NA
I208899625,2011,NA
I208899625,2012,NA
I208899625,2013,NA
I208899625,2014,NA
I208899625,2015,NA
I208899625,2016,NA
I208899625,2017,NA
I208899625,2018,NA
I208899625,2019,NA
I208899625,2020,NA
I208899625,2021,NA
I208899625,2022,NA
I208899625,2023,NA
I208899625,2024,NA
I208899625,2025,NA
I4405258894,2006,NA
I4405258894,2007,NA
I4405258894,2008,NA
I4405258894,2009,NA
I4405258894,2010,NA
I4405258894,2011,NA
I4405258894,2012,NA
I4405258894,2013,NA
I4405258894,2014,NA
I4405258894,2015,NA
I4405258894,2016,NA
I4405258894,2017,NA
I4405258894,2018,NA
I4405258894,2019,NA
I4405258894,2020,NA
I4405258894,2021,NA
I4405258894,2022,NA
I4405258894,2023,NA
I4405258894,2024,NA
I4405258894,2025,NA
I4210140420,2006,NA
I4210140420,2007,NA
I4210140420,2008,NA
I4210140420,2009,NA
I4210140420,2010,NA
I4210140420,2011,NA
I4210140420,2012,NA
I4210140420,2013,NA
I4210140420,2014,NA
I4210140420,2015,NA
I4210140420,2016,NA
I4210140420,2017,NA
I4210140420,2018,NA
I4210140420,2019,NA
I4210140420,2020,NA
I4210140420,2021,NA
I4210140420,2022,NA
I4210140420,2023,NA
I4210140420,2024,NA
I4210140420,2025,NA
I4210134981,2006,NA
I4210134981,2007,NA
I4210134981,2008,NA
I4210134981,2009,NA
I4210134981,2010,NA
I4210134981,2011,NA
I4210134981,2012,NA
I4210134981,2013,NA
I4210134981,2014,NA
I4210134981,2015,NA
I4210134981,2016,NA
I4210134981,2017,NA
I4210134981,2018,NA
I4210134981,2019,NA
I4210134981,2020,NA
I4210134981,2021,NA
I4210134981,2022,NA
I4210134981,2023,NA
I4210134981,2024,NA
I4210134981,2025,NA
I4210102026,2006,NA
I4210102026,2007,NA
I4210102026,2008,NA
I4210102026,2009,NA
I4210102026,2010,NA
I4210102026,2011,NA
I4210102026,2012,NA
I4210102026,2013,NA
I4210102026,2014,NA
I4210102026,2015,NA
I4210102026,2016,NA
I4210102026,2017,NA
I4210102026,2018,NA
I4210102026,2019,NA
I4210102026,2020,NA
I4210102026,2021,NA
I4210102026,2022,NA
I4210102026,2023,NA
I4210102026,2024,NA
I4210102026,2025,NA
I4210138119,2006,NA
I4210138119,2007,NA
I4210138119,2008,NA
I4210138119,2009,NA
I4210138119,2010,NA
I4210138119,2011,NA
I4210138119,2012,NA
I4210138119,2013,NA
I4210138119,2014,NA
I4210138119,2015,NA
I4210138119,2016,NA
I4210138119,2017,NA
I4210138119,2018,NA
I4210138119,2019,NA
I4210138119,2020,NA
I4210138119,2021,NA
I4210138119,2022,NA
I4210138119,2023,NA
I4210138119,2024,NA
I4210138119,2025,NA
I83413266,2006,NA
I83413266,2007,NA
I83413266,2008,NA
I83413266,2009,NA
I83413266,2010,NA
I83413266,2011,NA
I83413266,2012,NA
I83413266,2013,NA
I83413266,2014,NA
I83413266,2015,NA
I83413266,2016,NA
I83413266,2017,NA
I83413266,2018,NA
I83413266,2019,NA
I83413266,2020,NA
I83413266,2021,NA
I83413266,2022,NA
I83413266,2023,NA
I83413266,2024,NA
I83413266,2025,NA
I55202024,2006,NA
I55202024,2007,NA
I55202024,2008,NA
I55202024,2009,NA
I55202024,2010,NA
I55202024,2011,NA
I55202024,2012,NA
I55202024,2013,NA
I55202024,2014,NA
I55202024,2015,NA
I55202024,2016,NA
I55202024,2017,NA
I55202024,2018,NA
I55202024,2019,NA
I55202024,2020,NA
I55202024,2021,NA
I55202024,2022,NA
I55202024,2023,NA
I55202024,2024,NA
I55202024,2025,NA
I4210117021,2006,NA
I4210117021,2007,NA
I4210117021,2008,NA
I4210117021,2009,NA
I4210117021,2010,NA
I4210117021,2011,NA
I4210117021,2012,NA
I4210117021,2013,NA
I4210117021,2014,NA
I4210117021,2015,NA
I4210117021,2016,NA
I4210117021,2017,NA
I4210117021,2018,NA
I4210117021,2019,NA
I4210117021,2020,NA
I4210117021,2021,NA
I4210117021,2022,NA
I4210117021,2023,NA
I4210117021,2024,NA
I4210117021,2025,NA
I129615261,2006,NA
I129615261,2007,NA
I129615261,2008,NA
I129615261,2009,NA
I129615261,2010,NA
I129615261,2011,NA
I129615261,2012,NA
I129615261,2013,NA
I129615261,2014,NA
I129615261,2015,NA
I129615261,2016,NA
I129615261,2017,NA
I129615261,2018,NA
I129615261,2019,NA
I129615261,2020,NA
I129615261,2021,NA
I129615261,2022,NA
I129615261,2023,NA
I129615261,2024,NA
I129615261,2025,NA
I3133169337,2006,NA
I3133169337,2007,NA
I3133169337,2008,NA
I3133169337,2009,NA
I3133169337,2010,NA
I3133169337,2011,NA
I3133169337,2012,NA
I3133169337,2013,NA
I3133169337,2014,NA
I3133169337,2015,NA
I3133169337,2016,NA
I3133169337,2017,NA
I3133169337,2018,NA
I3133169337,2019,NA
I3133169337,2020,NA
I3133169337,2021,NA
I3133169337,2022,NA
I3133169337,2023,NA
I3133169337,2024,NA
I3133169337,2025,NA
I4405264262,2006,NA
I4405264262,2007,NA
I4405264262,2008,NA
I4405264262,2009,NA
I4405264262,2010,NA
I4405264262,2011,NA
I4405264262,2012,NA
I4405264262,2013,NA
I4405264262,2014,NA
I4405264262,2015,NA
I4405264262,2016,NA
I4405264262,2017,NA
I4405264262,2018,NA
I4405264262,2019,NA
I4405264262,2020,NA
I4405264262,2021,NA
I4405264262,2022,NA
I4405264262,2023,NA
I4405264262,2024,NA
I4405264262,2025,NA
I4210158569,2006,NA
I4210158569,2007,NA
I4210158569,2008,NA
I4210158569,2009,NA
I4210158569,2010,NA
I4210158569,2011,NA
I4210158569,2012,NA
I4210158569,2013,NA
I4210158569,2014,NA
I4210158569,2015,NA
I4210158569,2016,NA
I4210158569,2017,NA
I4210158569,2018,NA
I4210158569,2019,NA
I4210158569,2020,NA
I4210158569,2021,NA
I4210158569,2022,NA
I4210158569,2023,NA
I4210158569,2024,NA
I4210158569,2025,NA
I71270174,2006,NA
I71270174,2007,NA
I71270174,2008,NA
I71270174,2009,NA
I71270174,2010,NA
I71270174,2011,NA
I71270174,2012,NA
I71270174,2013,NA
I71270174,2014,NA
I71270174,2015,NA
I71270174,2016,NA
I71270174,2017,NA
I71270174,2018,NA
I71270174,2019,NA
I71270174,2020,NA
I71270174,2021,NA
I71270174,2022,NA
I71270174,2023,NA
I71270174,2024,NA
I71270174,2025,NA
I4210099802,2006,NA
I4210099802,2007,NA
I4210099802,2008,NA
I4210099802,2009,NA
I4210099802,2010,NA
I4210099802,2011,NA
I4210099802,2012,NA
I4210099802,2013,NA
I4210099802,2014,NA
I4210099802,2015,NA
I4210099802,2016,NA
I4210099802,2017,NA
I4210099802,2018,NA
I4210099802,2019,NA
I4210099802,2020,NA
I4210099802,2021,NA
I4210099802,2022,NA
I4210099802,2023,NA
I4210099802,2024,NA
I4210099802,2025,NA
I4210120092,2006,NA
I4210120092,2007,NA
I4210120092,2008,NA
I4210120092,2009,NA
I4210120092,2010,NA
I4210120092,2011,NA
I4210120092,2012,NA
I4210120092,2013,NA
I4210120092,2014,NA
I4210120092,2015,NA
I4210120092,2016,NA
I4210120092,2017,NA
I4210120092,2018,NA
I4210120092,2019,NA
I4210120092,2020,NA
I4210120092,2021,NA
I4210120092,2022,NA
I4210120092,2023,NA
I4210120092,2024,NA
I4210120092,2025,NA
I4210097089,2006,NA
I4210097089,2007,NA
I4210097089,2008,NA
I4210097089,2009,NA
I4210097089,2010,NA
I4210097089,2011,NA
I4210097089,2012,NA
I4210097089,2013,NA
I4210097089,2014,NA
I4210097089,2015,NA
I4210097089,2016,NA
I4210097089,2017,NA
I4210097089,2018,NA
I4210097089,2019,NA
I4210097089,2020,NA
I4210097089,2021,NA
I4210097089,2022,NA
I4210097089,2023,NA
I4210097089,2024,NA
I4210097089,2025,NA
I4405256829,2006,NA
I4405256829,2007,NA
I4405256829,2008,NA
I4405256829,2009,NA
I4405256829,2010,NA
I4405256829,2011,NA
I4405256829,2012,NA
I4405256829,2013,NA
I4405256829,2014,NA
I4405256829,2015,NA
I4405256829,2016,NA
I4405256829,2017,NA
I4405256829,2018,NA
I4405256829,2019,NA
I4405256829,2020,NA
I4405256829,2021,NA
I4405256829,2022,NA
I4405256829,2023,NA
I4405256829,2024,NA
I4405256829,2025,NA
I92579986,2006,NA
I92579986,2007,NA
I92579986,2008,NA
I92579986,2009,NA
I92579986,2010,NA
I92579986,2011,NA
I92579986,2012,NA
I92579986,2013,NA
I92579986,2014,NA
I92579986,2015,NA
I92579986,2016,NA
I92579986,2017,NA
I92579986,2018,NA
I92579986,2019,NA
I92579986,2020,NA
I92579986,2021,NA
I92579986,2022,NA
I92579986,2023,NA
I92579986,2024,NA
I92579986,2025,NA
I4405258389,2006,NA
I4405258389,2007,NA
I4405258389,2008,NA
I4405258389,2009,NA
I4405258389,2010,NA
I4405258389,2011,NA
I4405258389,2012,NA
I4405258389,2013,NA
I4405258389,2014,NA
I4405258389,2015,NA
I4405258389,2016,NA
I4405258389,2017,NA
I4405258389,2018,NA
I4405258389,2019,NA
I4405258389,2020,NA
I4405258389,2021,NA
I4405258389,2022,NA
I4405258389,2023,NA
I4405258389,2024,NA
I4405258389,2025,NA
I4210164287,2006,NA
I4210164287,2007,NA
I4210164287,2008,NA
I4210164287,2009,NA
I4210164287,2010,NA
I4210164287,2011,NA
I4210164287,2012,NA
I4210164287,2013,NA
I4210164287,2014,NA
I4210164287,2015,NA
I4210164287,2016,NA
I4210164287,2017,NA
I4210164287,2018,NA
I4210164287,2019,NA
I4210164287,2020,NA
I4210164287,2021,NA
I4210164287,2022,NA
I4210164287,2023,NA
I4210164287,2024,NA
I4210164287,2025,NA
I2799534737,2006,NA
I2799534737,2007,NA
I2799534737,2008,NA
I2799534737,2009,NA
I2799534737,2010,NA
I2799534737,2011,NA
I2799534737,2012,NA
I2799534737,2013,NA
I2799534737,2014,NA
I2799534737,2015,NA
I2799534737,2016,NA
I2799534737,2017,NA
I2799534737,2018,NA
I2799534737,2019,NA
I2799534737,2020,NA
I2799534737,2021,NA
I2799534737,2022,NA
I2799534737,2023,NA
I2799534737,2024,NA
I2799534737,2025,NA
I4210107103,2006,NA
I4210107103,2007,NA
I4210107103,2008,NA
I4210107103,2009,NA
I4210107103,2010,NA
I4210107103,2011,NA
I4210107103,2012,NA
I4210107103,2013,NA
I4210107103,2014,NA
I4210107103,2015,NA
I4210107103,2016,NA
I4210107103,2017,NA
I4210107103,2018,NA
I4210107103,2019,NA
I4210107103,2020,NA
I4210107103,2021,NA
I4210107103,2022,NA
I4210107103,2023,NA
I4210107103,2024,NA
I4210107103,2025,NA
I4210166378,2006,NA
I4210166378,2007,NA
I4210166378,2008,NA
I4210166378,2009,NA
I4210166378,2010,NA
I4210166378,2011,NA
I4210166378,2012,NA
I4210166378,2013,NA
I4210166378,2014,NA
I4210166378,2015,NA
I4210166378,2016,NA
I4210166378,2017,NA
I4210166378,2018,NA
I4210166378,2019,NA
I4210166378,2020,NA
I4210166378,2021,NA
I4210166378,2022,NA
I4210166378,2023,NA
I4210166378,2024,NA
I4210166378,2025,NA
I4210121192,2006,NA
I4210121192,2007,NA
I4210121192,2008,NA
I4210121192,2009,NA
I4210121192,2010,NA
I4210121192,2011,NA
I4210121192,2012,NA
I4210121192,2013,NA
I4210121192,2014,NA
I4210121192,2015,NA
I4210121192,2016,NA
I4210121192,2017,NA
I4210121192,2018,NA
I4210121192,2019,NA
I4210121192,2020,NA
I4210121192,2021,NA
I4210121192,2022,NA
I4210121192,2023,NA
I4210121192,2024,NA
I4210121192,2025,NA
I4210163001,2006,NA
I4210163001,2007,NA
I4210163001,2008,NA
I4210163001,2009,NA
I4210163001,2010,NA
I4210163001,2011,NA
I4210163001,2012,NA
I4210163001,2013,NA
I4210163001,2014,NA
I4210163001,2015,NA
I4210163001,2016,NA
I4210163001,2017,NA
I4210163001,2018,NA
I4210163001,2019,NA
I4210163001,2020,NA
I4210163001,2021,NA
I4210163001,2022,NA
I4210163001,2023,NA
I4210163001,2024,NA
I4210163001,2025,NA
I4405255762,2006,NA
I4405255762,2007,NA
I4405255762,2008,NA
I4405255762,2009,NA
I4405255762,2010,NA
I4405255762,2011,NA
I4405255762,2012,NA
I4405255762,2013,NA
I4405255762,2014,NA
I4405255762,2015,NA
I4405255762,2016,NA
I4405255762,2017,NA
I4405255762,2018,NA
I4405255762,2019,NA
I4405255762,2020,NA
I4405255762,2021,NA
I4405255762,2022,NA
I4405255762,2023,NA
I4405255762,2024,NA
I4405255762,2025,NA
I3129425364,2006,NA
I3129425364,2007,NA
I3129425364,2008,NA
I3129425364,2009,NA
I3129425364,2010,NA
I3129425364,2011,NA
I3129425364,2012,NA
I3129425364,2013,NA
I3129425364,2014,NA
I3129425364,2015,NA
I3129425364,2016,NA
I3129425364,2017,NA
I3129425364,2018,NA
I3129425364,2019,NA
I3129425364,2020,NA
I3129425364,2021,NA
I3129425364,2022,NA
I3129425364,2023,NA
I3129425364,2024,NA
I3129425364,2025,NA
I4405257292,2006,NA
I4405257292,2007,NA
I4405257292,2008,NA
I4405257292,2009,NA
I4405257292,2010,NA
I4405257292,2011,NA
I4405257292,2012,NA
I4405257292,2013,NA
I4405257292,2014,NA
I4405257292,2015,NA
I4405257292,2016,NA
I4405257292,2017,NA
I4405257292,2018,NA
I4405257292,2019,NA
I4405257292,2020,NA
I4405257292,2021,NA
I4405257292,2022,NA
I4405257292,2023,NA
I4405257292,2024,NA
I4405257292,2025,NA
I4210112489,2006,NA
I4210112489,2007,NA
I4210112489,2008,NA
I4210112489,2009,NA
I4210112489,2010,NA
I4210112489,2011,NA
I4210112489,2012,NA
I4210112489,2013,NA
I4210112489,2014,NA
I4210112489,2015,NA
I4210112489,2016,NA
I4210112489,2017,NA
I4210112489,2018,NA
I4210112489,2019,NA
I4210112489,2020,NA
I4210112489,2021,NA
I4210112489,2022,NA
I4210112489,2023,NA
I4210112489,2024,NA
I4210112489,2025,NA
I4210143128,2006,NA
I4210143128,2007,NA
I4210143128,2008,NA
I4210143128,2009,NA
I4210143128,2010,NA
I4210143128,2011,NA
I4210143128,2012,NA
I4210143128,2013,NA
I4210143128,2014,NA
I4210143128,2015,NA
I4210143128,2016,NA
I4210143128,2017,NA
I4210143128,2018,NA
I4210143128,2019,NA
I4210143128,2020,NA
I4210143128,2021,NA
I4210143128,2022,NA
I4210143128,2023,NA
I4210143128,2024,NA
I4210143128,2025,NA
I4210101494,2006,NA
I4210101494,2007,NA
I4210101494,2008,NA
I4210101494,2009,NA
I4210101494,2010,NA
I4210101494,2011,NA
I4210101494,2012,NA
I4210101494,2013,NA
I4210101494,2014,NA
I4210101494,2015,NA
I4210101494,2016,NA
I4210101494,2017,NA
I4210101494,2018,NA
I4210101494,2019,NA
I4210101494,2020,NA
I4210101494,2021,NA
I4210101494,2022,NA
I4210101494,2023,NA
I4210101494,2024,NA
I4210101494,2025,NA
I4210159645,2006,NA
I4210159645,2007,NA
I4210159645,2008,NA
I4210159645,2009,NA
I4210159645,2010,NA
I4210159645,2011,NA
I4210159645,2012,NA
I4210159645,2013,NA
I4210159645,2014,NA
I4210159645,2015,NA
I4210159645,2016,NA
I4210159645,2017,NA
I4210159645,2018,NA
I4210159645,2019,NA
I4210159645,2020,NA
I4210159645,2021,NA
I4210159645,2022,NA
I4210159645,2023,NA
I4210159645,2024,NA
I4210159645,2025,NA
I4210085988,2006,NA
I4210085988,2007,NA
I4210085988,2008,NA
I4210085988,2009,NA
I4210085988,2010,NA
I4210085988,2011,NA
I4210085988,2012,NA
I4210085988,2013,NA
I4210085988,2014,NA
I4210085988,2015,NA
I4210085988,2016,NA
I4210085988,2017,NA
I4210085988,2018,NA
I4210085988,2019,NA
I4210085988,2020,NA
I4210085988,2021,NA
I4210085988,2022,NA
I4210085988,2023,NA
I4210085988,2024,NA
I4210085988,2025,NA
I301615471,2006,NA
I301615471,2007,NA
I301615471,2008,NA
I301615471,2009,NA
I301615471,2010,NA
I301615471,2011,NA
I301615471,2012,NA
I301615471,2013,NA
I301615471,2014,NA
I301615471,2015,NA
I301615471,2016,NA
I301615471,2017,NA
I301615471,2018,NA
I301615471,2019,NA
I301615471,2020,NA
I301615471,2021,NA
I301615471,2022,NA
I301615471,2023,NA
I301615471,2024,NA
I301615471,2025,NA
I4210114501,2006,NA
I4210114501,2007,NA
I4210114501,2008,NA
I4210114501,2009,NA
I4210114501,2010,NA
I4210114501,2011,NA
I4210114501,2012,NA
I4210114501,2013,NA
I4210114501,2014,NA
I4210114501,2015,NA
I4210114501,2016,NA
I4210114501,2017,NA
I4210114501,2018,NA
I4210114501,2019,NA
I4210114501,2020,NA
I4210114501,2021,NA
I4210114501,2022,NA
I4210114501,2023,NA
I4210114501,2024,NA
I4210114501,2025,NA
I111908491,2006,NA
I111908491,2007,NA
I111908491,2008,NA
I111908491,2009,NA
I111908491,2010,NA
I111908491,2011,NA
I111908491,2012,NA
I111908491,2013,NA
I111908491,2014,NA
I111908491,2015,NA
I111908491,2016,NA
I111908491,2017,NA
I111908491,2018,NA
I111908491,2019,NA
I111908491,2020,NA
I111908491,2021,NA
I111908491,2022,NA
I111908491,2023,NA
I111908491,2024,NA
I111908491,2025,NA
I187350138,2006,NA
I187350138,2007,NA
I187350138,2008,NA
I187350138,2009,NA
I187350138,2010,NA
I187350138,2011,NA
I187350138,2012,NA
I187350138,2013,NA
I187350138,2014,NA
I187350138,2015,NA
I187350138,2016,NA
I187350138,2017,NA
I187350138,2018,NA
I187350138,2019,NA
I187350138,2020,NA
I187350138,2021,NA
I187350138,2022,NA
I187350138,2023,NA
I187350138,2024,NA
I187350138,2025,NA
I4210123786,2006,NA
I4210123786,2007,NA
I4210123786,2008,NA
I4210123786,2009,NA
I4210123786,2010,NA
I4210123786,2011,NA
I4210123786,2012,NA
I4210123786,2013,NA
I4210123786,2014,NA
I4210123786,2015,NA
I4210123786,2016,NA
I4210123786,2017,NA
I4210123786,2018,NA
I4210123786,2019,NA
I4210123786,2020,NA
I4210123786,2021,NA
I4210123786,2022,NA
I4210123786,2023,NA
I4210123786,2024,NA
I4210123786,2025,NA
I3130046622,2006,NA
I3130046622,2007,NA
I3130046622,2008,NA
I3130046622,2009,NA
I3130046622,2010,NA
I3130046622,2011,NA
I3130046622,2012,NA
I3130046622,2013,NA
I3130046622,2014,NA
I3130046622,2015,NA
I3130046622,2016,NA
I3130046622,2017,NA
I3130046622,2018,NA
I3130046622,2019,NA
I3130046622,2020,NA
I3130046622,2021,NA
I3130046622,2022,NA
I3130046622,2023,NA
I3130046622,2024,NA
I3130046622,2025,NA
I4405265100,2006,NA
I4405265100,2007,NA
I4405265100,2008,NA
I4405265100,2009,NA
I4405265100,2010,NA
I4405265100,2011,NA
I4405265100,2012,NA
I4405265100,2013,NA
I4405265100,2014,NA
I4405265100,2015,NA
I4405265100,2016,NA
I4405265100,2017,NA
I4405265100,2018,NA
I4405265100,2019,NA
I4405265100,2020,NA
I4405265100,2021,NA
I4405265100,2022,NA
I4405265100,2023,NA
I4405265100,2024,NA
I4405265100,2025,NA
I192398990,2006,NA
I192398990,2007,NA
I192398990,2008,NA
I192398990,2009,NA
I192398990,2010,NA
I192398990,2011,NA
I192398990,2012,NA
I192398990,2013,NA
I192398990,2014,NA
I192398990,2015,NA
I192398990,2016,NA
I192398990,2017,NA
I192398990,2018,NA
I192398990,2019,NA
I192398990,2020,NA
I192398990,2021,NA
I192398990,2022,NA
I192398990,2023,NA
I192398990,2024,NA
I192398990,2025,NA
I4210162798,2006,NA
I4210162798,2007,NA
I4210162798,2008,NA
I4210162798,2009,NA
I4210162798,2010,NA
I4210162798,2011,NA
I4210162798,2012,NA
I4210162798,2013,NA
I4210162798,2014,NA
I4210162798,2015,NA
I4210162798,2016,NA
I4210162798,2017,NA
I4210162798,2018,NA
I4210162798,2019,NA
I4210162798,2020,NA
I4210162798,2021,NA
I4210162798,2022,NA
I4210162798,2023,NA
I4210162798,2024,NA
I4210162798,2025,NA
I4210131105,2006,NA
I4210131105,2007,NA
I4210131105,2008,NA
I4210131105,2009,NA
I4210131105,2010,NA
I4210131105,2011,NA
I4210131105,2012,NA
I4210131105,2013,NA
I4210131105,2014,NA
I4210131105,2015,NA
I4210131105,2016,NA
I4210131105,2017,NA
I4210131105,2018,NA
I4210131105,2019,NA
I4210131105,2020,NA
I4210131105,2021,NA
I4210131105,2022,NA
I4210131105,2023,NA
I4210131105,2024,NA
I4210131105,2025,NA
I3130487124,2006,NA
I3130487124,2007,NA
I3130487124,2008,NA
I3130487124,2009,NA
I3130487124,2010,NA
I3130487124,2011,NA
I3130487124,2012,NA
I3130487124,2013,NA
I3130487124,2014,NA
I3130487124,2015,NA
I3130487124,2016,NA
I3130487124,2017,NA
I3130487124,2018,NA
I3130487124,2019,NA
I3130487124,2020,NA
I3130487124,2021,NA
I3130487124,2022,NA
I3130487124,2023,NA
I3130487124,2024,NA
I3130487124,2025,NA
I4210086394,2006,NA
I4210086394,2007,NA
I4210086394,2008,NA
I4210086394,2009,NA
I4210086394,2010,NA
I4210086394,2011,NA
I4210086394,2012,NA
I4210086394,2013,NA
I4210086394,2014,NA
I4210086394,2015,NA
I4210086394,2016,NA
I4210086394,2017,NA
I4210086394,2018,NA
I4210086394,2019,NA
I4210086394,2020,NA
I4210086394,2021,NA
I4210086394,2022,NA
I4210086394,2023,NA
I4210086394,2024,NA
I4210086394,2025,NA
I4210091441,2006,NA
I4210091441,2007,NA
I4210091441,2008,NA
I4210091441,2009,NA
I4210091441,2010,NA
I4210091441,2011,NA
I4210091441,2012,NA
I4210091441,2013,NA
I4210091441,2014,NA
I4210091441,2015,NA
I4210091441,2016,NA
I4210091441,2017,NA
I4210091441,2018,NA
I4210091441,2019,NA
I4210091441,2020,NA
I4210091441,2021,NA
I4210091441,2022,NA
I4210091441,2023,NA
I4210091441,2024,NA
I4210091441,2025,NA
I3130477979,2006,NA
I3130477979,2007,NA
I3130477979,2008,NA
I3130477979,2009,NA
I3130477979,2010,NA
I3130477979,2011,NA
I3130477979,2012,NA
I3130477979,2013,NA
I3130477979,2014,NA
I3130477979,2015,NA
I3130477979,2016,NA
I3130477979,2017,NA
I3130477979,2018,NA
I3130477979,2019,NA
I3130477979,2020,NA
I3130477979,2021,NA
I3130477979,2022,NA
I3130477979,2023,NA
I3130477979,2024,NA
I3130477979,2025,NA
I3130444996,2006,NA
I3130444996,2007,NA
I3130444996,2008,NA
I3130444996,2009,NA
I3130444996,2010,NA
I3130444996,2011,NA
I3130444996,2012,NA
I3130444996,2013,NA
I3130444996,2014,NA
I3130444996,2015,NA
I3130444996,2016,NA
I3130444996,2017,NA
I3130444996,2018,NA
I3130444996,2019,NA
I3130444996,2020,NA
I3130444996,2021,NA
I3130444996,2022,NA
I3130444996,2023,NA
I3130444996,2024,NA
I3130444996,2025,NA
I3130743347,2006,NA
I3130743347,2007,NA
I3130743347,2008,NA
I3130743347,2009,NA
I3130743347,2010,NA
I3130743347,2011,NA
I3130743347,2012,NA
I3130743347,2013,NA
I3130743347,2014,NA
I3130743347,2015,NA
I3130743347,2016,NA
I3130743347,2017,NA
I3130743347,2018,NA
I3130743347,2019,NA
I3130743347,2020,NA
I3130743347,2021,NA
I3130743347,2022,NA
I3130743347,2023,NA
I3130743347,2024,NA
I3130743347,2025,NA
I4210150948,2006,NA
I4210150948,2007,NA
I4210150948,2008,NA
I4210150948,2009,NA
I4210150948,2010,NA
I4210150948,2011,NA
I4210150948,2012,NA
I4210150948,2013,NA
I4210150948,2014,NA
I4210150948,2015,NA
I4210150948,2016,NA
I4210150948,2017,NA
I4210150948,2018,NA
I4210150948,2019,NA
I4210150948,2020,NA
I4210150948,2021,NA
I4210150948,2022,NA
I4210150948,2023,NA
I4210150948,2024,NA
I4210150948,2025,NA
I4210086990,2006,NA
I4210086990,2007,NA
I4210086990,2008,NA
I4210086990,2009,NA
I4210086990,2010,NA
I4210086990,2011,NA
I4210086990,2012,NA
I4210086990,2013,NA
I4210086990,2014,NA
I4210086990,2015,NA
I4210086990,2016,NA
I4210086990,2017,NA
I4210086990,2018,NA
I4210086990,2019,NA
I4210086990,2020,NA
I4210086990,2021,NA
I4210086990,2022,NA
I4210086990,2023,NA
I4210086990,2024,NA
I4210086990,2025,NA
I3133343326,2006,NA
I3133343326,2007,NA
I3133343326,2008,NA
I3133343326,2009,NA
I3133343326,2010,NA
I3133343326,2011,NA
I3133343326,2012,NA
I3133343326,2013,NA
I3133343326,2014,NA
I3133343326,2015,NA
I3133343326,2016,NA
I3133343326,2017,NA
I3133343326,2018,NA
I3133343326,2019,NA
I3133343326,2020,NA
I3133343326,2021,NA
I3133343326,2022,NA
I3133343326,2023,NA
I3133343326,2024,NA
I3133343326,2025,NA
I2802209371,2006,NA
I2802209371,2007,NA
I2802209371,2008,NA
I2802209371,2009,NA
I2802209371,2010,NA
I2802209371,2011,NA
I2802209371,2012,NA
I2802209371,2013,NA
I2802209371,2014,NA
I2802209371,2015,NA
I2802209371,2016,NA
I2802209371,2017,NA
I2802209371,2018,NA
I2802209371,2019,NA
I2802209371,2020,NA
I2802209371,2021,NA
I2802209371,2022,NA
I2802209371,2023,NA
I2802209371,2024,NA
I2802209371,2025,NA
I4405258886,2006,NA
I4405258886,2007,NA
I4405258886,2008,NA
I4405258886,2009,NA
I4405258886,2010,NA
I4405258886,2011,NA
I4405258886,2012,NA
I4405258886,2013,NA
I4405258886,2014,NA
I4405258886,2015,NA
I4405258886,2016,NA
I4405258886,2017,NA
I4405258886,2018,NA
I4405258886,2019,NA
I4405258886,2020,NA
